Timestamp,Label_ML,Cam_Face_Det,Cam_Pitch,Cam_Yaw,Cam_EAR,Gyro_Acc_X,Gyro_Acc_Y,Gyro_Acc_Z,Gyro_Rot_X,Gyro_Rot_Y,Gyro_Rot_Z,Audio_dB,Light_Lux,Temp_C,Humidity_Perc,Gas_Pin,Alcohol_Pin
17:14:36.251,VIGILE,1,170.68,-40.96,0.245,-0.977,3.043,-9.246,-0.149,0.089,-0.026,79.94,0.0,21.8,36,1,1
17:14:36.751,VIGILE,0,0.0,0.0,0.0,-0.244,3.029,-9.51,-0.094,0.07,0.003,83.95,2712.81,21.8,36,1,1
17:14:37.251,VIGILE,1,-174.67,5.92,0.299,0.694,2.67,-9.469,-0.115,0.054,0.056,78.82,2709.42,21.8,36,1,1
17:14:37.751,VIGILE,1,-175.76,30.65,0.326,0.867,2.885,-9.292,-0.089,0.034,0.155,80.66,2694.84,21.8,36,1,1
17:14:38.251,VIGILE,1,-176.67,40.94,0.39,0.668,3.649,-8.969,-0.096,-0.012,0.282,81.7,2666.47,21.8,36,1,1
17:14:38.752,VIGILE,1,179.6,39.36,0.359,-0.18,4.348,-8.485,-0.028,-0.059,0.373,76.33,2641.82,21.8,36,1,1
17:14:39.252,VIGILE,1,167.21,44.27,0.341,-0.769,4.441,-8.722,-0.074,-0.074,0.331,82.49,2579.11,21.8,36,1,1
17:14:39.752,VIGILE,1,168.63,39.44,0.324,-1.645,3.847,-9.278,-0.137,-0.068,0.307,82.65,2554.07,21.8,36,1,1
17:14:40.252,VIGILE,1,-175.85,30.11,0.332,0.225,3.227,-9.428,-0.06,-0.03,0.311,77.38,2506.35,21.8,36,1,1
17:14:40.752,VIGILE,1,-178.02,28.87,0.312,-0.28,2.636,-10.23,-0.177,-0.018,0.275,81.9,2453.31,21.8,36,1,1
17:14:41.252,VIGILE,1,-177.86,27.91,0.296,-1.013,3.383,-8.655,-0.073,-0.075,0.233,89.87,2408.41,21.8,36,1,1
17:14:41.752,VIGILE,1,-178.0,23.9,0.296,-1.216,5.061,-8.394,0.031,-0.104,0.225,82.74,2397.99,21.8,36,1,1
17:14:42.252,VIGILE,1,178.89,9.25,0.281,-1.183,3.505,-8.847,-0.06,-0.028,0.197,71.27,2368.52,21.8,36,1,1
17:14:42.752,VIGILE,1,176.15,12.23,0.276,-1.561,2.933,-9.22,-0.083,0.038,0.05,79.8,2325.63,21.8,36,1,1
17:14:43.252,VIGILE,1,175.6,9.85,0.272,-2.514,1.307,-9.471,-0.146,0.1,-0.173,77.87,2253.03,21.8,36,1,1
17:14:43.752,VIGILE,1,174.44,12.47,0.28,-2.866,3.117,-8.847,-0.15,0.096,-0.143,80.37,2250.77,21.8,36,1,1
17:14:44.253,VIGILE,1,178.16,5.92,0.268,-2.804,3.649,-8.878,-0.153,0.086,-0.068,83.31,2255.65,21.8,36,1,1
17:14:44.753,VIGILE,1,178.16,-1.21,0.266,-2.26,3.012,-9.227,-0.121,0.074,-0.05,77.63,2256.14,21.8,36,1,1
17:14:45.253,VIGILE,1,179.98,32.59,0.257,-3.093,3.407,-8.703,-0.125,0.068,-0.044,80.1,2222.55,21.8,36,1,1
17:14:45.753,VIGILE,1,-177.79,-0.27,0.268,-3.002,3.529,-8.806,-0.113,0.074,-0.027,79.29,2231.58,21.8,36,1,1
17:14:46.253,VIGILE,1,-176.38,26.77,0.223,-1.276,2.413,-9.041,-0.113,0.076,-0.009,84.27,2265.28,21.8,36,1,1
17:14:46.753,DISTRAZIONE,1,-171.35,33.46,0.121,-1.386,2.634,-9.12,-0.13,0.072,-0.019,82.51,2272.07,21.8,36,1,1
17:14:47.253,DISTRAZIONE,0,0.0,0.0,0.0,-1.506,2.682,-9.187,-0.119,0.06,-0.013,82.28,2272.29,21.8,36,1,1
17:14:47.753,DISTRAZIONE,1,-136.21,34.47,0.174,-1.384,2.581,-9.378,-0.138,0.066,-0.021,80.3,2271.09,21.8,36,1,1
17:14:48.253,DISTRAZIONE,0,0.0,0.0,0.0,-1.214,2.581,-9.471,-0.132,0.062,-0.015,84.02,2271.61,21.8,36,1,1
17:14:48.753,DISTRAZIONE,0,0.0,0.0,0.0,-1.456,2.646,-9.486,-0.133,0.067,-0.013,78.9,2271.14,21.8,36,1,1
17:14:49.253,DISTRAZIONE,1,-160.68,32.97,0.186,-1.52,2.746,-9.361,-0.136,0.07,-0.02,78.32,2270.81,21.8,36,1,1
17:14:49.754,DISTRAZIONE,1,-165.07,34.97,0.181,-1.52,2.701,-9.143,-0.116,0.065,-0.013,79.5,2271.89,21.8,36,1,1
17:14:50.254,DISTRAZIONE,1,-166.71,55.27,0.328,-1.508,2.605,-9.206,-0.134,0.074,-0.016,81.87,2270.59,21.8,36,1,1
17:14:50.754,DISTRAZIONE,1,-149.9,70.38,0.418,-1.223,2.629,-9.38,-0.128,0.065,-0.017,80.73,2271.5,21.8,36,1,1
17:14:51.254,DISTRAZIONE,1,-166.7,70.24,0.392,-1.348,2.765,-9.414,-0.137,0.069,-0.023,82.76,2270.29,21.8,36,1,1
17:14:51.754,DISTRAZIONE,0,0.0,0.0,0.0,-1.358,2.672,-9.51,-0.143,0.069,-0.015,79.47,2269.85,21.8,36,1,1
17:14:52.254,DISTRAZIONE,0,0.0,0.0,0.0,-1.326,2.66,-9.371,-0.127,0.069,-0.013,80.7,2269.9,21.8,36,1,1
17:14:52.754,DISTRAZIONE,1,-165.73,30.54,0.247,-1.59,2.818,-9.44,-0.128,0.068,-0.017,80.06,2270.55,21.8,36,1,1
17:14:53.254,DISTRAZIONE,1,-168.46,10.16,0.153,-1.374,2.835,-9.397,-0.133,0.067,-0.019,80.06,2269.88,21.8,36,1,1
17:14:53.754,DISTRAZIONE,1,-154.8,31.32,0.124,-1.525,2.751,-9.469,-0.141,0.062,-0.016,80.06,2268.94,21.8,36,1,1
17:14:54.254,DISTRAZIONE,1,-155.66,25.31,0.16,-1.437,2.614,-9.179,-0.144,0.072,-0.02,80.06,2268.67,21.8,36,1,1
17:14:54.754,DISTRAZIONE,1,-154.65,27.64,0.151,-1.58,2.667,-9.266,-0.127,0.065,-0.017,80.06,2268.88,21.8,36,1,1
17:14:55.255,DISTRAZIONE,1,-155.56,30.05,0.154,-1.607,2.78,-9.196,-0.127,0.071,-0.02,80.06,2268.23,21.8,36,1,1
17:14:55.755,DISTRAZIONE,1,-156.2,29.11,0.152,-1.75,2.691,-9.182,-0.121,0.062,-0.01,80.06,2267.72,21.8,36,1,1
17:14:56.255,DISTRAZIONE,1,-156.08,28.84,0.125,-1.398,2.682,-9.158,-0.132,0.068,-0.016,80.06,2266.79,21.8,36,1,1
17:14:56.755,DISTRAZIONE,1,-157.72,29.8,0.167,-1.508,2.746,-9.146,-0.149,0.073,-0.027,80.06,2266.78,21.8,36,1,1
17:14:57.255,DISTRAZIONE,1,-155.78,44.08,0.155,-1.489,2.629,-9.266,-0.136,0.07,-0.016,80.06,2268.01,21.8,36,1,1
17:14:57.755,DISTRAZIONE,0,0.0,0.0,0.0,-1.405,2.691,-9.155,-0.139,0.074,-0.022,80.06,2267.43,21.8,36,1,1
17:14:58.255,DISTRAZIONE,0,0.0,0.0,0.0,-1.413,2.768,-9.29,-0.148,0.069,-0.016,80.06,2266.17,21.8,36,1,1
17:14:58.755,DISTRAZIONE,1,-179.93,28.57,0.362,-1.46,2.631,-9.177,-0.111,0.06,-0.008,80.06,2266.48,21.8,36,1,1
17:14:59.255,DISTRAZIONE,0,0.0,0.0,0.0,-1.494,2.701,-9.203,-0.139,0.068,-0.016,80.06,2266.56,21.8,36,1,1
17:14:59.755,DISTRAZIONE,1,-157.68,24.24,0.178,-1.678,2.677,-9.306,-0.135,0.076,-0.016,80.06,2266.21,21.8,36,1,1
17:15:00.255,DISTRAZIONE,1,-163.99,47.2,0.291,-1.305,2.607,-9.194,-0.144,0.067,-0.025,80.06,2267.07,21.8,36,1,1
17:15:00.755,DISTRAZIONE,1,-156.95,25.12,0.155,-1.559,2.691,-9.208,-0.138,0.071,-0.016,80.06,2266.39,21.8,36,1,1
17:15:01.255,DISTRAZIONE,0,0.0,0.0,0.0,-1.554,2.751,-9.11,-0.135,0.068,-0.017,80.06,2266.17,21.8,36,1,1
17:15:01.755,DISTRAZIONE,1,-166.08,-29.82,0.291,-1.42,2.617,-9.232,-0.149,0.073,-0.022,80.06,2264.71,21.8,36,1,1
17:15:02.255,DISTRAZIONE,1,-143.06,-37.4,0.202,-1.389,2.717,-9.184,-0.151,0.077,-0.023,80.06,2264.28,21.8,36,1,1
17:15:02.755,DISTRAZIONE,1,-152.57,9.2,0.26,-1.489,2.787,-9.064,-0.132,0.066,-0.026,80.06,2263.85,21.8,36,1,1
17:15:03.256,DISTRAZIONE,0,0.0,0.0,0.0,-1.487,2.646,-9.21,-0.153,0.076,-0.019,80.06,2263.42,21.8,36,1,1
17:15:03.756,DISTRAZIONE,1,-155.37,24.98,0.161,-1.312,2.705,-9.172,-0.161,0.078,-0.026,80.06,2262.5,21.8,36,1,1
17:15:04.256,DISTRAZIONE,1,-154.03,18.81,0.127,-1.338,2.796,-9.632,-0.152,0.073,-0.026,80.06,2262.07,21.8,36,1,1
17:15:04.756,DISTRAZIONE,1,-147.08,19.54,0.147,-1.36,2.691,-9.347,-0.135,0.062,-0.021,80.06,2262.23,21.8,36,1,1
17:15:05.256,DISTRAZIONE,0,0.0,0.0,0.0,-1.271,2.811,-9.412,-0.138,0.066,-0.022,80.06,2262.5,21.8,36,1,1
17:15:05.756,VIGILE,1,178.55,-6.17,0.295,-1.48,2.749,-9.349,-0.134,0.076,-0.023,80.06,2262.23,21.8,36,1,1
17:15:06.256,VIGILE,1,-178.84,-8.48,0.301,-0.426,1.939,-9.481,-0.126,0.099,-0.038,80.06,2262.5,21.8,36,1,1
17:15:06.756,VIGILE,1,-178.51,1.23,0.271,0.515,1.358,-10.396,-0.173,0.114,-0.117,80.06,2268.8,21.8,36,1,1
17:15:07.256,VIGILE,1,-178.04,12.69,0.182,0.412,1.769,-9.754,-0.154,0.122,-0.133,80.06,2292.99,21.8,36,1,1
17:15:07.756,VIGILE,1,-179.28,7.31,0.258,-0.857,2.38,-9.261,-0.118,0.055,-0.084,80.06,2331.83,21.8,36,1,1
17:15:08.256,VIGILE,1,-175.33,13.0,0.281,-0.263,1.786,-9.199,-0.102,0.073,0.025,80.06,2379.61,21.8,36,1,1
17:15:08.756,VIGILE,1,-179.51,2.09,0.268,0.783,2.55,-9.227,-0.052,0.015,0.033,80.06,2410.87,21.8,36,1,1
17:15:09.256,VIGILE,1,179.07,-6.82,0.203,-0.591,2.682,-10.199,-0.076,0.071,0.05,80.06,2534.76,21.8,36,1,1
17:15:09.757,VIGILE,1,179.88,-2.23,0.256,0.429,3.56,-10.685,-0.03,0.021,0.035,80.06,2668.57,21.8,36,1,1
17:15:10.257,VIGILE,1,178.58,-3.58,0.291,-1.609,3.701,-8.531,-0.052,-0.016,-0.005,80.06,2784.42,21.8,36,1,1
17:15:10.757,VIGILE,1,178.4,-25.73,0.288,-2.121,2.885,-8.77,-0.056,0.04,0.025,80.06,2846.59,21.8,36,1,1
17:15:11.257,VIGILE,1,-179.89,-8.78,0.271,-1.563,1.86,-9.038,-0.089,0.037,-0.014,80.06,2876.13,21.8,36,1,1
17:15:11.757,VIGILE,1,178.65,-13.3,0.305,-1.753,2.523,-11.188,-0.137,-0.007,-0.018,80.06,2864.62,21.8,36,1,1
17:15:12.257,VIGILE,1,-179.56,-13.09,0.217,-0.62,2.703,-9.687,-0.113,0.071,-0.026,80.06,2881.48,21.8,36,1,1
17:15:12.757,VIGILE,1,179.63,-11.2,0.29,-0.563,2.55,-9.495,-0.141,0.076,-0.028,80.06,2870.8,21.8,36,1,1
17:15:13.257,VIGILE,1,-178.34,-13.9,0.298,-0.711,2.998,-9.759,-0.059,0.058,0.004,80.06,2846.32,21.8,36,1,1
17:15:13.757,VIGILE,1,179.91,6.54,0.288,-0.62,2.5,-8.543,-0.166,0.055,-0.025,80.06,2805.8,21.8,36,1,1
17:15:14.257,VIGILE,1,179.73,12.88,0.276,-0.943,2.658,-8.892,-0.205,0.111,-0.021,80.06,2744.48,21.8,36,1,1
17:15:14.757,VIGILE,1,-177.74,16.78,0.304,0.158,4.19,-9.28,-0.018,0.032,0.038,80.06,2637.49,21.8,36,1,1
17:15:15.257,VIGILE,1,178.87,8.12,0.3,-1.46,4.087,-8.59,-0.027,-0.009,0.102,80.06,2576.82,21.8,36,1,1
17:15:15.757,VIGILE,1,177.41,2.98,0.261,-0.627,3.522,-9.474,-0.11,0.036,0.066,80.06,2516.66,21.8,36,1,1
17:15:16.258,VIGILE,1,179.24,9.5,0.25,0.022,4.872,-9.129,0.074,-0.036,0.147,80.06,2446.34,21.8,36,1,1
17:15:16.758,VIGILE,1,176.13,-0.26,0.157,-0.244,3.17,-8.346,-0.178,0.062,0.094,80.06,2431.2,21.8,36,1,1
17:15:17.258,VIGILE,1,-178.0,-4.94,0.287,0.464,3.376,-8.387,-0.208,0.027,0.062,80.06,2421.31,21.8,36,1,1
17:15:17.758,VIGILE,1,179.37,-2.62,0.291,-1.262,3.385,-8.983,-0.105,0.042,0.066,80.06,2394.46,21.8,36,1,1
17:15:18.258,VIGILE,1,178.65,-1.82,0.22,-1.255,2.581,-8.633,-0.162,0.085,-0.001,80.06,2451.0,21.8,36,1,1
17:15:18.758,VIGILE,1,178.88,-5.67,0.284,-1.204,2.756,-9.414,-0.081,0.041,0.009,80.06,2601.04,21.8,36,1,1
17:15:19.258,VIGILE,1,-178.65,1.37,0.284,-3.084,2.289,-9.404,0.151,0.038,0.058,80.06,2758.93,21.8,36,1,1
17:15:19.758,VIGILE,1,179.36,-5.13,0.282,-1.551,2.928,-10.171,-0.046,0.018,0.002,80.06,2757.5,21.8,36,1,1
17:15:20.258,VIGILE,1,179.16,-4.9,0.215,-1.76,4.353,-10.997,-0.108,0.065,0.026,80.06,2710.97,21.8,36,1,1
17:15:20.758,VIGILE,1,179.0,0.39,0.283,-0.11,2.938,-8.612,-0.172,0.043,-0.014,80.06,2605.4,21.8,36,1,1
17:15:21.258,VIGILE,1,179.05,1.53,0.279,-0.132,3.29,-9.263,-0.193,0.065,-0.024,80.06,2677.45,21.8,36,1,1
17:15:21.758,VIGILE,1,177.42,-2.39,0.217,-0.8,1.774,-9.103,-0.149,0.071,-0.033,80.06,2804.19,21.8,36,1,1
17:15:22.258,VIGILE,1,176.42,-0.88,0.252,-0.517,3.484,-8.847,-0.233,0.086,-0.044,80.06,2815.51,21.8,36,1,1
17:15:22.758,VIGILE,1,177.07,1.94,0.244,0.06,1.93,-11.351,-0.077,-0.01,-0.013,80.06,2818.44,21.8,36,1,1
17:15:23.258,VIGILE,1,-178.96,-3.39,0.284,0.745,3.673,-9.426,-0.501,0.131,-0.149,80.06,2811.96,21.8,36,1,1
17:15:23.758,VIGILE,1,179.25,-16.67,0.28,0.227,2.885,-7.702,-0.233,0.03,-0.053,80.06,2781.16,21.8,36,1,1
17:15:24.258,VIGILE,1,178.28,-19.33,0.24,-0.692,3.91,-9.304,-0.195,0.099,-0.013,80.06,2777.3,21.8,36,1,1
17:15:24.759,VIGILE,1,177.96,-14.54,0.257,-0.958,2.318,-10.039,-0.367,0.104,-0.05,80.06,2772.84,21.8,36,1,1
17:15:25.259,VIGILE,1,168.19,59.62,0.482,-1.018,4.489,-8.973,-0.057,0.064,-0.007,80.06,2766.14,21.8,36,1,1
17:15:25.759,VIGILE,1,177.59,15.56,0.294,-1.516,4.111,-7.614,-0.022,0.057,0.027,80.06,2746.58,21.8,36,1,1
17:15:26.259,VIGILE,1,177.5,-0.94,0.255,-0.268,3.637,-8.181,0.012,0.042,-0.016,80.06,2762.69,21.8,36,1,1
17:15:26.759,VIGILE,1,179.12,-6.33,0.199,1.666,3.998,-7.796,-0.237,0.058,-0.036,80.06,2746.22,21.8,36,1,1
17:15:27.259,VIGILE,1,-178.01,-7.65,0.283,-2.452,2.322,-8.574,-0.067,0.047,0.011,80.06,2674.99,21.8,36,1,1
17:15:27.759,VIGILE,1,178.31,-6.74,0.156,-1.518,3.687,-10.434,-0.164,0.093,0.009,80.06,2642.89,21.8,36,1,1
17:15:28.259,VIGILE,1,179.04,-7.13,0.286,-2.016,5.698,-7.365,-0.145,0.121,-0.031,80.06,2663.23,21.8,36,1,1
17:15:28.759,VIGILE,1,-176.05,-24.01,0.262,-1.98,1.575,-9.835,-0.288,0.007,-0.002,80.06,2603.79,21.8,36,1,1
17:15:29.259,VIGILE,1,-178.41,-28.29,0.333,1.36,3.115,-10.934,-0.138,0.068,-0.033,80.06,2548.75,21.8,36,1,1
17:15:29.759,VIGILE,1,176.66,-16.56,0.29,-0.979,2.423,-10.628,-0.112,0.139,-0.019,80.06,2488.25,21.8,36,1,1
17:15:30.259,VIGILE,1,175.28,-6.81,0.281,-0.35,3.836,-7.027,0.145,0.023,0.007,80.06,2535.17,21.8,36,1,1
17:15:30.759,VIGILE,1,178.46,-9.81,0.28,-0.35,1.93,-8.437,-0.178,0.06,-0.071,80.06,2671.89,21.8,36,1,1
17:15:31.259,VIGILE,1,179.79,-11.81,0.247,-2.38,2.772,-8.94,-0.309,0.09,-0.021,80.06,2779.33,21.8,36,1,1
17:15:31.759,VIGILE,1,177.46,-8.08,0.255,-1.202,4.688,-7.616,-0.36,0.051,-0.066,80.06,2771.62,21.8,36,1,1
17:15:32.259,VIGILE,1,-178.02,-12.06,0.349,-0.761,2.234,-8.954,0.095,-0.081,0.012,80.06,2764.75,21.8,36,1,1
17:15:32.759,VIGILE,1,179.79,-7.04,0.286,0.697,4.436,-8.988,-0.31,0.046,-0.14,80.06,2742.12,21.8,36,1,1
17:15:33.259,VIGILE,1,178.94,-5.95,0.295,-0.819,2.471,-9.165,-0.496,0.077,-0.047,80.06,2673.84,21.8,36,1,1
17:15:33.760,VIGILE,1,178.98,-7.83,0.297,-2.313,6.139,-10.108,0.15,0.076,0.055,80.06,2656.92,21.8,36,1,1
17:15:34.260,VIGILE,1,-178.69,-7.3,0.276,-1.633,2.502,-8.945,-0.099,0.043,0.008,80.06,2624.43,21.8,36,1,1
17:15:34.760,VIGILE,1,-177.1,-12.54,0.285,-1.597,3.476,-8.157,-0.014,-0.017,-0.006,80.06,2615.33,21.8,36,1,1
17:15:35.260,VIGILE,1,-178.77,-13.43,0.314,-0.18,3.637,-8.303,-0.128,-0.025,-0.038,80.06,2631.39,21.8,36,1,1
17:15:35.760,VIGILE,1,-177.92,-13.42,0.285,2.284,2.392,-9.455,-0.235,0.051,-0.062,80.06,2618.54,21.8,36,1,1
17:15:36.260,VIGILE,1,178.08,-9.5,0.28,-1.125,3.072,-8.72,-0.163,0.065,-0.034,80.06,2560.16,21.8,36,1,1
17:15:36.760,VIGILE,1,179.05,-12.24,0.3,-2.488,3.029,-9.005,0.094,0.013,0.039,80.06,2466.96,21.8,36,1,1
17:15:37.260,VIGILE,1,178.18,-13.86,0.298,-1.556,3.457,-10.367,-0.128,0.134,0.003,80.06,2332.63,21.8,36,1,1
17:15:37.760,VIGILE,1,179.75,-17.58,0.311,-1.805,2.358,-11.013,-0.093,0.169,0.03,80.06,2134.88,21.8,36,1,1
17:15:38.260,VIGILE,1,179.53,-14.91,0.225,-1.599,2.576,-10.566,-0.138,0.126,0.001,80.06,1314.46,21.8,36,1,1
17:15:38.760,DISTRAZIONE,1,177.05,-16.02,0.182,-1.211,3.486,-9.613,-0.157,0.111,-0.019,80.06,51.52,21.8,36,1,1
17:15:39.260,DISTRAZIONE,1,-179.82,-9.64,0.289,-1.08,3.11,-9.222,-0.151,0.103,-0.008,80.06,4.93,21.8,36,1,1
17:15:39.760,DISTRAZIONE,0,0.0,0.0,0.0,-1.535,3.445,-9.208,-0.131,0.1,-0.03,80.06,2.44,21.8,36,1,1
17:15:40.260,DISTRAZIONE,1,169.07,75.41,0.579,-1.19,3.122,-8.878,-0.088,0.086,-0.029,80.06,2.23,21.8,36,1,1
17:15:40.760,DISTRAZIONE,1,173.98,-32.93,0.279,-1.041,3.484,-8.978,-0.114,0.055,-0.015,80.06,5.01,21.8,36,1,1
17:15:41.260,DISTRAZIONE,1,178.7,22.09,0.251,-0.151,3.11,-9.172,-0.15,0.08,-0.022,80.06,40.52,21.8,36,1,1
17:15:41.760,DISTRAZIONE,1,-174.84,19.15,0.169,-1.211,3.165,-9.608,-0.078,0.059,-0.023,80.06,398.01,21.8,36,1,1
17:15:42.260,VIGILE,1,179.73,-14.76,0.283,-1.604,1.652,-9.031,-0.099,0.069,-0.065,80.06,1821.52,21.8,36,1,1
17:15:42.761,VIGILE,1,-179.79,-13.42,0.292,-1.015,1.875,-9.527,-0.24,0.099,-0.079,80.06,2269.03,21.8,36,1,1
17:15:43.261,VIGILE,1,-179.77,-16.01,0.296,-0.567,2.274,-9.907,-0.312,0.195,-0.135,80.06,2225.09,21.8,36,1,1
17:15:43.761,VIGILE,1,-178.64,-10.58,0.283,-1.463,1.7,-11.09,0.072,0.006,-0.05,80.06,2194.66,21.8,36,1,1
17:15:44.261,VIGILE,1,-177.98,-6.81,0.235,-1.283,1.93,-10.4,-0.114,0.137,-0.122,80.06,2433.32,21.8,36,1,1
17:15:44.761,VIGILE,1,-176.62,-9.14,0.307,-1.211,2.658,-9.934,-0.135,0.112,-0.106,80.06,2587.38,21.8,36,1,1
17:15:45.261,VIGILE,1,177.09,-11.0,0.167,1.03,2.784,-10.458,-0.401,0.205,-0.147,80.06,2623.47,21.8,36,1,1
17:15:45.761,VIGILE,1,178.32,-6.25,0.275,-0.457,2.526,-10.398,-0.215,0.064,-0.053,80.06,2652.71,21.8,36,1,1
17:15:46.261,VIGILE,1,176.94,-5.35,0.274,-2.081,2.95,-10.218,-0.204,0.192,-0.054,80.06,2688.94,21.8,36,1,1
17:15:46.761,VIGILE,1,179.26,-10.34,0.268,-2.243,2.72,-8.657,-0.182,0.062,-0.033,80.06,2795.07,21.8,36,1,1
17:15:47.261,VIGILE,1,177.22,-6.76,0.279,-2.696,3.661,-7.58,-0.081,0.044,-0.007,80.06,2870.4,21.8,36,1,1
17:15:47.761,VIGILE,1,175.88,-12.33,0.274,-1.156,4.733,-9.907,-0.101,0.138,-0.017,80.06,2879.08,21.8,36,1,1
17:15:48.261,VIGILE,1,178.36,-12.01,0.271,-0.682,4.118,-7.81,-0.12,0.048,-0.012,80.06,2921.31,21.8,36,1,1
17:15:48.761,VIGILE,1,177.45,-13.06,0.261,-1.386,3.352,-8.665,-0.229,0.067,-0.029,80.06,2925.84,21.9,36,1,1
17:15:49.261,VIGILE,1,-179.84,-15.12,0.283,-2.021,4.618,-8.155,-0.191,0.123,-0.041,80.06,2928.7,21.9,36,1,1
17:15:49.761,VIGILE,1,-179.86,-24.89,0.28,-1.403,3.618,-8.394,-0.237,0.068,-0.015,80.06,2923.23,21.9,36,1,1
17:15:50.261,VIGILE,1,179.63,-13.38,0.278,-2.315,3.706,-9.407,-0.063,0.006,-0.009,80.06,2897.28,21.9,36,1,1
17:15:50.761,VIGILE,1,-179.42,-10.61,0.257,-3.156,2.983,-7.056,-0.213,0.06,-0.02,80.06,2867.87,21.9,36,1,1
17:15:51.262,VIGILE,1,-177.75,-21.44,0.282,-2.974,1.233,-9.191,-0.237,0.108,-0.168,80.06,2857.4,21.9,36,1,1
17:15:51.762,VIGILE,1,-176.45,-25.05,0.254,-2.725,1.223,-8.966,-0.362,0.257,-0.439,80.06,2871.24,21.9,36,1,1
17:15:52.262,VIGILE,1,-179.0,-43.69,0.345,-3.589,0.342,-9.462,-0.444,0.294,-0.664,80.06,2897.35,21.9,36,1,1
17:15:52.762,VIGILE,1,174.99,-60.28,0.329,-3.689,1.053,-9.871,-0.22,0.364,-0.694,80.06,2907.09,21.9,36,1,1
17:15:53.262,VIGILE,1,178.85,-66.83,0.392,-3.778,0.802,-9.088,-0.317,0.33,-0.739,80.06,2900.37,21.9,36,1,1
17:15:53.762,VIGILE,1,-179.45,-69.13,0.478,-4.073,0.73,-9.527,-0.164,0.304,-0.69,80.06,2879.7,21.9,36,1,1
17:15:54.262,VIGILE,1,-171.58,-39.16,0.268,-4.266,0.871,-9.902,-0.131,0.205,-0.683,80.06,2866.33,21.9,36,1,1
17:15:54.762,VIGILE,1,-174.93,-37.71,0.323,-3.232,0.266,-10.563,-0.186,0.277,-0.734,80.06,2822.99,21.9,36,1,1
17:15:55.262,VIGILE,1,-175.68,-26.85,0.309,-2.425,1.362,-10.25,-0.252,0.287,-0.641,80.06,2748.27,21.9,36,1,1
17:15:55.762,VIGILE,1,-175.79,-13.82,0.315,-0.903,1.168,-9.273,-0.185,0.241,-0.427,80.06,2590.24,21.9,36,1,1
17:15:56.262,VIGILE,1,-178.07,13.65,0.294,0.084,3.45,-8.717,-0.29,0.098,-0.135,80.06,2523.58,21.9,36,1,1
17:15:56.762,VIGILE,1,-177.89,10.54,0.282,0.606,2.306,-9.957,-0.19,0.068,-0.079,80.06,2632.76,21.9,36,1,1
17:15:57.262,VIGILE,1,-178.59,0.24,0.269,0.045,3.235,-8.966,-0.043,0.079,-0.01,80.06,2756.47,21.9,36,1,1
17:15:57.762,VIGILE,1,179.19,-4.25,0.293,-1.034,3.371,-9.598,-0.155,0.075,-0.031,80.06,2847.33,21.9,36,1,1
17:15:58.262,VIGILE,1,178.54,-4.31,0.168,0.323,3.179,-9.237,-0.143,0.087,-0.035,80.06,2849.82,21.9,36,1,1
17:15:58.762,VIGILE,1,178.71,0.02,0.248,0.534,3.144,-9.258,-0.159,0.071,-0.029,80.06,2845.14,21.9,36,1,1
17:15:59.262,VIGILE,1,177.84,-1.17,0.277,-0.335,3.072,-9.955,-0.078,0.059,-0.009,80.06,2845.83,21.9,36,1,1
17:15:59.762,VIGILE,1,178.45,8.18,0.299,-0.354,3.294,-9.819,-0.165,0.05,-0.004,80.06,2840.94,21.9,36,1,1
17:16:00.262,VIGILE,1,178.48,3.96,0.277,-0.596,3.124,-8.997,-0.136,0.067,-0.015,80.06,2806.89,21.9,36,1,1
17:16:00.763,VIGILE,1,178.34,-2.05,0.277,0.031,3.34,-8.878,-0.108,0.056,-0.02,80.06,2789.58,21.9,36,1,1
17:16:01.263,VIGILE,1,177.39,-0.88,0.271,0.345,2.799,-8.997,-0.234,0.153,-0.051,80.06,2780.74,21.9,35,1,1
17:16:01.763,VIGILE,1,177.33,-1.69,0.273,0.654,3.412,-9.378,-0.184,0.079,-0.044,80.06,2728.18,21.9,35,1,1
17:16:02.263,VIGILE,1,176.9,1.77,0.294,-0.421,3.773,-8.394,-0.05,0.079,0.005,80.06,2590.72,21.9,35,1,1
17:16:02.763,VIGILE,1,177.04,3.41,0.273,-0.378,4.008,-9.618,-0.013,-0.003,0.02,80.06,2478.71,21.9,35,1,1
17:16:03.263,VIGILE,1,-179.27,-5.29,0.29,1.041,3.084,-7.592,-0.338,0.101,-0.008,80.06,2594.64,21.9,35,1,1
17:16:03.763,VIGILE,1,179.89,-5.67,0.266,-0.036,4.611,-9.033,-0.127,0.083,0.029,80.06,2737.71,21.9,35,1,1
17:16:04.263,VIGILE,1,179.5,2.28,0.292,-0.515,4.135,-8.873,-0.156,0.046,0.03,80.06,2761.85,21.9,35,1,1
17:16:04.763,VIGILE,1,-179.99,3.84,0.306,-1.092,3.809,-9.33,-0.109,0.038,0.071,80.06,2732.35,21.9,35,1,1
17:16:05.263,VIGILE,1,-178.96,-5.11,0.314,-1.01,4.566,-8.902,-0.018,0.01,0.06,80.06,2647.26,21.9,35,1,1
17:16:05.763,VIGILE,1,-178.05,4.83,0.286,-0.606,4.171,-8.832,-0.186,0.061,0.058,80.06,2418.71,21.9,35,1,1
17:16:06.263,VIGILE,1,-179.18,14.24,0.254,-0.979,4.111,-9.0,-0.137,0.024,0.093,80.06,2113.38,21.9,35,1,1
17:16:06.763,VIGILE,1,178.34,14.82,0.275,-1.089,5.569,-9.565,-0.046,0.011,0.131,80.06,2191.84,21.9,35,1,1
17:16:07.263,VIGILE,1,179.62,11.93,0.291,-0.077,6.639,-8.684,-0.186,0.087,0.118,80.06,2114.45,21.9,35,1,1
17:16:07.763,VIGILE,1,179.76,14.86,0.299,-0.634,4.848,-8.507,-0.091,-0.022,0.174,80.06,2030.9,21.9,35,1,1
17:16:08.264,VIGILE,1,179.97,15.48,0.288,-0.314,5.128,-8.933,-0.263,0.062,0.144,80.06,1826.59,21.9,35,1,1
17:16:08.764,VIGILE,1,-177.13,10.34,0.3,1.702,4.379,-8.985,-0.234,-0.006,0.173,80.06,2011.66,21.9,35,1,1
17:16:09.264,VIGILE,1,-178.55,-20.56,0.261,-1.061,6.857,-10.197,0.031,-0.075,0.231,80.06,2104.17,21.9,35,1,1
17:16:09.764,VIGILE,1,-174.54,-25.32,0.29,-0.876,4.403,-8.806,-0.103,-0.019,0.147,80.06,2300.94,21.9,35,1,1
17:16:10.264,VIGILE,1,-171.85,-24.76,0.281,-0.316,2.602,-9.658,-0.2,0.091,-0.001,80.06,2514.7,21.9,35,1,1
17:16:10.764,VIGILE,1,-174.82,-15.57,0.278,-0.35,2.227,-9.51,-0.229,0.096,-0.024,80.06,2647.87,21.9,35,1,1
17:16:11.264,VIGILE,1,-177.2,-7.94,0.315,-0.007,3.007,-9.73,-0.16,0.063,-0.035,80.06,2763.96,21.9,35,1,1
17:16:11.764,VIGILE,1,-177.96,-13.32,0.288,0.678,3.1,-8.746,-0.43,0.104,-0.096,80.06,2819.49,21.9,35,1,1
17:16:12.264,VIGILE,1,179.75,1.0,0.277,0.517,2.722,-8.727,-0.168,0.063,-0.031,80.06,2834.22,21.9,35,1,1
17:16:12.764,VIGILE,1,-179.57,-0.73,0.299,0.936,2.792,-8.775,-0.2,0.041,-0.003,80.06,2826.36,21.9,35,1,1
17:16:13.264,VIGILE,1,-178.29,-3.03,0.277,-0.316,2.976,-10.039,-0.164,0.103,-0.009,80.06,2817.81,21.9,35,1,1
17:16:13.764,VIGILE,1,-178.35,-7.82,0.284,-1.401,2.636,-9.239,-0.132,0.011,-0.016,80.06,2787.11,21.9,35,1,1
17:16:14.264,VIGILE,1,177.86,-10.24,0.274,0.783,3.057,-9.373,-0.157,0.086,-0.011,80.06,2656.79,21.9,35,1,1
17:16:14.764,VIGILE,1,-179.21,-12.83,0.194,-0.663,2.933,-10.101,-0.064,0.061,0.021,80.06,2490.92,21.9,35,1,1
17:16:15.264,DISTRAZIONE,1,178.67,37.06,0.3,-0.915,3.024,-9.9,-0.021,0.052,0.033,80.06,2399.37,21.9,35,1,1
17:16:15.764,DISTRAZIONE,0,0.0,0.0,0.0,-0.718,3.146,-8.258,-0.156,0.043,-0.023,80.06,2137.55,21.9,35,1,1
17:16:16.264,DISTRAZIONE,1,173.85,71.98,0.87,-0.982,3.117,-9.376,-0.115,0.072,-0.009,80.06,2675.63,21.9,35,1,1
17:16:16.765,DISTRAZIONE,1,166.58,72.14,0.512,-1.154,3.01,-8.614,-0.175,0.081,-0.026,80.06,2642.1,21.9,35,1,1
17:16:17.265,DISTRAZIONE,1,174.13,37.48,0.296,-1.369,3.464,-8.906,-0.141,0.078,-0.022,80.06,2580.37,21.9,35,1,1
17:16:17.765,DISTRAZIONE,0,0.0,0.0,0.0,-0.453,3.874,-8.681,-0.053,0.041,0.047,80.06,2560.89,21.9,35,1,1
17:16:18.265,DISTRAZIONE,1,169.91,69.73,0.591,-1.927,3.687,-9.007,-0.155,0.049,0.012,80.06,2663.01,21.9,35,1,1
17:16:18.765,DISTRAZIONE,1,164.1,75.04,0.676,-0.045,2.844,-9.27,-0.21,0.061,-0.045,80.06,2610.93,21.9,35,1,1
17:16:19.265,DISTRAZIONE,1,171.63,34.15,0.296,-0.438,2.763,-9.448,-0.17,0.064,-0.038,80.06,2604.91,21.9,35,1,1
17:16:19.765,DISTRAZIONE,1,157.56,69.6,0.544,-1.094,2.998,-9.649,-0.139,0.092,-0.019,80.06,2638.97,21.9,35,1,1
17:16:20.265,DISTRAZIONE,1,156.85,71.34,0.543,-2.15,2.919,-9.012,-0.078,0.07,0.005,80.06,2588.39,21.9,35,1,1
17:16:20.765,DISTRAZIONE,1,-177.92,45.11,0.375,-0.297,2.969,-9.074,-0.218,0.098,-0.026,80.06,2635.08,21.9,35,1,1
17:16:21.265,VIGILE,1,176.72,22.22,0.182,-0.939,2.914,-9.766,-0.135,0.082,-0.025,80.06,2636.65,21.9,35,1,1
17:16:21.765,VIGILE,1,-179.68,6.05,0.24,-1.726,3.476,-9.227,-0.045,0.01,0.018,80.06,2669.85,21.9,35,1,1
17:16:22.265,VIGILE,1,176.91,-5.48,0.274,-1.027,2.176,-9.292,-0.099,0.022,-0.002,80.06,2632.66,21.9,35,1,1
17:16:22.765,VIGILE,1,177.61,-4.44,0.286,-0.314,3.043,-9.917,-0.099,0.033,-0.011,80.06,2678.78,21.9,35,1,1
17:16:23.265,VIGILE,1,179.71,-2.84,0.28,-0.862,3.201,-8.327,-0.149,0.07,-0.039,80.06,2676.43,21.9,35,1,1
17:16:23.765,VIGILE,1,177.38,-2.13,0.296,-0.699,3.373,-9.471,-0.199,0.103,-0.034,80.06,2787.25,21.9,35,1,1
17:16:24.265,VIGILE,1,178.11,7.38,0.283,-0.776,3.069,-9.685,-0.235,0.104,-0.031,80.06,2895.34,21.9,35,1,1
17:16:24.765,VIGILE,1,178.2,7.75,0.295,-0.929,2.998,-8.854,-0.077,0.113,0.01,80.06,2905.84,21.9,35,1,1
17:16:25.265,VIGILE,1,179.15,5.28,0.312,-0.165,3.78,-9.677,-0.274,0.108,-0.042,80.06,2875.41,21.9,35,1,1
17:16:25.766,VIGILE,1,177.42,2.41,0.278,-0.352,3.282,-9.426,-0.319,0.113,-0.038,80.06,2858.62,21.9,35,1,1
17:16:26.266,VIGILE,1,-179.06,-2.95,0.284,-1.295,3.203,-8.454,-0.077,0.077,0.02,80.06,2889.4,21.9,35,1,1
17:16:26.766,VIGILE,1,177.94,-10.99,0.292,0.213,2.5,-10.111,-0.209,0.124,-0.066,80.06,2898.87,21.9,35,1,1
17:16:27.266,VIGILE,1,179.93,-8.53,0.285,-1.836,3.323,-8.203,-0.241,0.072,0.003,80.06,2863.36,21.9,35,1,1
17:16:27.766,VIGILE,1,177.13,-10.82,0.296,-1.489,2.995,-8.806,-0.087,0.057,-0.03,80.06,2852.81,21.9,35,1,1
17:16:28.266,VIGILE,1,177.4,-5.83,0.281,-0.498,2.313,-9.194,-0.16,0.07,-0.038,80.06,2810.82,21.9,35,1,1
17:16:28.766,VIGILE,1,177.55,-10.1,0.266,-0.783,2.595,-9.673,-0.01,0.02,0.0,80.06,2712.39,21.9,35,1,1
17:16:29.266,VIGILE,1,177.57,-7.99,0.288,-0.275,3.158,-8.871,-0.218,0.092,-0.042,80.06,2697.9,21.9,35,1,1
17:16:29.766,VIGILE,1,178.12,-9.89,0.274,-0.115,2.691,-8.981,-0.145,0.029,-0.014,80.06,2573.43,21.9,35,1,1
17:16:30.266,VIGILE,1,179.49,-9.17,0.288,-0.436,2.686,-9.249,-0.21,0.098,-0.04,80.06,2563.85,21.9,35,1,1
17:16:30.766,VIGILE,1,179.72,-10.43,0.291,-0.867,2.825,-8.789,-0.077,-0.007,0.002,80.06,2639.44,21.9,35,1,1
17:16:31.266,VIGILE,1,179.25,-8.88,0.272,-0.589,2.363,-9.584,-0.109,0.087,-0.019,80.06,2587.6,21.9,35,1,1
17:16:31.766,VIGILE,1,-179.86,-10.74,0.291,-1.829,3.089,-9.34,-0.039,0.038,-0.011,80.06,2581.82,21.9,35,1,1
17:16:32.266,VIGILE,1,178.88,-5.37,0.287,-0.51,2.988,-10.683,-0.057,0.045,0.007,80.06,2531.19,21.9,35,1,1
17:16:32.766,VIGILE,1,179.25,-10.61,0.268,-1.207,2.863,-9.189,-0.039,0.029,0.021,80.06,2523.16,21.9,35,1,1
17:16:33.266,VIGILE,1,-179.61,-7.17,0.276,-0.144,2.586,-8.741,-0.216,0.151,-0.026,80.06,2570.8,21.9,35,1,1
17:16:33.766,VIGILE,1,178.69,-5.96,0.28,-1.329,2.698,-9.723,-0.157,0.048,-0.014,80.06,2596.88,21.9,34,1,1
17:16:34.267,VIGILE,1,-179.92,-11.66,0.278,-0.831,2.684,-8.66,-0.079,0.102,-0.025,80.06,2608.35,21.9,34,1,1
17:16:34.767,VIGILE,1,178.52,-4.63,0.279,0.299,2.449,-8.724,-0.162,0.116,-0.012,80.06,2684.82,21.9,34,1,1
17:16:35.267,VIGILE,1,177.11,-6.53,0.289,-0.876,3.067,-8.341,-0.103,0.064,-0.006,80.06,2824.4,21.9,34,1,1
17:16:35.767,VIGILE,1,179.04,-8.34,0.216,-0.56,2.32,-9.785,-0.102,0.023,-0.018,80.06,2858.18,21.9,34,1,1
17:16:36.267,VIGILE,1,179.79,-8.57,0.268,-0.555,2.67,-9.888,-0.153,0.055,-0.006,80.06,2860.92,21.9,34,1,1
17:16:36.767,VIGILE,1,179.15,-7.26,0.255,-0.534,2.43,-8.693,-0.193,0.074,-0.018,80.06,2861.24,21.9,34,1,1
17:16:37.267,VIGILE,1,177.27,-4.97,0.286,0.05,2.222,-9.364,-0.233,0.061,-0.037,80.06,2863.35,21.9,34,1,1
17:16:37.767,VIGILE,1,178.66,-7.76,0.289,-0.936,2.485,-8.88,-0.157,0.092,-0.024,80.06,2863.97,21.9,34,1,1
17:16:38.267,VIGILE,1,-178.55,-6.61,0.27,-0.8,2.978,-9.874,-0.029,-0.014,0.013,80.06,2866.92,21.9,34,1,1
17:16:38.767,VIGILE,1,-179.21,-9.13,0.277,-0.187,2.784,-8.99,-0.144,0.066,-0.017,80.06,2866.0,21.9,34,1,1
17:16:39.267,VIGILE,1,178.95,-9.39,0.276,-0.668,2.428,-8.538,-0.164,0.074,-0.016,80.06,2851.85,21.9,34,1,1
17:16:39.767,VIGILE,1,178.74,-7.86,0.261,-1.185,3.357,-9.565,-0.202,0.163,-0.063,80.06,2828.9,21.9,34,1,1
17:16:40.267,VIGILE,1,-176.68,-13.0,0.283,-0.852,4.432,-8.82,0.243,-0.073,0.065,80.06,2686.61,21.9,34,1,1
17:16:40.767,VIGILE,1,175.06,-4.1,0.274,-0.28,3.668,-10.025,-0.161,0.096,-0.037,80.06,2875.57,21.9,34,1,1
17:16:41.267,VIGILE,1,178.71,-8.71,0.275,-1.149,3.57,-9.098,-0.14,0.083,-0.025,80.06,2879.21,21.9,34,1,1
17:16:41.767,VIGILE,1,177.19,-10.35,0.309,-1.159,2.952,-8.732,-0.198,0.072,-0.049,80.06,2891.03,21.9,34,1,1
17:16:42.267,VIGILE,1,174.88,-24.35,0.27,-0.192,2.634,-9.019,-0.241,0.092,-0.044,80.06,2893.79,21.9,34,1,1
17:16:42.768,VIGILE,1,178.52,-8.39,0.283,-1.176,3.531,-9.555,-0.039,0.014,0.042,80.06,2895.1,21.9,34,1,1
17:16:43.268,VIGILE,1,177.66,-3.57,0.274,-1.034,3.139,-9.268,-0.067,-0.004,0.015,80.06,2891.58,21.9,34,1,1
17:16:43.768,VIGILE,1,-179.83,-7.16,0.269,-0.776,3.531,-9.946,-0.102,0.071,-0.021,80.06,2895.23,21.9,34,1,1
17:16:44.268,VIGILE,1,178.22,-9.42,0.28,-0.766,3.328,-8.796,-0.075,0.009,0.002,80.06,2893.94,21.9,34,1,1
17:16:44.768,VIGILE,1,177.55,-8.94,0.289,-0.912,2.121,-9.347,-0.083,0.057,0.018,80.06,2887.06,21.9,34,1,1
17:16:45.268,VIGILE,1,175.83,-4.64,0.313,-2.133,4.046,-8.471,0.148,0.058,0.068,80.06,2877.86,21.9,34,1,1
17:16:45.768,VIGILE,1,176.21,-6.15,0.21,-1.628,3.124,-9.261,-0.01,0.005,0.05,80.06,2895.74,21.9,34,1,1
17:16:46.268,VIGILE,1,177.81,-6.5,0.282,-1.233,3.304,-8.717,-0.125,0.126,-0.027,80.06,2898.3,21.9,34,1,1
17:16:46.768,VIGILE,1,179.39,-7.2,0.292,-1.006,3.098,-9.558,-0.038,0.014,0.027,80.06,2901.48,21.9,34,1,1
17:16:47.268,VIGILE,1,177.54,-6.48,0.282,-1.465,3.012,-9.811,-0.019,0.05,0.014,80.06,2901.88,21.9,34,1,1
17:16:47.768,VIGILE,1,178.0,-6.84,0.275,-0.081,2.643,-10.664,-0.211,0.102,-0.046,80.06,2898.16,21.9,34,1,1
17:16:48.268,VIGILE,1,179.57,-11.65,0.278,-0.848,2.727,-9.448,-0.007,-0.015,0.011,80.06,2899.01,21.9,34,1,1
17:16:48.768,VIGILE,1,176.03,-4.89,0.278,0.18,2.433,-9.172,-0.116,0.033,-0.003,80.06,2899.25,21.9,34,1,1
17:16:49.268,VIGILE,1,177.22,-8.5,0.287,-0.986,3.136,-9.354,-0.06,0.092,-0.017,80.06,2896.92,21.9,34,1,1
17:16:49.768,VIGILE,1,-179.51,-10.37,0.283,-0.46,2.945,-9.692,-0.248,0.131,-0.058,80.06,2899.79,21.9,34,1,1
17:16:50.269,VIGILE,1,177.71,-8.16,0.276,-0.723,3.553,-10.477,-0.186,0.14,-0.048,80.06,2900.1,21.9,34,1,1
17:16:50.769,VIGILE,1,177.44,-2.75,0.271,-1.128,3.393,-11.047,-0.12,0.087,0.026,80.06,2901.57,21.9,34,1,1
17:16:51.269,VIGILE,1,177.1,-3.25,0.265,0.041,2.385,-7.424,-0.691,0.235,-0.147,80.06,2893.1,21.9,34,1,1
17:16:51.769,VIGILE,1,176.86,-4.99,0.278,-0.874,3.898,-9.182,-0.123,0.12,-0.055,80.06,2895.14,21.9,34,1,1
17:16:52.269,VIGILE,1,177.65,-6.58,0.294,-0.917,2.828,-9.098,-0.271,0.112,-0.038,80.06,2891.62,21.9,34,1,1
17:16:52.769,VIGILE,1,177.75,-0.01,0.278,-2.126,2.459,-9.115,0.138,-0.047,0.064,80.06,2891.03,21.9,34,1,1
17:16:53.269,VIGILE,1,176.86,-2.68,0.279,-1.705,3.211,-9.479,0.102,-0.024,0.058,80.06,2892.06,21.9,34,1,1
17:16:53.769,VIGILE,1,175.53,-4.15,0.195,-0.852,3.199,-10.393,-0.123,0.117,-0.007,80.06,2890.83,21.9,34,1,1
17:16:54.269,VIGILE,1,178.86,-3.25,0.304,-1.195,2.152,-9.246,-0.089,0.038,-0.005,80.06,2887.69,21.9,34,1,1
17:16:54.769,VIGILE,1,179.25,-8.17,0.287,-0.599,3.498,-9.807,-0.087,0.08,-0.008,80.06,2891.38,21.9,34,1,1
17:16:55.269,VIGILE,1,-179.76,-10.07,0.243,-1.049,3.68,-8.854,-0.074,0.087,-0.01,80.06,2887.87,21.9,34,1,1
17:16:55.769,VIGILE,1,178.45,-8.07,0.28,-0.771,3.189,-9.23,-0.191,0.083,-0.043,80.06,2887.12,21.9,34,1,1
17:16:56.269,VIGILE,1,179.86,21.9,0.289,-1.951,3.172,-8.894,-0.076,0.061,0.007,80.06,2888.2,21.9,34,1,1
17:16:56.769,VIGILE,1,179.63,-9.2,0.212,-0.936,2.962,-8.633,-0.198,0.048,-0.017,80.06,2882.65,21.9,34,1,1
17:16:57.269,VIGILE,1,177.82,-1.04,0.288,-0.055,3.994,-8.452,-0.357,0.177,-0.101,80.06,2883.55,21.9,34,1,1
17:16:57.770,VIGILE,1,178.87,-15.87,0.285,-0.639,2.887,-9.285,-0.171,0.089,-0.029,80.06,2884.42,21.9,34,1,1
17:16:58.270,VIGILE,1,-177.72,3.82,0.275,-0.989,2.775,-9.608,-0.167,0.038,0.01,80.06,2882.29,21.9,34,1,1
17:16:58.770,VIGILE,1,179.69,-13.2,0.276,-1.039,3.488,-8.782,-0.137,0.045,-0.007,80.06,2882.02,21.9,34,1,1
17:16:59.270,VIGILE,1,178.19,-10.23,0.29,-1.587,3.661,-9.529,0.006,0.051,0.024,80.06,2882.91,21.9,34,1,1
17:16:59.770,VIGILE,1,178.8,-2.59,0.273,-1.453,3.041,-8.83,-0.033,0.03,0.023,80.06,2880.47,21.9,34,1,1
17:17:00.270,VIGILE,1,-179.8,-10.67,0.294,-0.381,3.752,-10.197,-0.287,0.113,-0.055,80.06,2880.14,21.9,34,1,1
17:17:00.770,VIGILE,1,179.84,-7.42,0.277,-1.113,3.816,-9.754,-0.037,0.051,0.039,80.06,2878.54,21.9,34,1,1
17:17:01.270,VIGILE,1,-179.84,-9.73,0.302,0.072,2.174,-7.381,-0.375,0.119,-0.129,80.06,2876.88,21.9,34,1,1
17:17:01.770,VIGILE,1,179.35,-6.01,0.292,-0.536,3.431,-8.562,-0.173,0.066,-0.058,80.06,2879.0,21.9,34,1,1
17:17:02.270,VIGILE,1,177.32,-5.32,0.302,-1.506,2.84,-9.189,-0.112,0.037,-0.01,80.06,2876.84,21.9,34,1,1
17:17:02.770,VIGILE,1,177.6,-8.03,0.295,-1.69,2.832,-8.772,-0.073,0.001,0.006,80.06,2875.24,21.9,34,1,1
17:17:03.270,VIGILE,1,179.13,-8.51,0.304,-0.658,3.292,-9.553,-0.172,0.089,-0.038,80.06,2875.12,21.9,34,1,1
17:17:03.770,VIGILE,1,178.11,-7.54,0.296,-0.761,2.753,-8.418,-0.174,0.099,-0.005,80.06,2869.63,21.9,33,1,1
17:17:04.270,VIGILE,1,179.47,-6.74,0.302,-1.202,3.847,-9.222,0.027,0.023,0.032,80.06,2873.94,21.9,33,1,1
17:17:04.770,VIGILE,1,176.92,-7.56,0.291,-0.658,3.946,-9.146,-0.006,0.018,0.018,80.06,2871.39,21.9,33,1,1
17:17:05.274,VIGILE,1,179.41,-7.54,0.281,-0.323,3.484,-9.041,-0.119,0.065,-0.025,80.06,2870.4,21.9,33,1,1
17:17:05.774,VIGILE,1,175.72,-5.65,0.291,0.419,2.899,-9.902,-0.226,0.082,-0.043,80.06,2871.93,21.9,33,1,1
17:17:06.274,VIGILE,1,175.49,-6.04,0.309,-0.912,4.29,-8.768,-0.151,0.149,-0.044,80.06,2866.75,21.9,33,1,1
17:17:06.774,VIGILE,1,177.79,-4.86,0.301,-0.891,1.767,-8.82,0.054,-0.112,0.086,80.06,2864.6,21.9,33,1,1
17:17:07.274,VIGILE,1,178.11,-8.48,0.29,-0.354,3.498,-8.914,-0.172,0.052,-0.028,80.06,2857.29,21.9,33,1,1
17:17:07.774,VIGILE,1,176.37,-8.78,0.317,-1.343,2.732,-9.385,-0.056,0.039,0.036,80.06,2839.15,21.9,33,1,1
17:17:08.275,VIGILE,1,177.06,-4.83,0.28,-1.317,2.387,-8.44,-0.066,0.051,0.004,80.06,2846.03,21.9,33,1,1
17:17:08.775,VIGILE,1,177.84,-6.73,0.286,-0.268,2.612,-8.837,-0.324,0.172,-0.069,80.06,2840.57,21.9,33,1,1
17:17:09.275,VIGILE,1,177.99,-7.16,0.278,-1.264,2.626,-10.07,-0.095,0.029,-0.008,80.06,2820.72,21.9,33,1,1
17:17:09.775,VIGILE,1,177.47,-7.29,0.282,-1.329,4.058,-10.604,-0.081,0.037,-0.001,80.06,2829.54,21.9,33,1,1
17:17:10.275,VIGILE,1,178.45,-9.23,0.283,-2.452,2.816,-9.414,-0.105,0.004,-0.003,80.06,2815.21,21.9,33,1,1
17:17:10.775,VIGILE,1,179.66,-10.5,0.291,-0.91,3.728,-8.516,-0.119,0.022,-0.025,80.06,2847.28,21.9,33,1,1
17:17:11.275,VIGILE,1,178.1,-4.82,0.272,-1.365,3.417,-9.055,-0.132,0.043,-0.003,80.06,2849.71,21.9,33,1,1
17:17:11.775,VIGILE,1,179.73,-7.24,0.271,-1.188,3.294,-10.29,-0.062,0.065,-0.001,80.06,2822.99,21.9,33,1,1
17:17:12.275,VIGILE,1,177.42,-5.56,0.273,-0.407,2.116,-10.398,-0.357,0.124,-0.078,80.06,2796.31,21.9,33,1,1
17:17:12.775,VIGILE,1,178.47,-0.83,0.271,-0.4,3.172,-10.269,-0.335,0.134,-0.046,80.06,2846.35,21.9,33,1,1
17:17:13.275,VIGILE,1,177.72,-3.89,0.281,0.244,2.555,-9.304,-0.316,0.119,-0.044,80.06,2851.93,21.9,33,1,1
17:17:13.775,VIGILE,1,178.12,-5.76,0.293,-0.285,3.637,-9.206,-0.224,0.033,0.003,80.06,2859.37,21.9,33,1,1
17:17:14.275,VIGILE,1,177.07,-5.04,0.288,-1.264,3.656,-9.378,-0.163,0.063,0.003,80.06,2851.63,21.9,33,1,1
17:17:14.775,VIGILE,1,177.31,-4.33,0.29,-0.043,3.316,-9.196,-0.259,0.075,-0.032,80.06,2861.66,21.9,33,1,1
17:17:15.275,VIGILE,1,178.74,-4.64,0.281,-1.64,4.264,-8.815,-0.044,0.03,0.013,80.06,2865.0,21.9,33,1,1
17:17:15.776,VIGILE,1,178.96,-4.35,0.287,-1.444,3.931,-8.677,-0.081,0.069,-0.007,80.06,2863.55,21.9,33,1,1
17:17:16.276,VIGILE,1,176.87,-4.44,0.301,-1.393,3.462,-8.612,0.161,-0.05,0.047,80.06,2869.58,21.9,33,1,1
17:17:16.776,VIGILE,1,175.6,-1.49,0.297,-0.29,3.275,-9.0,-0.245,0.098,-0.023,80.06,2867.14,21.9,33,1,1
17:17:17.276,VIGILE,1,178.06,-4.76,0.295,-2.763,3.345,-8.088,0.036,0.015,0.056,80.06,2864.42,21.9,33,1,1
17:17:17.776,VIGILE,1,178.83,-5.95,0.297,-1.188,2.655,-7.956,-0.044,0.023,0.012,80.06,2862.35,21.9,33,1,1
17:17:18.276,VIGILE,1,177.56,-7.29,0.281,-3.096,4.413,-9.167,0.066,0.035,0.033,80.06,2852.34,21.9,33,1,1
17:17:18.776,VIGILE,1,174.18,-1.46,0.297,-0.867,4.144,-9.771,-0.194,0.101,-0.029,80.06,2850.02,21.9,33,1,1
17:17:19.276,VIGILE,1,179.69,-1.73,0.27,-1.865,3.227,-8.03,-0.043,-0.011,0.035,80.06,2852.19,21.9,33,1,1
17:17:19.776,VIGILE,1,-179.87,-6.2,0.271,-1.279,3.56,-9.143,-0.12,0.044,0.014,80.06,2862.27,21.9,33,1,1
17:17:20.276,VIGILE,1,176.86,-3.46,0.276,-0.986,4.14,-9.723,-0.133,0.105,-0.018,80.06,2861.56,21.9,33,1,1
17:17:20.776,VIGILE,1,177.39,-4.58,0.208,-0.589,3.057,-9.005,-0.051,0.043,-0.003,80.06,2856.42,21.9,33,1,1
17:17:21.276,VIGILE,1,177.9,-5.23,0.273,-0.764,3.582,-9.117,-0.095,0.07,-0.005,80.06,2856.23,21.9,33,1,1
17:17:21.776,VIGILE,1,177.03,-4.12,0.287,-1.142,4.216,-9.787,-0.106,0.086,0.019,80.06,2855.41,21.9,33,1,1
17:17:22.276,VIGILE,1,-179.32,-2.45,0.273,-0.735,3.103,-9.744,-0.163,0.092,-0.022,80.06,2852.49,21.9,33,1,1
17:17:22.776,VIGILE,1,177.96,0.19,0.256,-0.857,4.111,-10.072,-0.026,0.066,0.007,80.06,2849.15,21.9,33,1,1
17:17:23.276,VIGILE,1,177.06,-1.24,0.284,-1.173,3.191,-9.0,-0.124,0.055,0.01,80.06,2844.4,21.9,33,1,1
17:17:23.777,VIGILE,1,178.82,-6.3,0.302,-0.824,3.462,-9.922,-0.056,0.066,-0.023,80.06,2840.88,21.9,33,1,1
17:17:24.277,VIGILE,1,179.21,-6.13,0.277,-2.16,3.922,-9.21,0.044,0.045,0.023,80.06,2835.2,21.9,33,1,1
17:17:24.777,VIGILE,1,177.27,-6.14,0.288,-1.223,3.136,-8.375,-0.278,0.108,-0.025,80.06,2828.97,21.9,33,1,1
17:17:25.277,VIGILE,1,177.68,-8.51,0.236,-0.936,3.225,-9.519,-0.163,0.083,-0.046,80.06,2825.79,21.9,33,1,1
17:17:25.777,VIGILE,1,177.95,-8.21,0.302,-0.927,3.409,-9.821,-0.156,0.071,0.023,80.06,2818.24,21.9,33,1,1
17:17:26.277,VIGILE,1,-179.57,-6.61,0.279,-0.625,2.806,-8.799,-0.227,0.075,-0.032,80.06,2800.75,21.9,33,1,1
17:17:26.777,VIGILE,1,177.34,-2.77,0.246,-1.226,3.321,-8.909,-0.015,0.035,0.002,80.06,2779.98,21.9,33,1,1
17:17:27.277,VIGILE,1,178.14,-6.56,0.278,-0.955,3.986,-8.722,-0.1,0.07,0.003,80.06,2759.43,21.9,33,1,1
17:17:27.777,VIGILE,1,177.76,-3.59,0.279,-0.836,2.993,-8.99,-0.237,0.105,-0.024,80.06,2769.69,21.9,33,1,1
17:17:28.277,VIGILE,1,179.48,-6.99,0.29,-0.567,3.419,-9.115,-0.143,0.052,0.01,80.06,2783.39,21.9,33,1,1
17:17:28.777,VIGILE,1,177.94,4.05,0.223,-0.455,3.043,-9.613,-0.168,0.09,-0.012,80.06,2780.0,21.9,33,1,1
17:17:29.277,VIGILE,1,178.09,-2.55,0.233,-1.381,3.294,-9.208,-0.079,0.027,0.003,80.06,2763.92,21.9,33,1,1
17:17:29.777,VIGILE,1,-180.0,3.7,0.284,-1.288,3.096,-9.292,-0.033,0.03,0.04,80.06,2768.26,21.9,33,1,1
17:17:30.278,VIGILE,1,-179.83,-4.54,0.256,-1.448,3.39,-9.342,-0.056,0.003,0.013,80.06,2808.08,21.9,33,1,1
17:17:30.778,VIGILE,1,177.38,-1.75,0.186,-1.305,3.843,-9.385,-0.059,0.03,0.018,80.06,2813.11,21.9,33,1,1
17:17:31.278,DISTRAZIONE,1,179.27,13.12,0.287,-0.215,3.333,-9.495,-0.154,0.088,-0.026,80.06,2815.3,21.9,33,1,1
17:17:31.778,DISTRAZIONE,1,-178.09,45.8,0.379,-1.039,3.824,-8.667,-0.099,0.018,-0.004,80.06,2811.8,21.9,33,1,1
17:17:32.278,DISTRAZIONE,1,-172.71,52.75,0.451,-1.147,3.759,-9.246,0.009,0.031,0.013,80.06,2814.84,21.9,33,1,1
17:17:32.778,DISTRAZIONE,1,-168.93,50.48,0.382,-1.587,3.16,-8.681,-0.121,0.026,-0.004,80.06,2814.49,21.9,33,1,1
17:17:33.278,DISTRAZIONE,1,-173.54,69.22,0.827,-1.326,3.412,-9.22,-0.103,0.088,-0.026,80.06,2815.81,21.9,33,1,1
17:17:33.778,DISTRAZIONE,1,-169.15,43.22,0.348,-1.666,3.268,-10.23,-0.09,0.093,0.024,80.06,2810.63,21.9,33,1,1
17:17:34.278,DISTRAZIONE,1,-160.7,42.56,0.155,-1.199,3.67,-8.495,-0.147,0.051,-0.012,80.06,2808.27,21.9,33,1,1
17:17:34.778,DISTRAZIONE,1,-169.61,41.36,0.329,-1.573,3.103,-8.787,-0.094,0.065,0.009,80.06,2810.07,21.9,33,1,1
17:17:35.278,DISTRAZIONE,1,-164.69,35.15,0.141,-1.369,3.127,-8.995,-0.11,0.075,-0.014,80.06,2814.78,21.9,33,1,1
17:17:35.778,DISTRAZIONE,1,-158.08,17.77,0.115,-1.041,3.531,-8.964,-0.108,0.083,-0.015,80.06,2813.49,21.9,33,1,1
17:17:36.278,DISTRAZIONE,1,-158.81,14.99,0.104,-1.506,3.057,-9.29,-0.134,0.085,-0.038,80.06,2806.13,21.8,33,1,1
17:17:36.778,DISTRAZIONE,1,-151.88,9.85,0.12,-1.192,2.248,-8.624,-0.128,0.04,-0.005,80.06,2804.84,21.8,33,1,1
17:17:37.278,DISTRAZIONE,1,-162.45,13.74,0.119,-1.058,3.606,-8.308,-0.189,0.072,-0.014,80.06,2809.06,21.8,33,1,1
17:17:37.778,DISTRAZIONE,1,-157.03,26.0,0.111,-1.705,3.563,-8.899,-0.125,0.05,0.004,80.06,2811.25,21.8,33,1,1
17:17:38.279,DISTRAZIONE,1,-155.98,19.5,0.111,-0.903,3.498,-9.811,-0.097,0.062,-0.001,80.06,2808.44,21.8,33,1,1
17:17:38.779,DISTRAZIONE,1,-156.86,17.5,0.105,-0.9,3.189,-9.404,-0.223,0.099,-0.029,80.06,2808.52,21.8,33,1,1
17:17:39.279,DISTRAZIONE,1,-170.15,37.7,0.392,-0.924,3.591,-8.444,-0.124,0.063,-0.014,80.06,2808.71,21.8,33,1,1
17:17:39.779,DISTRAZIONE,1,-164.16,36.11,0.114,-1.199,3.129,-9.404,-0.123,0.07,-0.004,80.06,2805.43,21.8,33,1,1
17:17:40.279,DISTRAZIONE,1,-163.22,35.23,0.111,-0.694,3.072,-9.534,-0.289,0.11,-0.053,80.06,2808.77,21.8,33,1,1
17:17:40.779,DISTRAZIONE,1,-169.55,39.64,0.35,-2.406,3.436,-9.203,-0.012,0.052,0.025,80.06,2807.45,21.8,33,1,1
17:17:41.279,DISTRAZIONE,1,-166.73,36.71,0.118,-2.251,3.445,-9.225,-0.058,0.1,-0.005,80.06,2803.6,21.8,33,1,1
17:17:41.779,DISTRAZIONE,1,-166.12,28.01,0.116,-0.883,2.619,-9.165,-0.1,0.072,-0.013,80.06,2804.05,21.8,33,1,1
17:17:42.279,DISTRAZIONE,0,0.0,0.0,0.0,-0.941,3.338,-8.803,-0.167,0.046,-0.027,80.06,2805.44,21.8,33,1,1
17:17:42.779,DISTRAZIONE,1,-177.5,-38.56,0.362,-0.658,3.716,-9.771,-0.23,0.123,-0.072,80.06,2806.37,21.8,33,1,1
17:17:43.279,DISTRAZIONE,1,-174.87,-30.68,0.352,-1.257,2.617,-8.993,-0.105,0.044,0.009,80.06,2802.44,21.8,33,1,1
17:17:43.779,DISTRAZIONE,1,-176.35,-44.99,0.411,-1.484,3.606,-9.323,-0.063,0.078,0.0,80.06,2802.9,21.8,33,1,1
17:17:44.279,DISTRAZIONE,1,-175.98,-41.24,0.385,-1.635,3.689,-9.115,-0.096,0.026,-0.001,80.06,2802.59,21.8,33,1,1
17:17:44.779,DISTRAZIONE,1,-175.88,-39.54,0.384,-2.404,3.043,-9.388,-0.102,0.082,-0.011,80.06,2799.9,21.8,33,1,1
17:17:45.279,DISTRAZIONE,1,-172.37,-39.92,0.357,-1.044,3.134,-9.175,-0.192,0.11,-0.019,80.06,2798.61,21.8,33,1,1
17:17:45.779,DISTRAZIONE,1,-177.14,-41.69,0.452,-0.302,2.837,-9.867,-0.196,0.059,-0.009,80.06,2800.93,21.8,33,1,1
17:17:46.280,DISTRAZIONE,1,-176.17,-39.79,0.267,-1.214,2.705,-8.969,-0.14,0.033,-0.006,80.06,2800.49,21.8,33,1,1
17:17:46.780,DISTRAZIONE,1,-174.65,-23.42,0.149,-1.329,3.505,-9.512,-0.106,0.055,-0.007,80.06,2805.21,21.8,33,1,1
17:17:47.280,DISTRAZIONE,1,-164.19,30.52,0.11,-0.704,3.302,-8.902,-0.155,0.042,-0.021,80.06,2803.37,21.8,33,1,1
17:17:47.780,DISTRAZIONE,1,-167.77,29.66,0.33,-1.037,3.12,-9.541,-0.143,0.037,-0.001,80.06,2803.14,21.8,33,1,1
17:17:48.280,VIGILE,1,178.48,18.57,0.252,-0.56,3.531,-9.761,-0.146,0.079,-0.009,80.06,2803.95,21.8,33,1,1
17:17:48.780,VIGILE,1,176.18,2.69,0.285,-1.259,2.794,-8.954,-0.168,0.083,-0.008,80.06,2801.31,21.8,33,1,1
17:17:49.280,VIGILE,1,175.8,-3.51,0.275,-0.488,2.844,-9.876,-0.172,0.031,-0.005,80.06,2797.74,21.8,33,1,1
17:17:49.780,VIGILE,1,174.74,-4.72,0.217,-0.242,2.792,-9.153,-0.204,0.096,-0.034,80.06,2797.91,21.8,33,1,1
17:17:50.280,VIGILE,1,174.22,-2.66,0.275,-1.19,3.364,-9.766,-0.046,0.038,0.033,80.06,2800.02,21.8,33,1,1
17:17:50.780,VIGILE,1,177.61,-4.83,0.274,-1.204,3.184,-9.474,-0.059,0.055,0.006,80.06,2793.72,21.8,33,1,1
17:17:51.280,VIGILE,1,175.92,-4.9,0.279,-0.529,2.851,-9.622,-0.148,0.109,-0.036,80.06,2778.17,21.8,33,1,1
17:17:51.780,VIGILE,1,175.43,-2.9,0.279,-0.251,2.538,-8.736,-0.248,0.052,-0.066,80.06,2756.68,21.8,33,1,1
17:17:52.280,VIGILE,1,176.18,-5.62,0.278,-0.426,3.273,-9.139,-0.191,0.104,-0.039,80.06,2723.38,21.8,33,1,1
17:17:52.780,VIGILE,1,176.75,-6.99,0.29,-0.773,2.902,-10.317,-0.069,0.055,-0.02,80.06,2717.03,21.8,33,1,1
17:17:53.280,VIGILE,1,177.23,-22.44,0.265,-1.104,3.407,-8.566,-0.091,0.104,-0.019,80.06,2669.93,21.8,33,1,1
17:17:53.780,VIGILE,1,178.55,-6.02,0.288,-0.438,3.144,-8.641,-0.218,0.068,-0.028,80.06,2591.63,21.8,33,1,1
17:17:54.281,VIGILE,1,177.64,-7.21,0.276,-0.725,2.693,-9.282,-0.104,0.035,-0.017,80.06,2760.3,21.8,33,1,1
17:17:54.781,VIGILE,1,177.8,-6.48,0.282,-0.551,2.636,-10.209,-0.262,0.14,-0.066,80.06,2754.62,21.8,33,1,1
17:17:55.281,VIGILE,1,177.92,-9.06,0.237,-0.51,3.304,-9.103,-0.228,0.071,-0.042,80.06,2762.23,21.8,33,1,1
17:17:55.781,VIGILE,1,-179.54,-19.5,0.266,0.124,1.925,-8.988,-0.193,0.039,-0.053,80.06,2771.57,21.8,33,1,1
17:17:56.281,VIGILE,1,175.98,-3.19,0.288,-0.22,3.622,-9.287,-0.232,0.092,-0.053,80.06,2773.23,21.8,33,1,1
17:17:56.781,VIGILE,1,176.34,-3.73,0.138,-1.358,3.419,-8.993,-0.091,0.066,-0.028,80.06,2776.99,21.8,33,1,1
17:17:57.281,VIGILE,1,176.2,-1.3,0.283,-1.664,3.361,-9.299,-0.09,0.046,-0.011,80.06,2772.28,21.8,33,1,1
17:17:57.781,VIGILE,1,175.65,-2.66,0.283,-0.828,2.674,-8.662,-0.218,0.058,-0.022,80.06,2775.42,21.8,33,1,1
17:17:58.281,VIGILE,1,175.33,-3.2,0.289,-1.504,3.622,-9.529,-0.148,0.106,-0.036,80.06,2773.34,21.8,33,1,1
17:17:58.781,VIGILE,1,176.49,-3.9,0.277,-1.329,4.13,-8.147,-0.14,0.089,-0.054,80.06,2756.6,21.8,33,1,1
17:17:59.281,VIGILE,1,175.85,-1.9,0.278,-1.417,3.397,-8.207,-0.111,0.057,-0.018,80.06,2743.84,21.8,33,1,1
17:17:59.781,VIGILE,1,176.78,-3.32,0.29,-1.444,3.366,-9.603,-0.139,0.105,-0.006,80.06,2718.98,21.8,33,1,1
17:18:00.281,VIGILE,1,178.77,-2.33,0.277,-0.967,2.871,-9.752,-0.148,0.078,-0.023,80.06,2776.99,21.8,33,1,1
17:18:00.782,VIGILE,1,177.28,-0.42,0.262,-0.709,3.464,-8.672,-0.225,0.068,-0.012,80.06,2777.74,21.8,33,1,1
17:18:01.282,VIGILE,1,176.3,0.76,0.291,-1.223,3.357,-8.748,-0.094,0.11,-0.002,80.06,2781.26,21.8,33,1,1
17:18:01.782,VIGILE,1,177.69,-3.28,0.266,-0.436,3.254,-10.111,-0.11,0.033,-0.016,80.06,2783.32,21.8,33,1,1
17:18:02.282,VIGILE,1,176.34,-5.99,0.276,-0.915,3.089,-9.098,-0.173,0.066,-0.022,80.06,2776.23,21.8,33,1,1
17:18:02.782,VIGILE,1,177.13,-3.37,0.279,-1.985,3.946,-10.048,0.0,0.064,0.018,80.06,2779.42,21.8,33,1,1
17:18:03.282,VIGILE,1,177.2,-3.85,0.273,-0.249,3.424,-9.373,-0.118,0.048,-0.02,80.06,2779.15,21.8,33,1,1
17:18:03.782,VIGILE,1,178.36,-5.05,0.279,-0.441,2.239,-9.562,-0.239,0.083,-0.047,80.06,2777.58,21.8,33,1,1
17:18:04.282,VIGILE,1,177.48,-2.61,0.267,-1.267,3.323,-9.637,-0.115,0.071,-0.033,80.06,2767.62,21.8,33,1,1
17:18:04.782,VIGILE,1,177.13,-3.24,0.28,-1.168,3.019,-9.44,-0.093,0.056,0.001,80.06,2761.32,21.8,33,1,1
17:18:05.282,VIGILE,1,178.23,-3.14,0.288,-1.168,2.796,-9.491,-0.088,0.056,-0.018,80.06,2761.17,21.8,33,1,1
17:18:05.782,VIGILE,1,175.99,-7.49,0.28,-2.286,3.194,-9.304,0.001,0.028,0.039,80.06,2754.89,21.8,33,1,1
17:18:06.282,VIGILE,1,176.82,-7.4,0.271,-1.42,3.247,-9.91,-0.141,0.119,-0.018,80.06,2756.75,21.7,33,1,1
17:18:06.782,VIGILE,1,176.06,-1.07,0.287,-1.448,2.155,-9.373,-0.177,0.082,-0.011,80.06,2753.3,21.7,33,1,1
17:18:07.283,VIGILE,1,179.04,-5.89,0.281,-0.654,2.265,-10.664,-0.076,0.084,-0.019,80.06,2750.87,21.7,33,1,1
17:18:07.783,VIGILE,1,177.24,-2.2,0.275,-0.85,3.16,-8.61,-0.189,0.1,-0.055,80.06,2745.53,21.7,33,1,1
17:18:08.283,VIGILE,1,178.7,-5.92,0.294,-2.15,3.433,-8.708,-0.124,0.055,0.005,80.06,2741.85,21.7,33,1,1
17:18:08.783,VIGILE,1,177.72,-8.66,0.161,-0.555,2.514,-8.985,-0.19,0.048,-0.03,80.06,2741.91,21.7,33,1,1
17:18:09.283,VIGILE,1,176.51,-7.39,0.28,-0.371,3.177,-9.337,-0.229,0.111,-0.036,80.06,2741.57,21.7,33,1,1
17:18:09.783,VIGILE,1,177.3,-4.76,0.267,-2.428,3.567,-10.288,-0.017,0.071,0.038,80.06,2741.5,21.7,33,1,1
17:18:10.283,VIGILE,1,178.39,-7.89,0.31,-1.396,2.586,-8.665,0.149,0.047,0.014,80.06,2737.44,21.7,33,1,1
17:18:10.783,VIGILE,1,178.68,-12.22,0.296,-0.294,3.414,-8.768,-0.173,0.1,-0.059,80.06,2739.14,21.7,33,1,1
17:18:11.283,VIGILE,1,177.2,-3.12,0.274,-0.438,3.9,-9.292,-0.187,0.072,-0.062,80.06,2735.21,21.7,33,1,1
17:18:11.783,VIGILE,1,179.46,-8.04,0.277,-0.876,3.419,-9.639,-0.113,0.04,-0.025,80.06,2739.38,21.7,33,1,1
17:18:12.283,VIGILE,1,-179.81,-10.43,0.281,-1.664,3.371,-9.108,-0.295,0.134,-0.03,80.06,2733.36,21.7,33,1,1
17:18:12.783,VIGILE,1,178.06,-9.0,0.111,-2.667,0.369,-4.118,-0.18,0.068,0.022,80.06,2731.85,21.7,33,1,1
17:18:13.283,VIGILE,1,-179.62,-2.47,0.168,-0.522,2.598,-9.546,-0.079,0.067,0.002,80.06,2741.3,21.7,33,1,1
17:18:13.783,DISTRAZIONE,1,-177.5,9.37,0.244,-2.976,3.553,-8.574,0.118,0.047,0.074,80.06,2737.22,21.7,33,1,1
17:18:14.283,DISTRAZIONE,1,-177.53,37.59,0.259,-0.539,3.632,-7.693,-0.285,0.156,-0.072,80.06,2741.72,21.7,33,1,1
17:18:14.784,DISTRAZIONE,1,-177.95,32.56,0.258,-2.705,3.163,-9.27,0.054,-0.003,0.06,80.06,2743.46,21.7,33,1,1
17:18:15.284,DISTRAZIONE,1,-175.22,36.91,0.253,-2.394,3.124,-8.411,-0.063,0.055,0.043,80.06,2738.61,21.7,33,1,1
17:18:15.784,DISTRAZIONE,1,-176.61,32.11,0.319,-0.412,2.71,-8.724,0.105,-0.042,0.054,80.06,2735.27,21.7,33,1,1
17:18:16.284,DISTRAZIONE,1,-173.83,39.17,0.218,-2.483,2.325,-10.262,-0.244,0.094,-0.046,80.06,2736.36,21.7,33,1,1
17:18:16.784,DISTRAZIONE,1,-174.87,37.47,0.262,-1.712,2.763,-8.973,-0.093,0.097,-0.013,80.06,2729.15,21.7,33,1,1
17:18:17.284,DISTRAZIONE,1,-176.57,38.34,0.334,-1.398,3.694,-8.25,-0.114,0.077,-0.057,80.06,2737.18,21.7,33,1,1
17:18:17.784,DISTRAZIONE,1,-175.45,38.47,0.249,-1.403,3.843,-9.005,-0.111,0.06,0.024,80.06,2741.94,21.7,33,1,1
17:18:18.284,DISTRAZIONE,1,-175.39,37.97,0.152,-1.087,2.66,-9.222,-0.254,0.166,-0.058,80.06,2724.73,21.7,33,1,1
17:18:18.784,DISTRAZIONE,1,-175.32,38.18,0.223,0.551,3.11,-8.159,-0.541,0.161,-0.128,80.06,2741.27,21.7,33,1,1
17:18:19.284,DISTRAZIONE,1,-176.02,37.35,0.138,-1.391,2.856,-10.206,-0.14,0.07,-0.027,80.06,2750.47,21.7,33,1,1
17:18:19.784,DISTRAZIONE,1,-174.07,34.48,0.325,-1.8,3.366,-9.984,-0.069,0.037,0.035,80.06,2749.65,21.7,33,1,1
17:18:20.284,DISTRAZIONE,1,-175.63,30.43,0.192,-0.338,2.935,-10.01,-0.008,-0.019,-0.021,80.06,2754.78,21.7,33,1,1
17:18:20.784,DISTRAZIONE,1,-175.26,3.19,0.308,-2.813,2.88,-7.47,0.064,0.014,0.064,80.06,2756.88,21.7,33,1,1
17:18:21.285,DISTRAZIONE,1,-177.6,-17.85,0.28,-0.814,3.041,-9.366,-0.283,0.123,-0.06,80.06,2750.86,21.7,33,1,1
17:18:21.785,DISTRAZIONE,1,-177.2,-3.4,0.311,-1.46,-0.024,-11.286,-0.318,0.139,-0.043,80.06,2747.41,21.7,33,1,1
17:18:22.285,DISTRAZIONE,1,-178.01,-4.87,0.306,-1.652,3.048,-9.278,-0.113,0.077,-0.001,80.06,2753.57,21.7,33,1,1
17:18:22.785,DISTRAZIONE,1,178.48,-3.87,0.228,-1.097,3.421,-9.28,-0.138,0.104,-0.027,80.06,2756.98,21.7,33,1,1
17:18:23.285,DISTRAZIONE,1,-179.0,3.6,0.108,2.677,4.958,-10.745,-0.312,0.183,-0.106,80.06,2759.46,21.7,33,1,1
17:18:23.785,VIGILE,1,-175.93,-4.43,0.291,-0.816,2.969,-9.222,-0.094,0.033,0.01,80.06,2760.6,21.7,33,1,1
17:18:24.285,VIGILE,1,-179.83,-7.99,0.271,-2.425,3.084,-10.262,-0.098,0.135,0.028,80.06,2751.35,21.7,33,1,1
17:18:24.785,VIGILE,1,179.48,-4.23,0.145,-2.682,3.232,-5.952,-1.036,0.209,-0.14,80.06,2752.74,21.7,33,1,1
17:18:25.285,VIGILE,1,178.54,-2.02,0.279,-0.534,3.359,-9.819,-0.135,0.075,-0.023,80.06,2760.81,21.7,33,1,1
17:18:25.785,VIGILE,1,176.54,-1.15,0.264,-1.616,2.612,-9.924,-0.116,0.069,-0.009,80.06,2757.71,21.7,33,1,1
17:18:26.285,VIGILE,1,176.03,0.66,0.25,-1.666,3.211,-8.957,-0.119,0.111,-0.005,80.06,2762.86,21.7,33,1,1
17:18:26.785,VIGILE,1,176.72,-1.52,0.283,-1.659,3.563,-9.428,-0.046,0.046,0.005,80.06,2761.68,21.7,33,1,1
17:18:27.285,VIGILE,1,177.63,-2.92,0.275,-1.372,2.878,-9.85,-0.059,0.101,-0.016,80.06,2765.78,21.7,33,1,1
17:18:27.785,VIGILE,1,174.87,-5.27,0.278,-1.075,3.266,-10.458,-0.161,0.076,-0.002,80.06,2762.64,21.7,33,1,1
17:18:28.285,VIGILE,1,178.79,-9.84,0.274,-0.857,2.828,-8.325,-0.127,0.089,-0.005,80.06,2761.29,21.7,33,1,1
17:18:28.786,CRASH,1,176.5,-7.75,0.288,-1.403,3.462,-9.354,-0.182,0.058,-0.035,80.06,2764.1,21.7,33,1,1
17:18:29.286,CRASH,1,-179.26,-5.42,0.275,-1.135,1.621,-9.246,-0.241,0.102,-0.028,80.06,2762.98,21.7,33,1,1
17:18:29.786,CRASH,1,179.41,-1.82,0.303,-2.844,1.336,-9.237,0.813,-0.091,0.181,80.06,2746.35,21.7,33,1,1
17:18:30.286,CRASH,1,177.67,-1.57,0.28,-2.064,2.337,-8.001,-0.031,0.033,0.027,80.06,2763.76,21.7,33,1,1
17:18:30.786,CRASH,1,-179.79,-5.41,0.279,-1.092,3.802,-7.242,-0.276,0.056,-0.059,80.06,2762.52,21.7,33,1,1
17:18:31.286,CRASH,1,-179.44,-3.25,0.265,-0.46,3.273,-9.21,-0.19,0.112,-0.06,80.06,2766.27,21.7,33,1,1
17:18:31.786,CRASH,1,179.03,-12.7,0.248,-1.812,4.099,-8.487,-0.01,-0.009,-0.019,80.06,2764.14,21.7,33,1,1
17:18:32.286,CRASH,1,-178.44,-13.2,0.28,-1.432,2.792,-9.318,-0.083,0.038,0.006,80.06,2769.3,21.7,33,1,1
17:18:32.786,CRASH,1,179.2,-6.86,0.291,-0.52,2.444,-9.141,-0.173,0.09,-0.034,80.06,2762.83,21.7,33,1,1
17:18:33.286,CRASH,1,179.73,-7.41,0.282,0.63,0.934,-8.562,-0.265,0.106,-0.078,80.06,2765.45,21.7,33,1,1
17:18:33.786,CRASH,1,-178.39,-7.48,0.301,0.067,2.602,-9.991,-0.17,0.038,-0.044,80.06,2764.41,21.7,33,1,1
17:18:34.286,CRASH,1,179.51,-3.66,0.284,-0.778,3.007,-8.475,-0.279,0.123,-0.068,80.06,2762.43,21.7,33,1,1
17:18:34.786,CRASH,1,178.47,-1.51,0.263,-0.397,3.156,-8.578,-0.196,0.126,-0.1,80.06,2767.62,21.7,33,1,1
17:18:35.286,CRASH,1,177.79,0.74,0.277,-0.359,3.656,-9.096,-0.217,0.096,-0.04,80.06,2763.96,21.7,33,1,1
17:18:35.786,CRASH,1,-179.67,-7.75,0.287,-1.369,3.579,-10.202,-0.226,0.109,-0.031,80.06,2762.55,21.7,33,1,1
17:18:36.286,CRASH,1,178.8,-5.53,0.278,-0.697,3.007,-9.536,-0.114,0.087,0.017,80.06,2760.66,21.7,33,1,1
17:18:36.786,CRASH,1,177.3,-11.44,0.287,-0.505,4.046,-9.91,-0.339,0.195,-0.055,80.06,2762.75,21.7,33,1,1
17:18:37.287,CRASH,1,177.53,-5.9,0.275,-0.74,4.604,-8.741,-0.155,0.026,-0.034,80.06,2765.94,21.7,33,1,1
17:18:37.787,CRASH,1,177.08,-12.7,0.283,-0.814,4.966,-12.39,-0.245,0.193,-0.034,80.06,2771.06,21.7,33,1,1
17:18:38.287,CRASH,1,179.27,-14.82,0.279,-0.898,2.337,-9.325,-0.074,0.042,0.003,80.06,2753.18,21.7,33,1,1
17:18:38.787,CRASH,1,178.24,-10.65,0.296,-0.117,3.124,-9.258,-0.266,0.108,-0.051,80.06,2741.54,21.7,33,1,1
17:18:39.287,CRASH,1,178.59,-2.0,0.282,-1.477,3.127,-9.234,-0.075,0.001,-0.012,80.06,2686.64,21.7,33,1,1
17:18:39.787,CRASH,1,177.63,-5.51,0.285,-1.369,3.759,-10.187,-0.028,-0.005,0.029,80.06,2579.11,21.7,33,1,1
17:18:40.287,CRASH,1,177.98,-7.44,0.272,-1.322,3.455,-9.476,-0.126,0.084,0.025,80.06,2537.24,21.7,33,1,1
17:18:40.787,CRASH,1,179.24,-6.71,0.272,-1.669,3.924,-9.926,-0.062,0.07,0.025,80.06,2632.4,21.7,33,1,1
17:18:41.287,CRASH,1,178.99,-6.03,0.247,-0.934,3.376,-9.91,-0.149,0.099,-0.007,80.06,2623.65,21.6,33,1,1
17:18:41.787,CRASH,1,178.23,-7.17,0.203,-0.711,3.567,-9.584,-0.112,0.061,-0.018,80.06,2495.11,21.6,33,1,1
17:18:42.287,CRASH,1,177.49,-5.97,0.267,-0.551,3.335,-9.191,-0.204,0.201,-0.071,80.06,2582.4,21.6,33,1,1
17:18:42.787,CRASH,1,178.49,-8.47,0.261,0.141,2.825,-9.297,-0.266,0.119,-0.053,80.06,2658.03,21.6,33,1,1
17:18:43.287,CRASH,1,179.1,-7.68,0.26,-0.548,2.531,-10.032,-0.029,-0.002,-0.007,80.06,2622.91,21.6,33,1,1
17:18:43.787,CRASH,1,177.75,-16.0,0.245,-0.287,3.1,-9.412,-0.229,0.122,-0.059,80.06,2625.55,21.6,33,1,1
17:18:44.288,CRASH,1,178.18,-16.6,0.27,-0.898,2.828,-10.393,-0.059,-0.029,-0.004,80.06,2660.48,21.6,33,1,1
17:18:44.788,CRASH,1,179.41,-1.5,0.303,-0.814,2.945,-8.717,-0.051,0.039,0.011,80.06,2683.25,21.6,33,1,1
17:18:45.288,CRASH,1,178.11,-9.16,0.184,-0.718,2.251,-9.055,-0.334,0.099,-0.074,80.06,2703.85,21.6,33,1,1
17:18:45.788,CRASH,1,176.64,0.23,0.273,-1.362,2.648,-10.123,0.124,-0.066,0.046,80.06,2693.56,21.6,33,1,1
17:18:46.288,CRASH,1,174.9,-3.33,0.283,-0.445,3.242,-9.711,-0.183,0.073,-0.05,80.06,2624.55,21.6,33,1,1
17:18:46.788,CRASH,1,178.61,-8.36,0.268,-1.039,3.539,-8.839,-0.089,0.078,-0.039,80.06,2333.77,21.6,33,1,1
17:18:47.288,CRASH,1,177.98,-8.49,0.269,-0.663,2.966,-8.574,-0.237,0.127,-0.077,80.06,450.28,21.6,33,1,1
17:18:47.788,CRASH,1,177.41,-10.92,0.27,-1.791,3.713,-8.222,-0.213,0.117,-0.063,80.06,2602.52,21.6,33,1,1
17:18:48.288,CRASH,1,176.56,-6.7,0.258,-0.476,2.67,-10.769,-0.196,0.134,-0.062,80.06,2708.59,21.6,33,1,1
17:18:48.788,CRASH,1,176.4,-2.48,0.269,0.251,3.146,-9.464,-0.132,0.136,-0.087,80.06,2719.32,21.6,33,1,1
17:18:49.288,CRASH,1,175.44,-4.91,0.28,-1.834,3.824,-8.978,-0.059,0.077,-0.012,80.06,2723.93,21.6,33,1,1
17:18:49.788,CRASH,1,177.12,-8.54,0.226,-1.027,2.883,-9.153,-0.213,0.122,-0.079,80.06,2716.22,21.6,33,1,1
17:18:50.288,CRASH,1,175.62,-6.64,0.241,-1.475,3.792,-8.768,-0.028,0.046,-0.01,80.06,2723.39,21.6,33,1,1
17:18:50.788,CRASH,1,173.06,-6.39,0.134,-0.357,3.615,-9.146,-0.155,0.057,-0.05,80.06,2719.75,21.6,33,1,1
17:18:51.288,CRASH,1,177.92,-9.97,0.282,-0.292,2.667,-9.364,-0.341,0.198,-0.116,80.06,2705.66,21.6,33,1,1
17:18:51.788,CRASH,1,178.27,-8.81,0.281,-0.778,2.919,-8.909,-0.09,0.006,-0.037,80.06,2702.29,21.6,33,1,1
17:18:52.289,CRASH,1,177.66,-8.13,0.266,-1.614,3.244,-9.397,-0.095,0.035,0.01,80.06,2697.3,21.6,33,1,1
17:18:52.789,CRASH,1,177.73,-8.46,0.297,-1.025,2.401,-8.95,-0.15,0.074,-0.031,80.06,2697.15,21.6,33,1,1
17:18:53.289,CRASH,1,179.75,-8.45,0.282,-1.29,3.302,-9.081,-0.068,0.038,-0.019,80.06,2667.08,21.6,33,1,1
17:18:53.789,CRASH,1,177.6,-7.76,0.3,-0.235,3.189,-9.048,-0.32,0.147,-0.092,80.06,2517.43,21.6,33,1,1
17:18:54.289,CRASH,1,178.62,-7.83,0.326,-1.178,4.719,-9.682,-0.125,0.039,0.035,80.06,1888.5,21.6,33,1,1
17:18:54.789,CRASH,1,177.06,-5.81,0.295,-2.48,3.486,-9.048,0.02,0.005,0.037,80.06,276.62,21.6,33,1,1
17:18:55.289,CRASH,1,177.85,-6.03,0.282,-1.286,3.469,-8.399,-0.088,0.02,-0.031,80.06,168.59,21.6,33,1,1
17:18:55.789,CRASH,1,176.74,-8.15,0.167,-1.219,3.132,-8.48,-0.183,0.079,-0.038,80.06,1810.3,21.6,33,1,1
17:18:56.289,DISTRAZIONE,1,176.81,-7.6,0.169,-1.441,3.97,-8.535,-0.171,0.156,-0.036,80.06,2486.57,21.6,33,1,1
17:18:56.789,DISTRAZIONE,1,179.95,4.36,0.262,-1.417,3.979,-9.038,-0.192,0.108,-0.019,80.06,2450.83,21.6,33,1,1
17:18:57.289,DISTRAZIONE,0,0.0,0.0,0.0,-1.832,4.812,-9.23,-0.084,0.001,0.008,80.06,2113.07,21.6,33,1,1
17:18:57.789,DISTRAZIONE,1,178.92,73.42,0.624,-1.197,2.588,-8.799,-0.241,0.132,-0.08,80.06,2630.21,21.6,33,1,1
17:18:58.289,DISTRAZIONE,1,-178.24,38.06,0.247,-0.883,3.316,-9.369,-0.016,0.026,-0.035,80.06,2689.34,21.6,33,1,1
17:18:58.789,DISTRAZIONE,0,0.0,0.0,0.0,-0.417,3.965,-9.225,-0.153,0.136,-0.027,80.06,2692.53,21.6,33,1,1
17:18:59.289,DISTRAZIONE,1,-174.0,32.79,0.299,-0.958,3.936,-8.691,-0.222,0.111,-0.038,80.06,2677.17,21.6,33,1,1
17:18:59.789,DISTRAZIONE,1,179.81,65.02,0.508,-1.283,3.184,-9.843,-0.192,0.111,-0.055,80.06,2612.81,21.6,33,1,1
17:19:00.289,DISTRAZIONE,1,172.64,71.76,0.702,-1.494,3.002,-8.042,-0.062,0.097,-0.003,80.06,2592.25,21.6,33,1,1
17:19:00.790,DISTRAZIONE,1,-178.7,43.05,0.422,-2.002,3.194,-9.582,-0.155,0.079,-0.014,80.06,2664.23,21.6,33,1,1
17:19:01.290,DISTRAZIONE,1,-173.93,68.61,0.529,-0.622,3.302,-8.77,-0.228,0.038,-0.01,80.06,2664.85,21.6,33,1,1
17:19:01.790,DISTRAZIONE,1,-172.55,72.27,0.661,-0.163,3.546,-9.869,-0.22,0.122,-0.071,80.06,2664.66,21.6,33,1,1
17:19:02.290,DISTRAZIONE,1,-177.06,37.04,0.293,-1.147,3.072,-8.827,-0.215,0.056,-0.027,80.06,2637.87,21.6,33,1,1
17:19:02.790,DISTRAZIONE,1,-172.19,34.92,0.303,0.098,2.303,-8.193,-0.286,0.098,-0.085,80.06,2595.4,21.6,33,1,1
17:19:03.290,DISTRAZIONE,0,0.0,0.0,0.0,-1.362,3.177,-7.705,-0.077,-0.05,-0.021,80.06,2629.67,21.6,33,1,1
17:19:03.790,DISTRAZIONE,1,-172.14,36.23,0.348,-0.699,2.947,-8.119,-0.194,0.049,-0.036,80.06,2614.46,21.6,33,1,1
17:19:04.290,DISTRAZIONE,1,-175.39,60.76,0.43,-1.341,3.555,-8.712,-0.154,0.072,-0.05,80.06,2552.39,21.6,33,1,1
17:19:04.790,DISTRAZIONE,1,-174.59,29.96,0.312,-1.829,3.311,-9.196,-0.067,0.062,0.012,80.06,2595.4,21.6,33,1,1
17:19:05.290,DISTRAZIONE,1,-172.19,27.43,0.183,-0.845,3.017,-9.615,-0.245,0.075,-0.055,80.06,2539.55,21.6,33,1,1
17:19:05.790,DISTRAZIONE,1,-159.63,18.36,0.108,-2.385,4.357,-8.887,0.025,0.116,-0.009,80.06,2563.02,21.6,33,1,1
17:19:06.291,VIGILE,1,-174.92,8.84,0.235,-0.194,2.708,-9.019,-0.342,0.147,-0.062,80.06,2639.8,21.6,33,1,1
17:19:06.791,VIGILE,1,-171.01,12.61,0.222,-0.977,2.957,-8.389,-0.076,0.039,-0.013,80.06,2575.24,21.6,33,1,1
17:19:07.291,VIGILE,1,175.88,8.05,0.226,0.007,3.395,-8.155,-0.188,0.075,-0.041,80.06,2591.47,21.6,33,1,1
17:19:07.791,VIGILE,1,178.94,4.65,0.154,0.16,3.496,-9.227,-0.302,0.141,-0.01,80.06,2611.02,21.6,33,1,1
17:19:08.291,VIGILE,1,-179.79,-6.22,0.278,-0.089,3.57,-8.909,-0.267,0.029,-0.116,80.06,2559.91,21.6,33,1,1
17:19:08.791,VIGILE,1,171.9,-2.79,0.279,-1.056,3.998,-9.222,-0.057,0.062,-0.006,80.06,2156.6,21.6,33,1,1
17:19:09.291,VIGILE,1,175.82,-7.84,0.274,-1.192,3.105,-9.414,-0.004,-0.034,0.018,80.06,2672.65,21.6,33,1,1
17:19:09.791,VIGILE,1,176.45,-19.91,0.27,-1.032,3.045,-9.45,-0.198,0.083,-0.045,80.06,2675.07,21.6,33,1,1
17:19:10.291,VIGILE,1,178.67,-2.86,0.268,-0.783,2.844,-9.112,-0.231,0.049,-0.024,80.06,2682.13,21.6,33,1,1
17:19:10.791,VIGILE,1,176.0,-3.73,0.256,-1.003,2.253,-9.431,-0.321,0.056,-0.039,80.06,2685.15,21.6,33,1,1
17:19:11.291,VIGILE,1,176.08,2.39,0.273,-0.05,3.711,-9.917,-0.308,0.123,-0.052,80.06,2683.75,21.6,33,1,1
17:19:11.791,VIGILE,1,175.13,-1.79,0.283,-0.529,2.251,-8.363,-0.332,0.178,-0.075,80.06,2686.81,21.6,33,1,1
17:19:12.291,VIGILE,1,175.0,-3.61,0.278,-0.967,2.243,-8.126,-0.057,0.011,0.007,80.06,2685.31,21.6,33,1,1
17:19:12.791,VIGILE,1,178.3,-8.13,0.275,-1.863,3.378,-8.217,-0.041,0.0,-0.034,80.06,2688.43,21.6,33,1,1
17:19:13.291,VIGILE,1,178.26,13.74,0.27,-1.69,3.144,-8.023,-0.074,0.014,-0.026,80.06,2660.04,21.6,33,1,1
17:19:13.791,VIGILE,1,175.52,-6.13,0.134,-1.391,4.767,-10.659,-0.317,0.198,-0.078,80.06,2611.59,21.5,33,1,1
17:19:14.291,VIGILE,1,176.37,-9.52,0.288,-1.439,3.874,-9.682,0.203,-0.021,0.013,80.06,2540.96,21.5,33,1,1
17:19:14.792,VIGILE,1,171.22,-4.36,0.3,0.378,4.87,-9.706,-0.232,0.145,-0.063,80.06,2621.93,21.5,33,1,1
17:19:15.292,VIGILE,1,173.82,-5.12,0.273,-0.862,3.177,-9.213,-0.141,0.105,-0.039,80.06,2638.74,21.5,33,1,1
17:19:15.792,VIGILE,1,173.41,-2.18,0.265,-0.69,3.12,-9.155,-0.187,0.068,-0.059,80.06,2590.64,21.5,33,1,1
17:19:16.292,VIGILE,1,172.26,-3.29,0.284,-0.51,2.588,-9.737,-0.331,0.176,-0.081,80.06,2561.58,21.5,33,1,1
17:19:16.792,VIGILE,1,175.71,-24.71,0.269,-0.4,2.428,-8.959,-0.107,0.022,0.019,80.06,2550.97,21.5,33,1,1
17:19:17.292,VIGILE,1,177.33,-9.42,0.285,-0.314,2.746,-8.193,-0.188,-0.018,-0.035,80.06,2616.62,21.5,33,1,1
17:19:17.792,VIGILE,1,176.76,-23.71,0.263,-0.273,3.134,-10.625,-0.193,0.142,-0.088,80.06,2517.47,21.5,33,1,1
17:19:18.292,VIGILE,1,179.22,-0.86,0.284,-0.704,3.275,-10.388,-0.001,0.064,-0.0,80.06,2473.67,21.5,33,1,1
17:19:18.792,VIGILE,1,177.97,0.48,0.292,-1.688,2.981,-10.039,0.007,-0.003,0.002,80.06,2561.67,21.5,33,1,1
17:19:19.292,VIGILE,1,176.79,-4.36,0.293,-1.173,2.533,-9.881,-0.145,0.051,-0.031,80.06,2636.18,21.5,33,1,1
17:19:19.792,VIGILE,1,176.26,2.03,0.293,-0.876,2.567,-9.747,-0.211,0.095,-0.029,80.06,2615.04,21.5,33,1,1
17:19:20.292,VIGILE,1,175.93,1.2,0.285,-1.492,4.003,-9.34,-0.065,0.127,-0.008,80.06,2548.43,21.5,33,1,1
17:19:20.792,VIGILE,1,176.26,0.13,0.223,0.007,2.911,-9.316,-0.306,0.146,-0.038,80.06,2563.72,21.5,33,1,1
17:19:21.292,VIGILE,1,177.64,3.02,0.295,-0.417,3.555,-10.573,-0.219,0.166,0.0,80.06,2630.24,21.5,33,1,1
17:19:21.792,VIGILE,1,175.76,-1.47,0.291,-0.579,3.263,-10.209,-0.162,0.118,-0.031,80.06,2648.02,21.5,33,1,1
17:19:22.292,VIGILE,1,176.33,-0.32,0.288,-0.838,3.268,-9.443,-0.169,0.055,-0.019,80.06,2656.84,21.5,33,1,1
17:19:22.793,VIGILE,1,-179.67,-9.25,0.287,-0.079,3.474,-9.804,-0.25,0.14,-0.067,80.06,2654.34,21.5,33,1,1
17:19:23.293,VIGILE,1,177.8,-2.4,0.29,-2.148,1.566,-11.123,-0.123,0.017,0.019,80.06,2632.29,21.5,33,1,1
17:19:23.793,VIGILE,1,178.83,-4.85,0.284,0.816,4.01,-9.407,-0.362,0.115,-0.067,80.06,2639.95,21.5,33,1,1
17:19:24.293,VIGILE,1,178.75,-9.38,0.302,-1.417,3.797,-7.956,-0.137,0.163,-0.087,80.06,2635.8,21.5,33,1,1
17:19:24.793,VIGILE,1,176.57,-4.6,0.277,-0.716,1.741,-10.554,-0.125,0.045,0.022,80.06,2639.97,21.5,33,1,1
17:19:25.293,VIGILE,1,178.01,-3.48,0.27,-0.946,2.48,-9.012,-0.069,0.005,0.014,80.06,2650.8,21.5,33,1,1
17:19:25.793,VIGILE,1,178.87,-4.68,0.273,-0.29,3.666,-8.583,-0.074,-0.022,0.006,80.06,2643.27,21.5,33,1,1
17:19:26.293,VIGILE,1,-179.3,-5.52,0.284,-1.322,3.73,-9.637,-0.117,0.073,0.001,80.06,2641.42,21.5,33,1,1
17:19:26.793,VIGILE,1,177.97,-2.48,0.283,0.283,3.402,-9.754,-0.422,0.221,-0.106,80.06,2654.87,21.5,33,1,1
17:19:27.293,VIGILE,1,176.58,-2.33,0.272,-0.373,3.1,-8.926,-0.223,0.107,-0.048,80.06,2652.51,21.5,33,1,1
17:19:27.793,VIGILE,1,175.08,-6.53,0.221,-0.702,3.213,-9.682,-0.078,0.073,-0.023,80.06,2632.62,21.5,33,1,1
17:19:28.293,VIGILE,1,176.06,-7.4,0.28,-1.676,3.917,-8.94,-0.039,0.121,0.0,80.06,2578.1,21.5,33,1,1
17:19:28.793,VIGILE,1,176.84,-6.48,0.169,-1.046,2.454,-8.712,0.026,-0.048,0.021,80.06,2636.78,21.5,33,1,1
17:19:29.293,VIGILE,1,179.97,-8.85,0.287,-1.065,3.84,-9.799,-0.049,0.051,-0.012,80.06,2651.21,21.5,33,1,1
17:19:29.794,VIGILE,1,176.94,-2.33,0.278,-1.152,2.361,-8.329,-0.012,0.033,0.01,80.06,2649.26,21.5,33,1,1
17:19:30.294,VIGILE,1,176.7,-3.55,0.29,-1.039,3.412,-10.144,-0.175,0.124,-0.018,80.06,2653.08,21.5,33,1,1
17:19:30.794,VIGILE,1,-179.32,0.66,0.316,-1.578,3.273,-7.341,0.486,0.044,0.052,80.06,2648.83,21.5,33,1,1
17:19:31.294,VIGILE,1,174.82,-1.65,0.285,-1.092,4.005,-9.723,0.052,0.029,0.04,80.06,2633.21,21.5,33,1,1
17:19:31.794,VIGILE,1,176.64,-3.69,0.283,-0.84,3.761,-8.574,-0.169,0.081,-0.007,80.06,2646.54,21.5,33,1,1
17:19:32.294,VIGILE,1,177.98,-5.33,0.267,-1.425,3.515,-9.816,-0.132,0.07,0.002,80.06,2645.35,21.5,33,1,1
17:19:32.794,VIGILE,1,177.02,-7.85,0.284,-0.455,3.907,-9.689,-0.174,0.044,-0.019,80.06,2647.93,21.5,33,1,1
17:19:33.294,VIGILE,1,179.37,0.6,0.266,-1.065,3.196,-8.878,-0.148,0.057,-0.044,80.06,2651.78,21.5,33,1,1
17:19:33.794,VIGILE,1,178.47,2.98,0.289,-0.338,3.943,-9.017,-0.151,0.021,-0.002,80.06,2650.94,21.5,33,1,1
17:19:34.294,VIGILE,1,178.37,45.39,0.381,-1.216,4.413,-9.167,0.032,0.001,0.016,80.06,2652.33,21.5,33,1,1
17:19:34.794,VIGILE,1,-179.89,-5.97,0.286,-1.025,1.46,-9.05,-0.027,0.024,-0.026,80.06,2651.19,21.5,33,1,1
17:19:35.294,VIGILE,1,177.73,-8.65,0.275,-1.999,3.632,-9.364,-0.048,0.09,-0.003,80.06,2652.8,21.5,33,1,1
17:19:35.794,VIGILE,1,176.04,-8.21,0.205,-0.773,3.601,-9.665,-0.075,-0.002,0.015,80.06,2631.82,21.5,33,1,1
17:19:36.294,VIGILE,1,177.64,-5.81,0.261,-1.12,3.122,-10.886,-0.337,0.069,-0.052,80.06,2652.75,21.5,33,1,1
17:19:36.794,VIGILE,1,178.43,6.92,0.28,-1.662,3.658,-9.783,0.167,-0.015,0.012,80.06,2654.12,21.5,33,1,1
17:19:37.294,VIGILE,1,-179.76,-2.48,0.285,-1.537,3.572,-8.399,-0.148,0.09,-0.019,80.06,2643.76,21.5,33,1,1
17:19:37.794,VIGILE,1,176.53,2.17,0.208,-1.76,2.732,-9.656,0.007,0.017,0.009,80.06,2619.88,21.5,33,1,1
17:19:38.295,VIGILE,1,179.94,-4.39,0.272,-1.891,3.572,-9.225,-0.099,0.088,-0.036,80.06,2625.57,21.5,33,1,1
17:19:38.795,VIGILE,1,-178.56,1.3,0.285,-1.678,2.866,-9.208,-0.179,0.099,-0.068,80.06,2608.21,21.5,33,1,1
17:19:39.295,VIGILE,1,179.0,1.94,0.083,-1.568,2.184,-8.375,-0.086,0.009,-0.05,80.06,2628.32,21.5,33,1,1
17:19:39.795,DISTRAZIONE,1,-173.8,22.46,0.302,-1.638,3.448,-9.105,-0.223,0.107,-0.052,80.06,2648.91,21.5,33,1,1
17:19:40.295,DISTRAZIONE,1,-151.06,22.03,0.133,0.936,3.625,-10.288,0.112,0.173,0.058,80.06,2611.78,21.5,33,1,1
17:19:40.795,DISTRAZIONE,1,-166.69,28.73,0.14,-3.62,3.033,-10.001,0.324,0.025,0.182,80.06,2618.57,21.5,33,1,1
17:19:41.295,DISTRAZIONE,1,-166.46,23.66,0.351,-0.474,3.723,-7.846,-0.596,0.163,-0.092,80.06,2639.84,21.5,33,1,1
17:19:41.795,DISTRAZIONE,1,-164.73,25.64,0.102,0.038,3.333,-10.242,-0.161,0.186,-0.005,80.06,2640.86,21.5,33,1,1
17:19:42.295,DISTRAZIONE,1,-163.27,23.45,0.095,-0.745,1.415,-11.578,0.924,-0.46,0.005,80.06,2654.76,21.5,33,1,1
17:19:42.795,DISTRAZIONE,1,-162.19,21.82,0.103,-0.821,2.799,-8.389,-0.16,0.05,-0.049,80.06,2653.23,21.5,33,1,1
17:19:43.295,DISTRAZIONE,1,-162.72,25.55,0.149,-1.329,2.514,-9.38,0.143,0.047,-0.011,80.06,2652.16,21.5,33,1,1
17:19:43.795,DISTRAZIONE,1,-165.63,35.39,0.285,-1.695,2.887,-9.632,-0.209,0.079,-0.054,80.06,2650.77,21.5,33,1,1
17:19:44.295,DISTRAZIONE,1,-156.52,17.29,0.134,-1.381,3.316,-9.481,-0.072,0.017,-0.015,80.06,2652.87,21.5,33,1,1
17:19:44.796,DISTRAZIONE,1,-156.36,8.58,0.117,-0.972,3.127,-9.981,-0.126,0.131,-0.042,80.06,2650.41,21.5,33,1,1
17:19:45.296,DISTRAZIONE,1,-163.78,16.25,0.278,-1.939,3.436,-8.837,-0.01,0.054,0.001,80.06,2647.89,21.5,33,1,1
17:19:45.796,DISTRAZIONE,1,-162.27,12.62,0.351,-1.592,4.611,-9.811,-0.107,0.165,-0.042,80.06,2650.23,21.5,33,1,1
17:19:46.296,DISTRAZIONE,1,-157.5,18.37,0.122,-1.851,3.309,-9.685,0.101,0.058,0.047,80.06,2639.47,21.5,33,1,1
17:19:46.796,DISTRAZIONE,1,-162.8,15.54,0.293,-0.843,2.789,-10.106,-0.442,0.098,-0.075,80.06,2640.92,21.5,33,1,1
17:19:47.296,DISTRAZIONE,1,-164.43,23.71,0.362,-1.475,3.967,-9.546,-0.108,0.095,-0.038,80.06,2646.08,21.5,33,1,1
17:19:47.796,DISTRAZIONE,0,0.0,0.0,0.0,-1.24,3.302,-9.553,-0.13,0.072,0.004,80.06,2643.74,21.5,33,1,1
17:19:48.296,DISTRAZIONE,1,-166.52,27.84,0.324,-0.745,2.931,-9.05,-0.214,0.074,-0.053,80.06,2644.55,21.5,33,1,1
17:19:48.796,DISTRAZIONE,1,-160.49,54.05,0.421,-0.575,3.014,-8.315,-0.112,0.064,-0.001,80.06,2643.13,21.5,33,1,1
17:19:49.296,DISTRAZIONE,1,-160.5,64.68,0.379,-0.632,4.48,-9.005,-0.106,0.089,-0.037,80.06,2640.01,21.5,33,1,1
17:19:49.796,DISTRAZIONE,1,-158.63,47.33,0.207,-0.304,3.031,-9.263,-0.075,-0.018,0.002,80.06,2593.86,21.5,33,1,1
17:19:50.296,DISTRAZIONE,1,-168.01,21.59,0.357,-0.146,3.967,-9.969,-0.111,0.057,-0.03,80.06,2625.01,21.5,33,1,1
17:19:50.796,DISTRAZIONE,1,-148.31,10.94,0.153,-0.941,3.132,-9.783,0.013,0.038,0.021,80.06,2635.48,21.5,33,1,1
17:19:51.296,DISTRAZIONE,1,-149.01,5.62,0.125,-0.393,3.129,-9.215,-0.158,0.042,-0.012,80.06,2628.39,21.5,33,1,1
17:19:51.796,DISTRAZIONE,1,-170.67,15.21,0.192,-0.673,2.562,-8.471,-0.197,0.017,-0.035,80.06,2623.59,21.5,33,1,1
17:19:52.296,VIGILE,1,179.67,-5.9,0.245,0.098,3.132,-9.354,-0.283,0.084,-0.059,80.06,2624.35,21.5,33,1,1
17:19:52.796,VIGILE,1,-179.77,-13.65,0.32,0.215,3.625,-10.479,-0.275,0.161,-0.064,80.06,2592.97,21.5,33,1,1
17:19:53.296,VIGILE,1,177.8,-6.3,0.262,-0.34,3.304,-9.184,-0.378,0.194,-0.078,80.06,2610.62,21.5,33,1,1
17:19:53.797,VIGILE,1,174.77,-5.01,0.293,-0.484,3.268,-8.662,-0.144,0.15,-0.052,80.06,2606.57,21.5,33,1,1
17:19:54.297,VIGILE,1,175.31,-7.63,0.197,0.675,2.205,-9.369,-0.22,0.059,-0.058,80.06,2608.49,21.5,33,1,1
17:19:54.797,VIGILE,1,174.82,-3.32,0.28,-1.475,2.945,-8.282,-0.056,0.046,0.005,80.06,2609.67,21.5,33,1,1
17:19:55.297,VIGILE,1,175.88,-3.27,0.258,-0.503,2.662,-7.585,-0.148,0.065,-0.032,80.06,2607.92,21.5,33,1,1
17:19:55.797,VIGILE,1,174.68,-0.65,0.264,-1.472,2.861,-9.505,-0.118,0.076,-0.013,80.06,2613.65,21.5,33,1,1
17:19:56.297,VIGILE,1,177.57,-5.96,0.293,-0.821,2.617,-9.012,-0.21,0.036,-0.029,80.06,2606.96,21.5,33,1,1
17:19:56.797,VIGILE,1,176.18,-4.8,0.282,-0.306,2.354,-8.282,-0.252,0.097,-0.062,80.06,2593.05,21.5,33,1,1
17:19:57.297,VIGILE,1,176.96,-3.71,0.268,-0.692,2.801,-8.768,-0.228,0.124,-0.034,80.06,2494.62,21.5,33,1,1
17:19:57.797,VIGILE,1,177.86,-0.92,0.311,-0.591,3.989,-8.401,-0.333,0.102,-0.027,80.06,2225.56,21.5,33,1,1
17:19:58.297,VIGILE,1,178.18,-3.84,0.14,-2.466,3.577,-8.99,-0.074,-0.013,0.066,80.06,2289.9,21.5,33,1,1
17:19:58.797,VIGILE,1,179.58,-3.32,0.288,-1.674,3.524,-9.316,-0.107,0.113,-0.004,80.06,2244.91,21.4,33,1,1
17:19:59.297,VIGILE,1,176.04,-5.14,0.289,-1.441,2.981,-9.943,-0.115,0.059,-0.006,80.06,2286.95,21.4,33,1,1
17:19:59.797,VIGILE,1,179.7,-6.73,0.298,-1.872,3.187,-9.244,-0.061,0.041,0.01,80.06,2608.23,21.4,33,1,1
17:20:00.297,VIGILE,1,177.16,-3.21,0.298,-3.242,-0.151,-10.755,0.39,-0.071,0.079,80.06,2610.89,21.4,33,1,1
17:20:00.797,VIGILE,1,176.99,-5.86,0.273,-1.12,3.369,-8.241,-0.127,0.102,-0.015,80.06,2608.62,21.4,33,1,1
17:20:01.298,VIGILE,1,176.03,1.33,0.291,-1.073,3.323,-9.421,-0.05,-0.037,0.024,80.06,2604.98,21.4,33,1,1
17:20:01.798,VIGILE,1,175.85,-1.15,0.272,-4.101,4.657,-13.592,0.098,0.248,-0.018,80.06,2604.69,21.4,33,1,1
17:20:02.298,VIGILE,1,179.38,-7.71,0.285,-1.07,2.423,-8.693,-0.102,0.088,-0.013,80.06,2599.14,21.4,33,1,1
17:20:02.798,VIGILE,1,178.64,-5.51,0.323,-0.467,3.187,-10.077,-0.063,-0.022,-0.145,80.06,2595.15,21.4,33,1,1
17:20:03.298,VIGILE,1,177.24,-1.1,0.272,-0.498,2.626,-9.177,-0.164,0.019,-0.029,80.06,2602.58,21.4,33,1,1
17:20:03.798,VIGILE,1,176.89,-0.78,0.279,-1.015,3.608,-9.962,-0.179,0.054,-0.026,80.06,2603.97,21.4,33,1,1
17:20:04.298,VIGILE,1,179.38,-4.0,0.276,-0.723,3.361,-7.015,0.234,-0.127,-0.058,80.06,2612.79,21.4,33,1,1
17:20:04.798,VIGILE,1,175.85,-1.88,0.244,-2.586,3.235,-9.21,-0.067,0.09,0.006,80.06,2645.26,21.4,33,1,1
17:20:05.298,VIGILE,1,178.21,-8.95,0.312,-3.361,3.962,-9.998,-0.04,0.088,-0.007,80.06,2648.19,21.4,33,1,1
17:20:05.798,VIGILE,1,179.07,-8.85,0.293,-0.292,2.837,-8.291,-0.181,-0.018,0.02,80.06,2627.81,21.4,33,1,1
17:20:06.298,VIGILE,1,-178.69,-10.63,0.284,-1.391,2.856,-9.333,-0.08,0.038,-0.014,80.06,2648.38,21.4,33,1,1
17:20:06.798,VIGILE,1,175.39,-7.53,0.277,-1.192,2.82,-8.837,-0.15,0.04,-0.06,80.06,2642.64,21.4,33,1,1
17:20:07.298,VIGILE,1,176.07,-3.57,0.277,-0.275,3.498,-8.598,-0.268,0.102,-0.075,80.06,2644.0,21.4,33,1,1
17:20:07.798,VIGILE,1,178.56,-6.13,0.287,-0.132,2.334,-9.22,-0.213,0.092,-0.025,80.06,2612.46,21.4,33,1,1
17:20:08.298,VIGILE,1,178.04,-8.04,0.29,-1.013,1.683,-6.759,-0.071,-0.052,0.053,80.06,2632.62,21.4,33,1,1
17:20:08.798,VIGILE,1,178.44,19.39,0.257,-1.757,2.263,-10.676,0.052,0.054,0.042,80.06,2616.55,21.4,33,1,1
17:20:09.298,VIGILE,1,179.8,-4.07,0.294,-2.126,3.268,-9.469,0.0,0.019,0.026,80.06,2638.49,21.4,33,1,1
17:20:09.799,VIGILE,1,178.34,-10.22,0.295,-0.115,3.5,-9.017,-0.121,0.066,-0.032,80.06,2611.36,21.4,33,1,1
17:20:10.299,VIGILE,1,176.53,-6.36,0.115,-1.46,2.883,-9.637,-0.118,0.026,-0.029,80.06,2622.83,21.4,33,1,1
17:20:10.799,VIGILE,1,178.54,-6.74,0.267,-2.155,2.466,-9.357,-0.205,0.061,-0.035,80.06,2631.28,21.4,33,1,1
17:20:11.299,VIGILE,1,179.46,-0.69,0.281,-1.386,2.847,-7.475,-0.118,0.059,-0.066,80.06,2633.58,21.4,33,1,1
17:20:11.799,VIGILE,1,175.58,-4.53,0.271,-1.623,4.252,-12.242,-0.002,0.088,-0.039,80.06,2648.74,21.4,33,1,1
17:20:12.299,VIGILE,1,179.47,-11.04,0.302,-0.905,3.417,-10.915,-0.196,0.108,-0.04,80.06,2622.13,21.4,33,1,1
17:20:12.799,VIGILE,1,178.24,-10.43,0.269,-1.846,3.311,-8.231,-0.186,0.091,-0.067,80.06,2620.16,21.4,33,1,1
17:20:13.299,VIGILE,1,178.28,-11.09,0.27,-2.296,1.827,-9.328,-0.085,0.063,-0.058,80.06,2613.5,21.4,33,1,1
17:20:13.799,VIGILE,1,175.71,-9.57,0.291,-1.037,2.042,-9.443,-0.33,0.051,-0.117,80.06,2613.51,21.4,33,1,1
17:20:14.299,VIGILE,1,177.78,-6.53,0.279,-1.753,2.215,-10.245,0.019,0.037,-0.057,80.06,2581.04,21.4,33,1,1
17:20:14.799,VIGILE,1,176.97,-10.49,0.278,-0.721,3.199,-9.091,-0.15,0.125,-0.101,80.06,2576.7,21.4,33,1,1
17:20:15.299,VIGILE,1,177.72,-9.94,0.289,-1.034,1.985,-9.917,-0.253,0.125,-0.071,80.06,2549.76,21.4,33,1,1
17:20:15.799,VIGILE,1,178.95,-6.42,0.281,-0.86,-0.062,-8.384,-0.363,0.195,-0.087,80.06,2582.93,21.4,33,1,1
17:20:16.299,VIGILE,1,176.14,-5.75,0.272,-1.614,3.864,-8.301,0.058,0.06,-0.009,80.06,2584.83,21.4,33,1,1
17:20:16.799,VIGILE,1,178.69,-5.26,0.287,-2.334,1.966,-10.025,-0.032,0.116,-0.048,80.06,2549.92,21.4,33,1,1
17:20:17.299,VIGILE,1,179.41,-5.36,0.261,-1.027,2.792,-9.141,-0.378,0.186,-0.128,80.06,2575.74,21.4,33,1,1
17:20:17.799,VIGILE,1,175.93,-8.07,0.272,-1.276,2.696,-8.964,-0.122,0.043,-0.018,80.06,2559.91,21.4,33,1,1
17:20:18.300,VIGILE,1,179.05,-7.7,0.258,-1.164,3.321,-10.053,-0.117,0.028,-0.056,80.06,2513.68,21.4,33,1,1
17:20:18.800,VIGILE,1,179.47,-11.21,0.287,-2.083,3.651,-9.955,-0.049,0.057,-0.019,80.06,2478.02,21.4,33,1,1
17:20:19.300,VIGILE,1,174.55,-3.89,0.191,-1.793,4.037,-11.061,-0.005,0.014,0.025,80.06,2537.26,21.4,33,1,1
17:20:19.800,VIGILE,1,176.98,-9.25,0.276,-2.397,2.545,-9.22,-0.128,0.056,-0.056,80.06,2558.12,21.4,33,1,1
17:20:20.300,VIGILE,1,177.52,-8.72,0.286,-1.132,2.562,-9.258,-0.133,0.112,-0.069,80.06,2556.7,21.4,33,1,1
17:20:20.800,VIGILE,1,175.18,-4.43,0.267,-1.448,2.246,-10.479,-0.057,0.027,-0.038,80.06,2552.07,21.4,33,1,1
17:20:21.300,VIGILE,1,175.93,-1.62,0.275,-1.472,2.31,-10.266,-0.211,0.123,-0.056,80.06,2549.22,21.4,33,1,1
17:20:21.800,VIGILE,1,175.14,-3.91,0.293,-0.546,2.696,-9.682,-0.241,0.124,-0.097,80.06,2538.08,21.4,33,1,1
17:20:22.300,VIGILE,1,179.93,-4.56,0.271,-2.682,2.602,-9.895,-0.072,0.072,-0.03,80.06,2543.09,21.4,33,1,1
17:20:22.800,VIGILE,1,179.6,-6.56,0.282,-1.846,2.993,-9.141,-0.094,0.08,-0.056,80.06,2543.28,21.4,33,1,1
17:20:23.300,VIGILE,1,178.19,-4.83,0.256,-2.71,3.115,-10.147,0.009,0.111,-0.052,80.06,2491.27,21.4,33,1,1
17:20:23.800,VIGILE,1,175.41,-0.33,0.274,-2.047,2.516,-8.114,-0.103,0.056,-0.057,80.06,2476.81,21.4,33,1,1
17:20:24.300,VIGILE,1,176.36,-8.23,0.266,-0.8,3.716,-9.313,-0.068,0.054,0.007,80.06,2373.57,21.4,33,1,1
17:20:24.800,VIGILE,1,-179.77,-10.39,0.254,-1.812,2.26,-8.729,-0.148,0.085,-0.087,80.06,2553.01,21.4,33,1,1
17:20:25.300,VIGILE,1,-179.81,1.3,0.288,0.103,1.563,-8.784,-0.444,0.185,-0.117,80.06,2531.61,21.4,33,1,1
17:20:25.801,VIGILE,1,179.65,-7.74,0.268,-1.705,1.865,-8.643,-0.218,0.077,-0.092,80.06,2514.89,21.4,33,1,1
17:20:26.301,VIGILE,1,-179.67,-9.0,0.269,-0.723,2.77,-9.536,-0.097,0.108,-0.068,80.06,2511.67,21.3,33,1,1
17:20:26.801,VIGILE,1,178.64,-6.62,0.281,-0.184,2.543,-10.147,-0.121,0.005,-0.07,80.06,2492.96,21.3,33,1,1
17:20:27.301,VIGILE,1,179.47,-2.19,0.283,-0.716,2.203,-8.356,-0.244,0.091,-0.059,80.06,2499.04,21.3,33,1,1
17:20:27.801,VIGILE,1,177.48,-7.9,0.276,-1.659,2.495,-9.984,-0.086,0.023,-0.034,80.06,2505.09,21.3,33,1,1
17:20:28.301,VIGILE,1,177.47,-5.04,0.277,-1.063,2.866,-9.012,-0.203,0.107,-0.091,80.06,2481.89,21.3,33,1,1
17:20:28.801,VIGILE,1,176.97,29.76,0.247,-1.743,2.598,-9.692,-0.202,0.074,-0.067,80.06,2406.16,21.3,33,1,1
17:20:29.301,VIGILE,1,-179.61,-6.49,0.267,-2.847,2.691,-8.6,-0.126,0.055,-0.009,80.06,2465.25,21.3,33,1,1
17:20:29.801,VIGILE,1,177.92,-4.53,0.278,-1.02,3.864,-9.297,-0.212,0.167,-0.046,80.06,2509.82,21.3,33,1,1
17:20:30.301,VIGILE,1,177.21,-6.45,0.262,-0.51,3.986,-9.424,-0.128,0.064,-0.015,80.06,2505.02,21.3,33,1,1
17:20:30.801,VIGILE,1,176.76,-5.61,0.141,-0.472,3.352,-9.242,-0.187,0.083,-0.02,80.06,2490.52,21.3,33,1,1
17:20:31.301,VIGILE,1,177.52,-11.26,0.264,-2.301,1.973,-9.359,-0.047,0.11,-0.009,80.06,2527.13,21.3,33,1,1
17:20:31.801,VIGILE,1,177.47,-11.0,0.265,-1.513,1.894,-8.09,-0.458,0.087,-0.146,80.06,2510.76,21.3,33,1,1
17:20:32.301,VIGILE,1,178.33,-5.83,0.186,-0.51,2.6,-9.337,-0.238,0.054,-0.096,80.06,2512.76,21.3,33,1,1
17:20:32.801,VIGILE,1,174.12,-2.2,0.296,-1.077,2.962,-8.729,-0.277,0.145,-0.088,80.06,2513.49,21.3,33,1,1
17:20:33.301,VIGILE,1,176.53,-7.23,0.269,-3.541,4.47,-9.792,-0.096,0.131,-0.083,80.06,2510.58,21.3,33,1,1
17:20:33.801,VIGILE,1,175.46,-8.1,0.274,-2.945,4.439,-9.136,-0.209,0.13,-0.1,80.06,2512.44,21.3,33,1,1
17:20:34.302,VIGILE,1,172.73,-4.15,0.254,-1.726,2.351,-8.442,-0.134,0.031,-0.098,80.06,2510.43,21.3,33,1,1
17:20:34.802,VIGILE,1,174.57,-7.94,0.274,-3.124,2.677,-9.488,-0.09,0.087,-0.038,80.06,2509.75,21.3,33,1,1
17:20:35.302,VIGILE,1,176.28,0.42,0.258,-2.411,2.758,-8.89,0.023,0.036,-0.027,80.06,2525.34,21.3,33,1,1
17:20:35.802,VIGILE,1,175.43,0.29,0.244,-3.122,3.766,-9.572,0.032,0.0,0.026,80.06,2533.16,21.3,33,1,1
17:20:36.302,VIGILE,1,171.59,5.72,0.278,-2.354,4.444,-8.162,-0.175,0.066,-0.066,80.06,2526.71,21.3,33,1,1
17:20:36.802,VIGILE,1,172.97,5.77,0.278,-3.294,3.699,-9.213,-0.123,0.084,-0.034,80.06,2536.64,21.3,33,1,1
17:20:37.302,VIGILE,1,177.61,7.37,0.282,-2.782,4.736,-8.296,-0.151,0.056,-0.003,80.06,2537.46,21.3,33,1,1
17:20:37.802,VIGILE,1,177.86,2.12,0.255,-2.152,4.175,-8.449,-0.094,-0.031,0.033,80.06,2535.25,21.3,33,1,1
17:20:38.302,VIGILE,1,175.71,19.14,0.194,-1.12,4.884,-8.856,-0.033,0.059,0.077,80.06,2536.77,21.3,33,1,1
17:20:38.802,VIGILE,1,163.14,40.08,0.303,0.314,5.607,-8.085,0.029,-0.048,0.187,80.06,2532.97,21.3,33,1,1
17:20:39.302,VIGILE,1,176.57,33.48,0.316,-0.606,5.799,-7.573,-0.02,-0.098,0.218,80.06,2537.66,21.3,33,1,1
17:20:39.803,VIGILE,1,179.45,32.17,0.313,0.223,5.787,-7.657,-0.055,-0.078,0.224,80.06,2540.04,21.3,33,1,1
17:20:40.303,VIGILE,1,-179.97,29.19,0.304,-0.28,6.05,-8.631,0.01,-0.033,0.252,80.06,2565.28,21.3,33,1,1
17:20:40.803,VIGILE,1,178.14,20.53,0.295,0.572,5.473,-8.126,-0.11,-0.035,0.212,80.06,2573.24,21.3,33,1,1
17:20:41.303,VIGILE,1,178.95,4.28,0.266,-0.292,5.42,-8.535,-0.105,-0.023,0.208,80.06,2593.05,21.3,33,1,1
17:20:41.803,VIGILE,1,179.83,-1.19,0.279,-1.358,6.385,-7.451,-0.002,-0.021,0.258,80.06,2618.62,21.3,33,1,1
17:20:42.303,VIGILE,1,-178.68,-15.16,0.302,-0.069,3.618,-8.497,-0.191,0.064,0.199,80.06,2623.43,21.3,33,1,1
17:20:42.803,VIGILE,1,178.81,-19.28,0.302,0.084,4.93,-8.854,-0.128,0.01,0.184,80.06,2636.2,21.3,33,1,1
17:20:43.303,VIGILE,1,170.67,-29.12,0.301,-0.599,4.925,-8.61,-0.119,-0.016,0.137,80.06,2655.43,21.3,33,1,1
17:20:43.803,VIGILE,1,174.87,-30.35,0.31,-1.681,2.485,-9.33,-0.188,0.125,-0.069,80.06,2661.83,21.3,33,1,1
17:20:44.303,VIGILE,1,177.97,-29.24,0.319,-1.961,2.097,-9.606,-0.144,0.096,-0.176,80.06,2658.68,21.3,33,1,1
17:20:44.803,VIGILE,1,177.74,-29.8,0.303,-2.315,0.584,-9.582,-0.196,0.177,-0.286,80.06,2650.88,21.3,33,1,1
17:20:45.303,VIGILE,1,177.06,-32.16,0.318,-3.048,1.142,-9.85,-0.201,0.181,-0.291,80.06,2632.07,21.3,33,1,1
17:20:45.803,VIGILE,1,176.1,-28.95,0.289,-3.409,0.934,-10.348,-0.168,0.168,-0.288,80.06,2624.71,21.3,33,1,1
17:20:46.303,VIGILE,1,179.73,-23.22,0.276,-2.346,1.674,-9.697,-0.306,0.216,-0.284,80.06,2604.29,21.3,33,1,1
17:20:46.803,VIGILE,1,-177.55,-23.58,0.294,-2.442,0.876,-10.032,-0.209,0.156,-0.306,80.06,2591.3,21.3,33,1,1
17:20:47.303,VIGILE,1,-176.1,-16.93,0.305,-3.361,0.725,-10.637,-0.159,0.138,-0.236,80.06,2581.23,21.3,33,1,1
17:20:47.803,VIGILE,1,-179.6,-13.34,0.287,-2.002,2.425,-9.455,-0.167,0.138,-0.188,80.06,2577.05,21.3,33,1,1
17:20:48.304,VIGILE,1,-175.93,-13.47,0.291,-1.073,3.749,-9.306,-0.154,0.124,-0.057,80.06,2549.98,21.3,33,1,1
17:20:48.804,VIGILE,1,-177.93,-11.88,0.263,-1.29,4.118,-9.404,-0.13,0.08,-0.057,80.06,2503.29,21.3,33,1,1
17:20:49.306,VIGILE,1,-177.71,-16.01,0.273,-1.827,2.65,-8.466,-0.193,0.116,-0.068,80.06,2474.14,21.3,33,1,1
17:20:49.810,VIGILE,1,-179.74,-12.93,0.27,-2.251,3.874,-9.115,-0.136,0.078,-0.057,80.06,2520.54,21.3,33,1,1
17:20:50.310,VIGILE,1,-179.61,-17.3,0.29,-2.866,3.685,-7.592,-0.203,0.116,-0.115,80.06,2541.37,21.3,33,1,1
17:20:50.810,VIGILE,1,-179.65,-20.21,0.283,-4.597,4.87,-7.724,-0.141,0.087,-0.115,80.06,2534.76,21.3,33,1,1
17:20:51.310,VIGILE,1,-179.47,-19.79,0.293,-4.252,4.513,-8.052,-0.167,0.11,-0.135,80.06,2528.78,21.3,33,1,1
17:20:51.810,VIGILE,1,-178.44,-16.28,0.289,-3.577,4.815,-8.095,-0.119,0.084,-0.09,80.06,2503.77,21.3,33,1,1
17:20:52.310,VIGILE,1,-176.62,-18.15,0.304,-3.584,4.659,-8.198,-0.143,0.07,-0.048,80.06,2483.33,21.3,33,1,1
17:20:52.810,VIGILE,1,-178.32,14.41,0.285,-3.019,4.561,-8.459,-0.125,0.075,-0.021,80.06,2479.15,21.3,33,1,1
17:20:53.311,VIGILE,1,-177.14,6.35,0.291,-1.554,3.907,-8.902,-0.102,0.074,-0.016,80.06,2474.93,21.3,33,1,1
17:20:53.811,VIGILE,1,-176.44,-17.82,0.305,-1.784,4.061,-8.593,-0.133,0.068,-0.024,80.06,2473.96,21.2,33,1,1
17:20:54.311,VIGILE,1,-177.28,-46.76,0.467,-1.523,3.876,-9.067,-0.124,0.063,-0.016,80.06,2472.32,21.2,33,1,1
17:20:54.811,VIGILE,1,-178.44,-42.63,0.273,-1.092,3.618,-9.251,-0.124,0.069,-0.014,80.06,2471.86,21.2,33,1,1
17:20:55.311,VIGILE,0,0.0,0.0,0.0,-1.041,3.596,-9.033,-0.138,0.072,-0.027,80.06,2471.87,21.2,33,1,1
17:20:55.811,VIGILE,1,164.64,57.57,0.387,-1.477,3.924,-9.127,-0.127,0.069,-0.022,80.06,2472.77,21.2,33,1,1
17:20:56.311,VIGILE,0,0.0,0.0,0.0,-1.602,3.821,-8.981,-0.14,0.069,-0.023,80.06,2472.95,21.2,33,1,1
17:20:56.811,VIGILE,1,169.99,-69.51,0.466,-1.142,3.773,-8.763,-0.11,0.06,-0.009,80.06,2472.45,21.2,33,1,1
17:20:57.311,VIGILE,1,-177.98,-45.83,0.476,-1.355,3.757,-9.55,-0.101,0.04,0.002,80.06,2471.19,21.2,33,1,1
17:20:57.811,VIGILE,1,-175.76,-22.48,0.287,-0.931,3.598,-8.985,-0.128,0.065,-0.013,80.06,2471.89,21.2,33,1,1
17:20:58.311,VIGILE,1,-176.64,-21.36,0.303,-1.061,3.802,-9.081,-0.137,0.067,-0.019,80.06,2471.4,21.2,33,1,1
17:20:58.811,VIGILE,1,-178.27,-19.52,0.313,-1.647,3.936,-8.914,-0.138,0.067,-0.02,80.06,2470.27,21.2,33,1,1
17:20:59.311,VIGILE,1,-178.07,-20.31,0.318,-1.099,3.627,-8.93,-0.136,0.064,-0.02,80.06,2470.64,21.2,33,1,1
17:20:59.811,VIGILE,1,-176.77,-22.17,0.307,-0.996,3.716,-9.237,-0.14,0.07,-0.022,80.06,2470.09,21.2,33,1,1
17:21:00.311,VIGILE,1,177.67,-46.37,0.46,-1.228,3.603,-9.0,-0.141,0.072,-0.022,80.06,2468.56,21.2,33,1,1
17:21:00.811,VIGILE,1,176.26,-45.43,0.494,-0.955,3.809,-8.873,-0.132,0.062,-0.018,80.06,2467.3,21.2,33,1,1
17:21:01.311,VIGILE,1,-179.52,-36.61,0.374,-1.027,3.677,-9.249,-0.136,0.064,-0.022,80.06,2466.96,21.2,33,1,1
17:21:01.812,VIGILE,1,-177.58,-21.98,0.281,-1.104,3.575,-8.99,-0.141,0.075,-0.024,80.06,2466.15,21.2,33,1,1
17:21:02.312,VIGILE,1,-177.17,-21.64,0.294,-0.948,3.682,-9.06,-0.127,0.07,-0.019,80.06,2466.31,21.2,33,1,1
17:21:02.812,VIGILE,1,-177.15,-21.3,0.295,-1.049,3.79,-9.019,-0.138,0.066,-0.02,80.06,2465.78,21.2,33,1,1
17:21:03.312,VIGILE,1,178.28,-48.09,0.438,-1.195,3.764,-9.11,-0.14,0.071,-0.019,80.06,2466.8,21.2,33,1,1
17:21:03.812,VIGILE,1,177.91,-49.77,0.565,-0.792,3.634,-9.045,-0.138,0.071,-0.027,80.06,2466.92,21.2,33,1,1
17:21:04.312,VIGILE,1,176.78,-45.39,0.456,-1.123,3.807,-9.115,-0.147,0.071,-0.023,80.06,2465.98,21.2,33,1,1
17:21:04.812,VIGILE,1,179.04,-46.48,0.464,-1.192,3.747,-8.935,-0.138,0.066,-0.017,80.06,2465.26,21.2,33,1,1
17:21:05.312,VIGILE,1,-177.8,-21.03,0.289,-1.14,3.855,-9.175,-0.11,0.063,-0.011,80.06,2464.12,21.2,33,1,1
17:21:05.812,VIGILE,1,-178.47,-16.3,0.295,-1.343,3.778,-9.246,-0.138,0.072,-0.019,80.06,2464.12,21.2,33,1,1
17:21:06.312,VIGILE,1,178.19,38.25,0.358,-0.886,3.539,-8.933,-0.131,0.066,-0.017,80.06,2464.33,21.2,34,1,1
17:21:06.812,VIGILE,0,0.0,0.0,0.0,-0.953,3.625,-9.036,-0.142,0.074,-0.019,80.06,2463.56,21.2,34,1,1
17:21:07.312,VIGILE,1,-178.94,41.37,0.372,-0.989,3.74,-9.041,-0.135,0.071,-0.021,80.06,2463.32,21.2,34,1,1
17:21:07.812,VIGILE,0,0.0,0.0,0.0,0.014,2.952,-9.479,-0.119,0.086,-0.043,80.06,2461.44,21.2,34,1,1
17:21:08.312,VIGILE,1,156.63,72.61,0.685,-0.105,2.931,-9.821,-0.147,0.118,-0.101,80.06,2460.61,21.2,34,1,1
17:21:08.812,VIGILE,1,159.97,73.77,0.446,-0.895,3.752,-9.227,-0.156,0.123,-0.115,80.06,2461.42,21.2,34,1,1
17:21:09.313,VIGILE,1,169.54,52.07,0.717,0.225,2.124,-10.884,-0.132,0.172,-0.184,80.06,2462.81,21.2,34,1,1
17:21:09.813,VIGILE,1,177.57,29.48,0.298,-0.469,0.862,-9.862,0.043,0.216,-0.311,80.06,2472.92,21.2,34,1,1
17:21:10.313,VIGILE,0,0.0,0.0,0.0,0.395,0.055,-10.467,-0.169,0.226,-0.554,80.06,2482.84,21.2,34,1,1
17:21:10.813,VIGILE,1,-174.47,-31.99,0.361,-1.86,1.302,-9.414,-0.253,0.248,-0.561,80.06,2478.68,21.2,34,1,1
17:21:11.313,VIGILE,1,-177.42,-25.79,0.301,-2.811,2.054,-9.476,-0.129,0.204,-0.395,80.06,2458.37,21.2,34,1,1
17:21:11.813,VIGILE,1,-176.9,-24.05,0.296,-1.049,1.894,-9.543,-0.265,0.187,-0.372,80.06,2439.06,21.2,34,1,1
17:21:12.313,VIGILE,1,-175.23,32.9,0.326,0.397,2.48,-9.881,-0.074,0.139,-0.149,80.06,2427.1,21.2,34,1,1
17:21:12.813,VIGILE,1,-177.77,36.88,0.232,0.218,2.703,-10.02,-0.053,0.071,-0.019,80.06,2419.71,21.2,34,1,1
17:21:13.313,VIGILE,1,-179.43,15.01,0.294,0.148,2.583,-10.022,-0.095,0.092,-0.061,80.06,2420.99,21.2,34,1,1
17:21:13.813,VIGILE,1,-179.29,18.65,0.274,-1.413,3.634,-9.742,-0.132,0.034,-0.031,80.06,2418.12,21.2,34,1,1
17:21:14.313,VIGILE,1,179.68,27.1,0.203,-0.718,3.649,-8.734,-0.185,0.09,-0.013,80.06,2413.41,21.2,34,1,1
17:21:14.813,VIGILE,1,174.55,61.1,0.449,-0.79,3.373,-8.825,-0.091,0.058,-0.005,80.06,2416.46,21.2,34,1,1
17:21:15.313,VIGILE,1,179.35,10.41,0.282,0.505,2.473,-9.603,-0.163,0.09,-0.019,80.06,2415.44,21.2,34,1,1
17:21:15.813,VIGILE,1,177.21,-2.85,0.296,0.718,3.34,-9.263,-0.202,0.064,-0.038,80.06,2409.66,21.2,34,1,1
17:21:16.313,VIGILE,1,179.27,-5.72,0.286,1.216,2.289,-9.893,-0.272,0.097,-0.07,80.06,2394.84,21.2,34,1,1
17:21:16.814,VIGILE,1,178.9,-8.34,0.261,-0.383,1.973,-9.816,-0.103,0.081,-0.023,80.06,2391.43,21.2,34,1,1
17:21:17.314,VIGILE,1,179.13,-14.16,0.272,-1.46,3.321,-9.347,-0.129,0.047,-0.049,80.06,2381.51,21.2,34,1,1
17:21:17.814,VIGILE,1,178.8,-13.4,0.272,-1.326,3.316,-9.51,-0.153,0.081,-0.035,80.06,2337.13,21.2,34,1,1
17:21:18.314,VIGILE,1,178.7,-13.79,0.285,-1.796,3.541,-8.135,-0.133,0.112,-0.009,80.06,2102.47,21.2,34,1,1
17:21:18.814,VIGILE,1,176.4,-10.11,0.296,-1.554,3.888,-8.969,-0.158,0.044,-0.048,80.06,769.95,21.2,34,1,1
17:21:19.314,VIGILE,1,174.03,-2.58,0.282,-1.578,3.879,-9.337,-0.036,0.031,-0.013,80.06,48.88,21.2,34,1,1
17:21:19.814,VIGILE,1,176.43,-6.72,0.279,-1.417,3.357,-9.524,-0.13,0.051,-0.032,80.06,46.64,21.2,34,1,1
17:21:20.314,VIGILE,1,176.14,-3.08,0.255,-2.037,3.172,-9.462,-0.075,0.025,-0.02,80.06,329.15,21.2,34,1,1
17:21:20.814,VIGILE,1,177.53,-6.09,0.255,-1.053,3.754,-8.751,-0.183,0.103,-0.036,80.06,1773.44,21.2,34,1,1
17:21:21.314,VIGILE,1,179.35,-9.81,0.27,-1.386,3.361,-8.928,-0.075,0.085,-0.04,80.06,2286.9,21.2,34,1,1
17:21:21.814,VIGILE,1,177.23,-6.48,0.267,-1.214,3.797,-8.753,-0.141,0.059,-0.041,80.06,2313.88,21.2,34,1,1
17:21:22.314,VIGILE,1,175.06,-5.42,0.262,-0.457,3.642,-8.921,-0.191,0.075,-0.062,80.06,2309.18,21.2,34,1,1
17:21:22.814,VIGILE,1,175.24,-3.64,0.271,-2.195,4.278,-8.863,-0.074,0.048,-0.007,80.06,2300.31,21.2,34,1,1
17:21:23.314,VIGILE,1,176.86,-2.7,0.266,-2.636,4.875,-8.435,-0.038,0.026,0.002,80.06,2294.7,21.2,34,1,1
17:21:23.814,VIGILE,1,176.08,-6.82,0.27,-2.354,4.087,-8.389,-0.119,0.063,-0.027,80.06,2312.8,21.2,34,1,1
17:21:24.318,VIGILE,1,177.98,-9.24,0.273,-1.935,3.845,-8.734,-0.168,0.054,-0.044,80.06,2331.99,21.2,34,1,1
17:21:24.818,VIGILE,1,173.92,-4.36,0.287,-0.831,3.589,-8.976,-0.121,0.05,-0.011,80.06,2343.35,21.2,34,1,1
17:21:25.318,VIGILE,1,176.46,-9.06,0.267,-1.355,3.926,-9.366,-0.112,0.07,-0.037,80.06,2353.87,21.2,34,1,1
17:21:25.818,VIGILE,1,175.75,-7.41,0.276,-0.948,3.481,-9.723,-0.141,0.091,-0.038,80.06,2354.92,21.2,34,1,1
17:21:26.318,VIGILE,1,177.07,-6.48,0.267,-1.736,4.345,-8.902,-0.094,0.038,-0.009,80.06,2356.44,21.2,34,1,1
17:21:26.818,VIGILE,1,179.83,23.51,0.142,-1.647,3.852,-8.988,-0.128,0.089,-0.029,80.06,2364.74,21.2,34,1,1
17:21:27.318,VIGILE,1,177.43,-2.49,0.272,-1.48,3.527,-9.1,-0.149,0.062,-0.006,80.06,2367.89,21.2,34,1,1
17:21:27.819,VIGILE,1,176.1,-11.03,0.282,-1.228,3.184,-8.825,-0.166,0.089,-0.034,80.06,2373.72,21.2,34,1,1
17:21:28.319,VIGILE,1,176.24,-7.45,0.268,-1.697,3.905,-9.05,-0.053,0.054,-0.006,80.06,2375.22,21.2,34,1,1
17:21:28.819,VIGILE,1,176.27,-19.67,0.275,-1.422,3.579,-10.271,-0.177,0.1,-0.095,80.06,2376.73,21.2,34,1,1
17:21:29.319,VIGILE,1,176.8,-35.34,0.336,-1.958,2.334,-10.252,-0.098,0.138,-0.208,80.06,2375.83,21.2,34,1,1
17:21:29.819,VIGILE,1,178.05,-35.0,0.315,-2.279,0.977,-9.455,-0.229,0.19,-0.386,80.06,2361.92,21.2,34,1,1
17:21:30.319,VIGILE,1,-179.29,-36.1,0.313,-2.231,1.331,-10.041,-0.226,0.248,-0.435,80.06,2347.14,21.2,34,1,1
17:21:30.819,VIGILE,1,-178.29,-34.59,0.311,-1.832,0.718,-9.433,-0.146,0.195,-0.45,80.06,2359.1,21.2,34,1,1
17:21:31.319,VIGILE,1,-178.59,-32.3,0.297,-2.49,0.285,-8.969,-0.22,0.302,-0.429,80.06,2374.69,21.2,34,1,1
17:21:31.819,VIGILE,1,175.98,-27.18,0.274,-1.559,1.209,-9.651,-0.26,0.23,-0.477,80.06,2404.92,21.2,34,1,1
17:21:32.319,VIGILE,1,178.9,-23.86,0.281,-2.873,0.364,-9.706,-0.266,0.336,-0.475,80.06,2461.75,21.2,34,1,1
17:21:32.819,VIGILE,1,177.18,-17.95,0.289,-2.119,1.769,-9.787,-0.165,0.203,-0.435,80.06,2527.09,21.2,34,1,1
17:21:33.319,VIGILE,1,177.78,-16.46,0.293,-1.621,2.579,-9.469,-0.191,0.091,-0.248,80.06,2552.89,21.2,34,1,1
17:21:33.819,VIGILE,1,176.12,-6.55,0.279,-1.348,3.96,-9.991,-0.084,0.099,-0.081,80.06,2533.93,21.2,34,1,1
17:21:34.319,VIGILE,1,176.09,-4.67,0.275,-0.874,3.965,-9.268,-0.109,0.094,-0.03,80.06,2555.52,21.2,34,1,1
17:21:34.819,VIGILE,1,177.54,-7.4,0.281,-2.619,4.065,-8.892,-0.228,0.09,-0.049,80.06,2575.84,21.2,34,1,1
17:21:35.320,VIGILE,1,-179.97,-5.02,0.292,-0.632,2.337,-9.689,-0.192,0.073,-0.033,80.06,2582.97,21.2,34,1,1
17:21:35.820,VIGILE,1,-179.86,-7.48,0.288,0.436,3.287,-8.906,-0.2,0.119,-0.015,80.06,2590.23,21.2,34,1,1
17:21:36.320,VIGILE,1,-179.39,-3.58,0.273,0.23,2.995,-9.347,-0.195,0.13,-0.059,80.06,2596.45,21.2,34,1,1
17:21:36.820,VIGILE,1,-177.4,-15.78,0.294,0.486,2.598,-9.34,-0.222,0.099,-0.078,80.06,2597.94,21.2,34,1,1
17:21:37.320,VIGILE,1,-177.67,-19.2,0.283,-0.148,2.593,-9.761,-0.191,0.102,-0.083,80.06,2594.74,21.2,34,1,1
17:21:37.820,VIGILE,1,-178.61,-19.39,0.28,0.007,2.466,-9.546,-0.209,0.106,-0.135,80.06,2594.29,21.2,34,1,1
17:21:38.320,VIGILE,1,-178.65,-21.14,0.266,-0.646,1.762,-9.682,-0.109,0.099,-0.16,80.06,2597.44,21.2,34,1,1
17:21:38.820,VIGILE,1,-177.07,-21.55,0.3,-1.154,2.279,-9.378,0.058,0.059,-0.135,80.06,2593.4,21.2,34,1,1
17:21:39.320,VIGILE,1,-176.46,-20.45,0.273,-1.008,0.776,-9.529,-0.164,0.137,-0.224,80.06,2583.78,21.2,34,1,1
17:21:39.820,VIGILE,1,-177.94,-21.46,0.286,-0.898,1.64,-10.08,-0.111,0.151,-0.205,80.06,2578.57,21.2,34,1,1
17:21:40.320,VIGILE,1,-179.35,-19.63,0.268,-1.621,0.776,-10.534,-0.097,0.136,-0.206,80.06,2575.43,21.2,34,1,1
17:21:40.820,VIGILE,1,-177.3,-19.56,0.299,-0.9,2.112,-10.64,-0.151,0.174,-0.246,80.06,2569.92,21.2,34,1,1
17:21:41.320,VIGILE,1,-178.06,-13.25,0.287,-0.891,1.142,-9.704,-0.139,0.105,-0.248,80.06,2567.72,21.2,34,1,1
17:21:41.820,VIGILE,1,-178.99,-8.22,0.248,-1.535,1.817,-9.627,-0.132,0.116,-0.167,80.06,2567.8,21.2,34,1,1
17:21:42.320,VIGILE,1,179.18,10.15,0.276,-1.276,1.501,-8.052,-0.225,0.055,-0.117,80.06,2561.44,21.2,34,1,1
17:21:42.820,VIGILE,1,-176.81,19.71,0.273,-0.223,3.919,-9.948,-0.151,0.131,-0.058,80.06,2540.47,21.2,34,1,1
17:21:43.321,VIGILE,1,-179.28,18.2,0.295,-0.091,4.939,-8.231,-0.051,-0.015,0.118,80.06,2537.58,21.2,34,1,1
17:21:43.821,VIGILE,1,179.06,8.1,0.268,-0.057,4.341,-8.528,0.068,-0.094,0.106,80.06,2539.7,21.2,34,1,1
17:21:44.321,VIGILE,1,179.91,15.01,0.279,0.539,5.437,-9.081,-0.139,0.013,0.154,80.06,2553.93,21.2,34,1,1
17:21:44.821,VIGILE,1,-176.65,21.81,0.28,2.871,3.409,-11.111,-0.185,0.032,0.12,80.06,2552.66,21.2,34,1,1
17:21:45.321,VIGILE,1,-179.75,17.47,0.286,0.802,5.739,-8.887,-0.071,0.025,0.197,80.06,2546.56,21.2,34,1,1
17:21:45.821,VIGILE,1,-178.12,19.03,0.282,0.393,4.764,-8.152,-0.107,0.027,0.203,80.06,2512.08,21.2,34,1,1
17:21:46.321,VIGILE,1,179.98,14.15,0.286,-0.139,4.901,-8.169,-0.044,-0.005,0.174,80.06,2530.62,21.2,34,1,1
17:21:46.821,VIGILE,1,179.64,17.81,0.268,-0.062,4.638,-10.199,-0.323,0.072,0.114,80.06,2523.87,21.2,34,1,1
17:21:47.321,VIGILE,1,-178.44,22.63,0.277,0.998,4.781,-8.765,-0.213,0.075,0.163,80.06,2513.57,21.2,34,1,1
17:21:47.821,VIGILE,1,179.89,27.38,0.245,0.196,5.811,-8.756,-0.1,0.011,0.241,80.06,2514.79,21.2,34,1,1
17:21:48.321,VIGILE,1,-178.59,29.93,0.299,0.06,5.617,-8.241,0.002,-0.063,0.256,80.06,2502.12,21.2,34,1,1
17:21:48.821,VIGILE,0,0.0,0.0,0.0,0.11,4.142,-8.483,-0.084,-0.018,0.16,80.06,2497.1,21.2,34,1,1
17:21:49.321,VIGILE,1,-169.12,39.29,0.178,-0.991,4.791,-8.71,0.01,-0.021,0.141,80.06,2506.98,21.2,34,1,1
17:21:49.821,VIGILE,1,-179.64,16.65,0.205,-0.146,4.164,-9.179,-0.076,0.031,0.076,80.06,2486.63,21.2,34,1,1
17:21:50.322,VIGILE,1,171.28,-36.61,0.259,-0.247,3.584,-9.471,-0.121,0.041,0.046,80.06,2474.01,21.2,34,1,1
17:21:50.822,VIGILE,1,176.37,-20.44,0.28,0.943,3.254,-10.017,-0.152,0.036,0.048,80.06,2467.15,21.2,34,1,1
17:21:51.322,VIGILE,1,178.65,10.07,0.26,0.069,2.772,-8.784,-0.174,0.044,0.018,80.06,2458.37,21.2,34,1,1
17:21:51.822,VIGILE,1,179.31,4.87,0.275,-0.824,4.238,-8.921,-0.091,0.015,0.054,80.06,2404.52,21.2,34,1,1
17:21:52.322,VIGILE,1,172.43,13.43,0.291,-0.781,3.905,-8.897,-0.109,0.1,0.046,80.06,2395.2,21.2,34,1,1
17:21:52.822,VIGILE,1,-179.56,-27.93,0.26,0.268,2.983,-9.517,-0.186,0.079,-0.001,80.06,2443.93,21.2,34,1,0
17:21:53.322,VIGILE,1,-178.99,0.48,0.263,0.256,3.426,-10.015,-0.186,0.076,-0.03,80.06,2439.73,21.2,34,1,0
17:21:53.822,VIGILE,1,-178.51,-4.74,0.289,-0.345,3.443,-9.069,-0.136,0.094,-0.01,80.06,2438.36,21.2,34,0,0
17:21:54.322,VIGILE,1,-168.93,-3.48,0.103,-1.372,3.745,-9.553,-0.152,0.054,-0.004,80.06,2437.39,21.2,34,0,0
17:21:54.822,VIGILE,1,-166.76,17.68,0.096,-1.319,2.995,-9.167,-0.115,0.054,0.004,80.06,2433.34,21.2,34,0,0
17:21:55.322,EBBREZZA,1,-171.94,17.77,0.132,-0.637,2.181,-8.928,-0.135,0.065,-0.007,80.06,2434.98,21.2,34,0,0
17:21:55.822,EBBREZZA,1,-179.97,15.83,0.274,-1.01,2.492,-8.997,-0.112,0.081,-0.005,80.06,2430.41,21.2,34,0,0
17:21:56.322,EBBREZZA,1,179.91,11.4,0.28,-0.831,4.288,-9.069,-0.063,0.041,0.057,80.06,2428.66,21.2,34,0,0
17:21:56.822,EBBREZZA,1,178.7,-5.13,0.281,0.678,3.388,-9.771,-0.114,0.006,0.023,80.06,2424.15,21.2,34,0,0
17:21:57.322,EBBREZZA,1,179.78,-7.92,0.277,-0.441,3.972,-9.426,-0.233,0.055,-0.013,80.06,2415.83,21.2,34,0,0
17:21:57.823,EBBREZZA,1,178.38,-7.96,0.258,-0.491,4.094,-9.977,-0.115,0.015,0.038,80.06,2405.03,21.2,34,0,0
17:21:58.323,EBBREZZA,1,179.63,-7.61,0.278,-0.543,3.879,-9.5,-0.164,0.087,0.023,80.06,2398.94,21.2,34,0,0
17:21:58.823,EBBREZZA,1,177.52,-9.91,0.25,0.065,3.354,-9.629,-0.079,-0.003,0.017,80.06,2404.78,21.2,34,0,0
17:21:59.323,EBBREZZA,1,178.82,-9.13,0.139,0.599,3.546,-9.907,-0.2,0.087,-0.005,80.06,2399.5,21.2,34,0,0
17:21:59.823,EBBREZZA,1,179.04,-4.02,0.272,-0.515,3.405,-8.241,-0.087,0.038,0.027,80.06,2392.93,21.2,34,0,0
17:22:00.323,EBBREZZA,1,178.72,-5.45,0.273,-0.352,3.768,-9.859,-0.066,0.021,0.034,80.06,2382.17,21.2,34,0,0
17:22:00.823,EBBREZZA,1,177.95,-8.46,0.271,-0.254,2.641,-8.459,-0.166,0.072,0.002,80.06,2384.5,21.2,34,0,0
17:22:01.323,EBBREZZA,1,178.46,-8.95,0.268,-0.139,3.184,-9.917,-0.073,0.044,0.04,80.06,2370.51,21.2,34,0,0
17:22:01.823,EBBREZZA,1,178.34,-9.13,0.241,0.946,2.373,-9.301,-0.25,0.058,0.023,80.06,2373.12,21.2,34,0,0
17:22:02.323,EBBREZZA,1,179.23,-9.8,0.242,-0.821,3.704,-9.543,-0.033,0.005,0.055,80.06,2382.78,21.2,34,0,0
17:22:02.823,EBBREZZA,1,175.59,-3.73,0.288,-0.101,3.491,-8.413,-0.09,0.044,0.027,80.06,2367.18,21.2,34,0,0
17:22:03.323,EBBREZZA,1,176.73,-3.77,0.296,-1.427,3.522,-9.282,-0.134,0.063,0.02,80.06,2367.85,21.2,34,0,0
17:22:03.823,EBBREZZA,1,178.27,-8.34,0.282,-0.903,3.517,-9.091,-0.298,0.104,-0.033,80.06,2368.43,21.2,34,0,0
17:22:04.323,EBBREZZA,1,178.07,-10.73,0.276,-0.268,3.12,-8.598,-0.201,0.028,0.01,80.06,2367.28,21.2,34,0,0
17:22:04.823,EBBREZZA,1,179.65,-2.84,0.291,-0.615,3.852,-8.892,-0.124,0.071,0.028,80.06,2369.68,21.2,34,0,0
17:22:05.324,EBBREZZA,1,178.45,-4.56,0.274,0.326,3.745,-9.189,-0.128,-0.018,-0.015,80.06,2353.74,21.2,34,0,0
17:22:05.824,EBBREZZA,1,178.83,-0.66,0.26,-1.022,3.876,-8.811,0.183,-0.044,0.09,80.06,2347.22,21.2,34,0,0
17:22:06.324,EBBREZZA,1,177.54,-7.13,0.226,-0.941,3.941,-8.696,-0.07,0.054,0.044,80.06,2356.66,21.2,34,0,0
17:22:06.824,EBBREZZA,1,178.49,-4.8,0.279,-0.788,3.584,-9.127,-0.133,0.041,0.02,80.06,2359.08,21.2,34,0,0
17:22:07.324,EBBREZZA,1,176.69,-5.4,0.164,-0.328,3.369,-9.598,-0.075,0.064,0.02,80.06,2355.67,21.2,34,0,0
17:22:07.824,EBBREZZA,1,-179.65,-7.56,0.28,-0.972,3.912,-8.394,-0.138,0.092,0.01,80.06,2354.62,21.2,34,0,0
17:22:08.324,EBBREZZA,1,177.86,-5.85,0.254,-1.03,3.833,-8.894,-0.082,0.051,0.031,80.06,2352.25,21.2,34,0,0
17:22:08.824,EBBREZZA,1,178.94,-4.67,0.267,-0.175,1.817,-9.153,-0.264,0.079,0.004,80.06,2342.64,21.2,34,0,0
17:22:09.324,EBBREZZA,1,178.6,-7.49,0.26,-0.876,5.078,-10.235,0.051,0.035,0.044,80.06,2348.53,21.2,34,0,0
17:22:09.824,EBBREZZA,1,178.55,-4.51,0.281,-0.393,3.869,-8.894,-0.086,0.045,0.016,80.06,2347.58,21.2,34,1,0
17:22:10.324,EBBREZZA,1,178.72,-8.58,0.23,-0.781,3.807,-8.617,-0.182,0.103,0.009,80.06,2334.42,21.2,34,1,0
17:22:10.824,EBBREZZA,1,178.29,-6.8,0.27,-1.377,3.476,-7.925,-0.189,0.071,0.036,80.06,2327.53,21.2,34,1,0
17:22:11.324,EBBREZZA,1,-179.35,-11.71,0.301,-0.845,4.568,-11.176,0.149,0.018,0.042,80.06,2245.87,21.2,34,1,0
17:22:11.824,EBBREZZA,1,-178.81,-12.03,0.204,-0.915,2.531,-9.62,0.099,0.008,0.041,80.06,2213.76,21.2,34,1,0
17:22:12.324,EBBREZZA,1,-179.13,-12.0,0.232,-1.144,3.203,-9.598,-0.075,0.025,0.014,80.06,2302.54,21.2,34,1,0
17:22:12.824,EBBREZZA,1,-179.91,-11.7,0.259,-0.821,3.304,-9.215,-0.089,0.008,0.035,80.06,2320.7,21.2,34,1,0
17:22:13.324,EBBREZZA,1,-179.81,-13.16,0.155,-0.309,2.844,-9.522,-0.068,0.022,0.013,80.06,2326.5,21.2,34,1,0
17:22:13.825,EBBREZZA,1,-178.95,-12.22,0.274,0.002,3.443,-9.009,-0.263,0.148,-0.011,80.06,2329.58,21.2,34,1,0
17:22:14.325,EBBREZZA,1,-179.64,-10.83,0.264,-0.644,3.804,-9.555,-0.144,0.056,0.037,80.06,2330.74,21.2,34,1,0
17:22:14.825,EBBREZZA,1,179.93,-12.46,0.214,-1.104,3.309,-9.73,-0.115,0.038,0.042,80.06,2329.65,21.2,34,1,0
17:22:15.325,EBBREZZA,1,178.09,-13.17,0.195,-0.273,3.165,-8.813,-0.151,0.043,0.026,80.06,2329.28,21.2,34,1,0
17:22:15.825,EBBREZZA,1,179.49,-10.44,0.278,-0.721,3.96,-8.282,-0.203,0.1,0.007,80.06,2332.1,21.2,34,1,0
17:22:16.325,EBBREZZA,1,177.44,-10.71,0.235,0.038,3.182,-9.416,-0.305,0.092,-0.029,80.06,2330.07,21.2,34,1,0
17:22:16.825,EBBREZZA,1,177.78,-7.91,0.255,-0.934,3.716,-8.212,-0.126,0.059,0.046,80.06,2329.76,21.2,34,1,0
17:22:17.325,EBBREZZA,1,177.96,-5.25,0.279,0.318,3.548,-10.041,-0.139,0.037,0.027,80.06,2331.68,21.2,34,1,0
17:22:17.825,EBBREZZA,1,179.93,-8.61,0.238,-1.271,3.84,-8.289,-0.114,0.058,0.043,80.06,2331.87,21.2,34,1,0
17:22:18.325,EBBREZZA,1,-178.96,-3.43,0.279,-0.108,3.201,-8.677,-0.109,0.102,-0.008,80.06,2331.25,21.2,34,1,0
17:22:18.825,EBBREZZA,1,178.45,-9.36,0.279,-1.279,4.36,-9.802,-0.031,0.028,0.026,80.06,2324.78,21.2,34,1,0
17:22:19.325,EBBREZZA,1,179.64,-2.21,0.214,-0.342,3.433,-8.947,-0.228,0.045,-0.02,80.06,2337.1,21.2,34,1,0
17:22:19.825,EBBREZZA,1,179.6,-5.68,0.288,-1.348,3.536,-9.553,-0.077,0.069,0.037,80.06,2335.59,21.2,34,1,0
17:22:20.325,EBBREZZA,1,-178.43,-8.42,0.252,-0.874,2.818,-8.327,-0.121,0.016,-0.012,80.06,2333.85,21.2,34,1,0
17:22:20.825,EBBREZZA,1,179.27,-7.94,0.265,-0.852,3.649,-9.799,-0.074,0.058,-0.025,80.06,2332.07,21.2,34,1,0
17:22:21.325,EBBREZZA,1,178.8,-7.15,0.277,-0.857,3.024,-9.579,-0.142,0.095,-0.008,80.06,2338.41,21.2,34,1,0
17:22:21.826,EBBREZZA,1,178.1,1.62,0.269,-0.524,3.651,-9.124,-0.096,0.023,0.01,80.06,2338.24,21.2,34,1,0
17:22:22.326,EBBREZZA,1,179.29,-16.21,0.293,-0.314,2.397,-9.333,-0.191,0.094,-0.038,80.06,2339.98,21.2,34,1,0
17:22:22.826,EBBREZZA,1,-179.96,-8.37,0.294,-0.867,4.02,-9.84,-0.104,-0.003,-0.007,80.06,2332.17,21.2,34,1,0
17:22:23.326,EBBREZZA,1,-178.71,-11.58,0.282,-0.467,3.081,-8.78,-0.213,0.069,-0.038,80.06,2341.06,21.2,34,1,0
17:22:23.826,EBBREZZA,1,-179.1,-12.37,0.275,-0.737,3.5,-8.056,-0.169,0.099,-0.018,80.06,2336.08,21.2,34,1,0
17:22:24.326,EBBREZZA,1,179.02,-11.29,0.271,0.053,3.371,-10.262,0.026,-0.006,-0.055,80.06,2335.75,21.2,34,1,0
17:22:24.826,EBBREZZA,1,178.02,-12.1,0.269,0.218,2.365,-8.748,-0.29,0.11,-0.05,80.06,2330.6,21.2,34,1,0
17:22:25.326,EBBREZZA,1,-179.78,-10.13,0.277,-0.627,2.921,-9.689,-0.194,0.03,-0.029,80.06,2329.19,21.2,34,1,0
17:22:25.826,EBBREZZA,1,179.43,-9.97,0.278,-0.725,3.603,-9.618,-0.175,0.127,-0.054,80.06,2329.35,21.2,34,1,0
17:22:26.326,EBBREZZA,1,178.33,-9.97,0.273,-0.045,3.33,-8.803,-0.217,0.116,-0.034,80.06,2327.46,21.2,34,1,0
17:22:26.826,EBBREZZA,1,-179.43,-14.25,0.288,-0.656,3.704,-8.181,-0.083,0.088,-0.04,80.06,2326.38,21.2,34,1,0
17:22:27.326,EBBREZZA,1,177.35,-7.06,0.225,-2.037,3.033,-8.722,-0.258,0.075,-0.031,80.06,2321.99,21.2,34,1,0
17:22:27.826,EBBREZZA,1,178.44,-12.56,0.281,-0.443,3.263,-9.996,-0.16,0.028,-0.036,80.06,2318.73,21.2,34,1,0
17:22:28.326,EBBREZZA,1,-178.05,-12.69,0.331,-1.113,2.531,-8.475,0.044,-0.001,0.014,80.06,2324.56,21.2,34,1,0
17:22:28.826,EBBREZZA,1,172.75,-8.12,0.268,-0.007,2.899,-9.347,-0.181,0.092,-0.032,80.06,2317.09,21.2,34,1,0
17:22:29.327,EBBREZZA,1,178.62,-10.47,0.288,-2.526,4.401,-8.724,0.041,0.065,0.028,80.06,2301.94,21.2,34,1,0
17:22:29.827,EBBREZZA,1,177.5,-32.53,0.259,-1.073,3.323,-9.536,-0.208,0.103,-0.042,80.06,2296.84,21.2,34,1,0
17:22:30.327,EBBREZZA,1,-179.4,-29.4,0.347,-0.4,4.113,-10.448,-0.35,0.088,-0.058,80.06,2290.24,21.2,34,1,0
17:22:30.827,EBBREZZA,1,177.74,-7.9,0.281,-1.235,3.378,-9.543,-0.152,0.108,-0.022,80.06,2229.57,21.2,34,1,0
17:22:31.327,EBBREZZA,1,176.63,-6.31,0.249,-1.058,2.071,-8.871,-0.172,0.068,-0.037,80.06,2313.74,21.2,34,1,0
17:22:31.827,EBBREZZA,1,178.83,-7.88,0.264,-1.211,3.089,-10.048,-0.774,0.138,-0.115,80.06,2314.44,21.2,34,1,0
17:22:32.327,EBBREZZA,1,177.59,13.15,0.245,-0.97,3.12,-8.717,-0.119,0.121,-0.035,80.06,2316.28,21.2,34,1,0
17:22:32.827,EBBREZZA,1,-179.5,-5.17,0.232,-1.911,1.786,-11.818,0.066,0.057,0.009,80.06,2313.88,21.2,34,1,0
17:22:33.327,EBBREZZA,1,178.11,-6.47,0.28,-0.9,2.533,-9.914,-0.278,0.08,-0.028,80.06,2310.45,21.2,34,1,0
17:22:33.827,EBBREZZA,1,-177.01,-11.15,0.305,-0.472,2.986,-5.327,-0.224,0.184,-0.042,80.06,2296.16,21.2,34,1,0
17:22:34.327,EBBREZZA,1,177.75,0.86,0.298,-1.86,3.364,-8.95,-0.149,0.074,-0.01,80.06,2260.56,21.2,34,1,0
17:22:34.827,EBBREZZA,1,-178.21,-16.96,0.305,-3.259,4.867,-8.262,0.117,-0.015,0.076,80.06,2232.63,21.2,34,1,0
17:22:35.327,EBBREZZA,1,175.72,-7.86,0.275,-1.614,3.855,-9.182,-0.117,0.17,-0.063,80.06,2130.16,21.2,34,1,0
17:22:35.827,EBBREZZA,1,179.8,-14.72,0.293,-0.441,2.722,-10.52,-0.327,0.204,-0.081,80.06,2081.07,21.2,34,1,0
17:22:36.327,EBBREZZA,1,-179.88,-15.95,0.208,0.01,3.23,-8.607,-0.386,0.115,-0.079,80.06,2226.56,21.2,34,1,0
17:22:36.827,EBBREZZA,1,178.64,-14.44,0.262,-0.4,3.096,-9.646,-0.134,0.085,-0.016,80.06,2302.48,21.2,34,1,0
17:22:37.327,EBBREZZA,1,-179.87,-12.04,0.261,-0.587,2.847,-9.12,-0.104,0.139,-0.047,80.06,2309.36,21.2,34,1,0
17:22:37.828,EBBREZZA,1,178.99,0.89,0.13,-0.448,2.938,-8.988,-0.132,0.013,-0.023,80.06,2310.48,21.2,34,1,0
17:22:38.328,EBBREZZA,1,179.65,-6.87,0.265,-1.192,4.13,-8.684,-0.069,-0.005,0.014,80.06,2306.11,21.2,34,1,0
17:22:38.828,EBBREZZA,1,178.76,-16.3,0.284,-1.087,3.057,-8.729,-0.063,-0.052,0.009,80.06,2305.51,21.2,34,1,0
17:22:39.328,EBBREZZA,1,179.7,-14.35,0.275,-1.669,3.395,-9.371,-0.067,0.087,0.008,80.06,2303.02,21.2,34,1,0
17:22:39.828,EBBREZZA,1,179.91,-13.33,0.264,-0.876,4.032,-9.067,-0.101,0.059,-0.018,80.06,2301.32,21.2,34,1,0
17:22:40.328,EBBREZZA,1,-179.26,-16.28,0.272,-3.024,5.066,-9.143,-0.053,-0.072,0.072,80.06,2286.37,21.2,34,1,0
17:22:40.828,EBBREZZA,1,177.58,-13.16,0.273,-1.094,3.402,-9.412,-0.284,0.118,-0.034,80.06,2295.05,21.2,34,1,0
17:22:41.328,EBBREZZA,1,-177.48,-14.99,0.29,-2.128,4.034,-10.338,0.741,-0.17,0.161,80.06,2298.11,21.2,33,1,0
17:22:41.828,EBBREZZA,1,-179.39,-14.87,0.286,-1.523,3.294,-8.847,-0.084,0.029,-0.007,80.06,2297.87,21.2,33,1,0
17:22:42.328,EBBREZZA,1,-179.92,-14.31,0.266,0.651,2.957,-10.068,-0.386,0.128,-0.069,80.06,2295.04,21.2,33,1,0
17:22:42.828,EBBREZZA,1,178.32,-13.56,0.27,-1.846,3.589,-9.653,0.026,0.011,0.026,80.06,2291.8,21.2,33,1,0
17:22:43.328,EBBREZZA,1,-178.22,-15.06,0.26,-0.244,3.673,-9.108,-0.233,0.12,-0.037,80.06,2296.12,21.2,33,1,0
17:22:43.828,EBBREZZA,1,179.6,-10.99,0.257,-0.644,3.553,-9.021,-0.205,0.054,0.003,80.06,2297.64,21.2,33,1,0
17:22:44.328,EBBREZZA,1,179.07,-9.37,0.242,-3.318,3.771,-9.048,0.367,-0.128,0.132,80.06,2303.67,21.2,33,1,0
17:22:44.829,EBBREZZA,1,-179.87,-7.5,0.273,-2.909,3.637,-11.483,-0.002,-0.023,0.034,80.06,2299.7,21.2,33,1,0
17:22:45.329,EBBREZZA,1,-177.78,-6.67,0.273,-2.547,3.706,-9.263,0.365,-0.185,0.031,80.06,2302.35,21.2,33,1,0
17:22:45.829,EBBREZZA,1,178.71,-8.82,0.274,-1.329,2.373,-9.222,-0.122,0.039,-0.004,80.06,2304.07,21.2,33,1,0
17:22:46.329,EBBREZZA,1,179.25,-11.9,0.3,-1.867,2.753,-8.454,-0.146,0.067,-0.021,80.06,2302.31,21.2,33,1,0
17:22:46.830,EBBREZZA,1,179.82,-13.45,0.186,-0.527,3.879,-9.742,-0.385,0.156,-0.052,80.06,2300.41,21.2,33,1,0
17:22:47.330,EBBREZZA,1,-179.42,-8.87,0.305,-1.468,3.546,-9.531,-0.254,0.196,-0.061,80.06,2302.09,21.2,33,1,0
17:22:47.830,EBBREZZA,1,179.96,-9.61,0.278,-1.587,3.376,-8.356,-0.323,0.107,-0.038,80.06,2302.78,21.2,33,1,0
17:22:48.330,EBBREZZA,1,178.52,-10.09,0.28,-2.306,3.673,-8.763,0.081,0.058,0.006,80.06,2303.2,21.2,33,1,0
17:22:48.830,EBBREZZA,1,179.61,-12.16,0.288,-1.441,3.551,-9.73,-0.072,0.03,0.006,80.06,2298.31,21.2,33,1,0
17:22:49.330,EBBREZZA,1,-177.37,-14.41,0.295,-0.634,3.589,-9.395,0.096,0.01,0.011,80.06,2300.47,21.2,33,1,0
17:22:49.831,EBBREZZA,1,178.53,-13.96,0.282,-0.737,2.744,-7.657,-0.129,-0.021,-0.089,80.06,2298.63,21.2,33,1,0
17:22:50.331,EBBREZZA,1,178.55,-9.74,0.277,-0.014,2.974,-8.729,0.015,-0.007,-0.019,80.06,2298.46,21.2,33,1,0
17:22:50.831,EBBREZZA,1,179.67,-13.42,0.28,-0.208,2.983,-9.34,-0.208,0.028,-0.047,80.06,2295.07,21.2,33,1,0
17:22:51.331,EBBREZZA,1,178.11,-8.63,0.26,-0.97,3.493,-10.362,-0.229,0.115,-0.042,80.06,2291.42,21.2,33,1,0
17:22:51.831,EBBREZZA,1,177.67,-8.68,0.274,-0.287,2.909,-10.233,-0.062,0.041,-0.03,80.06,2293.56,21.2,33,1,0
17:22:52.331,EBBREZZA,1,178.9,-4.2,0.289,-0.764,2.873,-10.228,-0.246,0.08,-0.037,80.06,2293.62,21.2,33,1,0
17:22:52.831,EBBREZZA,1,179.07,-8.45,0.297,-0.757,2.686,-9.412,-0.083,0.077,-0.029,80.06,2292.12,21.2,33,1,0
17:22:53.331,EBBREZZA,1,-179.48,-13.04,0.229,-2.143,3.144,-8.571,0.169,-0.021,0.069,80.06,2292.24,21.2,33,1,0
17:22:53.831,EBBREZZA,1,-179.66,-9.65,0.269,-1.717,4.041,-9.426,0.02,0.022,0.042,80.06,2288.34,21.2,33,1,0
17:22:54.331,EBBREZZA,1,-179.07,-8.77,0.288,-0.867,4.235,-10.154,-0.225,0.095,-0.016,80.06,2289.4,21.2,33,1,0
17:22:54.831,EBBREZZA,1,174.3,-3.77,0.16,-0.409,3.847,-8.375,-0.343,0.187,-0.087,80.06,2289.19,21.2,33,1,0
17:22:55.331,EBBREZZA,1,176.15,-12.02,0.283,-0.417,3.378,-9.23,-0.183,0.061,-0.006,80.06,2285.0,21.2,33,1,0
17:22:55.831,EBBREZZA,1,177.12,-10.88,0.28,-0.984,2.466,-8.332,-0.254,0.073,-0.042,80.06,2283.45,21.2,33,1,0
17:22:56.331,EBBREZZA,1,179.09,-10.39,0.299,-1.053,3.417,-9.634,-0.102,0.046,-0.013,80.06,2285.36,21.1,33,1,0
17:22:56.831,EBBREZZA,1,178.1,-13.58,0.295,-1.324,3.326,-9.311,-0.015,0.006,0.009,80.06,2285.47,21.1,33,1,0
17:22:57.331,EBBREZZA,1,175.97,-11.07,0.288,-1.097,3.338,-8.325,-0.194,0.153,-0.048,80.06,2282.58,21.1,33,1,0
17:22:57.831,EBBREZZA,1,177.07,-8.19,0.282,-0.51,3.934,-8.152,-0.211,0.066,-0.036,80.06,2283.57,21.1,33,1,0
17:22:58.332,EBBREZZA,1,177.89,-9.15,0.293,-0.637,3.606,-8.997,-0.24,0.073,-0.015,80.06,2280.56,21.1,33,1,0
17:22:58.832,EBBREZZA,1,177.23,-8.97,0.295,-1.369,3.627,-8.27,-0.094,0.053,0.003,80.06,2285.52,21.1,33,1,0
17:22:59.332,EBBREZZA,1,176.82,-7.42,0.294,-1.851,3.977,-9.783,0.241,-0.069,0.072,80.06,2283.1,21.1,33,1,0
17:22:59.832,EBBREZZA,1,175.95,-8.39,0.287,-0.172,3.34,-9.589,-0.083,0.015,-0.009,80.06,2284.43,21.1,33,1,0
17:23:00.332,EBBREZZA,1,179.16,-8.8,0.287,-0.752,3.519,-8.712,-0.122,0.036,0.005,80.06,2280.67,21.1,33,1,0
17:23:00.832,EBBREZZA,1,176.17,-7.16,0.281,-0.864,2.954,-9.886,-0.107,0.059,0.018,80.06,2281.73,21.1,33,1,0
17:23:01.332,EBBREZZA,1,175.91,-5.41,0.267,-0.702,3.472,-9.079,-0.237,0.078,-0.003,80.06,2280.29,21.1,33,1,0
17:23:01.832,EBBREZZA,1,175.82,-6.96,0.266,-0.57,2.725,-9.043,-0.28,0.121,-0.043,80.06,2279.09,21.1,33,1,0
17:23:02.332,EBBREZZA,1,177.65,-6.28,0.259,-0.883,3.158,-9.143,-0.094,0.057,-0.019,80.06,2277.21,21.1,33,1,0
17:23:02.832,EBBREZZA,1,179.25,-4.94,0.284,-0.979,3.627,-7.894,-0.187,0.108,-0.043,80.06,2278.07,21.1,33,1,0
17:23:03.332,EBBREZZA,1,176.47,-6.91,0.277,-1.537,3.383,-9.333,-0.127,0.093,-0.026,80.06,2277.25,21.1,33,1,0
17:23:03.832,EBBREZZA,1,178.17,-7.8,0.277,-1.317,3.709,-9.203,-0.085,0.069,0.008,80.06,2275.06,21.1,33,1,0
17:23:04.332,EBBREZZA,1,175.61,-3.59,0.287,-0.192,3.788,-10.015,-0.319,0.143,-0.074,80.06,2260.37,21.1,33,1,0
17:23:04.832,EBBREZZA,1,177.35,-8.44,0.178,-1.793,3.407,-9.589,0.067,0.038,0.031,80.06,2255.93,21.1,33,1,0
17:23:05.332,EBBREZZA,1,179.38,-6.69,0.279,-0.661,3.838,-9.4,-0.227,0.089,-0.019,80.06,2272.59,21.1,33,1,0
17:23:05.832,EBBREZZA,1,175.87,-6.53,0.268,-0.965,3.227,-8.296,-0.006,0.008,0.027,80.06,2273.67,21.1,33,1,0
17:23:06.333,EBBREZZA,1,178.88,-10.27,0.288,-1.532,4.108,-11.119,-0.451,0.165,-0.076,80.06,2266.1,21.1,33,1,0
17:23:06.833,EBBREZZA,1,177.76,-5.44,0.276,0.922,1.733,-6.883,-0.053,0.029,-0.03,80.06,2266.71,21.1,33,1,0
17:23:07.333,EBBREZZA,1,-178.37,-9.86,0.27,-0.979,2.492,-6.898,0.199,-0.074,0.055,80.06,2264.34,21.1,33,1,0
17:23:07.833,EBBREZZA,1,-178.72,-11.47,0.268,-0.977,2.207,-8.284,-0.204,0.036,-0.034,80.06,2271.08,21.1,33,1,0
17:23:08.333,EBBREZZA,1,176.64,-4.98,0.275,-1.475,3.9,-9.361,-0.141,0.074,-0.027,80.06,2266.77,21.1,33,1,0
17:23:08.833,EBBREZZA,1,176.86,-8.16,0.264,-0.867,3.606,-8.794,-0.11,0.075,-0.033,80.06,2268.56,21.1,33,1,0
17:23:09.333,EBBREZZA,1,179.18,-12.11,0.286,-5.078,6.309,-9.649,0.151,0.162,0.184,80.06,2263.66,21.1,33,1,0
17:23:09.833,EBBREZZA,1,178.52,-11.99,0.283,0.007,3.208,-8.337,-0.25,0.092,-0.032,80.06,2268.28,21.1,33,1,0
17:23:10.333,EBBREZZA,1,179.75,-14.43,0.293,-0.591,1.817,-11.435,-0.348,0.133,-0.027,80.06,2264.49,21.1,33,1,0
17:23:10.833,EBBREZZA,1,176.31,-9.76,0.284,-0.565,4.13,-8.238,-0.133,-0.004,-0.027,80.06,2253.86,21.1,33,1,0
17:23:11.333,EBBREZZA,1,178.79,-7.71,0.291,0.692,1.975,-10.877,-1.028,0.338,-0.272,80.06,2237.84,21.1,33,1,0
17:23:11.833,EBBREZZA,1,178.1,-8.26,0.29,-0.953,2.921,-8.964,-0.106,0.032,-0.031,80.06,2257.06,21.1,33,1,0
17:23:12.333,EBBREZZA,1,177.19,-9.7,0.292,-1.094,3.254,-10.317,-0.058,0.066,-0.028,80.06,2262.15,21.1,33,1,0
17:23:12.833,EBBREZZA,1,178.89,-9.8,0.304,-0.816,3.694,-9.151,-0.038,0.079,-0.003,80.06,2267.47,21.1,33,1,0
17:23:13.333,EBBREZZA,1,-179.45,-11.29,0.308,-2.21,2.14,-10.077,-0.434,0.124,-0.014,80.06,2264.7,21.1,33,1,0
17:23:13.833,EBBREZZA,1,178.12,-6.04,0.276,0.069,3.855,-8.928,-0.203,0.056,-0.052,80.06,2267.41,21.1,33,1,0
17:23:14.334,EBBREZZA,1,177.02,-7.5,0.25,-0.989,3.203,-8.861,-0.074,0.063,-0.006,80.06,2262.04,21.1,33,1,0
17:23:14.834,EBBREZZA,1,178.01,-1.38,0.273,-0.433,2.794,-9.653,-0.135,0.06,-0.004,80.06,2261.4,21.1,33,1,0
17:23:15.334,EBBREZZA,1,177.37,-1.2,0.21,-1.511,2.981,-9.055,-0.136,0.056,0.015,80.06,2260.44,21.1,33,1,0
17:23:15.834,EBBREZZA,1,178.65,-7.11,0.274,-1.111,2.792,-9.349,-0.19,0.07,-0.015,80.06,2254.4,21.1,33,1,0
17:23:16.334,EBBREZZA,1,178.47,-8.11,0.276,-1.587,3.412,-9.558,-0.139,0.085,-0.008,80.06,2257.29,21.1,33,1,0
17:23:16.834,EBBREZZA,1,177.88,-9.19,0.281,-1.125,4.08,-9.084,-0.204,0.125,-0.025,80.06,2230.04,21.1,33,1,0
17:23:17.334,EBBREZZA,1,-179.54,-7.78,0.286,0.692,2.646,-10.408,-0.77,0.145,-0.174,80.06,2254.16,21.1,33,1,0
17:23:17.834,EBBREZZA,1,179.07,-6.61,0.276,-1.482,2.825,-10.063,-0.171,0.105,-0.012,80.06,2249.74,21.1,33,1,0
17:23:18.334,EBBREZZA,1,179.17,-8.98,0.267,-1.197,3.33,-8.772,-0.063,0.027,0.008,80.06,2239.04,21.1,33,1,0
17:23:18.834,EBBREZZA,1,176.63,-6.82,0.298,-1.08,3.397,-10.173,-0.163,0.054,-0.022,80.06,2178.87,21.1,33,1,0
17:23:19.334,EBBREZZA,1,177.08,-7.41,0.26,-0.543,2.576,-9.929,-0.372,0.133,-0.064,80.06,2039.58,21.1,33,1,0
17:23:19.834,EBBREZZA,1,178.79,-8.06,0.275,-0.816,2.974,-8.686,-0.1,0.044,-0.036,80.06,2013.72,21.1,33,1,0
17:23:20.334,EBBREZZA,1,177.72,-8.76,0.265,-0.685,3.326,-9.208,0.035,0.03,-0.002,80.06,2019.83,21.1,33,1,0
17:23:20.834,EBBREZZA,1,178.29,-4.51,0.265,-1.736,3.081,-9.143,-0.034,0.051,-0.01,80.06,2039.52,21.1,33,1,0
17:23:21.334,EBBREZZA,1,179.09,-2.88,0.195,-0.958,3.361,-10.082,-0.217,0.152,-0.045,80.06,2049.12,21.1,33,1,0
17:23:21.835,EBBREZZA,1,178.84,-3.44,0.273,-2.418,3.524,-8.566,0.019,0.004,0.048,80.06,2251.68,21.1,33,1,0
17:23:22.335,EBBREZZA,1,178.27,-5.46,0.255,-1.451,3.294,-9.57,-0.112,0.058,-0.021,80.06,2259.5,21.1,33,1,0
17:23:22.835,EBBREZZA,1,177.91,3.6,0.253,-1.537,2.981,-9.397,-0.011,-0.088,0.046,80.06,2250.24,21.1,33,1,0
17:23:23.335,EBBREZZA,1,179.94,-2.73,0.28,-1.501,3.338,-8.911,-0.177,0.031,0.013,80.06,2242.92,21.1,33,1,0
17:23:23.835,EBBREZZA,1,179.58,-9.89,0.268,-1.369,3.036,-9.742,-0.01,0.001,0.025,80.06,2251.48,21.1,33,1,0
17:23:24.335,EBBREZZA,1,179.72,-6.19,0.26,-1.255,4.204,-9.175,-0.163,0.136,-0.046,80.06,2254.1,21.1,33,1,0
17:23:24.835,EBBREZZA,1,-179.7,-14.8,0.287,-1.262,2.531,-8.645,-0.082,0.049,-0.007,80.06,2256.1,21.1,33,1,0
17:23:25.335,EBBREZZA,1,-179.94,-13.79,0.177,-1.226,3.002,-9.4,-0.132,0.058,-0.042,80.06,2241.14,21.1,33,1,0
17:23:25.835,EBBREZZA,1,178.68,-5.29,0.238,-2.014,3.261,-8.387,-0.011,0.071,0.011,80.06,2252.54,21.1,33,1,0
17:23:26.335,EBBREZZA,1,-179.74,4.02,0.276,-2.059,2.935,-9.038,-0.152,0.054,0.003,80.06,2254.2,21.1,33,1,0
17:23:26.835,EBBREZZA,1,175.97,-0.9,0.232,-1.59,3.366,-8.681,-0.1,0.039,-0.003,80.06,2253.79,21.1,33,1,0
17:23:27.335,EBBREZZA,1,177.3,6.1,0.24,-1.298,2.727,-8.88,-0.135,0.088,-0.002,80.06,2251.64,21.1,33,1,0
17:23:27.835,EBBREZZA,1,177.61,3.62,0.175,-0.486,2.346,-10.001,-0.311,0.035,-0.06,80.06,2247.26,21.1,33,1,0
17:23:28.335,EBBREZZA,1,177.29,3.28,0.235,-1.233,3.168,-9.567,-0.138,0.052,-0.019,80.06,2250.48,21.1,33,1,0
17:23:28.835,EBBREZZA,1,178.33,6.76,0.275,-1.087,3.232,-9.268,-0.082,0.059,0.007,80.06,2254.5,21.1,33,1,0
17:23:29.335,EBBREZZA,1,176.28,-0.81,0.236,0.103,3.455,-7.669,0.579,-0.151,0.1,80.06,2251.19,21.1,33,1,0
17:23:29.835,EBBREZZA,1,175.59,4.41,0.248,-0.508,2.986,-8.899,-0.162,0.047,-0.035,80.06,2252.11,21.1,33,1,0
17:23:30.336,EBBREZZA,1,174.51,3.77,0.267,0.153,2.308,-8.768,-0.058,0.004,-0.022,80.06,2230.85,21.1,33,1,0
17:23:30.836,EBBREZZA,1,173.39,6.26,0.246,0.302,3.306,-9.661,-0.296,0.103,-0.057,80.06,2145.15,21.1,33,1,0
17:23:31.336,EBBREZZA,1,178.61,12.1,0.257,-1.41,3.464,-7.939,-0.224,0.117,-0.052,80.06,2191.46,21.1,33,1,0
17:23:31.836,EBBREZZA,1,177.6,6.04,0.264,-2.231,3.383,-9.325,-0.064,0.06,0.004,80.06,2233.65,21.1,33,1,0
17:23:32.336,EBBREZZA,1,175.97,4.4,0.28,-1.93,3.05,-9.285,-0.027,0.046,0.011,80.06,2156.48,21.1,33,1,0
17:23:32.836,EBBREZZA,1,175.89,19.38,0.266,-0.994,2.504,-9.225,-0.115,0.04,-0.001,80.06,2113.11,21.1,33,1,0
17:23:33.336,EBBREZZA,1,175.15,14.41,0.24,0.213,3.381,-10.369,-0.138,0.038,0.011,80.06,2080.25,21.1,33,1,0
17:23:33.836,EBBREZZA,1,174.73,13.41,0.237,-0.929,2.84,-8.365,-0.034,0.027,0.034,80.06,1807.55,21.1,33,1,0
17:23:34.336,EBBREZZA,1,178.16,15.42,0.245,-1.513,3.206,-7.97,-0.123,-0.01,-0.011,80.06,2248.05,21.1,33,1,0
17:23:34.836,EBBREZZA,1,178.35,11.01,0.252,-2.078,2.646,-9.658,-0.178,0.143,-0.051,80.06,2245.81,21.1,33,1,0
17:23:35.336,EBBREZZA,1,177.17,20.52,0.237,-0.086,1.578,-7.963,-0.1,-0.022,-0.042,80.06,2251.49,21.1,33,1,0
17:23:35.836,EBBREZZA,1,176.78,25.86,0.234,-1.269,3.56,-8.61,-0.053,0.017,-0.003,80.06,2248.79,21.1,33,1,0
17:23:36.336,EBBREZZA,1,173.7,31.01,0.234,-1.484,2.715,-9.773,-0.104,0.124,-0.043,80.06,2242.99,21.1,33,1,0
17:23:36.836,EBBREZZA,1,174.72,28.66,0.23,-1.008,2.72,-9.287,-0.061,0.046,-0.016,80.06,2243.26,21.1,33,1,0
17:23:37.336,EBBREZZA,1,174.03,11.11,0.228,-1.7,3.723,-9.761,-0.038,0.05,0.038,80.06,2249.26,21.1,33,1,0
17:23:37.836,EBBREZZA,1,176.54,10.92,0.268,-0.663,3.199,-8.961,-0.274,0.157,-0.051,80.06,2249.76,21.1,33,1,0
17:23:38.336,EBBREZZA,1,175.67,15.87,0.254,-0.917,3.603,-10.07,-0.115,0.067,-0.005,80.06,2243.17,21.1,33,1,0
17:23:38.837,EBBREZZA,1,177.06,19.08,0.245,-1.262,3.613,-8.662,-0.145,0.094,-0.013,80.06,2247.24,21.1,33,1,0
17:23:39.337,EBBREZZA,1,176.32,36.63,0.241,-0.785,4.022,-8.803,-0.062,0.047,-0.013,80.06,2247.72,21.1,33,1,0
17:23:39.837,EBBREZZA,1,173.94,34.72,0.277,-1.032,3.112,-9.914,-0.02,-0.003,0.016,80.06,2245.87,21.1,33,1,0
17:23:40.337,EBBREZZA,1,-101.47,0.28,0.248,-1.353,3.057,-9.493,-0.261,0.069,-0.028,80.06,2247.98,21.1,33,1,0
17:23:40.837,EBBREZZA,1,173.1,23.06,0.23,-0.716,3.448,-9.218,-0.156,0.058,-0.011,80.06,2245.42,21.1,33,1,0
17:23:41.337,EBBREZZA,1,175.82,14.76,0.265,-0.5,3.479,-9.337,-0.057,0.052,-0.009,80.06,2244.64,21.1,34,1,0
17:23:41.837,EBBREZZA,1,174.11,12.46,0.245,-1.12,2.993,-10.379,0.013,0.055,-0.002,80.06,2247.53,21.1,34,1,0
17:23:42.337,EBBREZZA,1,175.55,11.03,0.272,-0.898,3.807,-8.976,0.088,-0.029,0.021,80.06,2250.25,21.1,34,1,0
17:23:42.837,EBBREZZA,1,175.14,10.5,0.241,0.299,3.833,-9.076,-0.399,0.181,-0.075,80.06,2245.78,21.1,34,1,0
17:23:43.337,EBBREZZA,1,174.49,10.29,0.274,-0.56,2.322,-10.041,-0.112,0.048,-0.02,80.06,2246.49,21.1,34,1,0
17:23:43.837,EBBREZZA,1,173.86,13.33,0.246,-0.931,2.693,-9.495,-0.304,0.141,-0.064,80.06,2215.31,21.1,34,1,0
17:23:44.337,EBBREZZA,1,176.76,9.11,0.176,-1.058,3.321,-10.161,-0.066,0.029,0.005,80.06,2139.73,21.1,34,1,0
17:23:44.837,EBBREZZA,1,177.46,16.37,0.235,-1.226,3.467,-8.701,-0.153,0.139,-0.025,80.06,2206.56,21.1,34,1,0
17:23:45.337,EBBREZZA,1,173.67,10.43,0.246,-2.025,3.316,-9.752,0.001,0.005,-0.001,80.06,2238.15,21.1,34,1,0
17:23:45.837,EBBREZZA,1,173.93,10.4,0.237,-1.805,3.062,-10.058,0.08,0.031,0.045,80.06,2236.4,21.1,34,1,0
17:23:46.337,EBBREZZA,1,173.13,12.58,0.249,-0.974,2.658,-9.0,-0.074,-0.027,0.01,80.06,2197.55,21.1,34,1,0
17:23:46.838,EBBREZZA,1,173.41,14.08,0.239,-0.706,4.187,-11.04,-0.437,0.21,-0.084,80.06,2131.28,21.1,34,1,0
17:23:47.338,EBBREZZA,1,175.54,15.57,0.254,-0.903,3.038,-8.301,-0.178,0.041,-0.001,80.06,2112.3,21.1,34,1,0
17:23:47.838,EBBREZZA,1,173.92,11.2,0.252,-1.48,3.28,-9.448,-0.093,0.071,0.014,80.06,2173.5,21.1,34,1,0
17:23:48.338,EBBREZZA,1,175.68,6.96,0.278,-1.132,2.205,-9.122,-0.232,0.13,-0.064,80.06,2060.3,21.1,34,1,0
17:23:48.838,EBBREZZA,1,173.98,11.59,0.26,-1.12,2.966,-9.151,-0.091,0.037,-0.007,80.06,1449.38,21.1,34,1,0
17:23:49.338,EBBREZZA,1,178.27,18.3,0.276,-0.469,3.0,-9.596,-0.125,0.106,-0.015,80.06,479.98,21.1,34,1,0
17:23:49.838,EBBREZZA,1,175.06,22.07,0.253,-0.51,2.516,-8.863,-0.213,0.067,-0.045,80.06,39.0,21.1,34,1,0
17:23:50.338,EBBREZZA,1,176.32,20.64,0.237,-1.235,3.584,-9.041,-0.075,0.056,0.035,80.06,440.29,21.1,34,1,0
17:23:50.838,EBBREZZA,1,178.56,17.27,0.283,-0.012,3.706,-9.4,-0.397,0.121,-0.011,80.06,1520.29,21.1,34,1,0
17:23:51.338,EBBREZZA,1,173.35,9.26,0.224,-1.702,3.701,-8.859,-0.058,-0.013,0.086,80.06,2119.8,21.1,34,1,0
17:23:51.838,EBBREZZA,1,177.02,14.93,0.221,-0.373,4.223,-8.392,-0.289,0.078,0.008,80.06,2204.92,21.1,34,1,0
17:23:52.338,EBBREZZA,1,175.42,3.66,0.273,-2.193,5.164,-10.882,-0.014,0.005,0.119,80.06,2215.8,21.1,34,1,0
17:23:52.838,EBBREZZA,1,175.45,3.25,0.233,-1.891,4.219,-9.562,-0.05,0.01,0.041,80.06,2234.03,21.1,34,1,0
17:23:53.338,EBBREZZA,1,175.77,8.96,0.225,-0.998,3.488,-9.637,-0.103,0.15,-0.021,80.06,2236.11,21.1,34,1,0
17:23:53.838,EBBREZZA,1,177.36,10.8,0.242,-0.697,3.16,-9.239,-0.181,0.156,-0.047,80.06,2239.68,21.1,34,1,0
17:23:54.338,EBBREZZA,1,179.81,6.09,0.135,-0.776,3.273,-9.725,-0.084,0.071,-0.016,80.06,2241.38,21.1,34,1,1
17:23:54.839,EBBREZZA,1,179.25,5.17,0.258,-0.069,2.48,-9.266,-0.114,0.048,-0.029,80.06,2244.95,21.1,34,1,0
17:23:55.339,EBBREZZA,1,-178.85,-3.08,0.262,-1.159,3.677,-8.72,-0.461,0.1,-0.088,80.06,2245.33,21.1,34,1,1
17:23:55.839,EBBREZZA,1,178.2,3.75,0.125,-1.106,3.077,-8.993,-0.106,0.083,-0.033,80.06,2236.47,21.1,34,1,1
17:23:56.339,EBBREZZA,1,-179.65,3.17,0.133,-2.349,3.4,-8.866,-0.005,-0.009,0.044,80.06,2220.56,21.1,34,1,1
17:23:56.839,EBBREZZA,1,179.79,1.59,0.283,-1.566,4.276,-8.667,-0.34,0.208,-0.037,80.06,2216.32,21.1,34,1,1
17:23:57.339,EBBREZZA,1,-179.74,-5.81,0.163,-0.814,4.073,-9.218,-0.129,0.078,0.03,80.06,2190.71,21.1,34,1,1
17:23:57.839,VIGILE,1,179.2,-0.98,0.151,0.292,3.053,-8.854,-0.294,0.119,-0.008,80.06,2069.42,21.1,34,1,1
17:23:58.339,VIGILE,1,178.63,1.16,0.265,-0.934,3.924,-8.021,-0.196,0.118,-0.015,80.06,1150.74,21.1,34,1,1
17:23:58.839,VIGILE,1,178.43,10.07,0.176,-1.35,3.943,-9.122,0.016,-0.021,0.071,80.06,594.45,21.1,34,1,1
17:23:59.339,VIGILE,1,177.78,3.15,0.258,-0.551,3.567,-9.761,-0.179,0.163,-0.025,80.06,2134.81,21.1,34,1,1
17:23:59.839,VIGILE,1,178.77,8.38,0.269,-1.341,2.772,-9.756,0.001,0.019,0.041,80.06,2133.08,21.1,34,1,1
17:24:00.339,VIGILE,1,177.19,5.49,0.269,-0.342,2.648,-9.936,-0.188,0.073,-0.034,80.06,2132.16,21.1,34,1,1
17:24:00.839,VIGILE,1,178.65,-23.94,0.269,-0.816,2.66,-9.895,-0.114,0.01,-0.017,80.06,2069.98,21.1,34,1,1
17:24:01.339,VIGILE,1,178.05,-14.61,0.275,-0.326,3.663,-9.11,-0.145,0.076,-0.039,80.06,2059.73,21.0,34,1,1
17:24:01.839,VIGILE,1,175.85,-2.49,0.194,-0.716,3.675,-8.54,-0.128,0.048,0.049,80.06,1983.66,21.0,34,1,1
17:24:02.339,VIGILE,1,176.98,-0.99,0.219,-2.009,2.734,-11.499,0.016,0.047,0.058,80.06,1844.96,21.0,34,1,1
17:24:02.840,VIGILE,1,175.73,1.21,0.271,-0.898,4.01,-10.137,-0.218,0.127,-0.013,80.06,1839.69,21.0,34,1,1
17:24:03.340,VIGILE,1,173.83,0.47,0.229,-0.596,3.797,-9.23,-0.291,0.159,-0.053,80.06,1825.66,21.0,34,1,1
17:24:03.840,VIGILE,1,177.27,-3.83,0.263,-1.607,3.079,-9.421,-0.15,0.116,-0.061,80.06,2072.81,21.0,34,1,1
17:24:04.340,VIGILE,1,176.65,-2.3,0.274,-0.781,3.314,-8.741,-0.207,0.039,-0.031,80.06,2046.98,21.0,34,1,1
17:24:04.840,VIGILE,1,176.88,3.21,0.262,-1.006,3.752,-8.435,-0.286,0.123,-0.056,80.06,1794.89,21.0,34,1,1
17:24:05.340,VIGILE,1,176.83,2.68,0.27,0.201,3.493,-9.917,-0.453,0.187,-0.116,80.06,2186.14,21.0,34,1,1
17:24:05.840,VIGILE,1,177.9,-2.89,0.238,-1.113,3.328,-10.609,0.072,0.012,0.041,80.06,2219.17,21.0,34,1,1
17:24:06.340,VIGILE,1,179.05,-4.69,0.267,-0.606,2.579,-9.222,-0.218,0.094,-0.03,80.06,2209.67,21.1,34,1,1
17:24:06.840,VIGILE,1,179.49,-8.11,0.269,-1.427,3.321,-9.237,-0.126,0.149,-0.062,80.06,2202.44,21.1,34,1,1
17:24:07.340,VIGILE,1,179.56,-5.52,0.287,-1.087,3.077,-9.476,-0.413,0.167,-0.058,80.06,2204.62,21.1,34,1,1
17:24:07.840,DISTRAZIONE,1,-178.66,-8.43,0.097,-1.14,3.658,-9.069,0.028,0.022,0.025,80.06,2221.63,21.1,34,1,1
17:24:08.340,DISTRAZIONE,1,-174.5,24.81,0.128,-0.919,3.802,-9.843,-0.248,0.123,-0.036,80.06,2219.71,21.1,34,1,1
17:24:08.840,DISTRAZIONE,1,-172.58,25.62,0.288,-1.341,3.819,-9.486,-0.144,0.107,-0.027,80.06,2222.41,21.0,34,1,1
17:24:09.340,DISTRAZIONE,1,-175.52,35.37,0.258,-1.707,3.01,-9.445,0.058,-0.007,0.022,80.06,2219.79,21.0,34,1,1
17:24:09.840,DISTRAZIONE,1,-174.8,33.74,0.272,-1.051,2.849,-10.367,-0.177,0.045,-0.029,80.06,2243.84,21.0,34,1,1
17:24:10.340,DISTRAZIONE,1,-177.47,33.42,0.243,-0.728,3.196,-9.864,-0.078,0.051,-0.018,80.06,2247.92,21.0,34,1,1
17:24:10.840,DISTRAZIONE,1,-176.83,33.8,0.243,-2.418,3.347,-9.031,0.046,0.108,0.028,80.06,2244.26,21.0,34,1,1
17:24:11.341,DISTRAZIONE,1,-172.73,36.2,0.217,-1.056,3.45,-8.741,-0.075,0.051,-0.013,80.06,2239.55,21.0,34,1,1
17:24:11.841,DISTRAZIONE,1,-171.88,33.05,0.111,-1.312,3.021,-9.61,-0.157,0.113,-0.034,80.06,2233.54,21.0,34,1,1
17:24:12.341,DISTRAZIONE,1,-172.38,35.64,0.25,-1.147,3.208,-9.831,-0.076,0.058,-0.01,80.06,2246.51,21.0,34,1,1
17:24:12.841,DISTRAZIONE,1,-172.29,32.14,0.12,12.802,-2.471,-19.613,-0.488,-0.29,0.232,80.06,2211.29,21.0,34,1,1
17:24:13.341,DISTRAZIONE,1,-173.63,33.17,0.147,-1.484,3.05,-9.778,-0.103,0.069,-0.011,80.06,2251.59,21.0,34,1,1
17:24:13.841,DISTRAZIONE,1,-174.35,34.65,0.229,-1.456,2.365,-8.454,-0.161,0.059,0.003,80.06,2244.4,21.0,34,1,1
17:24:14.341,DISTRAZIONE,1,-172.91,32.68,0.251,-1.401,2.638,-9.421,0.055,0.041,0.02,80.06,2254.52,21.0,34,1,1
17:24:14.841,DISTRAZIONE,1,-172.95,37.01,0.357,-0.536,3.414,-8.473,-0.044,0.018,-0.005,80.06,2258.86,21.0,34,1,1
17:24:15.341,DISTRAZIONE,1,-173.41,34.16,0.206,-0.702,3.785,-9.091,-0.147,0.064,-0.004,80.06,2259.85,21.0,34,1,1
17:24:15.841,DISTRAZIONE,1,-172.8,34.39,0.239,0.129,2.82,-9.091,-0.118,0.082,-0.034,80.06,2259.37,21.0,34,1,1
17:24:16.341,DISTRAZIONE,1,-172.31,33.29,0.238,-1.626,3.096,-7.889,-0.045,0.036,-0.023,80.06,2257.91,21.0,34,1,1
17:24:16.841,DISTRAZIONE,1,-172.01,32.95,0.318,-1.173,3.539,-9.074,-0.097,0.066,-0.01,80.06,2254.9,21.0,34,1,1
17:24:17.341,DISTRAZIONE,1,-172.96,36.85,0.228,-0.17,3.086,-9.488,-0.353,0.102,-0.054,80.06,2253.0,21.0,34,1,1
17:24:17.841,DISTRAZIONE,1,-172.3,36.81,0.218,-0.943,2.267,-8.665,-0.143,0.07,-0.007,80.06,2250.38,21.0,34,1,1
17:24:18.341,DISTRAZIONE,1,-173.09,36.75,0.253,0.215,2.069,-9.574,-0.256,0.072,-0.077,80.06,2244.73,21.0,34,1,1
17:24:18.841,DISTRAZIONE,1,-170.53,39.16,0.225,0.105,2.995,-8.832,-0.238,0.08,-0.05,80.06,2243.31,21.0,34,1,1
17:24:19.341,DISTRAZIONE,1,-173.49,37.48,0.209,-1.879,2.938,-9.907,0.229,-0.015,0.068,80.06,2246.01,21.0,34,1,1
17:24:19.842,DISTRAZIONE,1,-173.96,37.11,0.288,1.197,2.895,-9.383,-0.43,0.107,-0.13,80.06,2246.57,21.0,34,1,1
17:24:20.342,DISTRAZIONE,1,-172.51,35.54,0.223,-2.234,2.243,-8.724,-0.077,0.042,-0.026,80.06,2239.89,21.0,34,1,1
17:24:20.842,DISTRAZIONE,1,-172.95,37.66,0.231,-1.542,3.78,-9.033,-0.092,0.056,0.005,80.06,2240.93,21.0,34,1,1
17:24:21.342,DISTRAZIONE,1,-171.97,36.55,0.226,-0.62,3.12,-8.633,-0.178,0.078,-0.027,80.06,2242.77,21.0,34,1,1
17:24:21.842,DISTRAZIONE,1,-174.27,33.7,0.3,-1.59,4.154,-9.136,-0.017,0.066,0.014,80.06,2236.13,21.0,34,1,1
17:24:22.342,DISTRAZIONE,1,-171.6,35.48,0.089,-0.783,3.122,-10.206,-0.28,0.107,-0.07,80.06,2233.78,21.0,34,1,1
17:24:22.842,DISTRAZIONE,1,-172.79,42.41,0.246,-0.977,3.153,-9.512,-0.191,0.072,-0.025,80.06,2205.76,21.0,34,1,1
17:24:23.342,DISTRAZIONE,1,-173.92,38.44,0.216,-1.803,1.891,-7.286,0.482,-0.16,0.132,80.06,2113.4,21.0,34,1,1
17:24:23.842,DISTRAZIONE,1,-173.02,37.94,0.196,-1.408,2.169,-9.467,-0.279,0.06,-0.048,80.06,2231.22,21.0,34,1,1
17:24:24.342,DISTRAZIONE,1,-173.39,36.59,0.181,-0.247,2.957,-8.93,-0.578,0.148,-0.088,80.06,2233.84,21.0,34,1,1
17:24:24.842,DISTRAZIONE,1,-174.31,37.05,0.259,0.223,3.661,-7.76,-0.509,0.135,-0.107,80.06,2232.83,21.0,34,1,1
17:24:25.342,DISTRAZIONE,1,-171.8,37.75,0.187,-0.297,2.176,-9.701,-0.224,0.073,-0.034,80.06,2225.5,21.0,34,1,1
17:24:25.842,DISTRAZIONE,1,-171.52,38.28,0.215,-0.953,3.065,-8.763,-0.163,0.088,-0.034,80.06,2224.91,21.0,34,1,1
17:24:26.342,DISTRAZIONE,1,-170.08,36.18,0.252,-1.209,2.863,-9.651,-0.106,0.047,-0.011,80.06,2225.07,21.0,34,1,1
17:24:26.842,DISTRAZIONE,1,-171.53,35.3,0.113,-1.417,0.74,-9.876,-0.589,0.398,-0.143,80.06,2226.36,21.0,34,1,1
17:24:27.342,DISTRAZIONE,1,-171.69,37.55,0.205,-0.457,2.521,-9.407,-0.082,0.004,-0.001,80.06,2222.86,21.0,34,1,1
17:24:27.842,DISTRAZIONE,1,-171.54,35.4,0.289,-0.321,2.756,-8.954,-0.138,0.098,-0.023,80.06,2222.42,21.0,34,1,1
17:24:28.343,DISTRAZIONE,1,-172.26,34.54,0.254,-1.93,4.166,-9.637,0.539,-0.239,0.102,80.06,2223.88,21.0,34,1,1
17:24:28.843,DISTRAZIONE,1,-170.91,36.62,0.172,-1.053,2.84,-10.307,-0.03,0.041,-0.005,80.06,2214.32,21.0,34,1,1
17:24:29.343,DISTRAZIONE,1,-171.95,34.08,0.29,-1.523,3.213,-9.203,-0.13,0.075,-0.003,80.06,2214.76,21.0,34,1,1
17:24:29.843,DISTRAZIONE,1,-170.5,37.35,0.185,-2.217,2.602,-9.234,-0.028,0.044,-0.017,80.06,2212.51,21.0,34,1,1
17:24:30.343,DISTRAZIONE,1,-170.59,36.46,0.238,-1.532,2.765,-10.211,-0.085,0.075,-0.006,80.06,2204.86,21.0,34,1,1
17:24:30.843,DISTRAZIONE,1,-171.99,33.96,0.247,-1.482,2.998,-10.084,-0.071,0.064,-0.001,80.06,2200.48,21.0,34,1,1
17:24:31.343,DISTRAZIONE,1,-172.59,31.43,0.25,-0.986,2.617,-9.51,0.013,-0.008,0.009,80.06,2203.62,21.0,34,1,1
17:24:31.843,DISTRAZIONE,1,-172.27,32.04,0.237,-1.247,3.148,-9.785,0.042,0.006,-0.006,80.06,2205.86,21.0,34,1,1
17:24:32.343,DISTRAZIONE,1,-170.9,32.56,0.32,-1.609,2.21,-9.689,-0.072,0.064,-0.007,80.06,2205.58,21.0,34,1,1
17:24:32.844,DISTRAZIONE,1,-169.52,31.38,0.106,-0.263,2.421,-9.414,-0.245,0.125,-0.058,80.06,2207.98,21.0,34,1,1
17:24:33.344,DISTRAZIONE,1,-171.5,28.61,0.094,-3.462,3.859,-9.055,0.27,-0.072,0.136,80.06,2207.21,21.0,34,1,1
17:24:33.844,VIGILE,1,-178.28,-11.54,0.284,-0.962,2.143,-9.026,-0.219,0.111,-0.046,80.06,2200.92,21.0,34,1,1
17:24:34.344,VIGILE,1,-177.84,2.2,0.289,-1.295,3.594,-9.718,-0.273,0.136,-0.034,80.06,2201.82,21.0,34,1,1
17:24:34.844,VIGILE,1,179.02,-8.67,0.241,-0.637,3.735,-8.904,-0.078,0.025,-0.02,80.06,2205.71,21.0,34,1,1
17:24:35.344,VIGILE,1,178.99,-13.11,0.27,-1.422,3.074,-8.653,-0.047,0.023,0.004,80.06,2198.96,21.0,34,1,1
17:24:35.844,VIGILE,1,178.17,-3.22,0.267,-1.267,3.725,-8.507,-0.112,0.107,-0.013,80.06,2203.73,21.0,34,1,1
17:24:36.344,VIGILE,1,174.69,0.68,0.267,-0.29,3.096,-10.204,-0.133,0.068,-0.038,80.06,2202.83,21.0,34,1,1
17:24:36.844,VIGILE,1,-178.72,-11.52,0.291,-1.018,1.69,-10.118,-0.141,0.075,-0.031,80.06,2200.16,21.0,34,1,1
17:24:37.344,VIGILE,1,175.93,11.17,0.235,-1.513,3.361,-9.416,0.015,0.053,0.009,80.06,2194.51,21.0,34,1,1
17:24:37.844,VIGILE,1,176.51,20.71,0.226,-0.342,2.868,-8.938,-0.026,0.035,0.007,80.06,2198.64,21.0,34,1,1
17:24:38.344,VIGILE,1,177.42,-9.56,0.287,-2.095,3.201,-11.305,-0.169,0.046,-0.03,80.06,2194.0,21.0,34,1,1
17:24:38.844,VIGILE,1,174.06,-5.04,0.275,-1.243,2.526,-7.702,-0.244,0.102,-0.024,80.06,2193.89,21.0,34,1,1
17:24:39.345,VIGILE,1,174.83,1.97,0.232,-1.492,1.793,-8.588,-0.266,0.196,-0.096,80.06,2189.82,21.0,34,1,1
17:24:39.845,VIGILE,1,175.65,-12.89,0.294,-1.92,3.972,-10.793,-0.075,0.092,0.038,80.06,2196.01,21.0,34,1,1
17:24:40.345,VIGILE,1,173.55,-10.42,0.282,-1.796,2.998,-9.474,-0.215,0.093,-0.018,80.06,2205.11,21.0,34,1,1
17:24:40.845,VIGILE,1,171.66,8.98,0.262,-0.194,2.533,-8.808,-0.181,0.036,-0.036,80.06,2207.32,21.0,34,1,1
17:24:41.345,VIGILE,1,170.17,0.34,0.274,-0.395,2.808,-9.548,-0.235,0.096,-0.031,80.06,2204.08,21.0,34,1,1
17:24:41.845,VIGILE,1,173.59,-12.28,0.297,-1.563,3.874,-8.914,-0.074,0.03,-0.01,80.06,2202.79,21.0,34,1,1
17:24:42.345,VIGILE,1,175.65,-15.85,0.219,-0.666,3.184,-9.371,-0.1,0.039,-0.012,80.06,2208.67,21.0,34,1,1
17:24:42.845,VIGILE,1,175.69,-10.11,0.181,-1.614,3.136,-9.507,-0.132,0.071,-0.014,80.06,2208.77,21.0,34,1,1
17:24:43.345,VIGILE,1,174.76,-7.96,0.268,-1.286,3.4,-9.625,-0.087,0.108,-0.005,80.06,2212.46,21.0,34,1,1
17:24:43.845,VIGILE,1,174.21,-6.08,0.268,-0.146,3.22,-8.928,-0.176,0.062,-0.033,80.06,2211.39,21.0,34,1,1
17:24:44.345,VIGILE,1,175.41,-13.41,0.285,-1.288,3.189,-9.4,-0.016,0.067,0.009,80.06,2212.82,21.0,34,1,1
17:24:44.845,VIGILE,1,175.62,-13.17,0.273,-1.305,3.057,-9.098,-0.054,0.034,-0.005,80.06,2214.45,21.0,34,1,1
17:24:45.345,VIGILE,1,176.55,-2.18,0.251,-0.905,3.148,-9.354,-0.15,0.111,-0.047,80.06,2214.21,21.0,34,1,1
17:24:45.845,VIGILE,1,175.79,-16.07,0.303,-1.686,4.07,-8.708,-0.043,0.05,-0.015,80.06,2213.98,21.0,34,1,1
17:24:46.345,VIGILE,1,176.95,-16.51,0.287,-0.819,3.256,-9.201,-0.266,0.093,-0.048,80.06,2216.02,21.0,34,1,1
17:24:46.845,VIGILE,1,178.22,30.96,0.283,-0.512,3.316,-9.328,-0.23,0.073,-0.039,80.06,2216.2,21.0,34,1,1
17:24:47.345,VIGILE,1,174.04,-15.27,0.081,-0.311,2.794,-9.646,-0.181,0.059,-0.029,80.06,2216.67,21.0,34,1,1
17:24:47.846,VIGILE,1,175.9,-17.99,0.267,-0.596,3.151,-9.395,-0.232,0.128,-0.044,80.06,2218.39,21.0,34,1,1
17:24:48.346,VIGILE,1,176.27,-22.31,0.232,-0.903,2.684,-9.098,-0.074,-0.001,-0.017,80.06,2217.09,21.0,34,1,1
17:24:48.846,VIGILE,1,177.67,-18.52,0.276,-1.24,3.072,-10.209,-0.116,0.066,-0.001,80.06,2214.87,21.0,34,1,1
17:24:49.346,VIGILE,1,-179.56,-16.11,0.284,-0.338,2.737,-9.646,-0.052,-0.003,-0.005,80.06,2216.34,21.0,34,1,1
17:24:49.846,VIGILE,1,-179.29,-13.63,0.274,-0.031,2.983,-9.57,-0.247,0.104,-0.049,80.06,2217.42,21.0,34,1,1
17:24:50.346,VIGILE,1,178.43,-12.69,0.289,-0.263,3.067,-8.756,-0.177,0.082,0.002,80.06,2216.06,21.0,34,1,1
17:24:50.846,VIGILE,1,177.79,-13.04,0.279,-0.278,3.232,-10.824,-0.116,0.092,-0.005,80.06,2211.85,21.0,34,1,1
17:24:51.346,VIGILE,1,178.87,-12.79,0.268,-0.227,2.497,-9.357,-0.162,0.077,-0.048,80.06,2205.05,21.0,34,1,1
17:24:51.846,VIGILE,1,176.82,-11.52,0.279,-1.405,2.691,-9.809,-0.172,0.074,-0.032,80.06,2208.94,21.0,34,1,1
17:24:52.346,VIGILE,1,175.68,-11.77,0.277,-1.566,3.05,-9.529,-0.051,0.039,0.006,80.06,2200.66,21.0,34,1,1
17:24:52.846,VIGILE,1,177.06,-11.7,0.237,-1.63,3.349,-9.455,-0.034,0.06,0.003,80.06,2202.91,21.0,34,1,1
17:24:53.347,VIGILE,1,177.73,-9.48,0.272,-1.666,2.749,-8.705,-0.152,0.047,-0.01,80.06,2204.84,21.0,34,1,1
17:24:53.847,VIGILE,1,178.26,-14.06,0.263,-2.488,3.888,-8.789,0.048,0.039,0.023,80.06,2207.21,21.0,34,1,1
17:24:54.347,VIGILE,1,178.16,-0.21,0.246,-1.077,2.765,-10.264,-0.14,0.061,0.005,80.06,2201.25,21.0,34,1,1
17:24:54.847,VIGILE,1,172.93,10.91,0.294,-0.172,3.0,-9.112,-0.126,-0.008,-0.01,80.06,2181.46,21.0,34,1,1
17:24:55.347,VIGILE,1,173.94,-5.29,0.15,-1.659,3.524,-10.597,-0.131,0.116,-0.026,80.06,2097.39,21.0,34,1,1
17:24:55.847,VIGILE,1,176.11,-13.69,0.296,-1.712,3.254,-9.926,-0.102,0.057,-0.022,80.06,2109.72,21.0,34,1,1
17:24:56.347,VIGILE,1,174.0,8.79,0.237,-1.738,3.467,-9.486,-0.084,0.049,0.015,80.06,2168.54,21.0,34,1,1
17:24:56.847,VIGILE,1,173.89,3.65,0.252,-0.522,3.376,-9.637,-0.259,0.124,-0.04,80.06,2057.91,21.0,34,1,1
17:24:57.347,VIGILE,1,175.33,-3.35,0.276,-1.894,3.175,-10.226,0.064,0.002,0.031,80.06,1928.76,21.0,34,1,1
17:24:57.847,VIGILE,1,175.19,-3.84,0.273,-1.432,4.01,-9.491,0.073,-0.024,0.015,80.06,1971.75,21.0,34,1,1
17:24:58.347,VIGILE,1,175.76,-7.13,0.275,-1.963,3.67,-9.859,-0.031,0.028,0.037,80.06,1785.38,21.0,34,1,1
17:24:58.847,VIGILE,1,174.04,-4.5,0.26,-1.611,3.357,-9.764,-0.149,0.073,0.001,80.06,2178.18,21.0,34,1,1
17:24:59.347,VIGILE,1,176.74,-6.04,0.264,-1.872,3.024,-8.521,-0.08,0.015,-0.002,80.06,2205.43,21.0,34,1,1
17:24:59.847,VIGILE,1,175.73,-5.25,0.261,-1.53,3.51,-9.225,-0.111,0.069,-0.001,80.06,2191.68,21.0,34,1,1
17:25:00.347,VIGILE,1,174.62,-5.17,0.279,-1.496,3.639,-9.56,-0.171,0.084,-0.03,80.06,2188.36,21.0,34,1,1
17:25:00.847,VIGILE,1,175.28,-3.85,0.276,-1.188,3.701,-9.802,-0.101,0.093,-0.035,80.06,2174.84,21.0,34,1,1
17:25:01.348,VIGILE,1,175.17,-6.17,0.285,-1.274,3.065,-9.807,-0.269,0.145,-0.052,80.06,2187.51,21.0,34,1,1
17:25:01.848,VIGILE,1,176.66,-3.9,0.292,-1.003,3.388,-9.656,-0.106,0.045,-0.003,80.06,2189.99,21.0,34,1,1
17:25:02.348,VIGILE,1,174.71,-6.42,0.291,-0.747,3.333,-9.007,-0.119,0.075,-0.017,80.06,2188.47,21.0,34,1,1
17:25:02.848,VIGILE,1,175.99,-6.18,0.269,-0.912,4.571,-8.88,-0.165,0.072,-0.03,80.06,2188.79,21.0,34,1,1
17:25:03.348,VIGILE,1,176.22,-6.07,0.246,-0.713,3.359,-8.849,-0.112,0.068,-0.012,80.06,2187.68,21.0,34,1,1
17:25:03.848,VIGILE,1,175.1,-16.46,0.279,-0.567,3.1,-9.146,-0.162,0.101,-0.025,80.06,2188.26,21.0,33,1,1
17:25:04.348,VIGILE,1,174.31,-0.54,0.147,-0.084,2.909,-8.873,-0.171,0.042,-0.023,80.06,2188.54,21.0,33,1,1
17:25:04.848,VIGILE,1,174.48,10.41,0.267,-0.79,3.484,-8.614,-0.121,0.019,-0.014,80.06,2188.15,21.0,33,1,1
17:25:05.348,VIGILE,1,176.9,-13.64,0.285,-0.596,2.966,-9.325,-0.205,0.059,-0.031,80.06,2185.71,21.0,33,1,1
17:25:05.848,VIGILE,1,175.47,-8.85,0.257,-1.116,3.179,-9.912,-0.126,0.057,-0.021,80.06,2175.01,21.0,33,1,1
17:25:06.348,VIGILE,1,175.91,-7.1,0.264,0.874,2.495,-9.546,-0.215,0.039,-0.052,80.06,2145.44,21.0,33,1,1
17:25:06.848,VIGILE,1,173.79,-15.63,0.311,-1.312,3.627,-9.124,-0.075,0.045,0.014,80.06,2112.1,21.0,33,1,1
17:25:07.348,VIGILE,1,176.02,-15.91,0.272,-0.302,3.206,-9.041,-0.176,0.095,-0.036,80.06,2154.69,21.0,33,1,1
17:25:07.848,VIGILE,1,175.47,-11.91,0.271,-0.838,4.173,-9.306,-0.144,0.069,-0.024,80.06,2183.79,21.0,33,1,1
17:25:08.348,VIGILE,1,176.97,-12.6,0.278,-0.852,3.675,-9.167,-0.042,0.055,-0.015,80.06,2181.02,21.0,33,1,1
17:25:08.848,VIGILE,1,174.87,-16.34,0.262,-1.006,3.747,-9.969,-0.058,0.083,0.009,80.06,2180.91,21.0,33,1,1
17:25:09.348,VIGILE,1,176.12,-2.85,0.211,-0.292,2.744,-9.596,-0.123,0.074,-0.031,80.06,2182.81,21.0,33,1,1
17:25:09.849,VIGILE,1,175.87,-15.0,0.271,-0.814,3.433,-9.158,-0.084,0.064,-0.017,80.06,2173.54,21.0,33,1,1
17:25:10.349,VIGILE,1,175.67,-18.39,0.257,-0.752,3.773,-9.234,-0.198,0.086,-0.043,80.06,2166.68,21.0,33,1,1
17:25:10.849,VIGILE,1,175.74,-16.28,0.28,-0.656,2.71,-9.491,-0.166,0.038,-0.049,80.06,2177.96,21.0,33,1,1
17:25:11.349,VIGILE,1,175.59,-8.75,0.277,-0.704,3.622,-9.428,-0.149,0.086,-0.022,80.06,2172.73,21.0,33,1,1
17:25:11.849,VIGILE,1,176.66,-16.18,0.237,-1.176,3.383,-8.552,-0.11,0.028,-0.023,80.06,2171.42,21.0,33,1,1
17:25:12.349,VIGILE,1,175.69,-15.43,0.28,-1.075,3.419,-8.562,-0.188,0.076,-0.04,80.06,2175.3,21.0,33,1,1
17:25:12.849,VIGILE,1,176.21,-10.79,0.272,-1.781,4.286,-8.906,-0.045,0.043,0.026,80.06,2173.84,21.0,33,1,1
17:25:13.349,VIGILE,1,178.03,-11.99,0.272,-0.079,3.191,-9.711,-0.189,0.06,-0.007,80.06,2177.57,21.0,33,1,1
17:25:13.849,VIGILE,1,179.41,-12.79,0.28,-0.891,3.706,-8.59,-0.188,0.038,-0.007,80.06,2175.91,21.0,33,1,1
17:25:14.349,VIGILE,1,-179.39,-15.73,0.283,-1.659,3.979,-10.058,0.039,0.053,0.011,80.06,2172.49,21.0,33,1,1
17:25:14.849,VIGILE,1,178.62,-12.79,0.269,-0.747,3.23,-9.57,-0.124,0.071,-0.025,80.06,2170.27,21.0,33,1,1
17:25:15.349,VIGILE,1,177.42,-11.39,0.148,-0.534,3.364,-8.844,-0.266,0.122,-0.055,80.06,2172.55,21.0,33,1,1
17:25:15.849,VIGILE,1,179.15,-12.76,0.095,-0.757,3.654,-8.957,-0.195,0.101,-0.056,80.06,2167.77,21.0,33,1,1
17:25:16.349,SONNOLENZA,1,-178.83,-13.92,0.28,-0.383,4.017,-10.479,-0.091,0.081,-0.026,80.06,2159.93,21.0,33,1,1
17:25:16.849,SONNOLENZA,1,176.63,-11.56,0.099,-1.978,3.871,-9.165,0.005,0.033,0.026,80.06,2160.34,21.0,33,1,1
17:25:17.349,SONNOLENZA,1,177.34,-13.59,0.076,-1.068,4.07,-9.708,-0.048,0.056,0.005,80.06,2157.67,21.0,33,1,1
17:25:17.849,SONNOLENZA,1,177.68,-12.06,0.124,-1.808,3.888,-9.215,-0.048,0.074,0.0,80.06,2157.8,21.0,33,1,1
17:25:18.350,SONNOLENZA,1,178.48,-12.78,0.118,-1.144,3.108,-8.191,-0.093,0.03,-0.041,80.06,2159.76,21.0,33,1,1
17:25:18.850,SONNOLENZA,1,177.53,-8.14,0.102,-1.032,2.725,-8.768,-0.167,0.1,-0.065,80.06,2161.3,21.0,33,1,1
17:25:19.350,SONNOLENZA,1,178.68,-11.08,0.141,-0.773,3.405,-8.696,-0.199,0.1,-0.062,80.06,2158.82,21.0,33,1,1
17:25:19.850,SONNOLENZA,1,179.54,-11.84,0.107,-1.968,3.862,-8.78,-0.119,0.019,0.002,80.06,2139.08,21.0,33,1,1
17:25:20.350,SONNOLENZA,1,176.26,-13.21,0.065,-0.989,3.16,-9.275,-0.157,0.094,-0.036,80.06,2132.72,21.0,33,1,1
17:25:20.850,SONNOLENZA,1,179.64,-14.15,0.233,-0.962,3.51,-9.017,-0.17,0.098,-0.048,80.06,2160.04,21.0,33,1,1
17:25:21.350,SONNOLENZA,1,177.67,-13.6,0.182,-0.46,3.912,-8.792,-0.141,0.055,-0.01,80.06,2161.53,21.0,33,1,1
17:25:21.850,SONNOLENZA,1,176.32,-11.43,0.136,-1.075,3.831,-9.649,0.007,0.001,0.039,80.06,2160.73,21.0,33,1,1
17:25:22.350,SONNOLENZA,1,177.02,-13.6,0.134,-1.063,3.546,-9.349,-0.114,0.046,0.003,80.06,2155.49,21.0,33,1,1
17:25:22.850,SONNOLENZA,1,177.84,-13.03,0.141,-0.85,2.816,-8.404,-0.23,0.106,-0.075,80.06,2151.3,21.0,33,1,1
17:25:23.350,SONNOLENZA,1,179.68,-14.64,0.125,-0.271,3.369,-10.386,-0.195,0.136,-0.074,80.06,2141.97,21.0,33,1,1
17:25:23.850,SONNOLENZA,1,-173.66,18.27,0.228,-1.195,3.488,-8.698,-0.061,0.053,-0.011,80.06,2141.2,21.0,33,1,1
17:25:24.350,SONNOLENZA,1,-176.18,-18.87,0.288,-0.656,3.354,-9.206,-0.123,0.068,-0.04,80.06,2139.03,21.0,33,1,1
17:25:24.850,SONNOLENZA,1,-173.28,-17.59,0.106,-0.215,3.328,-8.361,-0.248,0.143,-0.072,80.06,2141.48,21.0,33,1,1
17:25:25.350,SONNOLENZA,1,-158.79,-22.17,0.099,-0.615,3.247,-10.089,-0.104,0.058,-0.046,80.06,2141.98,21.0,33,1,1
17:25:25.851,SONNOLENZA,1,-162.04,-34.34,0.319,-0.874,3.656,-9.313,-0.039,0.071,-0.013,80.06,2142.04,21.0,33,1,1
17:25:26.351,SONNOLENZA,1,-173.31,-18.76,0.193,-1.336,3.838,-9.005,-0.017,-0.019,0.026,80.06,2144.83,21.0,33,1,1
17:25:26.851,SONNOLENZA,1,179.36,-9.56,0.229,-0.421,3.558,-8.837,-0.19,0.057,-0.038,80.06,2150.4,21.0,33,1,1
17:25:27.351,SONNOLENZA,1,178.51,-13.89,0.14,-1.113,3.618,-9.438,-0.12,0.072,-0.018,80.06,2152.88,21.0,33,1,1
17:25:27.851,SONNOLENZA,1,-173.98,-18.93,0.073,-1.391,4.24,-9.105,-0.066,0.084,0.006,80.06,2156.83,21.0,33,1,1
17:25:28.351,SONNOLENZA,1,-163.8,-14.31,0.102,-0.903,3.845,-9.462,-0.252,0.106,-0.036,80.06,2162.13,21.0,33,1,1
17:25:28.851,SONNOLENZA,1,-175.28,-22.15,0.315,-0.761,3.359,-8.614,-0.123,0.073,-0.023,80.06,2162.95,21.0,33,1,1
17:25:29.351,SONNOLENZA,1,-179.66,-17.63,0.265,-0.208,3.455,-9.622,-0.165,0.087,-0.043,80.06,2165.12,21.0,33,1,1
17:25:29.851,SONNOLENZA,1,179.53,-17.54,0.253,-0.627,3.836,-9.27,-0.093,0.104,-0.007,80.06,2164.04,21.0,33,1,1
17:25:30.351,SONNOLENZA,1,-177.85,-18.33,0.239,-1.01,3.752,-10.036,-0.145,0.076,-0.031,80.06,2167.5,21.0,33,1,1
17:25:30.851,SONNOLENZA,1,-168.3,-16.51,0.108,-0.716,3.34,-9.376,-0.23,0.087,-0.068,80.06,2166.23,21.0,33,1,1
17:25:31.351,SONNOLENZA,1,-166.92,-16.1,0.086,-1.499,3.759,-10.094,0.044,0.031,0.03,80.06,2165.6,21.0,33,1,1
17:25:31.851,SONNOLENZA,1,-179.61,-21.43,0.276,-1.092,3.615,-9.165,-0.059,0.062,-0.005,80.06,2167.39,21.0,33,1,1
17:25:32.351,SONNOLENZA,1,177.22,-11.76,0.254,-0.682,3.414,-9.091,-0.127,0.082,-0.027,80.06,2169.84,21.0,33,1,1
17:25:32.851,SONNOLENZA,1,177.99,-14.92,0.171,-0.618,3.749,-9.081,-0.14,0.021,-0.041,80.06,2172.09,21.0,33,1,1
17:25:33.351,SONNOLENZA,1,170.17,-11.28,0.073,-0.637,2.983,-8.928,-0.136,0.096,-0.035,80.06,2167.41,21.0,33,1,1
17:25:33.852,SONNOLENZA,1,174.12,-10.9,0.241,-0.163,2.969,-9.732,-0.176,0.066,-0.039,80.06,2170.03,21.0,33,1,1
17:25:34.352,SONNOLENZA,1,178.25,-13.06,0.245,-1.025,2.739,-8.681,-0.049,0.048,-0.015,80.06,2169.44,21.0,33,1,1
17:25:34.852,SONNOLENZA,1,176.72,-15.03,0.144,-0.57,3.268,-9.299,-0.059,0.036,-0.008,80.06,2151.27,21.0,33,1,1
17:25:35.352,SONNOLENZA,1,177.24,-12.33,0.114,-0.548,3.515,-8.607,-0.243,0.148,-0.071,80.06,2058.21,21.0,33,1,1
17:25:35.852,SONNOLENZA,1,177.08,-12.05,0.117,-0.366,3.136,-9.237,-0.106,0.044,-0.027,80.06,2147.43,21.0,33,1,1
17:25:36.352,SONNOLENZA,1,178.09,-15.24,0.251,-0.606,3.045,-10.594,-0.07,-0.004,-0.001,80.06,2149.62,21.0,34,1,1
17:25:36.852,SONNOLENZA,1,175.48,-11.78,0.255,-0.79,3.203,-9.74,-0.125,0.073,-0.033,80.06,2150.3,21.0,34,1,1
17:25:37.352,SONNOLENZA,1,176.42,-12.45,0.191,-0.311,2.526,-9.452,-0.23,0.048,-0.028,80.06,2150.78,21.0,34,1,1
17:25:37.852,SONNOLENZA,1,176.88,-14.33,0.121,0.362,2.334,-8.854,-0.243,0.068,-0.049,80.06,2148.91,21.0,34,1,1
17:25:38.352,SONNOLENZA,1,177.61,-13.25,0.242,-1.168,3.654,-9.572,-0.222,0.083,-0.048,80.06,2149.19,21.0,34,1,1
17:25:38.852,SONNOLENZA,1,177.41,-13.39,0.25,-1.587,3.187,-9.45,-0.053,0.036,-0.012,80.06,2140.94,21.0,34,1,1
17:25:39.352,SONNOLENZA,1,178.07,-15.52,0.217,-0.781,3.127,-9.457,-0.172,0.06,-0.002,80.06,2144.15,21.0,34,1,1
17:25:39.852,SONNOLENZA,1,177.26,-14.33,0.122,-0.979,3.27,-9.105,-0.135,0.12,-0.027,80.06,2147.37,21.0,34,1,1
17:25:40.353,SONNOLENZA,1,175.21,-13.16,0.1,-1.063,4.106,-8.756,0.015,0.041,0.005,80.06,2143.71,21.0,34,1,1
17:25:40.853,SONNOLENZA,1,172.39,-24.5,0.09,-0.699,3.156,-9.39,-0.083,0.018,-0.013,80.06,2139.67,21.0,34,1,1
17:25:41.353,SONNOLENZA,1,-176.19,0.85,0.167,-0.895,3.426,-8.619,-0.136,0.04,-0.035,80.06,2128.4,21.0,34,1,1
17:25:41.853,SONNOLENZA,1,-175.48,-18.65,0.178,-1.195,3.357,-9.96,-0.189,0.102,-0.013,80.06,2141.11,21.0,34,1,1
17:25:42.353,SONNOLENZA,1,-169.11,-17.66,0.113,-1.152,2.988,-8.38,-0.024,0.072,-0.001,80.06,2141.87,21.0,34,1,1
17:25:42.853,SONNOLENZA,1,-171.34,-18.87,0.178,-1.439,2.471,-10.906,0.146,0.011,0.011,80.06,2138.12,21.0,34,1,1
17:25:43.353,SONNOLENZA,1,-170.35,-3.98,0.156,-1.482,2.89,-9.369,-0.014,0.012,-0.011,80.06,2135.03,21.0,34,1,1
17:25:43.853,SONNOLENZA,1,-179.69,-10.89,0.114,-0.443,2.957,-9.819,-0.26,0.072,-0.05,80.06,2132.51,21.0,34,1,1
17:25:44.353,SONNOLENZA,1,176.61,-12.35,0.149,-1.714,3.836,-9.263,-0.037,0.019,-0.013,80.06,2131.1,21.0,34,1,1
17:25:44.853,SONNOLENZA,1,175.36,-12.89,0.098,-0.927,3.002,-9.61,0.064,0.021,0.026,80.06,2134.3,21.0,34,1,1
17:25:45.353,SONNOLENZA,1,176.47,-12.34,0.232,-1.829,3.924,-8.775,0.091,-0.001,0.025,80.06,2123.94,21.0,34,1,1
17:25:45.853,SONNOLENZA,1,176.75,-11.95,0.17,-0.541,3.225,-9.44,-0.159,0.083,-0.004,80.06,2101.22,21.0,34,1,1
17:25:46.353,SONNOLENZA,1,176.95,-14.37,0.118,-0.383,3.148,-9.249,-0.16,0.067,-0.014,80.06,2116.57,21.0,34,1,1
17:25:46.853,SONNOLENZA,1,176.1,-13.28,0.103,-0.991,4.046,-9.481,-0.046,0.013,-0.006,80.06,2125.11,21.0,34,1,1
17:25:47.353,SONNOLENZA,1,177.7,-16.43,0.196,-0.304,3.759,-9.732,-0.1,0.024,-0.011,80.06,2127.96,21.0,34,1,1
17:25:47.853,SONNOLENZA,1,175.39,-13.91,0.239,-1.528,3.153,-9.021,-0.087,0.135,-0.059,80.06,2130.86,21.0,34,1,1
17:25:48.354,SONNOLENZA,1,175.25,-11.95,0.181,-0.915,3.962,-9.0,-0.027,0.069,-0.029,80.06,2132.35,21.0,34,1,1
17:25:48.854,SONNOLENZA,1,175.87,-14.38,0.129,-0.019,3.1,-9.031,-0.358,0.103,-0.074,80.06,2122.18,21.0,34,1,1
17:25:49.354,SONNOLENZA,1,177.32,-14.63,0.098,-1.101,4.175,-9.723,-0.15,0.054,-0.035,80.06,2119.58,21.0,34,1,1
17:25:49.854,SONNOLENZA,1,176.34,-14.65,0.149,-1.429,2.813,-9.428,-0.093,0.113,-0.007,80.06,2127.96,21.0,34,1,1
17:25:50.354,SONNOLENZA,1,176.14,-15.2,0.26,0.563,2.083,-8.272,-0.291,0.131,-0.042,80.06,2129.39,21.0,34,1,1
17:25:50.854,SONNOLENZA,1,178.13,-14.11,0.102,-1.762,3.666,-10.135,-0.026,0.032,0.001,80.06,2129.76,21.0,34,1,1
17:25:51.354,VIGILE,1,179.53,-12.87,0.269,-1.255,3.519,-9.677,-0.107,0.067,-0.011,80.06,2129.11,21.0,34,1,1
17:25:51.854,VIGILE,1,175.8,-9.87,0.138,-0.979,3.431,-8.243,-0.091,-0.003,0.01,80.06,2128.43,21.0,34,1,1
17:25:52.354,VIGILE,1,179.61,-11.43,0.278,-2.279,4.326,-9.562,0.027,0.051,0.026,80.06,2128.93,21.0,34,1,1
17:25:52.854,VIGILE,1,178.73,-10.01,0.286,-1.322,3.891,-9.888,-0.148,0.107,-0.04,80.06,2126.95,21.0,34,1,1
17:25:53.354,VIGILE,1,179.15,-11.11,0.321,-0.56,3.103,-9.007,-0.205,0.083,-0.046,80.06,2128.16,21.0,34,1,1
17:25:53.854,VIGILE,1,176.84,-5.98,0.297,-0.898,3.232,-8.739,-0.106,0.091,-0.024,80.06,2127.54,21.0,34,1,1
17:25:54.354,VIGILE,1,174.62,-8.4,0.251,-1.03,4.104,-8.408,-0.124,0.077,-0.029,80.06,2127.14,21.0,34,1,1
17:25:54.854,VIGILE,1,177.6,-8.19,0.274,-1.015,3.824,-8.59,-0.127,0.07,-0.03,80.06,2127.48,21.0,34,1,1
17:25:55.354,VIGILE,1,174.63,-6.73,0.263,1.082,3.713,-7.7,-0.466,0.129,-0.083,80.06,2129.35,21.0,34,1,1
17:25:55.854,VIGILE,1,-176.35,-5.42,0.274,0.373,1.985,-8.356,-0.296,-0.04,-0.108,80.06,2131.92,21.0,34,1,1
17:25:56.354,VIGILE,1,174.5,-4.46,0.288,-0.709,3.29,-9.469,-0.297,0.135,-0.053,80.06,2125.93,21.0,34,1,1
17:25:56.855,VIGILE,1,176.22,-9.47,0.262,-0.831,4.089,-8.203,-0.096,0.026,-0.005,80.06,2127.12,21.0,34,1,1
17:25:57.355,VIGILE,1,173.29,-7.72,0.253,-1.094,3.838,-8.49,-0.157,0.034,-0.006,80.06,2127.61,21.0,34,1,1
17:25:57.855,VIGILE,1,175.28,-6.74,0.26,-1.358,3.977,-9.383,-0.093,0.059,-0.017,80.06,2127.28,21.0,34,1,1
17:25:58.355,VIGILE,1,174.48,-7.0,0.242,-1.384,3.689,-8.966,-0.039,0.044,0.005,80.06,2127.71,21.0,34,1,1
17:25:58.855,VIGILE,1,172.43,-5.31,0.268,-1.705,3.766,-8.854,-0.031,-0.017,0.035,80.06,2122.86,21.0,34,1,1
17:25:59.355,VIGILE,1,173.01,-4.67,0.258,-1.049,3.0,-8.423,-0.061,0.051,-0.015,80.06,2125.16,21.0,34,1,1
17:25:59.855,VIGILE,1,173.88,-4.61,0.266,-0.718,3.656,-9.443,-0.067,0.058,-0.012,80.06,2124.89,21.0,34,1,1
17:26:00.355,VIGILE,1,175.29,-5.67,0.268,-0.263,3.194,-10.032,-0.149,0.04,-0.007,80.06,2122.42,21.0,34,1,1
17:26:00.855,VIGILE,1,173.73,-5.57,0.281,-0.577,2.928,-8.669,-0.164,0.078,-0.03,80.06,2123.08,21.0,34,1,1
17:26:01.355,VIGILE,1,176.16,-5.86,0.284,-0.524,3.788,-9.416,-0.183,0.074,-0.044,80.06,2121.81,21.0,34,1,1
17:26:01.855,VIGILE,1,173.54,-6.1,0.271,-0.783,3.692,-7.606,-0.094,0.05,0.014,80.06,2118.19,21.0,34,1,1
17:26:02.356,VIGILE,1,176.05,-5.57,0.266,-1.08,3.558,-9.299,-0.119,0.104,-0.012,80.06,2118.46,21.0,34,1,1
17:26:02.856,VIGILE,1,176.15,-6.61,0.272,-0.462,3.215,-9.163,-0.098,0.055,-0.038,80.06,2117.53,21.0,34,1,1
17:26:03.356,VIGILE,1,173.71,-5.45,0.171,-1.372,3.692,-9.488,-0.04,-0.006,-0.001,80.06,2112.45,21.0,34,1,1
17:26:03.856,VIGILE,1,174.04,-7.28,0.281,-0.644,3.16,-8.368,-0.134,0.076,-0.051,80.06,2110.01,21.0,34,1,1
17:26:04.356,VIGILE,1,175.06,-5.92,0.249,-1.089,3.328,-9.318,-0.135,0.129,-0.025,80.06,2110.32,21.0,34,1,1
17:26:04.856,VIGILE,1,173.35,-5.57,0.271,-0.711,2.986,-9.158,-0.251,0.126,-0.028,80.06,2108.41,21.0,34,1,1
17:26:05.356,VIGILE,1,174.64,-4.73,0.262,-0.431,2.713,-9.819,-0.194,0.094,-0.043,80.06,2110.78,21.0,34,1,1
17:26:05.856,VIGILE,1,174.65,-3.73,0.271,-0.831,3.184,-10.269,-0.236,0.151,-0.048,80.06,2099.18,21.0,34,1,1
17:26:06.356,VIGILE,1,172.98,-2.63,0.286,-1.049,3.342,-9.716,-0.117,0.066,-0.014,80.06,2096.79,21.0,33,1,1
17:26:06.856,VIGILE,1,175.54,-2.55,0.267,-0.443,3.165,-8.844,-0.249,0.152,-0.047,80.06,2099.57,21.0,33,1,1
17:26:07.356,VIGILE,1,176.38,-3.84,0.277,-0.589,3.941,-8.135,-0.351,0.166,-0.102,80.06,2100.12,21.0,33,1,1
17:26:07.856,VIGILE,1,172.5,-35.31,0.418,-0.594,3.081,-9.143,-0.214,0.031,-0.017,80.06,2099.01,21.0,33,1,1
17:26:08.356,VIGILE,1,178.58,-11.03,0.281,-1.171,3.831,-9.182,-0.094,0.041,-0.01,80.06,2096.52,21.0,33,1,1
17:26:08.856,VIGILE,1,177.05,-7.93,0.217,-0.591,2.248,-9.555,-0.147,0.025,0.021,80.06,2098.66,21.0,33,1,1
17:26:09.356,VIGILE,1,175.36,-4.08,0.272,-1.243,3.694,-9.697,-0.054,0.037,-0.039,80.06,2099.0,21.0,33,1,1
17:26:09.856,VIGILE,1,175.52,-5.76,0.279,-2.133,3.302,-9.021,-0.176,0.083,-0.029,80.06,2098.98,21.0,33,1,1
17:26:10.356,VIGILE,1,175.23,-3.89,0.279,-0.781,3.086,-7.8,-0.19,0.066,-0.047,80.06,2090.38,21.0,33,1,1
17:26:10.857,VIGILE,1,178.98,-6.38,0.285,-0.836,3.656,-9.519,-0.189,0.09,-0.048,80.06,2095.63,21.0,33,1,1
17:26:11.357,VIGILE,1,175.43,-6.2,0.152,-1.405,4.087,-9.567,-0.095,0.071,-0.012,80.06,2098.77,21.0,33,1,1
17:26:11.857,VIGILE,1,178.47,-13.52,0.118,-2.03,2.591,-8.973,-0.077,0.121,-0.025,80.06,2092.22,21.0,33,1,1
17:26:12.357,VIGILE,1,178.6,-9.46,0.161,-0.91,3.46,-10.144,-0.132,0.116,-0.054,80.06,2090.6,21.0,33,1,1
17:26:12.857,VIGILE,1,179.6,-6.06,0.256,-2.004,3.081,-9.117,-0.094,0.048,0.017,80.06,2066.9,21.0,33,1,1
17:26:13.357,VIGILE,1,-178.49,-10.7,0.298,-3.06,3.895,-7.812,0.382,-0.025,0.085,80.06,2006.65,21.0,33,1,1
17:26:13.857,VIGILE,1,179.2,-9.84,0.276,-0.893,3.065,-9.572,0.042,0.019,-0.006,80.06,2082.57,21.0,33,1,1
17:26:14.357,VIGILE,1,176.27,-3.48,0.254,-1.331,3.012,-9.337,-0.198,0.103,-0.018,80.06,2080.26,21.0,33,1,1
17:26:14.857,VIGILE,1,177.35,-4.77,0.263,-0.304,3.879,-9.045,-0.327,0.172,-0.09,80.06,2080.44,21.0,33,1,1
17:26:15.357,VIGILE,1,177.83,-8.23,0.268,-0.457,2.796,-8.334,-0.373,0.059,-0.06,80.06,2079.21,21.0,33,1,1
17:26:15.857,VIGILE,1,178.78,-7.14,0.274,-1.322,3.175,-8.789,-0.127,0.142,-0.041,80.06,2060.69,21.0,33,1,1
17:26:16.357,VIGILE,1,175.35,-4.38,0.273,-0.45,2.619,-8.176,-0.268,0.094,-0.035,80.06,2071.01,21.0,33,1,1
17:26:16.857,VIGILE,1,-179.05,-11.18,0.256,-5.49,4.113,-9.488,0.654,-0.132,0.195,80.06,2075.95,21.0,33,1,1
17:26:17.357,VIGILE,1,174.99,-3.89,0.272,-0.608,3.115,-9.148,-0.086,0.021,-0.088,80.06,2080.52,21.0,33,1,1
17:26:17.857,VIGILE,1,173.92,-4.45,0.292,-3.776,3.567,-8.14,-0.191,0.105,-0.003,80.06,2084.28,21.0,33,1,1
17:26:18.357,VIGILE,1,175.44,-6.51,0.266,-2.32,3.033,-7.934,0.004,-0.007,0.002,80.06,2087.53,21.0,33,1,1
17:26:18.858,VIGILE,1,175.67,-7.41,0.283,-1.724,2.784,-8.404,-0.056,0.061,-0.018,80.06,2082.19,21.0,33,1,1
17:26:19.358,VIGILE,1,175.86,-9.65,0.27,-1.484,3.879,-9.304,-0.137,0.085,-0.023,80.06,2081.3,21.0,33,1,1
17:26:19.858,VIGILE,1,174.95,-8.45,0.254,-1.891,3.412,-9.285,-0.128,0.069,0.0,80.06,2075.46,21.0,33,1,1
17:26:20.358,VIGILE,1,174.29,-6.21,0.269,-1.137,3.747,-9.44,-0.23,0.087,-0.039,80.06,2072.22,21.0,33,1,1
17:26:20.858,VIGILE,1,176.02,-7.44,0.205,0.596,3.098,-10.106,-0.158,0.004,-0.044,80.06,2047.52,21.0,33,1,1
17:26:21.358,VIGILE,1,175.48,-4.37,0.28,-1.097,3.8,-9.541,-0.067,0.069,0.012,80.06,2037.32,21.0,33,1,1
17:26:21.858,VIGILE,1,176.82,-1.08,0.297,-2.035,2.686,-9.424,-0.014,-0.016,0.025,80.06,2015.97,21.0,33,1,1
17:26:22.358,VIGILE,1,177.36,2.12,0.289,-0.622,2.978,-9.567,-0.119,0.078,-0.015,80.06,1997.44,21.0,33,1,1
17:26:22.858,VIGILE,1,175.76,3.18,0.251,-1.446,3.096,-9.459,-0.09,0.015,0.002,80.06,1946.55,21.0,33,1,1
17:26:23.358,VIGILE,1,175.47,3.97,0.274,-1.444,3.024,-8.993,-0.158,0.046,-0.011,80.06,1998.25,21.0,33,1,1
17:26:23.858,VIGILE,1,174.32,1.5,0.286,-0.56,3.136,-9.311,-0.237,0.135,-0.038,80.06,2002.98,20.9,33,1,1
17:26:24.358,VIGILE,1,176.2,-10.08,0.254,-0.955,3.598,-9.254,-0.158,0.103,-0.037,80.06,2011.08,20.9,33,1,1
17:26:24.858,VIGILE,1,179.19,2.11,0.291,-1.472,3.074,-9.699,-0.093,0.066,0.01,80.06,2007.48,20.9,33,1,1
17:26:25.358,VIGILE,1,175.11,0.83,0.285,-2.119,2.761,-8.851,-0.107,0.047,0.037,80.06,2008.46,20.9,33,1,1
17:26:25.858,VIGILE,1,175.48,7.73,0.284,-2.073,4.025,-8.957,-0.13,0.081,-0.035,80.06,2008.27,20.9,33,1,1
17:26:26.358,VIGILE,1,174.27,4.24,0.272,-1.944,4.132,-9.086,-0.27,0.131,-0.038,80.06,2032.28,20.9,33,1,1
17:26:26.858,VIGILE,1,175.82,3.93,0.278,-2.078,4.439,-9.019,-0.155,0.079,-0.013,80.06,2045.05,20.9,33,1,1
17:26:27.359,VIGILE,1,176.24,-0.08,0.28,-1.587,4.36,-8.983,-0.062,0.011,0.047,80.06,2053.84,20.9,33,1,1
17:26:27.859,VIGILE,1,176.82,-0.88,0.211,-1.434,4.877,-9.385,-0.16,0.068,0.071,80.06,2063.12,20.9,33,1,1
17:26:28.359,VIGILE,1,175.24,-7.5,0.251,-1.264,6.201,-9.823,-0.092,0.074,0.101,80.06,2044.32,20.9,33,1,1
17:26:28.859,VIGILE,1,174.01,-8.78,0.282,-1.932,5.377,-8.799,-0.14,0.08,0.078,80.06,2067.97,20.9,33,1,1
17:26:29.359,VIGILE,1,177.33,-4.14,0.272,-1.061,2.552,-9.096,-0.278,0.13,-0.031,80.06,2074.07,20.9,33,1,1
17:26:29.859,VIGILE,1,176.05,-14.76,0.267,-1.513,3.582,-9.462,-0.049,0.025,0.014,80.06,2072.07,20.9,33,1,1
17:26:30.359,VIGILE,1,176.79,-14.12,0.285,-2.152,2.981,-8.813,-0.251,0.1,-0.047,80.06,2004.77,20.9,33,1,1
17:26:30.859,VIGILE,1,175.91,-11.1,0.274,-2.502,3.328,-10.518,-0.025,0.084,-0.037,80.06,1524.51,20.9,33,1,1
17:26:31.359,VIGILE,1,177.14,-4.64,0.259,0.644,3.05,-10.147,-0.17,0.123,-0.093,80.06,1907.52,20.9,33,1,1
17:26:31.859,VIGILE,1,173.81,-5.14,0.278,-0.354,3.354,-9.249,-0.064,0.026,-0.07,80.06,1839.6,20.9,33,1,1
17:26:32.359,VIGILE,1,179.66,-8.4,0.323,-1.329,0.819,-9.22,-0.495,0.248,-0.119,80.06,1900.35,20.9,33,1,1
17:26:32.859,VIGILE,1,178.7,-6.5,0.294,0.362,2.574,-9.941,-0.441,0.047,-0.097,80.06,2039.93,20.9,33,1,1
17:26:33.359,VIGILE,1,174.98,-8.02,0.266,-1.8,2.272,-8.859,-0.059,0.072,-0.017,80.06,2004.73,20.9,33,1,1
17:26:33.859,VIGILE,1,174.97,-1.41,0.295,0.134,2.382,-10.848,-0.118,0.043,-0.051,80.06,1928.46,20.9,33,1,1
17:26:34.359,VIGILE,1,174.72,-1.22,0.251,-0.575,3.484,-9.242,-0.128,0.089,-0.043,80.06,2022.71,20.9,33,1,1
17:26:34.859,VIGILE,1,177.47,-6.0,0.252,-0.247,4.638,-9.91,-0.339,0.089,-0.028,80.06,2027.26,20.9,33,1,1
17:26:35.360,VIGILE,1,178.3,-3.43,0.288,-0.421,3.297,-10.161,-0.209,0.046,-0.047,80.06,1970.61,20.9,33,1,1
17:26:35.860,VIGILE,1,-179.62,-12.01,0.294,-0.857,2.928,-7.192,-0.126,0.13,-0.002,80.06,2032.24,20.9,33,1,1
17:26:36.360,VIGILE,1,176.6,-1.28,0.26,-3.761,1.097,-7.472,0.118,-0.101,0.109,80.06,2012.9,20.9,33,1,1
17:26:36.860,VIGILE,1,175.76,-2.76,0.294,-1.583,4.451,-8.76,-0.114,0.045,0.013,80.06,1987.11,20.9,33,1,1
17:26:37.360,VIGILE,1,175.0,-4.21,0.304,-5.047,3.51,-12.692,0.16,0.016,0.141,80.06,1988.83,20.9,33,1,1
17:26:37.860,VIGILE,1,178.53,-1.16,0.3,0.948,4.441,-9.582,-0.375,0.069,-0.14,80.06,1919.98,20.9,33,1,1
17:26:38.360,VIGILE,1,-178.32,12.56,0.087,-0.939,2.301,-8.514,-0.15,0.08,-0.047,80.06,1784.48,20.9,33,1,1
17:26:38.860,VIGILE,1,178.64,1.34,0.288,-2.33,3.282,-9.005,0.06,0.019,-0.006,80.06,1951.62,20.9,33,1,1
17:26:39.360,VIGILE,1,178.19,-6.3,0.292,-1.307,3.685,-10.111,-0.42,0.133,-0.088,80.06,1979.01,20.9,33,1,1
17:26:39.860,VIGILE,1,-176.88,8.02,0.125,-2.928,4.748,-11.234,-0.024,0.11,-0.012,80.06,2025.87,20.9,33,1,1
17:26:40.360,VIGILE,1,178.36,0.39,0.275,-1.097,3.871,-9.51,-0.192,0.127,-0.016,80.06,1928.5,20.9,33,1,1
17:26:40.860,VIGILE,1,176.23,-1.56,0.224,-0.577,4.468,-10.036,0.81,-0.066,0.135,80.06,1782.29,20.9,33,1,1
17:26:41.360,VIGILE,1,179.63,3.17,0.093,-1.705,1.046,-9.792,-0.074,0.061,-0.162,80.06,1698.91,20.9,33,1,1
17:26:41.860,NERVOSO,0,0.0,0.0,0.0,1.549,5.911,-8.344,-0.404,0.109,0.152,80.06,2005.56,20.9,33,1,1
17:26:42.360,NERVOSO,1,-175.41,-2.28,0.142,-1.793,0.927,-9.704,-0.013,0.047,-0.161,80.06,2070.62,20.9,33,1,1
17:26:42.860,NERVOSO,0,0.0,0.0,0.0,-1.149,7.379,-10.405,-0.031,-0.007,0.296,80.06,2067.81,20.9,33,1,1
17:26:43.360,NERVOSO,1,-172.82,16.62,0.296,-3.12,-0.429,-8.526,-0.054,0.116,-0.244,80.06,2071.75,20.9,33,1,1
17:26:43.861,NERVOSO,0,0.0,0.0,0.0,-3.941,-0.053,-11.619,-0.08,0.124,-0.242,80.06,2052.22,20.9,33,1,1
17:26:44.361,NERVOSO,1,-177.4,17.86,0.269,-1.051,2.887,-8.796,0.099,-0.088,-0.069,80.06,2024.23,20.9,33,1,1
17:26:44.861,NERVOSO,1,172.17,38.56,0.272,-0.158,5.231,-8.758,-0.553,0.199,-0.036,80.06,1946.61,20.9,33,1,1
17:26:45.361,NERVOSO,1,171.52,26.53,0.284,1.444,7.367,-7.319,-0.005,-0.103,0.301,80.06,1978.09,20.9,33,1,1
17:26:45.861,NERVOSO,1,-177.96,-3.66,0.287,-3.73,-5.205,-11.03,-0.405,0.015,-0.278,80.06,2028.25,20.9,33,1,1
17:26:46.361,NERVOSO,1,-176.29,15.62,0.302,-0.007,4.791,-8.887,-0.156,0.122,0.062,80.06,2003.45,20.9,33,1,1
17:26:46.861,NERVOSO,0,0.0,0.0,0.0,-2.923,-0.335,-9.668,0.06,0.082,-0.317,80.06,2003.37,20.9,33,1,1
17:26:47.361,NERVOSO,1,157.81,61.65,0.314,2.866,9.369,-9.045,-0.371,0.021,0.494,80.06,1985.05,20.9,33,1,1
17:26:47.861,NERVOSO,0,0.0,0.0,0.0,-0.256,3.984,-8.464,-0.107,-0.05,0.042,80.06,1943.14,20.9,33,1,1
17:26:48.361,NERVOSO,1,-177.51,14.63,0.299,-0.048,6.05,-9.218,-0.002,0.014,0.126,80.06,1943.01,20.9,33,1,1
17:26:48.861,NERVOSO,1,-176.36,15.2,0.3,-2.67,-0.974,-9.864,-0.181,0.133,-0.288,80.06,1960.04,20.9,33,1,1
17:26:49.361,NERVOSO,1,-177.92,28.4,0.349,2.105,5.253,-9.239,-0.763,0.317,-0.596,80.06,1920.59,20.9,33,1,1
17:26:49.861,NERVOSO,1,178.74,-27.28,0.293,-1.559,4.171,-8.665,0.102,-0.087,0.052,80.06,1924.4,20.9,33,1,1
17:26:50.361,NERVOSO,1,-177.21,40.29,0.32,2.583,7.202,-9.201,-0.509,0.149,0.262,80.06,2019.52,20.9,33,1,1
17:26:50.861,NERVOSO,1,-177.54,11.22,0.31,0.804,7.745,-7.86,-0.072,-0.065,0.232,80.06,2030.72,20.9,33,1,1
17:26:51.361,NERVOSO,1,-176.66,-13.05,0.317,-2.521,0.28,-10.578,0.008,0.177,-0.183,80.06,1999.66,20.9,33,1,1
17:26:51.861,NERVOSO,1,-178.49,-8.31,0.298,1.073,4.712,-9.292,-0.087,0.056,0.025,80.06,2029.14,20.9,33,1,1
17:26:52.362,NERVOSO,1,-174.09,23.79,0.331,-1.872,0.915,-10.259,-0.071,0.121,-0.158,80.06,2001.21,20.9,33,1,1
17:26:52.862,NERVOSO,1,-177.43,35.03,0.331,1.252,4.87,-8.964,-0.239,0.093,0.117,80.06,1950.04,20.9,33,1,1
17:26:53.362,NERVOSO,1,-177.02,-10.23,0.295,-1.48,4.463,-10.108,-0.196,0.059,-0.046,80.06,1934.83,20.9,33,1,1
17:26:53.862,NERVOSO,1,-174.51,13.02,0.291,1.64,7.884,-8.559,-0.038,-0.133,0.284,80.06,1868.21,20.9,33,1,1
17:26:54.362,NERVOSO,1,177.56,-37.65,0.297,-3.065,-0.522,-10.053,-0.279,0.162,-0.213,80.06,1775.82,20.9,33,1,1
17:26:54.862,NERVOSO,0,0.0,0.0,0.0,-0.06,5.844,-7.75,-0.276,-0.297,0.426,80.06,1805.91,20.9,33,1,1
17:26:55.362,NERVOSO,1,-176.73,0.74,0.3,-0.182,3.582,-9.606,-0.061,0.004,-0.083,80.06,1600.05,20.9,33,1,1
17:26:55.862,NERVOSO,1,-175.37,12.29,0.294,-2.116,-0.819,-9.251,-0.658,0.258,-0.194,80.06,1509.22,20.9,33,1,1
17:26:56.362,NERVOSO,1,-178.28,16.06,0.294,2.998,10.029,-8.399,-0.197,0.038,0.285,80.06,1457.66,20.8,33,1,1
17:26:56.862,NERVOSO,1,179.44,-11.44,0.307,-3.033,2.545,-9.546,-0.207,0.102,-0.135,80.06,1332.11,20.8,33,1,1
17:26:57.362,NERVOSO,1,-176.4,16.04,0.286,-0.28,4.178,-11.368,0.44,-0.163,0.229,80.06,1560.13,20.8,33,1,1
17:26:57.862,NERVOSO,1,-173.21,18.69,0.287,-0.11,1.86,-9.371,-0.385,0.216,-0.06,80.06,1551.71,20.8,33,1,1
17:26:58.362,NERVOSO,1,-178.03,17.55,0.287,-1.113,7.348,-7.989,-0.075,0.046,0.047,80.06,1582.94,20.8,33,1,1
17:26:58.862,NERVOSO,1,-174.96,20.05,0.323,-2.725,1.168,-9.608,-0.05,0.123,-0.153,80.06,1691.5,20.8,33,1,1
17:26:59.362,NERVOSO,1,-175.55,22.81,0.298,1.724,9.392,-7.52,-0.146,-0.011,0.335,80.06,1622.08,20.8,33,1,1
17:26:59.862,NERVOSO,1,-175.41,22.35,0.312,1.583,6.893,-8.054,-0.171,0.007,0.216,80.06,1663.05,20.8,33,1,1
17:27:00.362,NERVOSO,0,0.0,0.0,0.0,-4.025,-0.728,-10.542,-0.12,0.155,-0.298,80.06,1725.5,20.8,33,1,1
17:27:00.862,NERVOSO,1,-176.05,19.04,0.149,-1.233,3.56,-9.481,-0.144,0.074,-0.057,80.06,1561.0,20.8,33,1,1
17:27:01.363,NERVOSO,1,-177.04,5.18,0.261,-1.367,2.938,-9.661,-0.23,0.061,-0.069,80.06,1587.34,20.8,33,1,1
17:27:01.863,NERVOSO,1,178.15,3.5,0.255,-1.025,3.63,-9.728,-0.108,0.046,-0.041,80.06,1749.62,20.8,33,1,1
17:27:02.363,NERVOSO,1,178.2,6.11,0.291,-2.064,3.979,-9.179,-0.058,0.119,0.013,80.06,1818.42,20.8,33,1,1
17:27:02.863,VIGILE,1,178.49,6.76,0.322,-1.211,3.294,-8.969,-0.025,0.043,-0.006,80.06,1859.79,20.8,33,1,1
17:27:03.363,VIGILE,1,-179.95,19.53,0.201,-1.154,4.14,-9.227,-0.102,0.056,0.025,80.06,1868.53,20.8,33,1,1
17:27:03.863,VIGILE,1,179.57,11.75,0.285,0.249,4.767,-9.385,-0.218,0.095,-0.014,80.06,1750.49,20.8,33,1,1
17:27:04.363,VIGILE,1,177.38,6.11,0.287,-1.269,4.312,-8.375,-0.094,0.045,0.051,80.06,1604.48,20.8,33,1,1
17:27:04.863,VIGILE,1,177.26,-0.34,0.282,-0.73,3.175,-9.56,-0.175,0.071,0.01,80.06,1821.34,20.8,33,1,1
17:27:05.363,VIGILE,1,176.42,3.13,0.285,-1.379,3.213,-9.742,-0.139,0.092,0.002,80.06,1903.5,20.8,33,1,1
17:27:05.863,VIGILE,1,-179.51,-3.86,0.305,-0.22,2.241,-7.18,-0.551,0.005,-0.164,80.06,1974.0,20.8,33,1,1
17:27:06.363,VIGILE,1,176.4,-5.86,0.162,-2.2,2.729,-8.94,0.0,0.064,-0.066,80.06,1919.02,20.8,33,1,1
17:27:06.863,VIGILE,1,177.06,-8.23,0.281,-1.539,1.949,-10.06,-0.203,0.145,-0.072,80.06,1879.93,20.8,33,1,1
17:27:07.363,VIGILE,1,175.74,-6.87,0.303,-1.216,2.969,-10.216,-0.247,0.1,-0.048,80.06,1866.09,20.8,33,1,1
17:27:07.863,VIGILE,1,176.52,0.15,0.281,0.148,3.235,-9.182,-0.006,-0.053,-0.079,80.06,1922.99,20.8,33,1,1
17:27:08.363,VIGILE,1,174.89,3.79,0.274,-1.02,3.158,-9.215,-0.203,0.084,-0.041,80.06,1887.29,20.8,33,1,1
17:27:08.863,VIGILE,1,175.95,0.65,0.253,-0.702,3.148,-9.256,-0.192,0.101,-0.039,80.06,1699.55,20.8,33,1,1
17:27:09.363,VIGILE,1,175.83,5.27,0.271,-0.555,4.111,-9.191,-0.143,0.09,0.01,80.06,1636.0,20.8,33,1,1
17:27:09.864,VIGILE,1,177.46,-0.07,0.282,-0.634,3.689,-9.778,-0.162,0.06,-0.015,80.06,1859.03,20.8,33,1,1
17:27:10.364,VIGILE,1,176.45,-3.66,0.268,-0.622,4.262,-8.353,-0.107,0.039,-0.017,80.06,1849.85,20.8,33,1,1
17:27:10.864,VIGILE,1,175.1,1.48,0.264,-0.508,3.618,-9.771,-0.171,0.113,-0.013,80.06,1814.27,20.8,33,1,1
17:27:11.364,VIGILE,1,175.26,1.3,0.281,-0.781,3.704,-8.77,-0.181,0.066,-0.018,80.06,1934.14,20.8,33,1,1
17:27:11.864,VIGILE,1,176.19,-2.14,0.286,-0.445,3.994,-9.093,-0.157,0.079,-0.027,80.06,1947.81,20.8,33,1,1
17:27:12.364,VIGILE,1,176.17,0.24,0.286,-1.429,4.106,-8.894,-0.087,0.055,0.002,80.06,1877.81,20.8,33,1,1
17:27:12.864,VIGILE,1,175.81,4.6,0.298,-0.907,3.97,-9.242,-0.104,0.039,0.009,80.06,1913.09,20.8,33,1,1
17:27:13.364,VIGILE,1,174.7,5.86,0.293,-0.974,3.874,-9.632,-0.161,0.073,-0.012,80.06,1903.43,20.8,33,1,1
17:27:13.864,VIGILE,1,176.78,2.91,0.291,-1.319,2.708,-9.225,-0.134,0.03,-0.026,80.06,1839.59,20.8,33,1,1
17:27:14.364,VIGILE,1,175.42,-0.74,0.274,-1.209,2.935,-8.169,-0.093,0.033,0.0,80.06,1793.36,20.8,33,1,1
17:27:14.864,VIGILE,1,176.51,1.11,0.273,-0.867,3.359,-8.873,-0.177,0.044,-0.024,80.06,1916.35,20.8,33,1,1
17:27:15.364,VIGILE,1,176.0,4.66,0.277,-1.58,3.888,-9.385,0.07,0.041,0.022,80.06,1890.43,20.8,33,1,1
17:27:15.864,VIGILE,1,175.17,-0.86,0.276,-1.417,4.204,-9.067,-0.173,0.098,-0.032,80.06,1782.38,20.8,33,1,1
17:27:16.364,VIGILE,1,176.27,-1.61,0.302,-3.146,3.656,-8.871,-0.246,0.033,-0.027,80.06,2002.63,20.8,33,1,1
17:27:16.865,VIGILE,1,179.61,-8.23,0.278,-0.876,3.424,-8.854,-0.19,0.096,-0.021,80.06,2054.67,20.8,33,1,1
17:27:17.365,VIGILE,1,-179.93,-9.65,0.282,-1.104,3.34,-9.002,-0.098,0.063,-0.009,80.06,2055.31,20.8,33,1,1
17:27:17.866,VIGILE,1,175.62,-2.97,0.276,-1.554,3.857,-9.754,-0.096,0.065,0.004,80.06,2056.87,20.8,33,1,1
17:27:18.366,VIGILE,1,177.88,-1.47,0.269,-0.51,3.397,-10.135,-0.14,0.058,-0.037,80.06,2052.76,20.8,33,1,1
17:27:18.866,VIGILE,1,179.33,-3.47,0.283,-0.737,3.785,-9.256,-0.166,0.094,-0.035,80.06,2053.16,20.8,33,1,1
17:27:19.366,VIGILE,1,174.71,-2.02,0.259,-0.941,3.479,-9.096,-0.164,0.066,-0.022,80.06,2049.23,20.8,33,1,1
17:27:19.866,VIGILE,1,175.69,-0.36,0.263,0.354,4.08,-8.078,0.002,-0.025,-0.041,80.06,2046.97,20.8,33,1,1
17:27:20.366,VIGILE,1,174.77,-3.04,0.273,-0.821,3.582,-9.936,-0.146,0.083,-0.028,80.06,2019.38,20.8,33,1,1
17:27:20.866,VIGILE,1,175.84,6.0,0.281,-1.836,3.148,-9.531,-0.217,0.076,-0.058,80.06,1987.92,20.8,33,1,1
17:27:21.367,VIGILE,1,175.1,1.85,0.279,-2.025,3.654,-9.323,-0.11,0.046,-0.027,80.06,2004.92,20.8,33,1,1
17:27:21.867,VIGILE,1,-179.94,-5.34,0.278,-2.162,3.062,-9.436,-0.141,0.055,-0.03,80.06,2046.46,20.8,33,1,1
17:27:22.367,VIGILE,1,177.53,-2.97,0.288,-1.118,3.845,-9.309,-0.185,0.093,-0.027,80.06,2052.96,20.8,33,1,1
17:27:22.867,VIGILE,1,176.95,5.43,0.289,-1.343,3.431,-10.048,-0.047,0.047,0.008,80.06,2055.85,20.8,33,1,1
17:27:23.367,VIGILE,1,-179.2,7.97,0.308,-2.837,4.355,-9.404,-0.103,0.07,-0.015,80.06,2051.92,20.8,33,1,1
17:27:23.867,VIGILE,1,-170.95,34.26,0.317,-3.05,4.623,-8.808,-0.059,0.03,0.005,80.06,2052.27,20.8,33,1,1
17:27:24.367,VIGILE,1,-174.67,54.26,0.53,-1.925,4.293,-8.636,-0.151,0.104,0.008,80.06,2051.72,20.8,33,1,1
17:27:24.867,VIGILE,1,174.85,48.35,0.402,-3.496,5.921,-9.361,-0.167,0.107,0.115,80.06,2048.65,20.8,33,1,1
17:27:25.367,VIGILE,1,-177.57,40.58,0.335,-0.752,5.962,-8.432,-0.146,-0.058,0.212,80.06,2061.84,20.8,33,1,1
17:27:25.867,VIGILE,1,-178.97,42.25,0.413,-0.457,5.708,-8.49,-0.076,-0.057,0.361,80.06,2067.16,20.8,33,1,1
17:27:26.367,VIGILE,1,-175.64,46.0,0.425,0.266,6.337,-7.975,-0.072,-0.118,0.429,80.06,2076.44,20.8,33,1,1
17:27:26.867,VIGILE,1,-178.16,47.3,0.326,-0.182,6.093,-8.588,-0.006,-0.11,0.454,80.06,2079.95,20.8,33,1,1
17:27:27.367,VIGILE,1,177.91,45.71,0.443,0.622,6.687,-7.463,-0.051,-0.161,0.482,80.06,2094.52,20.8,33,1,1
17:27:27.867,VIGILE,1,-178.32,43.37,0.383,0.486,5.018,-7.673,-0.007,-0.11,0.47,80.06,2091.43,20.8,33,1,1
17:27:28.367,VIGILE,1,-175.53,40.74,0.335,-0.259,5.72,-8.279,-0.161,-0.038,0.362,80.06,2091.16,20.8,33,1,1
17:27:28.867,VIGILE,1,-173.97,39.66,0.379,-1.001,5.399,-8.847,-0.172,-0.004,0.306,80.06,2076.43,20.8,33,1,1
17:27:29.370,VIGILE,1,-175.49,36.17,0.323,0.627,5.578,-8.789,-0.129,-0.048,0.326,80.06,2053.51,20.8,33,1,1
17:27:29.870,VIGILE,1,-174.27,38.01,0.164,-0.055,4.757,-8.109,-0.144,-0.017,0.26,80.06,2057.12,20.8,33,1,1
17:27:30.370,VIGILE,1,-178.29,23.67,0.281,-0.153,4.985,-9.081,-0.124,-0.001,0.145,80.06,2081.08,20.8,33,1,1
17:27:30.870,VIGILE,1,-176.57,-0.48,0.282,-0.196,3.642,-9.383,-0.019,0.055,0.052,80.06,2095.96,20.8,33,1,1
17:27:31.370,VIGILE,1,172.07,1.69,0.282,-1.07,3.316,-8.859,-0.097,0.065,-0.018,80.06,2097.26,20.8,33,1,1
17:27:31.870,VIGILE,1,176.68,0.08,0.288,-1.204,2.318,-9.598,-0.083,0.058,-0.027,80.06,2107.58,20.8,33,1,1
17:27:32.370,VIGILE,1,177.89,-2.65,0.283,-0.065,1.834,-7.697,-0.364,0.094,-0.076,80.06,2111.03,20.8,33,1,1
17:27:32.871,VIGILE,1,-178.7,-1.5,0.297,-2.626,3.838,-9.488,-0.054,0.074,0.017,80.06,2121.01,20.8,33,1,1
17:27:33.371,VIGILE,1,174.95,2.28,0.278,-1.156,3.098,-9.771,-0.022,0.001,0.011,80.06,2120.26,20.8,33,1,1
17:27:33.871,VIGILE,1,177.26,0.1,0.288,-1.104,3.606,-9.498,-0.086,0.049,0.007,80.06,2119.99,20.8,33,1,1
17:27:34.371,VIGILE,1,176.77,-2.22,0.277,-1.865,2.586,-8.988,-0.076,0.038,0.004,80.06,2120.9,20.8,33,1,1
17:27:34.871,VIGILE,1,177.41,3.01,0.289,-1.262,3.711,-8.859,-0.192,0.088,-0.034,80.06,2119.26,20.8,33,1,1
17:27:35.371,VIGILE,1,175.11,-2.12,0.281,-3.144,4.106,-8.873,0.014,0.015,0.026,80.06,2114.99,20.8,33,1,1
17:27:35.871,VIGILE,1,176.94,-2.52,0.288,-3.795,4.264,-8.452,-0.158,0.05,-0.005,80.06,2115.91,20.8,33,1,1
17:27:36.371,VIGILE,1,175.61,-2.84,0.281,-3.668,4.266,-8.885,-0.104,0.055,-0.006,80.06,2117.62,20.8,33,1,1
17:27:36.871,VIGILE,1,178.22,-1.63,0.272,-3.675,4.592,-8.114,-0.172,0.059,-0.022,80.06,2115.61,20.8,33,1,1
17:27:37.371,VIGILE,1,178.38,-11.43,0.282,-1.132,3.206,-9.222,-0.13,0.069,-0.015,80.06,2113.6,20.8,33,1,1
17:27:37.871,VIGILE,1,178.01,-5.79,0.276,-0.697,2.871,-9.072,-0.126,0.1,-0.014,80.06,2109.31,20.8,33,1,1
17:27:38.371,VIGILE,1,177.21,-3.8,0.265,0.127,2.588,-10.065,-0.153,0.068,-0.019,80.06,2106.11,20.8,33,1,1
17:27:38.871,VIGILE,1,175.53,-1.86,0.304,-0.426,3.359,-9.165,-0.103,0.06,-0.01,80.06,2104.56,20.8,33,1,1
17:27:39.371,VIGILE,1,179.43,-5.27,0.291,-0.804,2.935,-9.802,-0.077,0.04,-0.011,80.06,2104.13,20.8,33,1,1
17:27:39.871,VIGILE,1,-179.64,-8.32,0.279,-1.432,3.515,-9.213,-0.117,0.044,-0.025,80.06,2099.67,20.8,33,1,1
17:27:40.371,VIGILE,1,179.89,-1.91,0.294,-1.07,3.575,-9.213,-0.087,0.042,-0.016,80.06,2097.4,20.8,33,1,1
17:27:40.871,VIGILE,1,177.65,-2.13,0.298,-0.108,2.957,-9.634,-0.07,0.054,0.006,80.06,2092.41,20.8,33,1,1
17:27:41.372,VIGILE,1,178.6,-5.76,0.262,1.001,2.025,-10.57,-0.151,0.079,-0.033,80.06,2081.54,20.8,33,1,1
17:27:41.872,VIGILE,1,-179.4,-2.83,0.284,0.702,2.073,-9.752,-0.232,0.091,-0.051,80.06,2070.98,20.8,33,1,1
17:27:42.372,VIGILE,1,-179.31,-9.02,0.285,-1.209,3.144,-9.244,-0.036,0.048,0.005,80.06,2061.73,20.8,33,1,1
17:27:42.872,VIGILE,1,179.12,-8.89,0.275,-1.355,2.82,-9.816,-0.057,0.09,-0.038,80.06,2052.93,20.8,33,1,1
17:27:43.372,VIGILE,1,-179.79,-11.04,0.283,-1.233,3.563,-9.392,-0.056,0.026,-0.015,80.06,2042.4,20.8,33,1,1
17:27:43.872,VIGILE,1,179.65,-7.73,0.269,-0.201,3.136,-9.345,-0.077,0.036,-0.009,80.06,2033.37,20.8,33,1,1
17:27:44.372,VIGILE,1,-172.76,32.18,0.154,-1.551,3.179,-8.758,-0.163,0.06,-0.039,80.06,2029.67,20.8,33,1,1
17:27:44.872,DISTRAZIONE,1,-171.48,35.02,0.27,-0.369,3.16,-9.256,-0.19,0.098,-0.027,80.06,2032.27,20.8,33,1,1
17:27:45.372,DISTRAZIONE,0,0.0,0.0,0.0,-0.115,2.267,-9.433,-0.229,0.111,-0.039,80.06,2037.51,20.8,33,1,1
17:27:45.872,DISTRAZIONE,1,-172.83,72.45,0.385,-0.024,1.506,-7.264,-0.462,0.114,-0.102,80.06,2034.23,20.8,33,1,1
17:27:46.372,DISTRAZIONE,1,177.05,66.39,0.333,0.553,2.82,-8.641,-0.035,0.167,0.01,80.06,2038.67,20.8,33,1,1
17:27:46.872,DISTRAZIONE,1,-175.8,35.57,0.306,-0.642,3.481,-9.325,-0.104,0.025,0.003,80.06,2053.58,20.8,33,1,1
17:27:47.372,DISTRAZIONE,1,-174.14,58.41,0.344,-0.256,2.119,-7.156,-0.176,-0.055,0.01,80.06,2058.56,20.8,33,1,1
17:27:47.872,DISTRAZIONE,1,-170.17,25.81,0.289,-0.254,1.7,-12.1,-0.139,0.101,0.041,80.06,2068.53,20.8,33,1,1
17:27:48.373,DISTRAZIONE,1,-172.45,-61.81,0.353,-0.438,3.457,-8.892,-0.143,0.089,-0.036,80.06,2074.2,20.8,33,1,1
17:27:48.873,DISTRAZIONE,1,-167.21,-69.53,0.586,-0.417,2.875,-8.988,-0.229,0.122,-0.073,80.06,2072.24,20.8,33,1,1
17:27:49.373,DISTRAZIONE,1,-173.19,-66.0,0.401,-1.899,2.581,-9.948,-0.092,0.035,-0.004,80.06,2074.76,20.8,33,1,1
17:27:49.873,DISTRAZIONE,1,-174.85,-29.81,0.323,-2.025,3.299,-9.661,-0.094,0.039,0.003,80.06,2073.6,20.8,33,1,1
17:27:50.373,DISTRAZIONE,0,0.0,0.0,0.0,-1.391,3.795,-8.456,-0.172,0.096,0.01,80.06,2066.78,20.8,33,1,1
17:27:50.873,DISTRAZIONE,1,179.14,-42.38,0.506,-2.037,3.479,-9.637,-0.228,0.108,-0.002,80.06,2067.78,20.8,33,1,1
17:27:51.373,DISTRAZIONE,1,-161.75,-81.37,0.562,-1.111,2.942,-9.012,0.005,0.025,0.027,80.06,2080.28,20.8,33,1,1
17:27:51.873,DISTRAZIONE,1,-173.25,-81.28,0.533,-1.408,3.893,-8.559,-0.154,0.048,-0.016,80.06,2078.36,20.8,33,1,1
17:27:52.373,DISTRAZIONE,1,175.43,-45.68,0.561,-1.334,3.84,-8.964,-0.138,0.056,-0.018,80.06,2081.79,20.8,33,1,1
17:27:52.873,DISTRAZIONE,0,0.0,0.0,0.0,-1.144,3.531,-9.416,0.021,0.009,0.033,80.06,2082.83,20.8,33,1,1
17:27:53.373,DISTRAZIONE,1,-176.7,-37.21,0.341,-0.91,3.261,-9.052,-0.135,0.077,-0.012,80.06,2084.7,20.8,33,1,1
17:27:53.873,DISTRAZIONE,1,160.05,-84.46,0.509,-0.742,3.503,-8.969,-0.18,0.103,-0.005,80.06,2090.16,20.8,33,1,1
17:27:54.373,DISTRAZIONE,0,0.0,0.0,0.0,-1.008,2.409,-9.589,-0.204,0.049,0.001,80.06,2087.83,20.8,33,1,1
17:27:54.873,DISTRAZIONE,1,166.08,69.9,0.747,-0.69,1.899,-8.471,-0.157,0.074,-0.007,80.06,2082.16,20.8,33,1,1
17:27:55.373,DISTRAZIONE,1,162.37,70.15,0.637,-1.324,2.772,-9.261,-0.139,0.1,0.008,80.06,2080.21,20.8,33,1,1
17:27:55.873,DISTRAZIONE,1,179.93,14.34,0.296,-0.007,3.627,-8.734,-0.323,0.119,-0.066,80.06,2065.54,20.8,33,1,1
17:27:56.373,DISTRAZIONE,1,-175.87,16.64,0.302,0.979,2.181,-10.446,-0.142,0.068,-0.044,80.06,2038.31,20.8,33,1,1
17:27:56.874,DISTRAZIONE,1,165.49,64.79,0.513,0.532,2.595,-10.779,-0.031,-0.006,0.006,80.06,2005.36,20.8,33,1,1
17:27:57.374,DISTRAZIONE,1,-175.36,13.37,0.301,-0.742,2.907,-8.677,-0.233,0.089,-0.072,80.06,1936.99,20.8,33,1,1
17:27:57.874,DISTRAZIONE,1,-174.94,18.7,0.299,-1.077,3.072,-8.423,-0.257,0.142,-0.032,80.06,1876.73,20.8,33,1,1
17:27:58.374,DISTRAZIONE,1,-173.91,44.5,0.223,-1.259,1.908,-7.927,-0.134,-0.002,-0.004,80.06,1861.38,20.8,33,1,1
17:27:58.874,DISTRAZIONE,1,-171.64,49.46,0.182,-0.093,2.497,-8.83,-0.345,0.139,-0.043,80.06,1905.87,20.8,33,1,1
17:27:59.374,DISTRAZIONE,1,-170.05,37.9,0.259,-0.642,2.808,-10.635,-0.13,0.082,-0.032,80.06,1911.72,20.8,33,1,1
17:27:59.874,DISTRAZIONE,1,-175.93,39.54,0.352,-0.675,2.531,-9.041,-0.1,0.069,-0.029,80.06,1889.15,20.8,33,1,1
17:28:00.374,DISTRAZIONE,1,-176.23,64.29,0.5,-0.812,3.68,-8.686,-0.207,0.1,0.005,80.06,1941.38,20.8,33,1,1
17:28:00.874,DISTRAZIONE,1,-179.65,71.16,0.578,-1.178,3.017,-9.857,-0.039,0.048,-0.019,80.06,2029.88,20.8,33,1,1
17:28:01.374,DISTRAZIONE,1,-178.34,26.3,0.312,-1.128,4.317,-8.684,-0.0,-0.018,0.014,80.06,2083.16,20.8,33,1,1
17:28:01.874,DISTRAZIONE,1,-171.9,-19.75,0.251,-1.717,3.847,-8.662,-0.171,0.041,-0.023,80.06,2075.44,20.8,33,1,1
17:28:02.374,DISTRAZIONE,0,0.0,0.0,0.0,-1.508,3.012,-7.355,-0.213,0.192,-0.021,80.06,2061.28,20.8,33,1,1
17:28:02.874,DISTRAZIONE,1,177.31,-37.64,0.432,-1.997,3.184,-10.353,-0.175,0.074,-0.035,80.06,2049.47,20.8,33,1,1
17:28:03.374,DISTRAZIONE,1,-178.22,-44.33,0.344,-1.654,3.017,-9.639,-0.117,0.042,-0.026,80.06,2048.15,20.8,33,1,1
17:28:03.875,DISTRAZIONE,1,176.93,-45.34,0.527,-3.685,4.597,-7.183,-0.058,0.048,-0.0,80.06,2050.05,20.8,33,1,1
17:28:04.375,DISTRAZIONE,1,-178.68,-33.26,0.372,-0.426,2.454,-9.361,-0.231,0.055,-0.034,80.06,2050.38,20.8,33,1,1
17:28:04.875,DISTRAZIONE,1,173.02,-19.13,0.201,0.053,2.911,-9.282,-0.101,0.133,0.034,80.06,2055.13,20.8,33,1,1
17:28:05.375,DISTRAZIONE,1,-146.08,21.22,0.18,-0.611,4.726,-9.9,-0.177,0.121,-0.054,80.06,2042.75,20.8,33,1,1
17:28:05.875,DISTRAZIONE,1,-146.19,28.72,0.264,-1.161,3.893,-8.059,-0.19,0.117,-0.047,80.06,2018.5,20.8,33,1,1
17:28:06.375,DISTRAZIONE,1,-151.44,25.0,0.139,-1.784,3.469,-9.278,-0.07,-0.009,0.018,80.06,1989.7,20.8,33,1,1
17:28:06.875,DISTRAZIONE,1,-144.61,23.92,0.126,-1.65,3.287,-9.328,-0.057,0.009,0.02,80.06,1950.45,20.8,33,1,1
17:28:07.375,DISTRAZIONE,1,-156.18,25.93,0.314,-0.35,2.231,-9.62,-0.159,0.226,-0.051,80.06,1849.54,20.8,33,1,1
17:28:07.875,DISTRAZIONE,1,-144.94,18.38,0.132,-1.642,2.715,-8.763,-0.161,0.092,-0.034,80.06,1677.34,20.8,33,1,1
17:28:08.375,DISTRAZIONE,1,-147.2,18.23,0.138,-1.757,3.625,-8.059,-0.107,0.09,-0.038,80.06,1526.98,20.8,33,1,1
17:28:08.875,DISTRAZIONE,1,-146.03,20.93,0.154,1.358,2.2,-9.491,-0.454,0.085,-0.07,80.06,1553.97,20.8,33,1,1
17:28:09.375,DISTRAZIONE,1,-141.75,16.16,0.141,-0.409,3.096,-10.197,-0.226,0.12,-0.027,80.06,1618.38,20.8,33,1,1
17:28:09.875,DISTRAZIONE,1,-160.05,23.42,0.115,-0.661,3.484,-9.675,-0.118,0.023,-0.025,80.06,1598.5,20.8,33,1,1
17:28:10.375,DISTRAZIONE,1,-156.37,28.06,0.365,-2.148,4.726,-9.737,-0.014,0.049,-0.012,80.06,1563.31,20.8,33,1,1
17:28:10.875,DISTRAZIONE,1,-158.04,24.12,0.362,0.371,3.982,-9.981,-0.167,0.129,-0.107,80.06,1541.64,20.8,33,1,1
17:28:11.375,DISTRAZIONE,1,-158.21,22.62,0.124,-0.996,3.996,-9.371,-0.075,0.038,-0.044,80.06,1548.62,20.8,33,1,1
17:28:11.876,DISTRAZIONE,1,-158.66,24.47,0.138,-0.95,3.891,-10.214,-0.17,0.079,-0.059,80.06,1581.53,20.8,33,1,1
17:28:12.376,DISTRAZIONE,1,-155.56,27.93,0.176,-0.51,3.211,-8.626,-0.192,0.065,-0.024,80.06,1614.69,20.8,33,1,1
17:28:12.876,DISTRAZIONE,1,-154.64,-24.29,0.34,-1.006,2.732,-7.7,-0.263,0.156,-0.008,80.06,1660.76,20.8,33,1,1
17:28:13.376,DISTRAZIONE,1,-165.95,-37.87,0.296,-1.693,3.065,-8.648,-0.278,0.143,0.003,80.06,1688.68,20.8,33,1,1
17:28:13.876,DISTRAZIONE,1,-160.95,35.47,0.393,-0.441,2.902,-9.021,-0.171,0.072,0.017,80.06,1698.02,20.8,33,1,1
17:28:14.376,DISTRAZIONE,1,-155.04,21.44,0.138,-1.336,3.263,-9.869,-0.07,0.031,0.03,80.06,1690.53,20.8,33,1,1
17:28:14.876,DISTRAZIONE,0,0.0,0.0,0.0,-0.831,2.787,-9.122,-0.157,0.106,-0.005,80.06,1675.59,20.8,33,1,1
17:28:15.376,VIGILE,1,172.71,5.97,0.309,1.573,2.612,-10.561,-0.249,0.086,-0.03,80.06,1664.18,20.8,33,1,1
17:28:15.876,VIGILE,1,173.18,-4.32,0.25,-0.026,3.658,-9.79,-0.153,0.034,-0.031,80.06,1661.27,20.8,33,1,1
17:28:16.376,VIGILE,1,174.81,-3.62,0.283,0.266,3.01,-9.481,-0.19,0.1,-0.0,80.06,1659.95,20.8,33,1,1
17:28:16.876,VIGILE,1,175.92,-12.68,0.277,-2.002,3.361,-9.764,0.174,-0.057,0.086,80.06,1653.97,20.8,33,1,1
17:28:17.376,VIGILE,1,178.09,-9.47,0.281,-0.517,0.73,-8.739,-0.375,0.183,-0.077,80.06,1644.54,20.8,33,1,1
17:28:17.876,VIGILE,1,177.93,0.41,0.285,-0.357,3.108,-9.462,-0.169,0.089,-0.029,80.06,1648.09,20.8,33,1,1
17:28:18.376,VIGILE,1,172.52,-2.78,0.27,0.034,5.531,-11.928,0.015,0.006,0.04,80.06,1661.19,20.8,33,1,1
17:28:18.876,VIGILE,1,173.56,-9.53,0.271,0.124,2.77,-10.657,-0.176,0.069,-0.011,80.06,1685.62,20.8,33,1,1
17:28:19.376,VIGILE,1,173.77,-12.73,0.314,-1.221,2.301,-13.482,-0.23,0.156,-0.079,80.06,1746.06,20.8,33,1,1
17:28:19.876,VIGILE,1,174.47,-20.19,0.309,-1.877,1.199,-10.848,-0.575,0.147,-0.138,80.06,1788.93,20.8,33,1,1
17:28:20.377,VIGILE,1,176.87,-16.74,0.268,-3.503,0.666,-10.317,0.131,0.002,-0.147,80.06,1772.43,20.8,33,1,1
17:28:20.877,VIGILE,1,173.53,-19.02,0.279,-1.956,1.398,-8.985,-0.094,0.105,-0.085,80.06,1694.98,20.8,33,1,1
17:28:21.377,VIGILE,1,169.77,-14.66,0.299,-1.468,1.314,-10.252,-0.385,0.231,-0.234,80.06,1485.42,20.8,33,1,1
17:28:21.877,VIGILE,1,170.43,-10.9,0.292,-1.039,1.774,-11.358,-0.041,0.169,-0.179,80.06,1474.44,20.8,33,1,1
17:28:22.377,VIGILE,1,178.6,-11.32,0.285,-2.21,0.974,-10.178,-0.286,0.159,-0.159,80.06,1577.02,20.8,33,1,1
17:28:22.877,VIGILE,1,178.3,-11.24,0.289,-0.067,3.419,-9.814,-0.236,0.138,-0.096,80.06,1630.42,20.8,33,1,1
17:28:23.377,VIGILE,1,177.9,-12.25,0.282,-1.923,2.902,-9.301,-0.208,0.077,-0.059,80.06,1693.94,20.8,33,1,1
17:28:23.877,VIGILE,1,177.97,-9.14,0.256,-1.753,4.243,-9.644,-0.036,0.056,-0.039,80.06,1633.27,20.8,33,1,1
17:28:24.377,VIGILE,1,175.59,-6.87,0.272,-1.252,3.072,-8.851,-0.165,0.063,-0.057,80.06,1607.66,20.8,33,1,1
17:28:24.877,VIGILE,1,176.18,-8.1,0.284,-0.862,3.385,-9.17,-0.304,0.165,-0.096,80.06,1618.88,20.8,33,1,1
17:28:25.377,VIGILE,1,175.88,-4.74,0.281,-1.336,3.735,-9.124,-0.2,0.108,-0.056,80.06,1446.21,20.8,33,1,1
17:28:25.877,VIGILE,1,175.82,0.08,0.272,-2.495,3.721,-8.602,-0.035,0.012,0.019,80.06,1326.37,20.8,33,1,1
17:28:26.377,VIGILE,1,179.65,-8.24,0.293,-3.062,4.329,-8.722,-0.132,0.122,-0.023,80.06,1288.27,20.8,33,1,1
17:28:26.877,VIGILE,1,179.51,-9.09,0.273,-3.661,4.276,-7.966,-0.124,0.039,-0.028,80.06,1262.01,20.8,33,1,1
17:28:27.377,VIGILE,1,-176.92,-7.55,0.258,-3.618,4.278,-8.248,-0.121,0.054,0.002,80.06,1331.14,20.8,33,1,1
17:28:27.877,VIGILE,1,-173.9,31.03,0.181,-2.066,3.615,-8.674,-0.143,0.085,-0.021,80.06,1398.24,20.8,33,1,1
17:28:28.378,DISTRAZIONE,1,-165.96,38.01,0.236,-2.358,3.591,-8.744,-0.138,0.054,-0.014,80.06,1432.41,20.8,33,1,1
17:28:28.878,DISTRAZIONE,1,173.49,34.99,0.31,-1.985,3.615,-9.321,-0.116,0.061,-0.007,80.06,1454.48,20.8,33,1,1
17:28:29.378,DISTRAZIONE,0,0.0,0.0,0.0,-1.609,3.529,-9.151,-0.143,0.07,-0.025,80.06,1462.29,20.8,33,1,1
17:28:29.878,DISTRAZIONE,0,0.0,0.0,0.0,-1.18,3.11,-9.153,-0.153,0.071,-0.02,80.06,1458.32,20.8,33,1,1
17:28:30.378,DISTRAZIONE,1,-139.51,23.14,0.159,-0.979,3.136,-9.163,-0.135,0.066,-0.021,80.06,1455.77,20.8,33,1,1
17:28:30.878,DISTRAZIONE,1,-143.07,13.74,0.139,-1.111,3.189,-9.306,-0.133,0.067,-0.02,80.06,1452.96,20.8,33,1,1
17:28:31.378,DISTRAZIONE,1,-147.06,1.49,0.269,-1.039,3.16,-8.969,-0.141,0.076,-0.02,80.06,1454.05,20.8,33,1,1
17:28:31.878,DISTRAZIONE,1,-159.8,-14.22,0.331,-0.666,2.861,-9.914,-0.12,0.074,-0.015,80.06,1453.5,20.8,33,1,1
17:28:32.378,DISTRAZIONE,0,0.0,0.0,0.0,0.385,2.512,-9.807,-0.1,0.064,-0.006,80.06,1455.58,20.8,33,1,1
17:28:32.878,DISTRAZIONE,1,-144.4,18.32,0.149,-1.032,3.275,-9.392,-0.156,0.079,-0.025,80.06,1468.02,20.8,33,1,1
17:28:33.378,DISTRAZIONE,1,-155.65,26.34,0.123,-1.092,3.127,-8.966,-0.156,0.077,-0.017,80.06,1474.17,20.8,33,1,1
17:28:33.878,VIGILE,1,-155.85,30.62,0.297,-0.204,3.05,-8.973,-0.183,0.086,-0.025,80.06,1475.63,20.8,33,1,1
17:28:34.378,VIGILE,1,-170.24,30.27,0.353,0.575,2.533,-10.056,-0.148,0.074,-0.026,80.06,1473.33,20.8,33,1,1
17:28:34.878,VIGILE,1,179.66,17.28,0.311,0.876,2.306,-9.948,-0.157,0.071,-0.005,80.06,1470.97,20.8,33,1,1
17:28:35.378,VIGILE,1,-174.63,34.19,0.165,0.335,3.093,-9.708,-0.126,0.051,-0.007,80.06,1474.17,20.8,33,1,1
17:28:35.879,VIGILE,1,-179.82,-31.51,0.304,-0.414,3.108,-9.263,-0.171,0.068,-0.007,80.06,1497.0,20.8,33,1,1
17:28:36.379,VIGILE,0,0.0,0.0,0.0,-0.484,3.242,-9.311,-0.118,0.055,0.005,80.06,1542.02,20.8,33,1,1
17:28:36.879,VIGILE,0,0.0,0.0,0.0,0.089,3.045,-9.175,-0.187,0.067,0.044,80.06,1608.9,20.8,33,1,1
17:28:37.379,VIGILE,1,164.24,39.74,0.344,0.302,3.249,-9.51,0.035,0.035,0.126,80.06,1665.92,20.8,33,1,1
17:28:37.879,VIGILE,1,177.62,39.97,0.405,0.177,5.72,-10.496,-0.027,-0.109,0.182,80.06,1676.94,20.8,33,1,1
17:28:38.379,VIGILE,1,178.55,40.29,0.382,0.017,5.686,-8.703,-0.032,-0.074,0.256,80.06,1665.85,20.8,33,1,1
17:28:38.879,VIGILE,1,175.27,38.86,0.385,0.493,4.934,-8.935,-0.143,-0.053,0.306,80.06,1644.96,20.8,33,1,1
17:28:39.379,VIGILE,1,177.09,37.42,0.352,0.637,5.308,-8.775,-0.078,-0.075,0.337,80.06,1632.8,20.8,33,1,1
17:28:39.879,VIGILE,1,-179.31,30.28,0.289,0.505,5.064,-8.677,-0.045,-0.082,0.365,80.06,1628.63,20.8,33,1,1
17:28:40.379,VIGILE,1,178.9,21.55,0.3,0.108,3.194,-9.024,-0.048,-0.016,0.18,80.06,1636.21,20.8,33,1,1
17:28:40.879,VIGILE,1,178.0,11.55,0.274,0.692,2.72,-9.306,-0.254,0.088,-0.021,80.06,1670.78,20.8,33,1,1
17:28:41.379,VIGILE,1,178.11,9.27,0.28,2.373,1.903,-7.42,-0.342,0.112,-0.073,80.06,1717.78,20.8,33,1,1
17:28:41.879,VIGILE,1,-179.91,1.89,0.269,0.206,2.602,-9.548,-0.092,0.002,0.002,80.06,1737.92,20.8,33,1,1
17:28:42.379,VIGILE,1,177.81,0.27,0.282,-0.168,3.021,-9.594,-0.197,0.091,-0.025,80.06,1762.25,20.8,33,1,1
17:28:42.879,VIGILE,1,177.2,-2.51,0.281,-1.393,3.546,-9.337,-0.139,0.094,-0.025,80.06,1778.42,20.8,33,1,1
17:28:43.379,VIGILE,1,176.98,-7.99,0.304,-0.563,2.828,-9.929,-0.163,0.053,-0.037,80.06,1747.76,20.8,33,1,1
17:28:43.880,VIGILE,1,175.68,-1.41,0.178,0.096,3.251,-9.73,-0.341,0.13,-0.061,80.06,1717.59,20.8,33,1,1
17:28:44.380,VIGILE,1,179.91,-7.06,0.288,-0.678,2.978,-9.38,-0.169,0.055,-0.005,80.06,1679.41,20.8,33,1,1
17:28:44.880,VIGILE,1,178.12,-8.6,0.267,-0.201,3.194,-10.18,-0.233,0.097,-0.027,80.06,1639.15,20.8,33,1,1
17:28:45.380,VIGILE,1,177.27,3.93,0.283,0.168,3.541,-8.665,-0.186,0.072,-0.034,80.06,1631.99,20.8,33,1,1
17:28:45.880,VIGILE,1,178.12,-2.84,0.3,-0.575,2.988,-9.29,-0.162,0.094,-0.009,80.06,1633.3,20.8,33,1,1
17:28:46.380,VIGILE,1,177.32,2.6,0.278,-0.57,3.646,-8.521,-0.062,0.072,0.014,80.06,1611.29,20.8,33,1,1
17:28:46.880,VIGILE,1,178.19,-0.15,0.289,-0.053,2.986,-9.385,-0.133,0.059,-0.016,80.06,1621.53,20.8,33,1,1
17:28:47.380,VIGILE,1,176.44,3.51,0.277,-0.548,3.46,-9.412,-0.062,0.042,0.007,80.06,1598.74,20.8,33,1,1
17:28:47.880,VIGILE,1,176.33,3.31,0.282,0.146,3.201,-9.536,-0.22,0.09,-0.045,80.06,1582.68,20.8,33,1,1
17:28:48.380,VIGILE,1,177.5,3.2,0.285,-0.093,2.732,-9.112,-0.139,0.024,-0.018,80.06,1625.0,20.8,33,1,1
17:28:48.880,VIGILE,1,176.33,3.6,0.26,-0.493,3.318,-9.637,-0.149,0.061,-0.017,80.06,1726.64,20.8,33,1,1
17:28:49.380,VIGILE,1,179.82,-1.26,0.291,-0.065,3.577,-9.108,-0.145,0.091,-0.028,80.06,1794.8,20.8,33,1,1
17:28:49.880,VIGILE,1,174.88,-0.39,0.243,-1.408,3.555,-9.194,-0.144,0.069,-0.027,80.06,1836.87,20.8,33,1,1
17:28:50.380,VIGILE,1,173.21,-3.55,0.253,-1.331,3.235,-9.438,-0.107,0.059,-0.012,80.06,1825.67,20.8,33,1,1
17:28:50.880,VIGILE,1,176.63,1.04,0.262,0.278,2.727,-10.436,-0.183,0.096,-0.042,80.06,1815.95,20.8,33,1,1
17:28:51.380,VIGILE,1,175.91,2.6,0.275,-0.96,3.146,-9.553,-0.091,0.024,-0.002,80.06,1809.53,20.8,33,1,1
17:28:51.881,VIGILE,1,175.69,5.68,0.276,-1.166,2.701,-9.325,-0.149,0.073,-0.01,80.06,1802.62,20.8,33,1,1
17:28:52.381,VIGILE,1,177.2,4.18,0.284,-1.13,3.091,-8.954,-0.032,0.037,-0.003,80.06,1765.22,20.8,33,1,1
17:28:52.881,VIGILE,1,177.65,10.52,0.304,-1.276,3.024,-9.359,0.083,-0.025,0.045,80.06,1692.34,20.8,33,1,1
17:28:53.381,VIGILE,1,176.88,10.06,0.306,1.326,0.577,-5.483,-0.487,0.227,-0.1,80.06,1623.72,20.8,33,1,1
17:28:53.881,VIGILE,1,177.9,0.83,0.28,-1.006,4.077,-9.328,-0.048,0.028,-0.022,80.06,1623.46,20.8,33,1,1
17:28:54.381,VIGILE,1,176.17,3.66,0.256,-0.742,2.617,-9.653,-0.045,0.025,-0.001,80.06,1645.84,20.8,33,1,1
17:28:54.881,VIGILE,1,175.74,1.13,0.167,-0.433,3.711,-9.194,-0.214,0.073,-0.032,80.06,1782.05,20.8,33,1,1
17:28:55.381,VIGILE,1,175.9,-13.26,0.284,-0.52,3.297,-8.964,-0.169,0.068,-0.021,80.06,1925.82,20.8,33,1,1
17:28:55.881,VIGILE,1,177.79,12.08,0.288,-0.831,3.395,-8.971,-0.177,0.088,-0.031,80.06,1999.32,20.8,33,1,1
17:28:56.381,VIGILE,1,176.59,-1.38,0.258,-1.322,3.73,-9.471,-0.085,0.056,-0.002,80.06,1990.24,20.8,33,1,1
17:28:56.881,VIGILE,1,175.91,-0.83,0.274,-1.623,3.105,-9.342,-0.118,0.06,-0.007,80.06,1942.51,20.8,33,1,1
17:28:57.381,VIGILE,1,174.55,-1.04,0.273,-0.429,3.682,-8.377,-0.191,0.096,-0.028,80.06,1991.76,20.8,33,1,1
17:28:57.881,VIGILE,1,174.59,-1.32,0.277,-1.207,3.826,-9.012,-0.115,0.05,-0.028,80.06,2024.03,20.8,33,1,1
17:28:58.381,VIGILE,1,174.25,-0.03,0.269,-1.508,3.019,-8.95,-0.1,0.076,0.002,80.06,1991.23,20.8,33,1,1
17:28:58.881,VIGILE,1,176.55,-4.49,0.294,-0.632,3.0,-10.958,0.103,0.06,0.051,80.06,2000.23,20.8,33,1,1
17:28:59.381,VIGILE,1,173.24,-1.07,0.276,-0.79,4.156,-8.732,-0.097,0.029,0.017,80.06,2036.88,20.8,33,1,1
17:28:59.881,VIGILE,1,174.77,-5.17,0.291,-1.401,3.508,-8.839,-0.06,0.035,0.023,80.06,2054.41,20.8,33,1,1
17:29:00.382,VIGILE,1,176.13,-5.51,0.284,-1.049,4.233,-8.612,-0.108,0.038,0.018,80.06,2078.48,20.8,33,1,1
17:29:00.882,VIGILE,1,176.08,1.47,0.28,-0.931,4.058,-9.021,-0.127,0.071,0.041,80.06,2097.53,20.8,33,1,1
17:29:01.382,VIGILE,1,175.91,-4.06,0.273,-0.991,3.251,-9.84,-0.113,0.054,0.031,80.06,2086.96,20.8,33,1,1
17:29:01.882,VIGILE,1,174.26,-3.27,0.287,-0.479,3.23,-9.531,-0.151,0.033,0.008,80.06,2088.84,20.8,33,1,1
17:29:02.382,VIGILE,1,174.38,0.75,0.273,-1.525,3.213,-9.922,-0.096,0.05,0.017,80.06,2100.1,20.8,33,1,1
17:29:02.882,VIGILE,1,175.28,2.7,0.271,-1.374,3.548,-8.983,-0.128,0.063,-0.022,80.06,2093.92,20.8,33,1,1
17:29:03.382,VIGILE,1,176.11,-0.6,0.265,-0.575,3.168,-8.832,-0.124,0.025,-0.029,80.06,2095.44,20.8,33,1,1
17:29:03.882,VIGILE,1,175.28,0.84,0.286,-1.13,2.811,-9.292,-0.149,0.063,-0.0,80.06,2090.77,20.8,33,1,1
17:29:04.382,VIGILE,1,176.5,-4.55,0.281,-1.173,3.072,-8.727,-0.13,0.053,-0.018,80.06,2064.42,20.8,33,1,1
17:29:04.882,VIGILE,1,175.98,0.23,0.291,-0.766,2.423,-8.219,-0.201,0.09,-0.039,80.06,1999.68,20.8,33,1,1
17:29:05.382,VIGILE,1,177.38,7.04,0.296,-0.958,3.515,-8.88,-0.135,0.065,-0.002,80.06,1897.05,20.8,33,1,1
17:29:05.882,VIGILE,1,177.46,2.28,0.258,-0.807,3.06,-9.534,-0.17,0.038,-0.018,80.06,1984.84,20.8,33,1,1
17:29:06.382,VIGILE,1,179.07,-6.2,0.277,-0.97,2.954,-9.225,-0.098,0.081,-0.009,80.06,2051.27,20.8,33,1,1
17:29:06.882,VIGILE,1,177.12,-3.6,0.277,-0.826,2.746,-9.826,-0.171,0.069,-0.038,80.06,1986.2,20.8,33,1,1
17:29:07.382,VIGILE,1,176.25,-5.83,0.261,-1.484,2.617,-9.56,-0.253,0.136,-0.004,80.06,1957.77,20.8,33,1,1
17:29:07.882,VIGILE,1,179.23,-3.81,0.278,-0.529,3.029,-9.22,-0.191,0.079,-0.051,80.06,1987.95,20.8,33,1,1
17:29:08.383,VIGILE,1,177.67,-2.92,0.276,-0.802,2.751,-9.266,-0.181,0.08,-0.016,80.06,1989.59,20.8,33,1,1
17:29:08.883,VIGILE,1,179.31,-4.07,0.288,-1.188,3.462,-10.017,-0.122,0.033,-0.002,80.06,1953.24,20.8,33,1,1
17:29:09.383,VIGILE,1,178.67,-4.45,0.244,-0.936,3.11,-9.187,-0.106,0.055,-0.008,80.06,1893.67,20.8,33,1,1
17:29:09.883,VIGILE,1,177.87,-4.64,0.272,-0.881,3.373,-9.491,-0.148,0.047,-0.018,80.06,1832.32,20.8,33,1,1
17:29:10.383,VIGILE,1,178.85,-4.05,0.273,-0.962,3.16,-9.752,-0.165,0.102,-0.029,80.06,1861.32,20.8,33,1,1
17:29:10.883,VIGILE,1,179.04,-5.01,0.267,-0.285,2.665,-8.832,-0.203,0.058,-0.032,80.06,1946.23,20.8,33,1,1
17:29:11.383,VIGILE,1,177.61,-5.11,0.276,-0.713,4.049,-9.376,-0.16,0.067,-0.036,80.06,2034.35,20.8,33,1,1
17:29:11.883,VIGILE,1,176.76,-2.34,0.272,-1.25,3.476,-9.285,-0.121,0.06,-0.012,80.06,2044.48,20.8,33,1,1
17:29:12.383,VIGILE,1,175.61,20.34,0.19,-1.456,3.103,-9.304,-0.084,0.064,-0.005,80.06,2002.03,20.8,33,1,1
17:29:12.883,VIGILE,1,177.65,-6.95,0.278,-1.647,3.393,-9.414,-0.139,0.087,-0.007,80.06,1958.46,20.8,33,1,1
17:29:13.383,VIGILE,1,176.4,-8.33,0.143,-0.984,3.273,-9.287,-0.123,0.063,-0.032,80.06,2000.51,20.8,33,1,1
17:29:13.883,VIGILE,1,176.41,0.17,0.235,-1.214,3.335,-9.206,-0.133,0.082,-0.023,80.06,2037.65,20.8,33,1,1
17:29:14.383,VIGILE,1,176.97,-26.07,0.306,-1.018,3.443,-9.127,-0.218,0.106,-0.036,80.06,2008.2,20.8,33,1,1
17:29:14.883,VIGILE,1,-179.28,19.02,0.298,-1.13,4.029,-9.115,-0.067,0.032,-0.031,80.06,1937.71,20.8,33,1,1
17:29:15.383,VIGILE,1,-179.62,28.15,0.19,-0.781,3.438,-8.715,-0.187,0.066,-0.031,80.06,1929.59,20.8,33,1,1
17:29:15.883,DISTRAZIONE,1,-153.7,23.65,0.242,-1.48,3.792,-9.462,-0.112,0.03,0.001,80.06,1975.22,20.8,33,1,1
17:29:16.383,DISTRAZIONE,1,-158.02,22.21,0.135,-1.496,3.393,-8.882,-0.116,0.087,-0.017,80.06,1983.72,20.8,33,1,1
17:29:16.884,DISTRAZIONE,1,-160.49,25.36,0.106,-0.912,2.976,-8.894,-0.115,0.026,-0.038,80.06,1938.93,20.8,33,1,1
17:29:17.384,DISTRAZIONE,1,-159.88,32.32,0.138,-1.358,2.521,-8.803,-0.132,0.07,-0.021,80.06,1831.13,20.8,33,1,1
17:29:17.884,DISTRAZIONE,1,-148.39,27.75,0.14,-1.24,3.493,-9.098,-0.149,0.083,-0.006,80.06,1690.64,20.8,33,1,1
17:29:18.384,DISTRAZIONE,1,-151.02,23.55,0.134,-1.065,3.826,-9.081,-0.142,0.111,-0.016,80.06,1575.59,20.8,33,1,1
17:29:18.884,DISTRAZIONE,1,-148.76,21.18,0.135,-0.96,3.089,-9.285,-0.12,0.08,-0.018,80.06,1516.45,20.8,33,1,1
17:29:19.384,DISTRAZIONE,1,-148.87,14.47,0.132,-1.046,3.292,-9.146,-0.153,0.064,-0.012,80.06,1590.02,20.8,33,1,1
17:29:19.884,DISTRAZIONE,1,-148.3,15.57,0.13,-1.307,3.692,-9.041,-0.106,0.066,0.002,80.06,1752.35,20.8,33,1,1
17:29:20.384,DISTRAZIONE,1,-156.89,16.48,0.163,-1.681,3.962,-9.316,-0.05,0.027,0.015,80.06,1862.78,20.8,33,1,1
17:29:20.884,DISTRAZIONE,1,-146.56,19.61,0.139,-1.453,4.061,-8.839,-0.094,0.044,0.027,80.06,1949.04,20.8,33,1,1
17:29:21.384,DISTRAZIONE,1,-152.97,-7.32,0.222,-0.725,2.705,-8.961,-0.183,0.071,-0.04,80.06,1969.67,20.8,33,1,1
17:29:21.885,DISTRAZIONE,1,-162.78,14.68,0.318,-1.188,2.988,-9.474,-0.185,0.105,-0.032,80.06,1957.86,20.8,33,1,1
17:29:22.385,DISTRAZIONE,1,-157.47,18.9,0.112,-1.733,3.297,-8.595,-0.12,0.071,0.02,80.06,1919.41,20.8,33,1,1
17:29:22.885,DISTRAZIONE,1,-152.78,5.22,0.105,-0.934,3.397,-9.835,-0.122,0.058,-0.014,80.06,1843.18,20.8,33,1,1
17:29:23.385,DISTRAZIONE,1,-165.62,54.99,0.458,-1.216,3.309,-9.222,-0.144,0.091,-0.017,80.06,1803.41,20.8,33,1,1
17:29:23.885,DISTRAZIONE,1,-168.89,16.61,0.304,-1.295,3.012,-9.218,-0.14,0.08,-0.028,80.06,1812.65,20.8,33,1,1
17:29:24.385,DISTRAZIONE,1,-167.32,33.07,0.117,-1.58,2.904,-8.799,-0.088,0.069,-0.017,80.06,1835.48,20.8,33,1,1
17:29:24.885,DISTRAZIONE,1,-162.9,26.1,0.111,-1.3,2.902,-9.349,-0.156,0.087,-0.054,80.06,1888.43,20.8,33,1,1
17:29:25.385,DISTRAZIONE,1,-166.1,17.72,0.337,-1.839,2.832,-9.06,-0.13,0.084,-0.027,80.06,1925.56,20.8,33,1,1
17:29:25.885,DISTRAZIONE,1,-166.2,51.07,0.489,-1.274,3.06,-9.335,-0.153,0.07,-0.02,80.06,1937.49,20.8,33,1,1
17:29:26.385,DISTRAZIONE,1,-171.9,18.55,0.302,-1.197,2.962,-9.677,-0.199,0.111,-0.025,80.06,1936.43,20.8,33,1,1
17:29:26.885,DISTRAZIONE,1,-169.82,27.22,0.308,-1.338,2.95,-9.191,-0.128,0.074,-0.02,80.06,1960.82,20.8,33,1,1
17:29:27.385,DISTRAZIONE,1,-171.61,27.2,0.315,-1.578,3.438,-9.409,-0.111,0.032,-0.003,80.06,1990.85,20.8,33,1,1
17:29:27.885,DISTRAZIONE,1,-179.33,26.86,0.277,-5.744,4.968,-7.97,-0.172,0.104,-0.004,80.06,2029.93,20.8,33,1,1
17:29:28.385,DISTRAZIONE,1,-167.8,28.3,0.1,-1.073,2.95,-8.528,-0.13,0.073,-0.007,80.06,2036.83,20.8,33,1,1
17:29:28.885,DISTRAZIONE,1,-162.59,31.29,0.101,-1.061,3.115,-8.966,-0.143,0.067,-0.016,80.06,2043.24,20.8,33,1,1
17:29:29.385,DISTRAZIONE,1,-168.76,29.23,0.331,-1.496,3.33,-9.328,-0.145,0.09,-0.016,80.06,2045.54,20.8,33,1,1
17:29:29.886,DISTRAZIONE,1,-163.98,34.39,0.121,-1.93,3.496,-9.108,-0.061,0.03,-0.009,80.06,2038.84,20.8,33,1,1
17:29:30.386,DISTRAZIONE,1,-177.65,11.94,0.193,-1.604,3.407,-9.613,-0.094,0.086,-0.011,80.06,2044.29,20.8,33,1,1
17:29:30.886,VIGILE,1,-171.32,11.29,0.153,-1.135,3.129,-9.747,-0.167,0.09,-0.029,80.06,2042.43,20.8,33,1,1
17:29:31.386,VIGILE,1,179.41,18.14,0.281,-0.855,3.443,-9.469,-0.125,0.059,-0.022,80.06,2045.27,20.8,33,1,1
17:29:31.886,VIGILE,1,-178.9,23.52,0.275,-0.761,2.607,-9.57,-0.09,0.082,0.004,80.06,2040.15,20.8,33,1,1
17:29:32.386,VIGILE,1,178.02,-1.9,0.3,0.419,2.981,-9.634,-0.136,0.073,-0.025,80.06,2025.93,20.8,33,1,1
17:29:32.886,VIGILE,1,-178.97,18.87,0.278,-0.678,3.096,-9.414,-0.059,0.048,0.003,80.06,2010.4,20.8,33,1,1
17:29:33.386,VIGILE,1,-178.25,-7.69,0.285,-0.184,2.749,-9.809,-0.05,0.069,0.005,80.06,1986.12,20.8,33,1,1
17:29:33.886,VIGILE,1,-179.22,-12.06,0.243,-0.05,2.507,-9.67,-0.147,0.066,-0.025,80.06,1958.75,20.8,33,1,1
17:29:34.386,VIGILE,1,-179.11,5.09,0.281,-0.057,3.955,-8.519,-0.177,0.118,-0.058,80.06,1932.8,20.8,33,1,1
17:29:34.886,VIGILE,1,-179.3,-9.61,0.215,-0.637,2.99,-9.876,-0.165,0.083,-0.017,80.06,1937.99,20.8,33,1,1
17:29:35.386,VIGILE,1,-179.16,-7.08,0.298,0.886,3.51,-9.641,0.069,0.048,0.032,80.06,1937.65,20.8,33,1,1
17:29:35.886,VIGILE,1,178.96,7.11,0.279,-0.486,3.335,-9.371,-0.163,0.05,-0.034,80.06,1918.89,20.8,33,1,1
17:29:36.386,VIGILE,1,-176.84,-2.95,0.268,-0.007,3.309,-9.565,-0.166,0.087,-0.063,80.06,1911.35,20.8,33,1,1
17:29:36.887,VIGILE,1,-176.67,14.63,0.32,-0.637,3.172,-9.115,-0.114,0.09,0.017,80.06,1869.6,20.8,33,1,1
17:29:37.387,VIGILE,1,179.51,13.97,0.257,-0.831,3.615,-9.498,-0.046,0.047,-0.002,80.06,1834.28,20.8,33,1,1
17:29:37.887,VIGILE,1,-177.65,10.92,0.289,-0.314,3.031,-9.455,-0.142,0.062,-0.033,80.06,1819.6,20.8,33,1,1
17:29:38.387,VIGILE,1,-175.63,16.78,0.327,-0.745,3.057,-9.359,-0.086,0.047,0.012,80.06,1830.25,20.8,33,1,1
17:29:38.887,VIGILE,1,-178.3,10.84,0.27,-0.888,3.4,-8.878,-0.062,0.034,0.001,80.06,1839.37,20.8,33,1,1
17:29:39.387,VIGILE,1,-179.44,2.55,0.263,-0.773,3.136,-9.606,-0.179,0.081,-0.027,80.06,1840.47,20.8,33,1,1
17:29:39.887,VIGILE,1,-178.47,1.15,0.25,-0.893,3.421,-9.177,-0.162,0.081,-0.013,80.06,1821.91,20.8,33,1,1
17:29:40.387,VIGILE,1,174.81,4.8,0.22,-0.326,3.381,-9.515,-0.104,0.046,-0.008,80.06,1816.61,20.8,33,1,1
17:29:40.887,VIGILE,1,177.3,8.88,0.253,-1.056,3.565,-8.777,-0.125,0.085,-0.022,80.06,1832.06,20.8,33,1,1
17:29:41.387,VIGILE,1,175.93,8.29,0.28,-1.791,3.613,-8.928,-0.076,0.05,-0.004,80.06,1865.9,20.8,33,1,1
17:29:41.887,VIGILE,1,178.04,5.62,0.277,-1.334,3.474,-9.218,-0.143,0.078,-0.019,80.06,1892.02,20.8,33,1,1
17:29:42.387,VIGILE,1,177.85,-0.71,0.279,-1.317,3.606,-8.66,-0.153,0.086,-0.032,80.06,1916.51,20.8,33,1,1
17:29:42.887,VIGILE,1,178.2,0.44,0.286,-1.616,3.45,-9.136,-0.082,0.039,-0.003,80.06,1905.39,20.8,33,1,1
17:29:43.387,VIGILE,1,179.72,-4.16,0.27,-1.29,3.579,-8.868,-0.147,0.083,-0.01,80.06,1906.8,20.8,33,1,1
17:29:43.888,VIGILE,1,178.08,0.79,0.247,-1.437,3.481,-8.59,-0.091,0.075,-0.009,80.06,1913.6,20.8,33,1,1
17:29:44.388,VIGILE,1,178.2,-0.05,0.258,-1.381,3.364,-8.957,-0.131,0.07,-0.025,80.06,1939.47,20.8,33,1,1
17:29:44.888,VIGILE,1,179.25,-1.39,0.27,-1.049,3.345,-9.316,-0.148,0.075,-0.019,80.06,2007.04,20.8,33,1,1
17:29:45.388,VIGILE,1,176.81,4.77,0.275,-0.977,3.031,-9.11,-0.217,0.111,-0.035,80.06,2039.92,20.8,33,1,1
17:29:45.888,VIGILE,1,178.89,16.42,0.274,-0.924,3.306,-9.263,-0.21,0.085,-0.043,80.06,2034.99,20.8,33,1,1
17:29:46.388,VIGILE,1,-179.66,26.77,0.281,-0.484,3.22,-9.21,-0.161,0.086,-0.023,80.06,2038.63,20.8,33,1,1
17:29:46.888,VIGILE,1,177.52,37.13,0.312,-2.054,3.96,-8.631,-0.111,0.055,-0.021,80.06,2044.1,20.8,33,1,1
17:29:47.388,VIGILE,1,179.17,42.34,0.361,-2.48,4.111,-9.057,-0.089,0.05,-0.012,80.06,2050.8,20.8,33,1,1
17:29:47.888,VIGILE,1,175.11,47.16,0.426,-2.693,5.904,-8.088,-0.103,0.014,0.079,80.06,2049.55,20.8,33,1,1
17:29:48.388,VIGILE,1,168.05,52.78,0.457,-1.008,5.938,-8.396,-0.114,-0.023,0.256,80.06,2049.39,20.8,33,1,1
17:29:48.888,VIGILE,1,171.51,51.18,0.539,-0.311,6.067,-7.918,-0.089,-0.144,0.444,80.06,2059.47,20.8,33,1,1
17:29:49.388,VIGILE,1,177.33,49.58,0.488,-1.022,6.589,-7.913,-0.013,-0.148,0.546,80.06,2073.19,20.8,33,1,1
17:29:49.888,VIGILE,1,-175.27,39.66,0.351,-0.342,7.671,-9.488,-0.053,-0.1,0.557,80.06,2068.93,20.8,33,1,1
17:29:50.388,VIGILE,1,-178.59,33.86,0.328,0.46,6.56,-8.112,-0.053,-0.131,0.573,80.06,2049.67,20.8,33,1,1
17:29:50.888,VIGILE,1,-175.32,18.72,0.301,1.207,4.846,-9.299,-0.091,-0.071,0.385,80.06,2023.28,20.8,33,1,1
17:29:51.389,VIGILE,1,-178.82,-9.22,0.281,0.632,2.643,-9.637,-0.106,-0.058,0.152,80.06,1962.8,20.8,33,1,1
17:29:51.889,VIGILE,1,-179.88,-12.21,0.223,-0.189,2.952,-9.934,-0.162,0.085,-0.045,80.06,1918.07,20.8,33,1,1
17:29:52.389,VIGILE,1,178.93,-1.73,0.258,-0.63,3.431,-8.818,-0.138,0.051,-0.041,80.06,1890.37,20.8,33,1,1
17:29:52.889,VIGILE,1,178.64,1.81,0.248,-0.797,3.28,-9.21,-0.175,0.089,-0.058,80.06,1908.08,20.8,33,1,1
17:29:53.389,VIGILE,1,-178.04,-9.56,0.296,0.026,2.775,-9.629,-0.161,0.11,-0.024,80.06,1961.68,20.8,33,1,1
17:29:53.889,VIGILE,1,177.33,-3.62,0.281,-1.113,3.141,-9.946,-0.209,0.16,-0.048,80.06,1996.8,20.8,33,1,1
17:29:54.389,VIGILE,1,177.61,-7.04,0.273,-0.895,3.472,-9.629,-0.443,0.154,-0.121,80.06,2003.83,20.8,33,1,1
17:29:54.889,VIGILE,1,178.25,-9.54,0.262,0.067,2.49,-10.003,-0.256,0.074,-0.063,80.06,1961.17,20.8,33,1,1
17:29:55.389,VIGILE,1,177.2,-9.19,0.281,-1.049,3.103,-9.124,-0.165,0.07,-0.021,80.06,1961.84,20.8,33,1,1
17:29:55.889,VIGILE,1,177.81,-12.06,0.269,-0.821,3.112,-9.285,-0.187,0.085,-0.027,80.06,1978.66,20.8,33,1,1
17:29:56.389,VIGILE,1,179.85,-7.58,0.273,-1.013,2.751,-8.954,-0.163,0.107,-0.037,80.06,2020.44,20.8,33,1,1
17:29:56.889,VIGILE,1,-179.45,-12.27,0.26,-1.42,3.203,-9.859,-0.075,0.024,0.015,80.06,2051.59,20.8,33,1,1
17:29:57.389,VIGILE,1,178.76,-15.48,0.276,-1.987,3.417,-9.792,-0.088,0.072,-0.013,80.06,2055.44,20.8,33,1,1
17:29:57.890,VIGILE,1,-179.16,-13.7,0.279,-1.01,2.26,-9.349,-0.132,0.101,-0.059,80.06,2044.58,20.8,33,1,1
17:29:58.390,VIGILE,1,179.71,-16.72,0.27,-0.639,2.088,-9.345,-0.208,0.13,-0.123,80.06,2010.44,20.8,33,1,1
17:29:58.890,VIGILE,1,177.8,-24.05,0.294,-0.69,2.519,-8.887,-0.195,0.122,-0.13,80.06,2001.85,20.8,33,1,1
17:29:59.390,VIGILE,1,177.73,-24.67,0.266,-2.162,3.057,-8.681,-0.037,0.045,-0.114,80.06,1985.97,20.8,33,1,1
17:29:59.890,VIGILE,1,178.35,-23.62,0.27,-0.045,1.111,-8.179,-0.229,0.156,-0.235,80.06,1924.36,20.8,33,1,1
17:30:00.390,VIGILE,1,-179.68,-11.86,0.279,-3.311,-0.034,-10.106,-0.112,0.156,-0.323,80.06,1794.07,20.8,33,1,1
17:30:00.890,VIGILE,1,-178.86,-9.18,0.277,-2.907,1.453,-9.692,-0.262,0.227,-0.378,80.06,1832.9,20.8,33,1,1
17:30:01.390,VIGILE,1,179.94,-3.11,0.3,-2.95,1.939,-9.45,-0.191,0.235,-0.351,80.06,1970.74,20.8,33,1,1
17:30:01.890,VIGILE,1,-179.35,13.59,0.288,-1.657,1.791,-8.679,-0.249,0.173,-0.3,80.06,2048.75,20.8,33,1,1
17:30:02.390,VIGILE,1,179.12,24.08,0.272,-1.362,3.311,-9.977,-0.101,0.102,-0.154,80.06,2105.31,20.8,33,1,1
17:30:02.890,VIGILE,1,175.65,38.4,0.342,-1.994,2.844,-8.966,-0.148,0.111,-0.131,80.06,2095.79,20.8,33,1,1
17:30:03.390,VIGILE,1,175.38,44.14,0.428,-2.045,4.123,-8.258,-0.278,0.146,-0.118,80.06,2078.99,20.8,33,1,1
17:30:03.890,VIGILE,1,177.28,46.42,0.417,-1.135,5.162,-8.246,-0.126,0.026,0.107,80.06,2071.71,20.8,33,1,1
17:30:04.390,VIGILE,0,0.0,0.0,0.0,-0.294,5.598,-8.866,-0.099,-0.055,0.293,80.06,2078.99,20.8,33,1,1
17:30:04.890,VIGILE,1,161.41,72.08,0.748,-0.725,6.694,-8.023,-0.083,-0.123,0.419,80.06,2090.55,20.8,33,1,1
17:30:05.391,VIGILE,1,168.97,61.16,0.403,-0.431,7.879,-7.903,-0.029,-0.188,0.573,80.06,2094.31,20.8,33,1,1
17:30:05.891,VIGILE,1,168.45,64.18,0.424,-0.546,6.888,-8.174,0.183,-0.256,0.706,80.06,2066.14,20.8,33,1,1
17:30:06.391,VIGILE,1,162.62,66.38,0.504,-0.503,6.785,-8.404,0.019,-0.228,0.653,80.06,1991.66,20.8,33,1,1
17:30:06.891,VIGILE,1,179.51,46.36,0.531,0.625,6.572,-8.124,0.015,-0.213,0.71,80.06,1903.0,20.8,33,1,1
17:30:07.391,VIGILE,1,179.89,41.33,0.314,0.208,5.145,-9.103,-0.024,-0.208,0.575,80.06,1846.67,20.8,33,1,1
17:30:07.891,VIGILE,1,-179.46,28.68,0.28,0.01,3.079,-9.424,-0.021,-0.039,0.336,80.06,1838.83,20.8,33,1,1
17:30:08.391,VIGILE,1,-177.04,17.86,0.284,-0.117,2.602,-8.849,-0.078,-0.019,0.129,80.06,1862.04,20.8,33,1,1
17:30:08.891,VIGILE,1,-176.98,3.54,0.295,-0.941,0.06,-10.075,-0.458,0.282,-0.299,80.06,1869.13,20.8,33,1,1
17:30:09.391,VIGILE,1,-174.29,15.89,0.285,1.918,5.746,-9.129,-0.096,0.026,0.147,80.06,1861.06,20.8,33,1,1
17:30:09.891,NERVOSO,1,177.74,15.85,0.266,-0.85,1.659,-10.278,-0.125,-0.006,-0.035,80.06,1866.85,20.8,33,1,1
17:30:10.391,NERVOSO,1,164.76,48.12,0.202,-0.031,5.787,-8.928,-0.268,0.173,0.026,80.06,1855.9,20.8,33,1,1
17:30:10.891,NERVOSO,1,175.54,20.6,0.281,-2.322,2.373,-10.199,0.043,-0.062,0.057,80.06,1854.64,20.8,33,1,1
17:30:11.391,NERVOSO,1,-178.18,18.31,0.283,0.802,6.041,-8.045,-0.283,0.102,0.13,80.06,1858.38,20.8,33,1,1
17:30:11.891,NERVOSO,1,-177.9,7.48,0.264,-4.489,-0.821,-10.63,-0.115,0.08,-0.358,80.06,1851.78,20.8,33,1,1
17:30:12.391,NERVOSO,1,-177.55,24.21,0.33,-0.704,3.235,-8.959,-0.081,0.111,-0.12,80.06,1847.08,20.8,33,1,1
17:30:12.892,NERVOSO,1,-179.97,26.87,0.287,0.615,5.816,-8.689,0.042,-0.132,0.343,80.06,1857.09,20.8,33,1,1
17:30:13.392,NERVOSO,1,179.12,4.87,0.251,-1.369,1.913,-10.642,0.145,-0.083,0.026,80.06,1874.11,20.8,33,1,1
17:30:13.892,NERVOSO,1,179.4,12.13,0.293,1.999,2.258,-9.16,-0.407,0.203,-0.163,80.06,1855.73,20.8,33,1,1
17:30:14.392,NERVOSO,1,178.87,7.33,0.281,-1.999,-0.129,-9.943,-0.063,0.141,-0.311,80.06,1838.36,20.8,33,1,1
17:30:14.892,NERVOSO,1,178.95,-0.68,0.314,1.3,4.817,-9.943,-0.116,0.035,0.103,80.06,1828.26,20.8,33,1,1
17:30:15.392,NERVOSO,0,0.0,0.0,0.0,0.982,3.328,-9.385,-0.41,0.259,-0.015,80.06,1813.15,20.8,33,1,1
17:30:15.892,NERVOSO,1,-171.7,19.15,0.292,-0.393,6.376,-8.205,-0.1,0.029,0.209,80.06,1767.57,20.8,33,1,1
17:30:16.392,NERVOSO,1,-179.89,24.51,0.27,-0.388,1.824,-10.197,0.037,-0.025,-0.052,80.06,1774.07,20.8,33,1,1
17:30:16.892,NERVOSO,1,-178.69,17.48,0.269,2.061,6.766,-8.61,-0.11,0.042,0.161,80.06,1773.74,20.8,33,1,1
17:30:17.392,NERVOSO,1,-179.19,8.64,0.283,-1.937,1.896,-9.081,-0.324,0.14,-0.225,80.06,1796.53,20.8,33,1,1
17:30:17.893,NERVOSO,1,-177.31,13.79,0.28,0.627,7.666,-7.53,-0.241,-0.016,0.259,80.06,1791.64,20.8,33,1,1
17:30:18.393,NERVOSO,1,-179.15,6.25,0.263,-2.054,1.865,-9.206,-0.09,0.067,-0.037,80.06,1802.77,20.8,33,1,1
17:30:18.893,NERVOSO,1,-177.28,-13.29,0.264,-1.367,3.433,-9.069,0.08,-0.061,-0.009,80.06,1803.3,20.8,33,1,1
17:30:19.393,NERVOSO,0,0.0,0.0,0.0,-1.238,3.194,-9.414,-0.315,0.201,-0.093,80.06,1827.29,20.8,33,1,1
17:30:19.893,NERVOSO,1,-173.78,11.27,0.342,-3.187,2.586,-10.084,-0.703,0.189,-0.108,80.06,1818.66,20.8,33,1,1
17:30:20.393,NERVOSO,1,-178.73,1.09,0.291,-0.208,3.488,-9.543,0.044,0.05,0.048,80.06,1811.81,20.8,33,1,1
17:30:20.893,NERVOSO,1,-176.77,16.18,0.262,-0.85,2.397,-9.069,-0.212,0.116,-0.042,80.06,1817.91,20.8,33,1,1
17:30:21.393,VIGILE,1,-177.53,24.04,0.103,-0.651,4.92,-12.263,0.318,-0.096,0.009,80.06,1807.49,20.8,33,1,1
17:30:21.894,VIGILE,1,179.28,11.77,0.277,-2.198,3.871,-8.947,-0.125,0.054,-0.001,80.06,1802.76,20.8,33,1,1
17:30:22.394,VIGILE,1,-170.56,13.45,0.295,-3.381,4.575,-8.145,-0.042,-0.007,0.064,80.06,1814.1,20.8,33,1,1
17:30:22.894,VIGILE,1,-173.06,28.07,0.31,-2.538,4.659,-7.386,-0.169,-0.032,0.049,80.06,1833.76,20.8,33,1,1
17:30:23.394,VIGILE,1,179.22,11.34,0.278,-3.903,6.038,-7.824,-0.069,0.03,0.083,80.06,1845.77,20.8,33,1,1
17:30:23.894,VIGILE,1,-179.53,8.43,0.277,-3.223,4.779,-7.958,-0.177,0.038,0.026,80.06,1873.09,20.8,33,1,1
17:30:24.394,VIGILE,1,-179.59,10.16,0.276,-2.222,4.175,-8.722,-0.2,0.048,0.033,80.06,1886.23,20.8,33,1,1
17:30:24.894,VIGILE,1,-177.79,-22.2,0.292,-1.662,4.803,-8.61,-0.083,-0.004,0.132,80.06,1894.69,20.8,33,1,1
17:30:25.394,VIGILE,1,-177.76,-16.85,0.292,-3.175,4.525,-8.325,-0.13,-0.019,0.1,80.06,1900.38,20.8,33,1,1
17:30:25.894,VIGILE,1,-173.03,30.93,0.131,-2.327,3.967,-8.578,-0.11,0.081,0.046,80.06,1896.1,20.8,33,1,1
17:30:26.394,VIGILE,1,-174.38,28.4,0.293,-3.084,4.231,-8.42,-0.121,0.056,0.037,80.06,1900.33,20.8,33,1,1
17:30:26.894,VIGILE,1,-177.67,27.45,0.267,-3.493,3.989,-8.686,-0.123,0.04,0.006,80.06,1900.66,20.8,33,1,1
17:30:27.394,VIGILE,1,179.94,20.94,0.276,-2.512,3.898,-8.792,-0.138,0.07,-0.01,80.06,1901.58,20.8,33,1,1
17:30:27.894,VIGILE,1,-174.69,18.07,0.272,-0.84,3.239,-9.206,-0.14,0.087,-0.02,80.06,1822.47,20.8,33,1,1
17:30:28.394,VIGILE,1,179.94,6.32,0.279,-1.18,3.455,-9.345,-0.128,0.07,-0.017,80.06,1860.08,20.8,33,1,1
17:30:28.895,VIGILE,1,176.38,6.03,0.255,-1.25,3.433,-9.117,-0.132,0.062,-0.014,80.06,1901.37,20.8,33,1,1
17:30:29.395,VIGILE,1,179.17,14.08,0.269,-1.331,3.414,-9.203,-0.125,0.065,-0.021,80.06,1901.85,20.8,33,1,1
17:30:29.895,VIGILE,1,179.61,23.25,0.211,-1.257,3.4,-9.072,-0.112,0.058,-0.009,80.06,1902.01,20.8,33,1,1
17:30:30.395,VIGILE,1,179.34,19.45,0.246,-1.195,3.443,-9.321,-0.138,0.067,-0.019,80.06,1901.63,20.8,33,1,1
17:30:30.895,VIGILE,1,179.76,18.28,0.246,-1.274,3.436,-9.024,-0.145,0.075,-0.021,80.06,1900.86,20.8,33,1,1
17:30:31.395,VIGILE,1,178.94,20.38,0.178,-1.149,3.589,-9.12,-0.13,0.068,-0.017,80.06,1900.8,20.8,33,1,1
17:30:31.895,VIGILE,1,179.13,18.37,0.256,-1.24,3.44,-9.364,-0.146,0.072,-0.019,80.06,1899.76,20.8,33,0,1
17:30:32.395,VIGILE,1,177.9,13.97,0.262,-1.24,3.34,-9.146,-0.126,0.063,-0.015,80.06,1900.13,20.8,33,0,1
17:30:32.895,VIGILE,1,177.04,9.29,0.252,-1.123,3.376,-9.22,-0.117,0.059,-0.014,80.06,1899.28,20.8,33,0,1
17:30:33.395,VIGILE,1,176.24,10.67,0.263,-1.195,3.515,-9.285,-0.128,0.063,-0.018,80.06,1898.41,20.8,33,0,1
17:30:33.895,VIGILE,1,175.12,4.9,0.247,-1.247,3.515,-9.129,-0.139,0.071,-0.016,80.06,1897.91,20.8,33,0,0
17:30:34.395,EBBREZZA,1,177.29,11.24,0.168,-1.149,3.33,-9.148,-0.145,0.076,-0.021,80.06,1898.12,20.8,33,0,0
17:30:34.895,EBBREZZA,1,-179.01,17.64,0.194,-1.195,3.342,-9.218,-0.132,0.063,-0.014,80.06,1898.06,20.8,33,0,0
17:30:35.396,EBBREZZA,1,179.56,-31.52,0.271,-1.31,3.203,-8.976,-0.121,0.067,-0.017,80.06,1897.02,20.8,33,0,0
17:30:35.896,EBBREZZA,1,178.95,-37.47,0.418,-1.013,3.316,-9.175,-0.101,0.056,-0.016,80.06,1897.72,20.8,33,0,0
17:30:36.396,EBBREZZA,1,-176.04,-17.05,0.279,-1.233,3.496,-9.292,-0.141,0.063,-0.018,80.06,1898.73,20.8,33,0,0
17:30:36.896,EBBREZZA,1,-177.1,-39.16,0.246,1.255,2.636,-10.156,-0.158,0.084,-0.02,80.06,1901.33,20.8,33,0,0
17:30:37.396,EBBREZZA,1,-172.09,48.68,0.344,1.037,3.017,-9.345,-0.13,0.07,0.029,80.06,1904.92,20.8,33,0,0
17:30:37.896,EBBREZZA,1,168.14,66.82,0.478,-0.175,4.52,-9.474,-0.13,0.004,0.172,80.06,1907.34,20.8,33,0,0
17:30:38.396,EBBREZZA,1,168.46,67.54,0.489,0.615,4.53,-8.856,-0.016,-0.057,0.355,80.06,1917.35,20.8,33,0,0
17:30:38.896,EBBREZZA,1,172.82,37.99,0.336,1.35,4.887,-8.961,-0.025,-0.13,0.463,80.06,1924.9,20.8,33,0,0
17:30:39.396,EBBREZZA,1,177.15,35.5,0.345,0.759,3.946,-9.294,-0.165,-0.116,0.529,80.06,1926.15,20.8,33,0,0
17:30:39.896,EBBREZZA,1,178.15,33.98,0.323,0.364,4.712,-8.789,0.011,-0.166,0.485,80.06,1893.46,20.8,33,0,0
17:30:40.396,EBBREZZA,1,174.14,22.89,0.273,-1.314,4.908,-8.739,-0.13,-0.079,0.395,80.06,1899.56,20.8,33,0,0
17:30:40.896,EBBREZZA,1,179.44,17.4,0.26,-0.939,4.3,-9.546,-0.083,-0.011,0.247,80.06,1922.54,20.8,33,0,0
17:30:41.396,EBBREZZA,1,179.99,-4.12,0.269,-0.742,3.261,-9.328,-0.098,0.01,0.088,80.06,1948.81,20.8,33,0,0
17:30:41.896,EBBREZZA,1,176.92,-5.23,0.182,-0.919,1.152,-10.175,-0.154,0.068,-0.079,80.06,1956.29,20.8,33,0,0
17:30:42.396,EBBREZZA,1,179.33,-0.61,0.286,0.201,1.994,-10.372,-0.217,0.069,-0.104,80.06,1940.83,20.8,33,0,0
17:30:42.896,EBBREZZA,1,179.39,-5.73,0.213,0.381,2.471,-9.814,-0.025,0.08,-0.012,80.06,1918.25,20.8,33,0,0
17:30:43.397,EBBREZZA,1,-177.23,-5.98,0.263,-0.208,2.749,-9.459,-0.157,0.052,-0.031,80.06,1910.5,20.8,33,0,0
17:30:43.897,EBBREZZA,1,-178.8,2.84,0.283,-0.804,2.521,-9.579,-0.237,0.108,-0.088,80.06,1881.02,20.8,33,0,0
17:30:44.397,EBBREZZA,1,179.06,14.21,0.286,-1.374,6.292,-9.448,-0.034,-0.03,-0.004,80.06,1820.95,20.8,33,0,0
17:30:44.897,EBBREZZA,1,-179.3,8.26,0.271,-0.965,4.571,-7.451,-0.043,-0.002,0.026,80.06,1782.19,20.8,33,0,0
17:30:45.397,EBBREZZA,1,-176.98,13.82,0.288,0.06,4.142,-9.062,-0.185,0.089,0.049,80.06,1725.74,20.8,33,0,0
17:30:45.897,EBBREZZA,1,179.2,13.57,0.315,-1.326,3.639,-8.94,-0.155,0.068,-0.002,80.06,1685.78,20.8,33,0,0
17:30:46.397,EBBREZZA,1,-179.37,-5.13,0.311,-0.074,2.617,-9.268,-0.098,0.029,-0.02,80.06,1658.09,20.8,33,0,0
17:30:46.897,EBBREZZA,1,-177.67,-7.17,0.304,-0.464,3.163,-8.396,-0.067,0.067,-0.056,80.06,1643.69,20.8,33,0,0
17:30:47.397,EBBREZZA,1,-179.71,1.59,0.307,-1.137,3.278,-8.667,0.088,0.075,0.023,80.06,1627.15,20.8,33,0,0
17:30:47.897,EBBREZZA,1,178.16,9.69,0.282,-1.027,3.091,-9.187,-0.074,0.014,-0.028,80.06,1616.45,20.8,33,0,0
17:30:48.397,EBBREZZA,1,178.53,2.14,0.293,-0.627,2.78,-9.256,-0.073,0.034,-0.009,80.06,1644.79,20.8,33,0,0
17:30:48.897,EBBREZZA,1,177.51,-2.16,0.288,-1.796,2.093,-8.183,-0.236,0.15,-0.026,80.06,1683.62,20.8,33,0,0
17:30:49.397,EBBREZZA,1,177.98,1.79,0.277,1.197,4.86,-8.66,0.151,-0.03,0.01,80.06,1732.53,20.8,33,0,0
17:30:49.897,EBBREZZA,1,179.22,6.05,0.209,-1.908,3.716,-9.584,-0.103,0.062,-0.0,80.06,1780.06,20.8,33,0,0
17:30:50.397,EBBREZZA,1,178.15,5.53,0.283,-0.053,2.78,-9.392,-0.152,0.083,-0.04,80.06,1795.85,20.8,33,0,0
17:30:50.898,EBBREZZA,1,-178.72,-8.9,0.259,-1.987,2.71,-9.014,-0.072,0.042,0.006,80.06,1790.97,20.8,33,0,0
17:30:51.398,EBBREZZA,1,179.48,-2.4,0.288,-0.723,3.452,-8.267,-0.38,0.174,-0.12,80.06,1764.14,20.8,33,0,0
17:30:51.898,EBBREZZA,1,175.56,12.66,0.295,0.496,3.153,-10.817,-0.17,0.134,-0.027,80.06,1728.48,20.8,33,0,0
17:30:52.398,EBBREZZA,1,-179.93,18.15,0.269,-1.226,4.506,-9.383,-0.183,-0.012,-0.019,80.06,1678.8,20.8,33,0,0
17:30:52.898,EBBREZZA,1,-179.2,10.01,0.304,-1.743,3.27,-9.124,-0.196,0.087,-0.01,80.06,1655.39,20.8,33,0,0
17:30:53.398,EBBREZZA,1,175.38,-6.28,0.308,-0.62,2.811,-9.96,-0.107,0.087,0.02,80.06,1663.37,20.8,33,0,0
17:30:53.898,EBBREZZA,1,177.87,0.87,0.269,-1.338,4.36,-8.246,-0.121,0.095,-0.051,80.06,1702.8,20.8,33,0,0
17:30:54.398,EBBREZZA,1,179.43,1.18,0.278,-0.517,2.246,-8.147,-0.124,0.069,-0.026,80.06,1767.19,20.8,33,0,0
17:30:54.898,EBBREZZA,1,-178.97,7.28,0.281,-0.567,1.719,-7.705,-0.226,0.084,-0.065,80.06,1814.6,20.8,33,0,0
17:30:55.398,EBBREZZA,1,-179.71,15.33,0.259,-1.25,2.552,-9.167,-0.153,0.154,0.018,80.06,1843.86,20.8,33,0,0
17:30:55.898,EBBREZZA,1,177.67,7.86,0.291,-0.68,1.858,-8.564,-0.237,0.114,-0.058,80.06,1835.03,20.8,33,0,0
17:30:56.399,EBBREZZA,1,178.43,9.42,0.261,-1.678,3.517,-9.505,-0.059,0.042,-0.007,80.06,1847.4,20.8,33,0,0
17:30:56.899,EBBREZZA,1,179.27,13.89,0.27,-0.63,3.208,-9.359,-0.148,0.081,0.004,80.06,1855.31,20.8,33,0,0
17:30:57.399,EBBREZZA,1,175.61,10.08,0.275,-1.386,2.416,-9.041,-0.161,0.075,0.006,80.06,1858.31,20.8,33,0,0
17:30:57.899,EBBREZZA,1,174.34,1.52,0.281,-1.58,4.293,-9.582,-0.155,0.045,-0.033,80.06,1871.22,20.8,33,0,0
17:30:58.399,EBBREZZA,1,175.11,-0.68,0.273,-2.799,3.96,-8.844,-0.166,0.052,-0.018,80.06,1888.43,20.8,33,0,0
17:30:58.899,EBBREZZA,1,174.74,-2.01,0.269,-2.713,4.47,-8.294,-0.066,0.039,-0.021,80.06,1890.86,20.8,33,0,0
17:30:59.399,EBBREZZA,1,174.53,-1.83,0.264,-2.339,4.441,-8.715,-0.192,0.078,-0.033,80.06,1891.42,20.8,33,0,0
17:30:59.899,EBBREZZA,1,174.53,-3.32,0.28,-2.555,3.831,-8.693,-0.145,0.07,-0.023,80.06,1888.66,20.8,33,0,0
17:31:00.399,EBBREZZA,1,174.08,-0.18,0.243,-2.605,4.032,-8.756,-0.139,0.067,-0.019,80.06,1882.74,20.8,33,0,1
17:31:00.899,EBBREZZA,1,-178.7,18.16,0.163,-1.482,3.455,-8.854,-0.132,0.075,-0.015,80.06,1881.05,20.8,33,0,1
17:31:01.399,VIGILE,1,-177.33,14.86,0.138,-1.046,3.316,-8.938,-0.139,0.07,-0.022,80.06,1880.95,20.8,33,0,1
17:31:01.900,VIGILE,1,-179.4,12.19,0.268,-1.039,3.417,-9.282,-0.122,0.062,-0.013,80.06,1880.46,20.8,33,0,1
17:31:02.400,VIGILE,1,178.26,7.84,0.26,-1.032,3.405,-9.62,-0.138,0.071,-0.024,80.06,1880.23,20.8,33,0,1
17:31:02.900,VIGILE,1,178.15,6.3,0.244,-1.008,3.263,-9.098,-0.134,0.072,-0.017,80.06,1880.22,20.8,33,1,1
17:31:03.400,VIGILE,1,178.76,6.47,0.253,-0.917,3.424,-9.12,-0.129,0.064,-0.014,80.06,1879.84,20.8,33,1,1
17:31:03.900,VIGILE,1,-179.6,-16.65,0.296,-0.876,3.321,-9.395,-0.147,0.074,-0.022,80.06,1879.33,20.8,33,1,1
17:31:04.400,VIGILE,1,-176.98,-11.66,0.276,-0.919,3.172,-8.961,-0.147,0.063,-0.02,80.06,1878.78,20.8,33,1,1
17:31:04.900,VIGILE,1,-178.08,-15.47,0.29,-0.718,3.242,-9.117,-0.133,0.068,-0.02,80.06,1878.24,20.8,33,1,1
17:31:05.400,VIGILE,1,179.12,-4.99,0.303,-0.881,3.345,-9.12,-0.139,0.066,-0.018,80.06,1877.62,20.8,33,1,1
17:31:05.900,VIGILE,1,-179.59,12.64,0.297,-0.876,3.357,-9.055,-0.124,0.064,-0.018,80.06,1877.41,20.8,33,1,1
17:31:06.400,VIGILE,1,-178.22,5.8,0.296,-0.919,3.311,-9.301,-0.141,0.065,-0.019,80.06,1878.16,20.8,33,1,1
17:31:06.900,VIGILE,1,-175.97,-8.71,0.281,-0.836,3.297,-9.44,-0.128,0.056,-0.02,80.06,1878.16,20.8,33,1,1
17:31:07.400,VIGILE,1,-176.66,-8.91,0.284,-0.967,3.201,-9.093,-0.141,0.07,-0.02,80.06,1878.31,20.8,33,1,1
17:31:07.900,VIGILE,1,-176.13,-5.34,0.309,-0.855,3.491,-9.254,-0.132,0.075,-0.017,80.06,1877.87,20.8,33,1,1
17:31:08.400,VIGILE,1,-177.03,10.03,0.29,-1.101,3.311,-9.294,-0.137,0.066,-0.019,80.06,1877.81,20.8,33,1,1
17:31:08.900,VIGILE,1,-177.63,9.61,0.298,-0.809,3.278,-9.23,-0.133,0.069,-0.02,80.06,1877.49,20.8,33,1,1
17:31:09.400,VIGILE,1,-179.38,8.81,0.287,-0.96,3.335,-9.163,-0.132,0.063,-0.017,80.06,1877.31,20.8,33,1,1
17:31:09.901,VIGILE,1,-179.74,7.98,0.293,-0.979,3.366,-9.263,-0.138,0.079,-0.019,80.06,1876.54,20.8,33,1,1
17:31:10.401,VIGILE,1,178.24,13.2,0.233,-0.869,3.326,-9.182,-0.137,0.073,-0.018,80.06,1876.09,20.8,33,1,1
17:31:10.901,VIGILE,1,178.44,13.34,0.212,-0.95,3.371,-9.306,-0.142,0.079,-0.021,80.06,1875.98,20.8,33,1,1
17:31:11.401,VIGILE,1,178.35,13.33,0.251,-0.831,3.251,-9.124,-0.136,0.064,-0.015,80.06,1875.27,20.8,33,1,1
17:31:11.901,VIGILE,1,178.52,12.73,0.268,-0.802,3.4,-9.34,-0.134,0.077,-0.018,80.06,1874.99,20.8,33,1,1
17:31:12.401,VIGILE,1,178.8,16.37,0.272,-1.061,3.29,-9.17,-0.131,0.075,-0.017,80.06,1874.06,20.8,33,1,1
17:31:12.901,VIGILE,1,177.95,14.96,0.28,-0.809,3.249,-9.194,-0.128,0.061,-0.016,80.06,1874.38,20.8,33,1,1
17:31:13.401,VIGILE,1,178.46,15.14,0.28,-0.898,3.364,-9.225,-0.128,0.071,-0.019,80.06,1873.99,20.8,33,1,1
17:31:13.901,VIGILE,1,178.2,13.5,0.276,-0.955,3.342,-9.232,-0.14,0.067,-0.018,80.06,1873.77,20.8,33,1,1
17:31:14.401,VIGILE,1,177.1,14.13,0.223,-0.845,3.244,-9.29,-0.139,0.07,-0.02,80.06,1873.34,20.8,33,1,1
17:31:14.901,VIGILE,1,178.92,12.06,0.29,-0.871,3.302,-9.349,-0.142,0.07,-0.019,80.06,1873.22,20.8,33,1,1
17:31:15.401,VIGILE,1,177.08,14.71,0.305,-0.948,3.342,-9.165,-0.123,0.075,-0.018,80.06,1872.62,20.8,33,1,1
17:31:15.901,VIGILE,1,177.34,15.34,0.284,-1.027,3.472,-9.443,-0.126,0.065,-0.019,80.06,1872.87,20.8,33,1,1
17:31:16.402,VIGILE,1,176.58,15.85,0.287,-1.065,3.203,-8.76,-0.129,0.059,-0.014,80.06,1872.75,20.8,34,1,1
17:31:16.902,VIGILE,1,178.16,-0.15,0.285,0.043,2.722,-9.426,-0.105,0.087,-0.008,80.06,1872.86,20.8,34,1,1
17:31:17.402,VIGILE,1,178.89,-2.92,0.295,1.393,2.119,-9.831,-0.096,0.068,-0.021,80.06,1868.61,20.8,34,1,1
17:31:17.902,VIGILE,1,-176.88,-2.28,0.294,0.029,2.538,-9.948,-0.152,0.044,-0.026,80.06,1863.17,20.8,34,1,1
17:31:18.402,VIGILE,1,-177.94,-18.78,0.3,0.409,2.789,-11.571,-0.15,0.076,-0.009,80.06,1862.43,20.8,34,1,1
17:31:18.902,VIGILE,1,-170.89,-66.38,0.302,0.103,2.816,-9.009,-0.127,0.063,0.023,80.06,1856.37,20.8,34,1,1
17:31:19.402,VIGILE,1,-175.69,29.91,0.324,1.209,3.797,-9.481,-0.079,0.001,0.089,80.06,1850.44,20.8,34,1,1
17:31:19.902,VIGILE,1,179.36,37.79,0.33,-0.532,8.016,-7.678,-0.039,-0.026,0.253,80.06,1838.13,20.8,34,1,1
17:31:20.402,VIGILE,1,178.45,42.07,0.415,0.646,5.059,-9.323,-0.069,-0.131,0.29,80.06,1829.24,20.8,34,1,1
17:31:20.902,VIGILE,1,-179.32,43.05,0.372,0.424,5.847,-8.399,-0.043,-0.03,0.356,80.06,1814.6,20.8,34,1,1
17:31:21.402,VIGILE,1,-179.47,38.42,0.322,0.675,4.654,-9.158,-0.071,-0.073,0.429,80.06,1808.95,20.8,34,1,1
17:31:21.902,VIGILE,1,-175.78,33.16,0.312,0.563,5.021,-7.925,-0.064,-0.064,0.411,80.06,1813.67,20.8,34,1,1
17:31:22.402,VIGILE,1,-177.46,26.61,0.294,0.721,4.774,-8.708,-0.034,-0.083,0.333,80.06,1804.76,20.8,34,1,1
17:31:22.902,VIGILE,1,-177.99,21.24,0.307,1.025,3.445,-8.796,-0.165,0.034,0.125,80.06,1789.72,20.8,34,1,1
17:31:23.402,VIGILE,1,179.03,27.5,0.321,0.122,2.986,-9.376,-0.165,0.046,0.016,80.06,1767.72,20.8,34,1,1
17:31:23.903,VIGILE,1,178.9,5.49,0.267,-1.391,3.402,-9.73,-0.12,0.053,-0.014,80.06,1759.71,20.8,34,1,1
17:31:24.403,VIGILE,1,178.68,-4.65,0.278,-0.5,2.416,-10.542,-0.049,0.078,0.004,80.06,1769.44,20.8,34,1,1
17:31:24.903,VIGILE,1,-179.75,2.22,0.297,-0.479,3.122,-8.854,-0.109,0.069,-0.005,80.06,1776.24,20.8,34,1,1
17:31:25.403,VIGILE,1,178.8,9.05,0.289,-0.591,3.29,-8.715,-0.08,0.067,-0.008,80.06,1781.56,20.8,34,1,1
17:31:25.903,VIGILE,1,179.79,-3.82,0.237,0.148,2.856,-9.175,-0.26,0.088,-0.036,80.06,1768.38,20.8,34,1,1
17:31:26.403,VIGILE,1,179.73,-1.63,0.257,0.022,2.804,-9.828,-0.151,0.064,-0.023,80.06,1753.4,20.8,34,1,1
17:31:26.903,VIGILE,1,-179.66,-2.3,0.267,0.053,3.043,-8.981,-0.101,0.08,-0.017,80.06,1761.06,20.8,34,1,1
17:31:27.403,VIGILE,1,176.16,4.77,0.283,-0.124,2.291,-9.469,-0.141,0.084,-0.013,80.06,1785.99,20.8,34,1,1
17:31:27.903,VIGILE,1,178.57,13.09,0.284,-1.07,3.407,-9.369,-0.132,0.053,-0.017,80.06,1824.54,20.8,34,1,1
17:31:28.403,VIGILE,1,178.12,13.98,0.284,-0.955,3.531,-9.234,-0.129,0.083,-0.024,80.06,1852.8,20.8,34,1,1
17:31:28.903,VIGILE,1,176.84,10.38,0.277,-1.745,3.68,-9.213,-0.098,0.063,-0.0,80.06,1844.77,20.8,34,1,1
17:31:29.403,VIGILE,1,177.26,12.04,0.287,-0.821,3.182,-9.091,-0.186,0.071,-0.028,80.06,1850.26,20.8,34,1,1
17:31:29.903,VIGILE,1,177.15,11.59,0.271,-1.18,3.61,-9.337,-0.132,0.078,-0.012,80.06,1864.78,20.8,34,1,1
17:31:30.403,VIGILE,1,177.65,13.57,0.267,-1.451,3.74,-9.299,-0.134,0.064,-0.015,80.06,1927.73,20.8,34,1,1
17:31:30.903,VIGILE,1,177.85,17.59,0.287,-1.999,3.498,-8.389,-0.141,0.063,-0.015,80.06,1951.89,20.8,34,1,1
17:31:31.403,VIGILE,1,179.99,23.03,0.305,-2.169,3.033,-8.576,-0.186,0.086,-0.037,80.06,1957.9,20.8,34,1,1
17:31:31.904,VIGILE,1,-177.85,32.5,0.323,-2.952,3.778,-8.751,-0.119,0.052,-0.012,80.06,1972.52,20.8,34,1,1
17:31:32.404,VIGILE,1,-178.46,36.75,0.321,-3.472,4.334,-8.839,-0.133,0.058,0.003,80.06,1977.42,20.8,34,1,1
17:31:32.904,VIGILE,1,-173.93,38.6,0.319,-1.192,3.112,-9.191,-0.106,0.054,-0.004,80.06,1972.7,20.8,34,1,1
17:31:33.404,VIGILE,1,-176.54,19.68,0.295,-0.488,2.818,-9.481,-0.072,0.038,0.011,80.06,1967.43,20.8,34,1,1
17:31:33.904,VIGILE,1,179.46,1.0,0.291,-0.105,2.579,-9.268,-0.133,0.066,-0.027,80.06,1955.11,20.8,34,1,1
17:31:34.404,VIGILE,1,177.79,-4.19,0.295,-1.748,1.918,-10.834,0.163,-0.017,0.064,80.06,1926.58,20.8,34,1,1
17:31:34.904,VIGILE,1,176.08,-0.64,0.296,0.84,3.338,-10.3,-0.153,0.145,-0.022,80.06,1891.82,20.8,34,1,1
17:31:35.404,VIGILE,1,175.52,-0.04,0.259,-1.276,3.22,-9.359,-0.145,0.091,-0.038,80.06,1831.53,20.8,34,1,1
17:31:35.904,VIGILE,1,177.72,-1.23,0.276,-1.022,3.622,-8.878,-0.09,0.093,-0.008,80.06,1772.23,20.8,34,1,1
17:31:36.404,VIGILE,1,174.73,0.11,0.29,0.187,3.546,-7.942,-0.161,0.058,-0.047,80.06,1723.84,20.8,34,1,1
17:31:36.904,VIGILE,1,178.47,11.44,0.291,0.548,2.105,-9.783,-0.383,0.081,-0.021,80.06,1695.8,20.8,34,1,1
17:31:37.404,VIGILE,1,174.1,3.58,0.259,-0.965,2.219,-9.51,-0.124,0.042,0.012,80.06,1677.1,20.8,34,1,1
17:31:37.904,VIGILE,1,177.07,10.76,0.282,-0.639,4.405,-9.857,-0.048,0.052,0.021,80.06,1686.52,20.8,34,1,1
17:31:38.404,VIGILE,1,175.45,3.89,0.27,-1.836,3.081,-7.781,-0.126,0.086,0.014,80.06,1701.6,20.8,34,1,1
17:31:38.904,VIGILE,1,177.42,16.75,0.285,-0.512,3.661,-9.874,-0.072,0.068,-0.013,80.06,1743.07,20.8,34,1,1
17:31:39.405,VIGILE,1,176.63,14.07,0.22,-0.567,2.693,-9.68,-0.083,0.018,0.003,80.06,1758.49,20.8,34,1,1
17:31:39.905,VIGILE,1,176.99,1.81,0.111,0.881,4.64,-7.685,-0.368,0.054,-0.094,80.06,1733.8,20.8,34,1,1
17:31:40.405,VIGILE,1,178.47,14.9,0.094,-0.771,3.141,-9.261,-0.155,0.047,-0.025,80.06,1716.9,20.8,34,1,1
17:31:40.905,VIGILE,1,179.74,-6.4,0.254,-1.877,2.71,-9.055,-0.078,0.092,-0.023,80.06,1740.43,20.8,34,1,1
17:31:41.405,VIGILE,1,179.35,-9.65,0.297,-2.105,5.329,-9.792,-0.313,0.245,0.01,80.06,1726.28,20.8,34,1,1
17:31:41.905,VIGILE,1,178.2,-8.97,0.303,-1.008,0.436,-9.804,-0.13,0.09,-0.037,80.06,1628.57,20.8,34,1,1
17:31:42.405,VIGILE,1,176.57,-8.25,0.278,-1.657,2.622,-8.545,-0.216,0.083,-0.035,80.06,1555.34,20.8,34,1,1
17:31:42.905,VIGILE,1,177.48,-9.48,0.285,-1.082,2.023,-9.448,-0.002,0.068,-0.002,80.06,1516.92,20.8,34,1,1
17:31:43.405,VIGILE,1,176.79,-3.64,0.263,-1.539,1.92,-9.266,-0.224,0.129,-0.051,80.06,1510.99,20.8,34,1,1
17:31:43.905,VIGILE,1,-153.2,24.46,0.181,-1.776,2.559,-8.135,-0.099,0.042,-0.036,80.06,1540.28,20.8,34,1,1
17:31:44.405,DISTRAZIONE,1,-170.96,23.73,0.342,-2.428,3.091,-9.163,-0.128,0.099,-0.02,80.06,1574.33,20.8,34,1,1
17:31:44.905,DISTRAZIONE,1,-153.14,22.38,0.115,-0.35,1.791,-8.334,-0.442,0.174,-0.07,80.06,1662.07,20.8,34,1,1
17:31:45.405,DISTRAZIONE,1,-163.05,27.12,0.271,-0.934,3.915,-9.208,-0.183,0.115,-0.038,80.06,1719.67,20.8,34,1,1
17:31:45.905,DISTRAZIONE,1,-160.03,26.51,0.152,-1.092,2.777,-9.689,-0.199,0.072,-0.03,80.06,1732.71,20.8,34,1,1
17:31:46.405,DISTRAZIONE,1,-155.45,22.17,0.127,-1.025,2.722,-9.555,-0.168,0.062,-0.018,80.06,1715.06,20.8,34,1,1
17:31:46.905,DISTRAZIONE,1,-156.49,20.72,0.138,-2.296,3.788,-9.91,-0.103,0.136,-0.002,80.06,1706.2,20.8,34,1,1
17:31:47.406,DISTRAZIONE,1,-149.0,13.63,0.125,0.022,2.909,-9.787,-0.141,0.053,-0.027,80.06,1720.27,20.8,34,1,1
17:31:47.906,DISTRAZIONE,1,-153.06,25.2,0.268,-1.908,2.093,-10.712,-0.18,0.14,-0.021,80.06,1759.34,20.8,34,1,1
17:31:48.406,DISTRAZIONE,1,-137.37,8.64,0.147,-0.706,2.349,-8.21,-0.175,0.035,-0.026,80.06,1781.63,20.8,34,1,1
17:31:48.906,DISTRAZIONE,1,-150.47,20.85,0.254,-1.233,4.219,-9.22,-0.165,0.043,0.009,80.06,1820.85,20.8,34,1,1
17:31:49.406,DISTRAZIONE,1,-155.99,33.15,0.258,-0.405,4.621,-9.158,-0.103,-0.01,0.099,80.06,1833.72,20.8,34,1,1
17:31:49.906,DISTRAZIONE,1,-159.72,28.44,0.136,-0.575,6.0,-8.461,-0.082,-0.088,0.276,80.06,1864.71,20.8,34,1,1
17:31:50.406,DISTRAZIONE,1,-152.27,20.23,0.113,-0.515,5.401,-8.643,-0.012,-0.059,0.328,80.06,1886.86,20.8,34,1,1
17:31:50.906,DISTRAZIONE,1,-154.1,30.16,0.266,-0.196,5.885,-9.622,-0.127,0.029,0.352,80.06,1886.71,20.8,34,1,1
17:31:51.406,DISTRAZIONE,1,-154.06,22.2,0.256,-0.788,4.017,-7.554,-0.169,-0.059,0.327,80.06,1887.94,20.8,34,1,1
17:31:51.907,DISTRAZIONE,1,-146.87,23.03,0.137,-2.37,6.349,-6.993,-0.048,-0.08,0.37,80.06,1875.46,20.8,34,1,1
17:31:52.407,DISTRAZIONE,1,-145.93,11.21,0.127,-0.429,5.349,-8.866,-0.039,-0.074,0.324,80.06,1852.22,20.8,34,1,1
17:31:52.907,DISTRAZIONE,1,-158.11,17.2,0.324,-0.417,4.796,-9.483,-0.108,-0.042,0.22,80.06,1843.18,20.8,34,1,1
17:31:53.407,DISTRAZIONE,1,-147.75,3.54,0.136,-1.032,3.117,-10.106,-0.064,0.011,0.037,80.06,1803.22,20.8,34,1,1
17:31:53.907,DISTRAZIONE,1,-147.63,8.04,0.306,-1.453,3.333,-9.155,-0.176,0.097,-0.014,80.06,1770.96,20.8,33,1,1
17:31:54.407,DISTRAZIONE,1,-157.86,-41.12,0.261,-0.666,3.302,-9.656,-0.137,0.039,0.001,80.06,1768.59,20.8,33,1,1
17:31:54.907,DISTRAZIONE,0,0.0,0.0,0.0,-1.061,2.761,-9.093,-0.226,0.116,-0.028,80.06,1783.1,20.8,33,1,1
17:31:55.407,DISTRAZIONE,1,-148.96,58.7,0.808,-0.979,4.432,-9.134,-0.149,0.088,-0.041,80.06,1812.73,20.8,33,1,1
17:31:55.907,DISTRAZIONE,0,0.0,0.0,0.0,0.62,2.911,-9.143,-0.26,0.122,-0.044,80.06,1832.31,20.8,33,1,1
17:31:56.407,DISTRAZIONE,1,172.6,66.77,0.596,-0.682,3.419,-9.457,-0.078,0.036,0.018,80.06,1855.04,20.8,33,1,1
17:31:56.907,DISTRAZIONE,1,-171.36,56.45,0.313,-0.409,4.348,-9.12,-0.116,0.041,0.093,80.06,1882.07,20.8,33,1,1
17:31:57.407,DISTRAZIONE,0,0.0,0.0,0.0,-0.903,3.397,-9.596,-0.128,0.049,0.026,80.06,1894.77,20.8,33,1,1
17:31:57.907,DISTRAZIONE,1,-160.63,14.02,0.328,-0.273,3.251,-9.359,-0.194,0.096,-0.027,80.06,1891.09,20.8,33,1,1
17:31:58.407,DISTRAZIONE,1,-144.25,24.92,0.145,-1.259,3.182,-9.4,-0.116,0.079,-0.035,80.06,1869.35,20.8,33,1,1
17:31:58.907,DISTRAZIONE,1,-143.68,6.97,0.125,-1.721,3.349,-9.634,-0.106,0.096,-0.071,80.06,1841.74,20.8,33,1,1
17:31:59.408,DISTRAZIONE,1,-155.73,-8.16,0.32,-0.958,3.883,-8.839,-0.239,0.131,-0.005,80.06,1843.15,20.8,33,1,1
17:31:59.908,DISTRAZIONE,1,-157.08,-21.7,0.348,0.613,2.593,-10.022,-0.228,0.148,-0.114,80.06,1868.87,20.8,33,1,1
17:32:00.408,DISTRAZIONE,1,-136.78,10.19,0.149,-0.766,3.153,-9.443,-0.153,0.112,-0.051,80.06,1871.79,20.8,33,1,1
17:32:00.908,DISTRAZIONE,1,-142.77,4.95,0.131,-0.967,3.227,-8.586,-0.168,0.083,-0.006,80.06,1792.77,20.8,33,1,1
17:32:01.408,DISTRAZIONE,1,-144.51,2.99,0.137,-1.255,3.802,-9.534,-0.142,0.068,-0.003,80.06,1646.91,20.8,33,1,1
17:32:01.908,DISTRAZIONE,1,-154.93,9.58,0.149,-1.334,2.143,-10.58,-0.385,0.017,-0.03,80.06,1459.32,20.8,33,1,1
17:32:02.408,DISTRAZIONE,1,-151.01,5.94,0.14,-1.058,3.376,-8.947,-0.106,0.051,0.012,80.06,1309.17,20.8,33,1,1
17:32:02.908,DISTRAZIONE,1,-156.03,0.51,0.188,-0.424,3.723,-8.241,-0.108,0.049,0.012,80.06,1273.04,20.8,33,1,1
17:32:03.408,DISTRAZIONE,1,-141.66,7.79,0.138,-0.153,2.229,-9.787,-0.223,0.082,-0.035,80.06,1321.7,20.8,33,1,1
17:32:03.908,DISTRAZIONE,1,-144.97,6.86,0.128,-1.757,3.972,-9.608,-0.091,0.067,-0.034,80.06,1402.26,20.8,33,1,1
17:32:04.408,DISTRAZIONE,1,-156.42,5.05,0.343,0.215,2.998,-10.843,-0.219,0.09,-0.054,80.06,1485.0,20.8,33,1,1
17:32:04.908,DISTRAZIONE,1,-141.67,5.83,0.164,-1.458,3.16,-9.12,-0.082,0.051,-0.097,80.06,1541.05,20.8,33,1,1
17:32:05.409,DISTRAZIONE,1,-135.35,9.14,0.146,-1.712,2.938,-9.416,-0.131,0.139,-0.152,80.06,1509.06,20.8,33,1,1
17:32:05.909,DISTRAZIONE,1,-155.85,13.0,0.359,-1.125,1.13,-8.947,-0.143,0.09,-0.152,80.06,1447.53,20.8,33,1,1
17:32:06.409,DISTRAZIONE,1,-148.01,5.0,0.164,-2.294,2.842,-9.483,-0.005,0.08,-0.104,80.06,1419.54,20.8,33,1,1
17:32:06.909,DISTRAZIONE,1,-138.6,5.45,0.126,-1.3,2.995,-9.431,-0.139,0.084,-0.088,80.06,1410.94,20.8,33,1,1
17:32:07.409,DISTRAZIONE,1,-149.54,13.92,0.269,-0.979,4.544,-8.672,-0.078,0.023,-0.035,80.06,1486.01,20.8,33,1,1
17:32:07.909,DISTRAZIONE,0,0.0,0.0,0.0,-0.84,3.989,-8.478,-0.129,0.058,0.058,80.06,1535.18,20.8,33,1,1
17:32:08.409,DISTRAZIONE,1,-162.26,9.75,0.215,-0.218,3.886,-9.967,-0.08,0.018,0.133,80.06,1495.38,20.8,33,1,1
17:32:08.909,VIGILE,0,0.0,0.0,0.0,-2.533,1.863,-10.831,0.335,-0.036,0.115,80.06,1485.11,20.8,33,1,1
17:32:09.409,VIGILE,1,-179.47,20.74,0.308,1.247,5.674,-7.621,-0.533,0.175,-0.037,80.06,1553.14,20.8,33,1,1
17:32:09.909,VIGILE,1,176.04,6.62,0.278,0.22,2.67,-8.226,-0.026,0.084,0.071,80.06,1484.13,20.8,33,1,1
17:32:10.410,VIGILE,1,175.66,-0.93,0.279,-0.481,4.324,-8.363,0.039,0.01,0.075,80.06,1402.08,20.8,33,1,1
17:32:10.910,VIGILE,1,177.6,-2.35,0.265,-0.05,3.342,-9.234,-0.097,0.012,0.012,80.06,1389.88,20.8,33,1,1
17:32:11.410,VIGILE,1,176.71,13.5,0.159,-1.772,4.453,-11.092,-0.455,0.221,-0.076,80.06,1467.53,20.8,33,1,1
17:32:11.910,VIGILE,1,176.9,-1.78,0.257,-0.824,4.099,-9.062,-0.14,0.049,-0.027,80.06,1642.31,20.8,33,1,1
17:32:12.410,VIGILE,1,175.77,1.52,0.264,-1.041,3.51,-8.818,-0.132,0.057,0.013,80.06,1686.83,20.8,33,1,1
17:32:12.910,VIGILE,1,175.68,1.0,0.28,-0.22,1.949,-8.734,-0.218,0.135,-0.018,80.06,1654.68,20.8,33,1,1
17:32:13.410,VIGILE,1,176.21,-0.69,0.284,-0.259,4.044,-8.399,-0.187,0.007,-0.014,80.06,1665.33,20.8,33,1,1
17:32:13.910,VIGILE,1,179.53,5.12,0.299,-1.006,3.768,-8.825,-0.136,0.053,-0.033,80.06,1742.0,20.8,33,1,1
17:32:14.410,VIGILE,1,-179.81,-4.08,0.289,-1.02,3.474,-8.698,-0.102,0.038,-0.046,80.06,1811.71,20.8,33,1,1
17:32:14.910,VIGILE,1,179.69,-0.7,0.279,-0.378,3.33,-9.134,-0.216,0.117,-0.025,80.06,1753.81,20.8,33,1,1
17:32:15.410,VIGILE,1,178.18,16.21,0.2,-1.597,3.417,-8.736,-0.128,0.06,-0.023,80.06,1638.12,20.8,33,1,1
17:32:15.910,VIGILE,1,-178.0,38.45,0.325,-1.604,4.113,-8.54,-0.21,0.103,-0.012,80.06,1706.52,20.8,33,1,1
17:32:16.410,VIGILE,1,-179.58,36.82,0.339,-0.716,5.543,-8.145,-0.132,0.026,0.096,80.06,1769.5,20.8,33,1,1
17:32:16.910,VIGILE,1,178.61,39.77,0.369,0.603,7.417,-8.404,-0.145,-0.112,0.306,80.06,1867.2,20.8,33,1,1
17:32:17.410,VIGILE,1,-178.5,44.49,0.293,0.189,7.221,-8.155,-0.054,-0.1,0.379,80.06,1881.45,20.8,33,1,1
17:32:17.910,VIGILE,1,-175.64,40.94,0.181,0.436,5.037,-8.746,-0.071,-0.096,0.363,80.06,1866.55,20.8,33,1,1
17:32:18.411,VIGILE,1,-174.19,39.55,0.322,3.014,7.628,-6.85,-0.112,-0.189,0.301,80.06,1852.37,20.8,33,1,1
17:32:18.911,VIGILE,1,-171.48,36.44,0.343,1.717,5.547,-9.378,-0.074,-0.078,0.307,80.06,1804.82,20.8,33,1,1
17:32:19.411,VIGILE,1,-173.33,34.61,0.307,1.104,5.564,-8.112,-0.103,-0.063,0.297,80.06,1764.75,20.8,33,1,1
17:32:19.911,VIGILE,1,-174.53,29.09,0.293,1.216,5.995,-9.421,0.06,-0.082,0.327,80.06,1715.54,20.8,33,1,1
17:32:20.411,VIGILE,1,-175.74,27.33,0.295,1.863,5.195,-8.832,-0.105,-0.041,0.207,80.06,1691.88,20.8,33,1,1
17:32:20.911,VIGILE,1,173.85,32.53,0.07,2.614,3.941,-9.644,-0.301,0.087,0.004,80.06,1694.07,20.8,33,1,1
17:32:21.411,VIGILE,1,-176.06,11.44,0.284,0.239,2.938,-9.5,0.07,0.048,0.072,80.06,1698.9,20.8,33,1,1
17:32:21.911,VIGILE,1,-176.17,6.18,0.279,-1.563,3.603,-10.896,0.246,-0.044,0.096,80.06,1691.17,20.8,33,1,1
17:32:22.411,VIGILE,1,-178.73,-1.36,0.299,0.819,1.923,-10.116,-0.38,0.181,-0.028,80.06,1692.12,20.8,33,1,1
17:32:22.911,VIGILE,1,179.72,8.53,0.287,-1.353,4.377,-8.578,-0.087,0.005,-0.001,80.06,1707.29,20.8,33,1,1
17:32:23.411,VIGILE,1,-178.61,21.04,0.24,0.316,2.231,-9.981,-0.121,0.1,-0.025,80.06,1715.32,20.8,33,1,1
17:32:23.911,VIGILE,1,-171.91,29.27,0.107,-0.409,1.065,-10.369,0.485,-0.028,0.138,80.06,1724.02,20.8,33,1,1
17:32:24.411,VIGILE,1,179.61,18.02,0.27,1.82,3.151,-9.732,-0.12,0.057,0.037,80.06,1739.3,20.8,33,1,1
17:32:24.912,VIGILE,1,-177.12,-2.56,0.299,-0.57,0.876,-11.095,0.226,-0.005,-0.114,80.06,1751.15,20.8,33,1,1
17:32:25.412,NERVOSO,1,178.61,43.65,0.268,1.36,5.794,-9.527,0.13,-0.138,0.262,80.06,1787.07,20.8,33,1,1
17:32:25.912,NERVOSO,1,178.57,30.56,0.12,-0.558,4.611,-9.347,-0.086,0.09,0.117,80.06,1797.88,20.8,33,1,1
17:32:26.412,NERVOSO,1,176.39,-2.58,0.257,-3.098,-0.4,-10.386,0.135,0.023,-0.328,80.06,1804.72,20.7,33,1,1
17:32:26.912,NERVOSO,0,0.0,0.0,0.0,-3.22,-0.259,-10.099,-0.291,0.241,-0.289,80.06,1790.39,20.7,33,1,1
17:32:27.412,NERVOSO,1,-179.68,12.3,0.296,2.219,7.238,-7.084,-0.091,0.057,0.221,80.06,1782.13,20.7,33,1,1
17:32:27.912,NERVOSO,1,-177.04,26.33,0.321,-3.026,-0.948,-9.9,0.226,-0.019,-0.201,80.06,1813.58,20.7,33,1,1
17:32:28.412,NERVOSO,0,0.0,0.0,0.0,-0.464,5.567,-9.112,-0.252,0.135,0.118,80.06,1814.54,20.7,33,1,1
17:32:28.912,NERVOSO,1,174.54,17.5,0.303,2.052,7.626,-9.756,-0.037,0.017,0.219,80.06,1803.58,20.7,33,1,1
17:32:29.412,NERVOSO,1,179.71,8.79,0.299,0.589,3.871,-9.689,-0.062,0.046,0.065,80.06,1797.11,20.7,33,1,1
17:32:29.912,NERVOSO,1,-177.36,-14.48,0.308,-0.599,1.817,-10.075,0.091,-0.126,-0.037,80.06,1807.15,20.7,33,1,1
17:32:30.412,NERVOSO,1,-173.55,23.17,0.337,-2.447,-2.263,-8.162,-0.71,0.076,-0.378,80.06,1792.0,20.7,33,1,1
17:32:30.912,NERVOSO,1,179.96,17.63,0.282,-2.533,3.237,-9.05,0.061,0.04,-0.153,80.06,1816.53,20.7,33,1,1
17:32:31.412,NERVOSO,1,-178.83,3.8,0.285,-1.209,6.529,-9.424,0.068,-0.016,0.107,80.06,1822.14,20.7,33,1,1
17:32:31.912,NERVOSO,1,176.15,35.19,0.293,-0.206,4.252,-9.471,-0.359,0.133,-0.028,80.06,1819.24,20.7,33,1,1
17:32:32.413,NERVOSO,1,179.15,14.67,0.275,-2.2,2.619,-11.224,-0.109,0.2,-0.123,80.06,1798.63,20.7,33,1,1
17:32:32.913,NERVOSO,1,-174.73,25.11,0.312,1.192,3.967,-8.073,-0.286,0.061,-0.017,80.06,1821.46,20.7,33,1,1
17:32:33.413,NERVOSO,1,-178.22,18.36,0.289,1.41,8.765,-8.521,-0.08,-0.189,0.18,80.06,1820.85,20.7,33,1,1
17:32:33.913,NERVOSO,1,-178.34,3.87,0.272,-0.907,-0.292,-4.348,-0.938,0.502,-0.104,80.06,1787.82,20.7,33,1,1
17:32:34.413,NERVOSO,1,179.71,-10.84,0.293,-1.633,2.33,-9.249,0.171,0.008,-0.21,80.06,1770.25,20.7,33,1,1
17:32:34.913,NERVOSO,1,-178.37,-14.33,0.284,-2.456,2.274,-8.078,-0.378,0.073,-0.094,80.06,1776.41,20.7,33,1,1
17:32:35.413,NERVOSO,1,-177.27,-4.38,0.288,-2.693,-0.007,-10.582,-0.056,0.175,-0.138,80.06,1762.68,20.7,33,1,1
17:32:35.913,NERVOSO,1,-178.21,20.05,0.273,0.294,7.867,-6.764,-0.07,-0.094,0.322,80.06,1799.37,20.7,33,1,1
17:32:36.413,NERVOSO,0,0.0,0.0,0.0,-3.314,0.682,-8.904,-0.278,0.164,-0.27,80.06,1791.04,20.7,33,1,1
17:32:36.913,NERVOSO,1,-177.36,-16.43,0.318,-1.501,2.195,-7.436,-0.495,0.116,-0.143,80.06,1778.12,20.7,33,1,1
17:32:37.413,NERVOSO,1,-174.76,-18.98,0.328,-3.886,4.276,-8.466,-0.464,0.234,-0.107,80.06,1734.01,20.7,33,1,1
17:32:37.913,NERVOSO,1,-173.25,18.18,0.137,-6.012,0.649,-12.069,0.829,-0.221,0.158,80.06,1638.27,20.7,33,1,1
17:32:38.413,NERVOSO,1,-177.85,6.91,0.29,-8.722,5.368,-12.249,0.756,-0.008,-0.031,80.06,1715.84,20.7,33,1,1
17:32:38.913,VIGILE,1,-176.69,-23.2,0.328,-3.208,3.012,-5.942,-0.086,0.044,0.048,80.06,1694.43,20.7,33,1,1
17:32:39.413,VIGILE,1,-176.03,-34.81,0.28,-1.815,3.481,-6.682,-0.049,0.052,0.025,80.06,1787.43,20.7,33,1,1
17:32:39.913,VIGILE,1,-175.2,-17.54,0.304,-0.038,0.239,-8.171,-0.04,-0.039,-0.042,80.06,1713.48,20.7,33,1,1
17:32:40.414,VIGILE,1,-178.7,1.24,0.292,-0.821,2.636,-10.448,-0.254,0.104,-0.072,80.06,1750.87,20.7,33,1,1
17:32:40.914,VIGILE,1,179.85,10.27,0.27,-0.864,2.787,-7.925,0.326,-0.012,0.038,80.06,1696.97,20.7,33,1,1
17:32:41.414,VIGILE,1,177.85,5.8,0.286,-3.318,4.235,-8.887,0.014,0.066,0.016,80.06,1752.02,20.7,33,1,1
17:32:41.914,VIGILE,1,178.51,14.47,0.278,-2.215,2.99,-9.704,-0.039,0.044,-0.01,80.06,1777.31,20.7,33,1,1
17:32:42.414,VIGILE,1,177.34,6.86,0.281,-0.194,5.569,-9.867,-0.26,0.079,-0.069,80.06,1806.17,20.7,33,1,1
17:32:42.914,VIGILE,1,176.73,3.8,0.3,-2.413,4.523,-9.321,-0.091,0.083,0.045,80.06,1767.78,20.7,33,1,1
17:32:43.414,VIGILE,1,176.83,9.3,0.294,-3.883,5.454,-8.801,0.006,0.025,0.047,80.06,1722.69,20.7,33,1,1
17:32:43.914,VIGILE,1,178.76,18.32,0.297,-1.489,2.811,-10.293,-0.062,0.084,-0.005,80.06,1795.45,20.7,33,1,1
17:32:44.414,VIGILE,1,172.82,7.4,0.289,-4.472,4.956,-7.903,-0.088,0.061,-0.015,80.06,1790.21,20.7,33,1,1
17:32:44.914,VIGILE,1,175.34,-0.06,0.278,-4.408,5.567,-8.55,0.02,0.097,0.113,80.06,1781.11,20.7,33,1,1
17:32:45.414,VIGILE,1,178.59,-4.7,0.245,-0.694,3.46,-8.459,-0.181,0.105,-0.022,80.06,1776.27,20.7,33,1,1
17:32:45.914,VIGILE,1,177.35,-2.6,0.274,-1.719,3.773,-9.653,-0.197,0.033,-0.028,80.06,1768.64,20.7,33,1,1
17:32:46.414,VIGILE,1,177.13,-25.8,0.218,-2.583,6.036,-9.462,-0.017,0.099,-0.01,80.06,1753.13,20.7,33,1,1
17:32:46.914,VIGILE,1,-179.76,-9.43,0.298,0.132,3.785,-10.218,-0.091,0.016,-0.045,80.06,1764.21,20.7,33,1,1
17:32:47.414,VIGILE,1,172.15,1.91,0.258,-0.663,3.675,-8.729,-0.188,0.125,0.006,80.06,1760.2,20.7,33,1,1
17:32:47.914,VIGILE,1,177.55,-3.62,0.27,-1.082,3.563,-8.82,-0.144,0.115,-0.032,80.06,1766.72,20.7,33,1,1
17:32:48.415,VIGILE,1,176.61,1.3,0.266,-0.979,3.812,-8.954,-0.15,0.019,-0.018,80.06,1750.12,20.7,33,1,1
17:32:48.915,VIGILE,1,176.77,2.25,0.244,-0.876,4.022,-8.835,-0.135,0.113,-0.012,80.06,1719.98,20.7,33,1,1
17:32:49.415,VIGILE,1,177.56,-4.38,0.264,-0.948,4.123,-8.679,-0.151,0.079,-0.014,80.06,1681.27,20.7,33,1,1
17:32:49.915,VIGILE,1,177.91,4.51,0.272,-0.95,4.156,-8.94,-0.094,0.034,-0.011,80.06,1644.7,20.7,33,1,1
17:32:50.415,VIGILE,1,-179.83,14.66,0.253,0.093,5.195,-7.781,-0.167,0.154,0.042,80.06,1591.73,20.7,33,1,1
17:32:50.915,VIGILE,1,-179.33,-18.01,0.27,0.263,3.96,-9.007,-0.309,0.11,-0.001,80.06,1579.12,20.7,33,1,1
17:32:51.415,VIGILE,1,-179.54,2.22,0.275,0.206,3.203,-9.369,-0.127,0.049,-0.021,80.06,1597.71,20.7,33,1,1
17:32:51.915,VIGILE,1,178.42,-0.35,0.28,-0.072,2.895,-9.158,-0.193,0.108,-0.047,80.06,1641.72,20.7,33,1,1
17:32:52.415,VIGILE,1,178.07,7.82,0.284,-0.606,3.378,-9.74,-0.151,0.094,-0.03,80.06,1702.44,20.7,33,1,1
17:32:52.915,VIGILE,1,175.98,14.62,0.288,-1.393,3.881,-9.036,-0.096,0.039,-0.003,80.06,1732.02,20.7,33,1,1
17:32:53.415,VIGILE,1,175.58,28.63,0.288,-0.46,3.493,-8.83,-0.21,0.071,-0.037,80.06,1722.6,20.7,33,1,1
17:32:53.915,VIGILE,1,171.62,36.26,0.321,-0.9,5.157,-9.218,-0.164,0.039,0.069,80.06,1740.55,20.7,33,1,1
17:32:54.415,VIGILE,1,173.94,38.47,0.339,-0.713,5.849,-8.859,-0.106,-0.023,0.259,80.06,1788.92,20.7,33,1,1
17:32:54.915,VIGILE,1,176.88,39.43,0.337,-0.462,6.029,-8.092,-0.059,-0.095,0.341,80.06,1809.46,20.7,33,1,1
17:32:55.415,VIGILE,1,175.15,39.6,0.352,-0.86,5.607,-8.938,-0.105,-0.078,0.329,80.06,1818.76,20.7,33,1,1
17:32:55.915,VIGILE,1,177.68,34.56,0.281,-0.113,5.361,-8.89,-0.053,-0.078,0.346,80.06,1825.07,20.7,33,1,1
17:32:56.416,VIGILE,1,174.74,36.07,0.307,-0.122,4.76,-8.696,-0.117,-0.086,0.355,80.06,1844.81,20.7,33,1,1
17:32:56.916,VIGILE,1,178.73,31.37,0.287,0.306,5.607,-8.037,-0.062,-0.078,0.431,80.06,1851.18,20.7,33,1,1
17:32:57.416,VIGILE,1,179.17,34.7,0.304,0.192,6.017,-7.93,0.002,-0.099,0.43,80.06,1850.37,20.7,33,1,1
17:32:57.916,VIGILE,1,178.92,35.67,0.315,0.22,6.12,-8.408,-0.075,-0.091,0.447,80.06,1847.37,20.7,33,1,1
17:32:58.416,VIGILE,1,179.23,24.99,0.273,0.201,5.54,-8.746,-0.073,-0.087,0.432,80.06,1846.03,20.7,33,1,1
17:32:58.916,VIGILE,1,-178.91,23.02,0.286,0.903,5.437,-9.029,-0.114,-0.098,0.378,80.06,1838.41,20.7,33,1,1
17:32:59.416,VIGILE,1,-179.81,8.69,0.264,0.007,4.195,-9.457,-0.067,-0.033,0.237,80.06,1832.02,20.7,33,1,1
17:32:59.917,VIGILE,1,177.81,-2.85,0.286,-0.534,2.715,-9.421,-0.14,0.068,0.063,80.06,1825.85,20.7,33,1,1
17:33:00.417,VIGILE,1,179.04,-7.41,0.283,-0.577,3.148,-9.606,-0.074,0.023,0.057,80.06,1817.58,20.7,33,1,1
17:33:00.917,VIGILE,1,177.69,-12.33,0.295,-1.286,3.673,-9.725,-0.095,0.043,0.007,80.06,1803.93,20.7,33,1,1
17:33:01.417,VIGILE,1,178.65,-12.82,0.28,-1.252,3.124,-9.282,-0.059,0.064,0.038,80.06,1785.64,20.7,33,1,1
17:33:01.917,VIGILE,1,178.13,-7.39,0.278,-0.754,4.329,-8.772,-0.099,0.067,0.002,80.06,1771.17,20.7,33,1,1
17:33:02.417,VIGILE,1,178.32,-12.94,0.253,-1.724,4.077,-9.057,-0.135,0.076,-0.021,80.06,1753.45,20.7,33,1,1
17:33:02.917,VIGILE,1,178.08,-12.11,0.259,-1.137,3.618,-8.904,-0.12,0.044,-0.022,80.06,1737.21,20.7,33,1,1
17:33:03.417,VIGILE,1,176.66,-9.0,0.154,-0.891,3.752,-9.428,-0.135,0.043,0.005,80.06,1720.39,20.7,33,1,1
17:33:03.918,VIGILE,1,177.93,-14.19,0.272,-1.027,3.292,-9.199,-0.103,0.041,0.014,80.06,1708.23,20.7,33,1,1
17:33:04.418,VIGILE,1,178.6,-18.95,0.271,0.261,2.871,-9.56,-0.206,0.111,-0.037,80.06,1695.28,20.7,33,1,1
17:33:04.918,VIGILE,1,179.37,-22.21,0.284,-1.386,2.775,-9.864,-0.144,0.094,-0.049,80.06,1690.95,20.7,33,1,1
17:33:05.418,VIGILE,1,178.84,-25.58,0.288,-2.227,1.429,-9.661,-0.202,0.136,-0.207,80.06,1699.71,20.7,33,1,1
17:33:05.918,VIGILE,1,-178.8,-31.17,0.284,-2.1,1.647,-9.225,-0.193,0.141,-0.278,80.06,1719.55,20.7,33,1,1
17:33:06.418,VIGILE,1,-178.88,-39.05,0.253,-1.338,2.43,-9.515,-0.222,0.143,-0.194,80.06,1758.24,20.7,33,1,1
17:33:06.918,VIGILE,1,-179.11,-35.33,0.304,-1.159,3.34,-9.28,-0.137,0.105,-0.05,80.06,1791.3,20.7,33,1,1
17:33:07.418,VIGILE,1,171.01,-49.87,0.596,-2.483,3.821,-8.617,-0.135,0.032,-0.04,80.06,1810.39,20.7,33,1,1
17:33:07.918,VIGILE,0,0.0,0.0,0.0,-1.899,3.239,-9.076,-0.064,0.073,-0.02,80.06,1815.74,20.7,33,1,1
17:33:08.418,VIGILE,0,0.0,0.0,0.0,1.087,2.624,-9.682,-0.102,0.108,-0.027,80.06,1809.82,20.7,33,1,1
17:33:08.918,VIGILE,1,-178.11,29.33,0.303,0.184,2.38,-9.795,-0.152,0.103,0.032,80.06,1796.11,20.7,33,1,1
17:33:09.418,VIGILE,1,178.69,29.19,0.297,1.458,2.974,-10.369,-0.192,0.02,0.028,80.06,1760.24,20.7,33,1,1
17:33:09.918,VIGILE,1,-177.05,28.07,0.307,1.614,3.084,-9.278,0.038,0.032,0.079,80.06,1708.11,20.7,33,1,1
17:33:10.418,VIGILE,1,-179.66,25.43,0.249,1.219,3.338,-9.064,-0.172,0.083,0.076,80.06,1578.16,20.7,33,1,1
17:33:10.919,VIGILE,1,-178.27,21.24,0.312,-2.176,5.622,-11.715,-0.31,0.076,0.046,80.06,1433.09,20.7,33,1,1
17:33:11.419,VIGILE,1,-179.52,15.33,0.279,-0.661,3.575,-9.567,0.048,-0.017,0.057,80.06,1567.86,20.7,33,1,1
17:33:11.919,VIGILE,1,179.85,18.7,0.296,0.716,2.698,-9.821,-0.204,0.099,0.043,80.06,1655.92,20.7,33,1,1
17:33:12.419,VIGILE,1,-178.67,7.62,0.302,-0.795,0.723,-8.475,-0.167,0.126,0.034,80.06,1645.95,20.7,33,1,1
17:33:12.919,VIGILE,1,-173.98,25.03,0.107,0.244,3.031,-9.242,-0.33,0.052,-0.014,80.06,1666.02,20.7,33,1,1
17:33:13.419,VIGILE,1,178.97,14.52,0.313,1.516,2.476,-10.728,-0.214,0.127,-0.022,80.06,1770.96,20.7,33,1,1
17:33:13.919,VIGILE,1,-174.56,22.56,0.298,1.142,1.707,-10.846,-0.534,0.094,-0.114,80.06,1776.62,20.7,33,1,1
17:33:14.419,VIGILE,1,-178.95,18.37,0.288,0.991,0.903,-9.012,-0.482,0.119,-0.06,80.06,1741.54,20.7,33,1,1
17:33:14.920,VIGILE,1,-176.7,18.64,0.333,-1.729,3.326,-4.604,-0.311,0.058,0.028,80.06,1818.09,20.7,33,1,1
17:33:15.420,VIGILE,1,-173.29,31.02,0.175,-0.309,1.504,-9.488,-0.544,0.146,-0.007,80.06,1850.86,20.7,33,1,1
17:33:15.920,VIGILE,1,-177.32,21.22,0.299,-1.051,3.486,-7.939,-0.046,0.015,0.013,80.06,1825.93,20.7,33,1,1
17:33:16.420,NERVOSO,1,179.01,2.62,0.285,-0.314,1.336,-9.469,-0.175,0.106,-0.006,80.06,1810.03,20.7,33,1,1
17:33:16.920,NERVOSO,1,-179.23,-7.7,0.299,0.397,-1.073,-12.955,-0.371,0.051,-0.17,80.06,1815.91,20.7,33,1,1
17:33:17.420,NERVOSO,1,177.61,2.02,0.312,2.059,4.494,-11.598,-0.077,0.146,-0.105,80.06,1829.49,20.7,33,1,1
17:33:17.920,NERVOSO,1,-176.55,16.28,0.302,1.381,8.892,-6.393,0.32,-0.051,0.459,80.06,1873.16,20.7,33,1,1
17:33:18.420,NERVOSO,0,0.0,0.0,0.0,-2.732,2.38,-7.195,-0.011,0.13,-0.065,80.06,1858.2,20.7,33,1,1
17:33:18.920,NERVOSO,1,-177.89,5.22,0.249,-0.486,5.899,-6.22,-0.044,-0.033,0.108,80.06,1745.72,20.7,33,1,1
17:33:19.420,NERVOSO,1,-176.57,12.67,0.248,-5.286,-0.096,-11.502,-0.217,0.173,-0.175,80.06,1819.65,20.7,33,1,1
17:33:19.920,NERVOSO,1,-178.64,12.11,0.292,1.652,11.076,-4.559,-0.08,-0.07,0.424,80.06,1791.94,20.7,33,1,1
17:33:20.420,NERVOSO,1,-177.25,-4.18,0.263,-4.64,-1.434,-13.027,-0.636,0.302,-0.312,80.06,1736.1,20.7,33,1,1
17:33:20.920,NERVOSO,1,-179.72,-17.16,0.273,0.68,7.015,-9.641,-0.055,0.027,0.181,80.06,1647.43,20.7,33,1,1
17:33:21.420,NERVOSO,1,178.78,-21.77,0.319,-7.508,-1.604,-9.993,0.086,0.198,-0.149,80.06,1689.13,20.7,33,1,1
17:33:21.920,NERVOSO,1,179.35,-11.52,0.263,-2.983,0.055,-10.455,-0.133,0.131,-0.363,80.06,1767.94,20.7,33,1,1
17:33:22.420,NERVOSO,1,178.21,12.1,0.169,-4.113,3.575,-8.626,0.002,0.064,-0.013,80.06,1786.56,20.7,33,1,1
17:33:22.921,VIGILE,1,178.8,7.47,0.275,-3.369,5.274,-7.937,-0.133,0.063,-0.071,80.06,1815.57,20.7,33,1,1
17:33:23.421,VIGILE,1,-179.52,22.39,0.181,-4.207,5.399,-8.37,-0.262,0.101,0.031,80.06,1835.48,20.7,33,1,1
17:33:23.921,VIGILE,1,179.97,4.86,0.271,0.242,3.077,-6.754,-0.087,0.037,-0.049,80.06,1845.46,20.7,33,1,1
17:33:24.421,VIGILE,1,-178.99,-5.6,0.281,-1.872,3.11,-10.582,-0.134,0.059,-0.063,80.06,1840.37,20.7,33,1,1
17:33:24.921,VIGILE,1,-178.57,-13.13,0.294,-0.17,2.708,-7.465,-0.086,0.106,-0.028,80.06,1818.58,20.7,33,1,1
17:33:25.421,VIGILE,1,-179.53,-14.01,0.301,-1.348,3.634,-8.473,-0.139,0.128,-0.054,80.06,1785.81,20.7,33,1,1
17:33:25.921,VIGILE,1,177.85,-20.87,0.298,-0.373,6.527,-9.158,-0.195,-0.025,-0.068,80.06,1740.01,20.7,33,1,1
17:33:26.421,VIGILE,1,-179.31,-21.76,0.327,-2.775,3.376,-8.643,-0.15,0.037,-0.025,80.06,1679.26,20.7,33,1,1
17:33:26.921,VIGILE,1,176.8,-21.78,0.278,-1.966,3.768,-9.203,-0.069,0.021,-0.022,80.06,1618.82,20.7,33,1,1
17:33:27.421,VIGILE,1,-179.69,-22.05,0.314,0.151,2.253,-8.643,-0.067,0.017,0.011,80.06,1577.18,20.7,33,1,1
17:33:27.921,VIGILE,1,-179.88,-22.72,0.294,-2.624,5.15,-8.246,-0.095,0.127,-0.046,80.06,1557.59,20.7,33,1,1
17:33:28.421,VIGILE,1,176.02,-12.85,0.288,-0.543,3.745,-8.08,-0.11,0.034,-0.026,80.06,1538.72,20.7,33,1,1
17:33:28.921,VIGILE,1,177.98,-21.08,0.293,-2.119,4.31,-8.404,-0.151,0.079,-0.051,80.06,1531.29,20.7,33,1,1
17:33:29.421,VIGILE,1,177.49,-28.43,0.298,-2.717,2.72,-8.997,-0.125,0.067,-0.091,80.06,1550.05,20.7,33,1,1
17:33:29.921,VIGILE,1,-179.85,-29.57,0.285,-4.14,1.611,-9.299,-0.16,0.179,-0.302,80.06,1574.85,20.7,33,1,1
17:33:30.421,VIGILE,1,-177.59,-42.52,0.338,-3.682,-0.512,-9.682,-0.189,0.215,-0.568,80.06,1616.02,20.7,33,1,1
17:33:30.922,VIGILE,1,-177.36,-41.98,0.411,-2.94,2.365,-10.029,-0.258,0.232,-0.619,80.06,1638.66,20.7,33,1,1
17:33:31.422,VIGILE,1,178.8,-35.53,0.305,-1.815,3.225,-9.045,-0.233,0.27,-0.545,80.06,1660.24,20.7,34,1,1
17:33:31.922,VIGILE,1,-179.15,-25.45,0.273,-2.322,3.134,-9.632,-0.186,0.308,-0.49,80.06,1670.38,20.7,34,1,1
17:33:32.422,VIGILE,1,172.09,53.32,0.298,-1.872,1.913,-8.945,-0.309,0.289,-0.443,80.06,1634.15,20.7,34,1,1
17:33:32.922,VIGILE,0,0.0,0.0,0.0,-2.136,4.503,-8.574,-0.191,0.161,-0.219,80.06,1562.62,20.7,34,1,1
