Timestamp,Label_ML,Cam_Face_Det,Cam_Pitch,Cam_Yaw,Cam_EAR,Gyro_Acc_X,Gyro_Acc_Y,Gyro_Acc_Z,Gyro_Rot_X,Gyro_Rot_Y,Gyro_Rot_Z,Audio_dB,Light_Lux,Temp_C,Humidity_Perc,Gas_Pin,Alcohol_Pin
13:12:10.833,VIGILE,0,0.0,0.0,0.0,-4.98,7.594,-2.684,-0.137,0.1,0.003,72.6,0.0,31.0,23,1,1
13:12:11.333,VIGILE,0,0.0,0.0,0.0,-4.963,7.628,-2.749,-0.139,0.086,-0.009,70.84,0.0,31.0,23,1,1
13:12:11.833,VIGILE,0,0.0,0.0,0.0,-5.04,7.618,-2.375,-0.147,0.076,0.003,73.44,0.0,31.0,23,1,1
13:12:12.333,VIGILE,0,0.0,0.0,0.0,-5.006,7.511,-2.6,-0.107,0.084,-0.03,70.76,0.0,31.0,23,1,1
13:12:12.833,VIGILE,1,-165.19,21.62,0.156,-4.906,7.657,-2.576,-0.145,0.064,0.009,72.62,0.0,31.0,23,1,1
13:12:13.333,VIGILE,1,-152.57,18.27,0.211,-4.901,7.444,-2.301,-0.119,0.001,-0.047,73.44,0.0,31.0,23,1,1
13:12:13.833,VIGILE,1,175.49,-16.96,0.227,-5.08,7.726,-2.653,-0.152,0.128,0.013,76.08,0.0,31.0,23,1,1
13:12:14.334,VIGILE,1,175.73,-30.16,0.099,-4.968,7.513,-2.473,-0.107,0.024,-0.06,73.79,0.0,31.0,23,1,1
13:12:14.834,VIGILE,1,-173.63,28.58,0.077,-5.322,7.506,-2.562,-0.139,-0.016,-0.035,70.84,0.0,31.0,23,1,1
13:12:15.334,VIGILE,1,-162.53,32.56,0.158,-4.978,7.621,-2.382,-0.121,0.064,-0.048,72.91,0.0,31.0,23,1,1
13:12:15.834,VIGILE,1,-177.33,-6.66,0.16,-5.095,7.633,-2.61,-0.16,0.062,0.046,76.94,0.0,31.1,23,1,1
13:12:16.334,VIGILE,1,172.86,-23.75,0.254,-4.314,7.415,-2.737,-0.162,0.202,0.099,77.25,0.0,31.1,23,1,1
13:12:16.834,VIGILE,1,174.49,-28.22,0.246,-4.202,7.307,-4.731,-0.156,0.211,0.001,71.23,0.0,31.1,23,1,1
13:12:17.334,VIGILE,1,177.28,-27.85,0.232,-4.424,6.517,-4.429,-0.233,-0.245,-0.017,79.48,0.0,31.1,23,1,1
13:12:17.834,VIGILE,1,173.89,-33.5,0.26,-6.163,8.54,-5.423,-0.02,0.234,-0.096,82.89,0.0,31.1,23,1,1
13:12:18.334,VIGILE,1,178.9,-16.7,0.249,-3.558,7.238,-4.458,-0.147,0.302,-0.137,78.98,0.0,31.2,23,1,1
13:12:18.835,VIGILE,1,177.8,12.67,0.248,-4.046,7.288,-4.257,-0.103,0.186,0.052,85.46,0.0,31.2,23,1,1
13:12:19.335,VIGILE,1,177.06,13.97,0.228,-4.209,8.045,-5.042,-0.511,0.324,-0.379,85.58,0.0,31.2,23,1,1
13:12:19.835,VIGILE,1,174.8,13.15,0.191,-4.379,7.487,-2.231,-0.481,0.175,-0.463,81.37,0.0,31.2,23,1,1
13:12:20.335,VIGILE,1,174.84,11.77,0.245,-4.36,7.24,-1.884,-0.08,0.0,-0.023,76.06,0.0,31.2,23,1,1
13:12:20.835,VIGILE,1,175.1,5.3,0.241,-4.058,7.056,-3.845,-0.213,-0.053,-0.047,81.83,0.0,31.2,23,1,1
13:12:21.335,VIGILE,1,176.16,3.62,0.237,-3.62,8.052,-4.353,-0.039,0.265,0.023,78.27,0.0,31.2,23,1,1
13:12:21.835,VIGILE,1,174.0,-7.27,0.124,-4.956,7.389,-4.422,-0.019,-0.082,-0.074,73.78,0.0,31.2,23,1,1
13:12:22.335,VIGILE,1,178.71,1.65,0.242,-4.243,8.179,-4.147,-0.141,0.133,0.071,81.23,0.0,31.2,23,1,1
13:12:22.835,VIGILE,1,-179.65,1.35,0.232,-3.639,7.377,-4.027,-0.13,0.111,0.009,80.05,0.0,31.2,23,1,1
13:12:23.335,VIGILE,1,178.61,-2.19,0.234,-4.513,7.642,-2.413,-0.544,0.016,-0.145,80.64,0.0,31.3,23,1,1
13:12:23.835,VIGILE,1,177.0,-9.75,0.228,-4.642,7.35,-2.756,-0.177,-0.119,0.042,83.35,0.0,31.3,23,1,1
13:12:24.335,VIGILE,1,176.21,-4.36,0.24,-4.793,7.63,-3.45,-0.138,-0.019,0.02,75.13,0.0,31.3,23,1,1
13:12:24.835,VIGILE,1,171.84,4.13,0.226,-5.112,7.913,-3.304,-0.044,-0.281,0.185,84.48,0.0,31.3,23,1,1
13:12:25.335,VIGILE,1,177.87,16.0,0.235,-5.001,7.887,-2.82,-0.142,0.089,0.026,80.38,0.0,31.3,23,1,1
13:12:25.835,VIGILE,1,174.84,15.87,0.244,-4.389,7.939,-2.696,-0.208,-0.117,0.034,84.63,0.0,31.4,23,1,1
13:12:26.335,VIGILE,1,178.16,11.55,0.25,-4.592,7.63,-2.466,-0.167,-0.212,-0.022,80.67,0.0,31.4,23,1,1
13:12:26.835,VIGILE,1,-175.09,15.26,0.193,-4.381,7.903,-2.354,-0.108,0.033,-0.078,78.47,0.0,31.4,23,1,1
13:12:27.336,VIGILE,1,177.53,-24.06,0.242,-4.609,7.429,-3.129,-0.08,0.139,-0.083,74.16,0.0,31.4,23,1,1
13:12:27.836,VIGILE,1,173.18,-1.41,0.209,-4.638,7.396,-3.28,-0.025,0.309,0.017,78.37,0.0,31.4,23,1,1
13:12:28.336,VIGILE,1,177.75,-9.77,0.228,-5.243,7.736,-2.466,-0.229,-0.192,0.024,86.48,0.0,31.5,23,1,1
13:12:28.836,VIGILE,1,174.02,-0.14,0.212,-5.291,7.448,-1.954,-0.898,0.39,-0.437,78.7,0.0,31.5,23,1,1
13:12:29.336,VIGILE,1,174.65,-7.25,0.14,-4.515,7.355,-2.447,-0.105,-0.079,-0.112,77.89,0.0,31.5,23,1,1
13:12:29.836,VIGILE,1,174.91,0.81,0.236,-5.131,7.197,-3.455,0.01,-0.076,-0.056,76.93,0.0,31.5,23,1,1
13:12:30.337,VIGILE,1,175.97,-3.26,0.247,-4.554,7.836,-2.454,-0.197,0.023,-0.01,75.78,0.0,31.5,23,1,1
13:12:30.837,VIGILE,1,175.77,-2.78,0.24,-4.812,7.743,-2.088,-0.097,0.051,-0.026,86.12,0.0,31.6,23,1,1
13:12:31.337,VIGILE,1,177.03,-5.53,0.242,-3.512,6.639,-3.045,0.66,-0.234,0.176,85.29,0.0,31.6,23,1,1
13:12:31.837,VIGILE,1,175.42,-6.03,0.204,-4.501,7.769,-3.021,-0.155,-0.067,0.067,81.36,0.0,31.6,23,1,1
13:12:32.337,VIGILE,1,175.09,-10.23,0.123,-5.737,8.023,-3.306,-0.031,-0.071,-0.139,78.16,0.0,31.6,23,1,1
13:12:32.837,VIGILE,1,176.77,-2.83,0.236,-3.46,9.505,-3.361,-4.73,1.454,-2.207,89.18,0.0,31.6,23,1,1
13:12:33.337,VIGILE,1,171.27,-9.86,0.274,-5.588,8.248,-3.625,-0.208,-0.032,0.015,84.15,0.0,31.6,23,1,1
13:12:33.837,VIGILE,1,172.42,-11.39,0.24,-4.968,7.298,-3.117,-0.066,0.131,-0.078,78.03,0.0,31.6,23,1,1
13:12:34.337,VIGILE,1,172.19,-15.81,0.249,-5.423,6.519,-3.053,-0.488,0.309,-0.497,85.82,0.0,31.6,23,1,1
13:12:34.837,VIGILE,1,173.68,-13.77,0.257,-5.205,7.518,-1.528,-0.175,-0.096,-0.024,76.37,0.0,31.6,23,1,1
13:12:35.337,VIGILE,1,173.69,-16.24,0.264,-5.598,7.393,-2.401,-0.067,0.193,-0.082,77.48,0.0,31.6,23,1,1
13:12:35.837,VIGILE,1,172.55,-16.75,0.188,-4.92,7.044,-2.851,-0.144,0.105,-0.075,79.74,0.0,31.7,23,1,1
13:12:36.337,VIGILE,1,174.26,-20.15,0.238,-4.851,7.369,-2.313,-0.209,0.191,0.077,75.82,0.0,31.7,23,1,1
13:12:36.837,VIGILE,1,175.14,-30.45,0.242,-5.717,6.862,-2.725,-0.17,-0.102,-0.059,80.78,0.0,31.7,23,1,1
13:12:37.337,VIGILE,1,175.06,-31.21,0.254,-6.469,6.091,-3.565,-0.253,-0.056,0.025,74.02,0.0,31.7,23,1,1
13:12:37.837,VIGILE,1,173.28,-28.2,0.247,-7.061,6.266,-3.711,-0.317,0.15,-0.163,84.65,0.0,31.7,23,1,1
13:12:38.338,VIGILE,1,175.63,-28.34,0.244,-6.065,5.325,-4.147,-0.825,0.215,-0.253,85.94,0.0,31.7,23,1,1
13:12:38.838,VIGILE,1,176.01,-27.71,0.234,-7.35,8.339,-2.691,-0.3,0.144,0.088,81.74,0.0,31.7,23,1,1
13:12:39.338,VIGILE,1,176.41,-27.87,0.251,-6.991,6.203,-3.342,-0.982,1.265,-0.926,87.02,0.0,31.7,23,1,1
13:12:39.838,VIGILE,1,175.6,-23.3,0.258,-8.672,7.061,-4.405,-0.612,0.318,0.228,88.17,0.0,31.7,23,1,1
13:12:40.338,VIGILE,1,175.75,-16.61,0.25,-6.483,4.633,-2.935,-0.266,0.154,0.041,88.01,0.0,31.7,23,1,1
13:12:40.838,VIGILE,1,174.43,-9.34,0.23,-5.037,4.396,-3.934,-0.873,0.595,-0.657,89.06,0.0,31.7,23,1,1
13:12:41.338,VIGILE,1,172.83,-1.73,0.158,-6.926,6.651,-4.604,-0.031,-0.149,0.162,84.48,0.0,31.7,23,1,1
13:12:41.838,VIGILE,1,174.36,9.09,0.213,-6.208,6.962,-3.17,-0.577,0.072,0.023,72.36,0.0,31.7,23,1,1
13:12:42.338,VIGILE,1,174.13,-0.06,0.213,-5.71,7.724,-2.315,-0.203,0.101,-0.048,84.45,0.0,31.7,23,1,1
13:12:42.838,VIGILE,1,173.38,0.76,0.247,-4.829,7.037,-2.962,-0.319,-0.087,-0.133,85.88,0.0,31.7,23,1,1
13:12:43.338,VIGILE,1,174.89,0.69,0.221,-5.54,8.04,-2.5,-0.27,0.033,-0.099,77.95,0.0,31.8,23,1,1
13:12:43.838,VIGILE,1,173.39,6.81,0.229,-4.851,7.664,-2.78,-0.142,0.228,-0.16,78.73,0.0,31.8,23,1,1
13:12:44.338,VIGILE,1,175.0,-4.73,0.24,-4.997,7.81,-2.552,0.03,0.129,0.076,83.3,0.0,31.8,23,1,1
13:12:44.838,VIGILE,1,173.62,0.68,0.242,-5.521,7.973,-2.09,-0.512,0.271,-0.036,82.11,0.0,31.8,23,1,1
13:12:45.338,VIGILE,1,174.42,-5.42,0.255,-5.037,7.568,-2.064,-0.437,-0.072,-0.12,83.08,0.0,31.8,23,1,1
13:12:45.838,VIGILE,1,174.65,-2.83,0.233,-5.344,7.434,-2.385,-0.425,0.104,0.024,71.88,0.0,31.8,23,1,1
13:12:46.339,VIGILE,1,173.52,-2.38,0.229,-4.925,7.348,-2.31,0.057,0.159,0.004,88.19,0.0,31.8,23,1,1
13:12:46.839,VIGILE,1,171.28,-0.63,0.233,-5.341,7.432,-1.539,-0.203,0.245,-0.086,86.68,0.0,31.8,23,1,1
13:12:47.339,VIGILE,1,172.22,-4.72,0.249,-6.282,7.168,-0.601,-0.211,-0.103,0.211,82.73,0.0,31.8,23,1,1
13:12:47.839,VIGILE,1,173.73,-12.0,0.246,-5.914,7.295,-1.556,-0.226,0.11,-0.028,86.56,0.0,31.8,23,1,1
13:12:48.339,VIGILE,1,172.39,-10.9,0.233,-5.298,7.661,-1.633,0.003,0.047,0.063,81.11,0.0,31.8,22,1,1
13:12:48.839,VIGILE,1,177.57,-20.37,0.278,-5.727,7.362,-0.539,-0.154,0.022,-0.031,77.41,0.0,31.8,22,1,1
13:12:49.339,VIGILE,1,-179.37,-35.64,0.288,-4.523,7.525,-2.873,-0.079,-0.009,0.052,77.02,0.0,31.8,22,1,1
13:12:49.839,VIGILE,1,174.5,-38.97,0.335,-3.845,8.696,-1.178,0.131,0.121,0.038,75.75,0.0,31.8,22,1,1
13:12:50.339,VIGILE,1,175.64,-12.99,0.249,-3.072,8.933,-0.515,0.27,-0.223,0.098,75.75,0.0,31.8,22,1,1
13:12:50.839,VIGILE,1,175.58,-35.67,0.29,-4.044,9.376,-0.634,-0.148,-0.122,0.058,75.75,0.0,31.9,22,1,1
13:12:51.339,VIGILE,1,176.26,-32.11,0.267,-4.123,8.626,-1.903,-0.168,-0.138,0.121,75.75,0.0,31.9,22,1,1
13:12:51.839,VIGILE,1,177.49,-22.92,0.265,-5.854,7.305,-3.024,-0.018,0.089,0.151,75.75,0.0,31.9,22,1,1
13:12:52.339,VIGILE,1,177.85,-26.98,0.218,-6.175,5.416,-3.165,-0.103,0.294,-0.182,75.75,0.0,31.9,22,1,1
13:12:52.839,VIGILE,1,176.84,-33.53,0.282,-7.156,5.057,-2.277,-0.464,0.424,-0.377,75.75,0.0,31.9,22,1,1
13:12:53.339,VIGILE,1,174.72,-35.45,0.286,-7.894,5.643,-2.875,-0.222,0.325,-0.028,75.75,0.0,31.9,22,1,1
13:12:53.840,VIGILE,1,179.18,-38.11,0.295,-8.167,5.181,-2.643,-0.274,0.489,-0.102,75.75,0.0,31.9,22,1,1
13:12:54.340,VIGILE,1,-178.88,-37.96,0.317,-8.073,5.88,-3.266,0.234,0.299,0.721,75.75,0.0,31.9,22,1,1
13:12:54.840,VIGILE,1,-177.77,-53.53,0.305,-7.506,4.784,-3.438,-0.69,0.533,-0.448,75.75,0.0,31.9,22,1,1
13:12:55.340,VIGILE,1,-176.06,-53.18,0.348,-8.983,5.452,-3.244,-0.504,0.404,-0.22,75.75,0.0,31.9,22,1,1
13:12:55.840,VIGILE,1,177.87,-35.3,0.305,-6.993,5.535,-2.928,-0.676,0.386,-0.182,75.75,0.0,31.9,22,1,1
13:12:56.340,VIGILE,1,177.75,-30.35,0.286,-7.915,5.109,-3.122,-0.589,0.408,-0.107,75.75,0.0,31.9,22,1,1
13:12:56.840,VIGILE,1,-178.72,-24.95,0.282,-8.009,5.258,-3.072,-0.432,0.581,-0.179,75.75,0.0,31.9,22,1,1
13:12:57.340,VIGILE,1,-177.75,-20.94,0.218,-8.112,5.842,-3.132,-0.901,0.483,-0.361,75.75,0.0,31.9,22,1,1
13:12:57.840,VIGILE,1,179.29,37.95,0.391,-7.082,5.301,-2.612,-0.223,0.619,-0.485,75.75,0.0,31.9,22,1,1
13:12:58.340,VIGILE,0,0.0,0.0,0.0,-7.592,4.757,-3.208,-0.462,0.221,-0.253,75.75,0.0,31.9,22,1,1
13:12:58.840,VIGILE,1,-171.19,80.63,0.667,-7.18,6.589,-3.194,-0.126,0.262,0.016,75.75,0.0,31.9,22,1,1
13:12:59.341,VIGILE,0,0.0,0.0,0.0,-7.918,4.927,-2.691,-0.17,0.143,-0.294,75.75,0.0,31.9,22,1,1
13:12:59.841,VIGILE,1,176.4,-32.15,0.273,-6.352,6.335,-4.221,-0.538,0.21,-0.179,75.75,0.0,31.9,22,1,1
13:13:00.341,VIGILE,1,172.55,-22.55,0.25,-5.59,5.918,-4.741,0.086,0.508,-0.213,75.75,0.0,31.9,22,1,1
13:13:00.841,VIGILE,1,172.36,-7.04,0.248,-6.776,6.381,-5.349,0.012,0.262,-0.022,75.75,0.0,31.9,22,1,1
13:13:01.341,VIGILE,1,175.04,12.86,0.256,-4.618,5.768,-4.714,-0.523,0.075,-0.162,75.75,0.0,31.9,22,1,1
13:13:01.841,VIGILE,1,172.94,16.6,0.256,-4.525,9.378,-1.36,-0.795,0.25,0.071,75.75,0.0,31.9,22,1,1
13:13:02.341,VIGILE,1,172.15,18.5,0.263,-3.685,8.581,-1.767,0.027,-0.234,0.399,75.75,0.0,31.9,22,1,1
13:13:02.841,VIGILE,1,175.1,23.22,0.241,-2.327,8.48,-0.175,-1.403,-0.005,-0.258,75.75,0.0,31.9,22,1,1
13:13:03.341,VIGILE,1,170.84,16.08,0.246,-3.929,8.308,-2.523,-0.015,0.044,0.07,75.75,0.0,31.9,22,1,1
13:13:03.841,VIGILE,1,173.2,13.24,0.161,-4.348,7.891,-2.337,-0.231,0.023,-0.178,75.75,0.0,31.9,22,1,1
13:13:04.341,VIGILE,1,171.87,9.61,0.238,-4.532,7.75,-2.342,-0.196,0.044,-0.154,75.75,0.0,31.9,22,1,1
13:13:04.842,VIGILE,1,172.67,6.96,0.23,-4.975,7.518,-2.454,-0.142,0.053,-0.134,75.75,0.0,31.9,22,1,1
13:13:05.342,VIGILE,1,170.22,1.77,0.159,-4.76,7.585,-1.99,-0.5,0.032,-0.043,75.75,0.0,31.9,22,1,1
13:13:05.842,VIGILE,1,172.88,7.35,0.243,-4.501,8.241,-2.284,-0.156,0.019,0.148,75.75,0.0,31.9,22,1,1
13:13:06.342,VIGILE,1,175.2,-0.9,0.244,-4.254,7.463,-2.677,-0.252,-0.068,0.022,75.75,0.0,31.9,22,1,1
13:13:06.842,VIGILE,1,174.84,0.29,0.245,-5.193,7.891,-2.152,-0.059,-0.013,-0.11,75.75,0.0,31.9,22,1,1
13:13:07.342,VIGILE,1,174.25,-0.7,0.266,-4.827,7.24,-2.588,-0.48,0.204,-0.224,75.75,0.0,31.9,22,1,1
13:13:07.842,VIGILE,1,174.46,5.95,0.254,-4.353,7.836,-2.514,-0.517,0.22,-0.153,75.75,0.0,31.9,22,1,1
13:13:08.342,VIGILE,1,172.34,-2.91,0.195,-3.931,7.721,-2.737,-0.086,-0.266,-0.015,75.75,0.0,31.9,22,1,1
13:13:08.842,VIGILE,1,173.56,-4.33,0.2,-4.36,7.824,-2.981,0.052,0.1,-0.077,75.75,0.0,31.9,22,1,1
13:13:09.342,VIGILE,1,173.55,-7.59,0.262,-4.278,7.597,-2.863,0.13,-0.197,0.285,75.75,0.0,31.9,22,1,1
13:13:09.842,VIGILE,1,173.59,-4.57,0.267,-4.211,7.685,-3.589,0.384,-0.001,0.041,75.75,0.0,31.9,22,1,1
13:13:10.342,VIGILE,1,171.72,-1.1,0.264,-5.157,7.458,-2.588,0.112,-0.099,0.061,75.75,0.0,31.9,22,1,1
13:13:10.842,VIGILE,1,171.86,-2.08,0.275,-5.092,7.834,-2.758,-0.052,0.136,-0.026,75.75,0.0,31.9,22,1,1
13:13:11.342,VIGILE,1,172.71,-6.87,0.27,-4.793,8.303,-2.243,-0.351,0.098,-0.031,75.75,0.0,31.9,22,1,1
13:13:11.842,VIGILE,1,171.88,-6.39,0.272,-4.334,7.891,-2.954,0.292,0.005,0.201,75.75,0.0,31.9,22,1,1
13:13:12.342,VIGILE,1,173.52,7.47,0.264,-4.743,7.819,-1.671,-0.469,0.168,-0.195,75.75,0.0,31.9,22,1,1
13:13:12.842,VIGILE,1,173.54,17.61,0.281,-5.045,7.92,-2.49,-0.332,0.07,-0.151,75.75,0.0,31.9,22,1,1
13:13:13.343,VIGILE,1,176.68,18.99,0.279,-4.401,8.001,-3.069,0.189,0.069,0.02,75.75,0.0,31.8,22,1,1
13:13:13.843,VIGILE,1,177.61,27.19,0.29,-3.996,8.641,-3.249,-0.382,0.13,-0.098,75.75,0.0,31.8,22,1,1
13:13:14.343,VIGILE,1,-173.71,52.8,0.337,-3.575,7.377,-2.907,0.304,0.197,-0.234,75.75,0.0,31.8,22,1,1
13:13:14.843,VIGILE,1,-175.32,29.65,0.321,-3.852,7.185,-4.044,-0.116,0.204,-0.26,75.75,0.0,31.8,22,1,1
13:13:15.343,VIGILE,1,175.95,30.45,0.316,-2.373,9.254,-2.126,-0.24,-0.108,0.095,75.75,0.0,31.8,22,1,1
13:13:15.843,VIGILE,1,175.58,28.34,0.348,-3.881,9.704,3.132,-0.145,-0.722,0.179,75.75,0.0,31.8,22,1,1
13:13:16.343,VIGILE,1,179.98,27.47,0.312,-3.302,9.653,-1.657,0.072,0.019,-0.141,75.75,0.0,31.8,22,1,1
13:13:16.843,VIGILE,1,-179.18,26.73,0.329,-3.381,9.989,-1.884,0.538,-0.177,0.128,75.75,0.0,31.8,22,1,1
13:13:17.343,VIGILE,1,-179.09,24.49,0.309,-2.942,7.901,-1.652,-0.661,0.027,-0.367,75.75,0.0,31.8,22,1,1
13:13:17.843,VIGILE,1,178.51,22.5,0.293,-1.259,9.697,-2.95,0.165,-0.151,0.107,75.75,0.0,31.8,22,1,1
13:13:18.343,VIGILE,1,179.03,20.78,0.291,-2.492,9.728,-2.842,0.322,-0.308,0.328,75.75,0.0,31.8,21,1,1
13:13:18.843,VIGILE,1,178.72,18.96,0.285,-3.306,8.945,-5.028,0.505,0.435,-0.185,75.75,0.0,31.8,21,1,1
13:13:19.343,VIGILE,1,178.88,14.56,0.244,-2.124,9.323,-2.638,-0.136,-0.098,0.208,75.75,0.0,31.8,21,1,1
13:13:19.844,VIGILE,1,176.36,5.79,0.256,-2.579,7.733,-4.757,0.339,-0.287,0.304,75.75,0.0,31.8,21,1,1
13:13:20.344,VIGILE,1,172.66,-0.75,0.228,-3.761,8.332,-4.214,0.048,0.037,0.08,75.75,0.0,31.8,21,1,1
13:13:20.844,VIGILE,1,174.98,-13.05,0.272,-3.989,7.204,-4.843,-0.453,0.131,-0.336,75.75,0.0,31.7,21,1,1
13:13:21.344,VIGILE,1,173.77,-3.29,0.259,-3.479,7.451,-2.093,-0.15,0.04,0.132,75.75,0.0,31.7,21,1,1
13:13:21.844,VIGILE,1,174.1,-5.17,0.241,-2.294,7.369,-3.809,0.11,-0.107,0.339,75.75,0.0,31.7,21,1,1
13:13:22.344,VIGILE,1,175.93,-8.52,0.22,-3.826,4.096,-5.614,0.448,-0.509,1.077,75.75,0.0,31.7,21,1,1
13:13:22.844,NERVOSO,1,174.73,-6.61,0.24,-4.958,6.543,-5.552,1.13,-0.347,0.428,75.75,0.0,31.7,21,1,1
13:13:23.344,NERVOSO,1,174.13,-7.52,0.257,-4.001,5.612,-4.264,-0.156,0.315,0.181,75.75,0.0,31.7,21,1,1
13:13:23.844,NERVOSO,1,174.69,-12.28,0.257,-3.563,7.456,-3.809,-0.146,0.201,-0.068,75.75,0.0,31.7,21,1,1
13:13:24.345,NERVOSO,1,173.77,-11.49,0.252,-3.445,7.484,-3.239,0.784,-0.311,0.279,75.75,0.0,31.7,21,1,1
13:13:24.845,NERVOSO,1,173.78,-8.1,0.243,-6.251,7.594,-2.207,-0.452,0.21,-0.137,75.75,0.0,31.7,21,1,1
13:13:25.345,NERVOSO,1,174.6,-4.79,0.272,-6.677,6.912,-0.28,0.368,-0.12,-0.535,75.75,0.0,31.7,21,1,1
13:13:25.845,NERVOSO,1,173.1,-16.41,0.268,-7.207,8.023,0.462,0.513,-0.156,0.462,75.75,0.0,31.7,21,1,1
13:13:26.345,NERVOSO,0,0.0,0.0,0.0,-7.163,9.651,-4.017,-0.896,0.083,-0.873,75.75,0.0,31.7,21,1,1
13:13:26.845,NERVOSO,1,178.81,-19.59,0.294,-5.344,6.687,-3.46,0.156,0.241,-0.08,75.75,0.0,31.7,21,1,1
13:13:27.345,NERVOSO,1,180.0,12.87,0.271,-2.837,6.642,-4.137,-0.033,0.177,0.013,75.75,0.0,31.7,21,1,1
13:13:27.845,NERVOSO,1,-179.48,16.67,0.273,-1.93,8.871,-2.897,0.09,0.164,-0.195,75.75,0.0,31.7,21,1,1
13:13:28.345,NERVOSO,1,177.69,8.7,0.259,-2.713,7.721,-3.577,1.099,0.198,0.419,75.75,0.0,31.6,21,1,1
13:13:28.845,NERVOSO,1,178.78,3.97,0.249,-1.556,8.277,-3.127,0.08,0.159,-0.228,75.75,0.0,31.6,21,1,1
13:13:29.345,NERVOSO,1,179.04,9.9,0.245,-0.864,9.888,-3.103,0.015,-0.131,-0.107,75.75,0.0,31.6,21,1,1
13:13:29.845,NERVOSO,1,176.49,-14.62,0.296,-2.473,8.255,-3.962,-0.088,0.103,-0.192,75.75,0.0,31.6,21,1,1
13:13:30.345,NERVOSO,1,173.47,-18.69,0.278,-6.081,5.866,-6.079,-0.055,0.131,-0.037,75.75,0.0,31.6,21,1,1
13:13:30.845,NERVOSO,1,175.35,-11.84,0.273,-10.149,4.01,-3.828,-3.239,0.246,-0.107,75.75,0.0,31.6,21,1,1
13:13:31.345,NERVOSO,1,176.63,-10.0,0.267,-4.578,9.299,-3.364,0.197,-0.016,0.237,75.75,0.0,31.6,21,1,1
13:13:31.845,NERVOSO,1,175.99,-13.39,0.282,-5.978,6.826,-4.963,1.389,0.158,0.916,75.75,0.0,31.6,21,1,1
13:13:32.345,NERVOSO,1,176.4,-16.58,0.254,-5.564,6.644,-0.745,-1.263,0.127,-0.128,75.75,0.0,31.6,21,1,1
13:13:32.846,NERVOSO,1,174.81,-5.68,0.253,-5.543,7.966,-2.219,0.457,-0.385,0.452,75.75,0.0,31.6,21,1,1
13:13:33.346,NERVOSO,1,172.97,4.38,0.256,-3.994,9.962,-1.899,-0.801,-0.088,0.242,75.75,0.0,31.5,21,1,1
13:13:33.846,NERVOSO,1,-177.74,20.87,0.27,-1.8,10.561,-2.44,3.265,-0.341,0.97,75.75,0.0,31.5,21,1,1
13:13:34.346,NERVOSO,1,176.87,5.64,0.256,-5.993,8.89,-2.32,-0.335,-0.179,0.151,75.75,0.0,31.5,21,1,1
13:13:34.846,NERVOSO,1,173.14,-2.91,0.271,-5.777,6.539,-3.146,0.818,0.62,0.62,75.75,0.0,31.5,21,1,1
13:13:35.346,NERVOSO,1,171.46,-8.24,0.253,-5.169,7.456,-3.175,0.568,0.567,1.118,75.75,0.0,31.5,21,1,1
13:13:35.846,NERVOSO,1,174.4,0.94,0.261,-4.231,4.776,-5.128,2.284,-0.109,1.755,75.75,0.0,31.4,21,1,1
13:13:36.346,NERVOSO,1,174.4,-2.45,0.268,-7.058,7.262,-4.13,-0.147,0.976,-0.522,75.75,0.0,31.4,21,1,1
13:13:36.846,NERVOSO,1,175.46,10.76,0.263,-2.478,6.476,-2.291,0.067,-0.114,-0.406,75.75,0.0,31.4,21,1,1
13:13:37.346,NERVOSO,1,173.91,-6.6,0.251,-2.397,8.645,-1.891,-0.305,1.197,-0.79,75.75,0.0,31.4,21,1,1
13:13:37.846,NERVOSO,1,177.54,8.28,0.236,-5.32,8.657,-1.262,-0.208,0.007,-0.198,75.75,0.0,31.4,21,1,1
13:13:38.346,NERVOSO,1,173.39,9.01,0.249,-3.158,6.321,-0.637,-0.89,-0.205,-0.371,75.75,0.0,31.3,21,1,1
13:13:38.846,NERVOSO,1,171.23,4.91,0.243,-9.187,5.751,-3.701,-1.072,0.269,0.334,75.75,0.0,31.3,21,1,1
13:13:39.346,NERVOSO,1,175.1,6.46,0.234,-2.179,8.523,2.356,0.273,0.002,-0.034,75.75,0.0,31.3,21,1,1
13:13:39.846,NERVOSO,1,177.24,2.23,0.129,-2.16,9.064,-0.998,-0.034,0.338,0.524,75.75,0.0,31.3,21,1,1
13:13:40.346,NERVOSO,1,173.35,-15.29,0.268,-4.705,6.385,-3.383,-0.682,0.167,-0.921,75.75,0.0,31.3,21,1,1
13:13:40.847,NERVOSO,1,174.69,-19.51,0.263,-5.653,8.473,-3.282,-0.287,0.569,0.261,75.75,0.0,31.2,21,1,1
13:13:41.347,NERVOSO,1,171.75,-24.31,0.253,-6.297,7.089,-1.635,-0.161,0.155,0.005,75.75,0.0,31.2,21,1,1
13:13:41.847,NERVOSO,1,175.68,-19.48,0.27,-6.357,7.918,-1.006,-0.183,0.165,0.014,75.75,0.0,31.2,21,1,1
13:13:42.347,VIGILE,0,0.0,0.0,0.0,-6.381,7.47,-0.84,-0.151,0.072,0.083,75.75,0.0,31.2,21,1,1
13:13:42.847,VIGILE,1,179.55,-18.42,0.276,-5.179,7.123,-2.772,0.12,0.221,-0.096,75.75,0.0,31.2,21,1,1
13:13:43.347,VIGILE,1,175.29,-3.95,0.259,-4.75,7.35,-2.82,-0.149,0.241,0.03,75.75,0.0,31.1,21,1,1
13:13:43.847,VIGILE,1,174.39,18.58,0.285,-5.617,8.035,-2.543,-0.191,0.054,-0.053,75.75,0.0,31.1,21,1,1
13:13:44.347,VIGILE,1,-178.4,33.39,0.332,-5.669,7.195,-1.982,-0.14,-0.458,-0.196,75.75,0.0,31.1,21,1,1
13:13:44.847,VIGILE,1,177.97,33.87,0.358,-5.734,9.409,-3.761,0.126,0.272,0.179,75.75,0.0,31.1,21,1,1
13:13:45.347,VIGILE,1,172.09,35.63,0.401,-0.5,9.637,-0.934,2.577,-0.419,1.761,75.75,0.0,31.1,21,1,1
13:13:45.848,VIGILE,1,167.14,36.21,0.402,-3.273,11.167,-0.424,-0.068,-0.255,-0.097,75.75,0.0,31.0,21,1,1
13:13:46.348,VIGILE,1,172.66,34.15,0.377,-3.831,9.917,-1.408,-0.111,-0.131,-0.288,75.75,0.0,31.0,21,1,1
13:13:46.848,VIGILE,1,175.1,28.89,0.328,-1.152,10.783,-0.512,0.719,-0.453,0.354,75.75,0.0,31.0,21,1,1
13:13:47.348,VIGILE,1,177.7,17.56,0.216,-2.459,10.228,0.108,0.022,-0.329,0.14,75.75,0.0,31.0,21,1,1
13:13:47.848,VIGILE,1,-179.49,18.8,0.282,-2.351,10.032,-2.1,0.168,-0.379,0.206,75.75,0.0,31.0,21,1,1
13:13:48.348,VIGILE,1,-179.35,-0.73,0.259,-4.005,8.485,-3.357,0.197,-0.007,0.167,75.75,0.0,31.0,21,1,1
13:13:48.848,VIGILE,1,-171.79,-12.82,0.161,-3.452,5.049,-3.709,-0.444,0.06,-0.16,75.75,0.0,31.0,21,1,1
13:13:49.348,VIGILE,1,178.24,-19.95,0.298,-5.145,7.695,-4.396,-0.041,0.299,0.09,75.75,0.0,31.0,21,1,1
13:13:49.848,VIGILE,1,177.23,-5.8,0.264,-4.013,7.039,-3.371,-0.208,-0.107,0.091,75.75,0.0,31.0,21,1,1
13:13:50.348,VIGILE,1,172.94,19.78,0.255,-4.247,7.233,-4.01,-0.168,0.055,0.0,75.75,0.0,31.0,21,1,1
13:13:50.848,VIGILE,1,169.03,18.98,0.244,-4.97,7.913,-3.515,-0.111,0.001,-0.02,75.75,0.0,31.0,21,1,1
13:13:51.348,VIGILE,1,171.58,14.12,0.255,-4.413,6.979,-3.247,-0.367,-0.111,0.341,75.75,0.0,31.0,21,1,1
13:13:51.848,VIGILE,1,175.3,17.72,0.235,-5.181,7.41,-2.986,-0.182,-0.113,0.02,75.75,0.0,31.0,21,1,1
13:13:52.348,VIGILE,1,172.73,14.48,0.243,-4.697,7.427,-2.552,-0.185,-0.08,0.004,75.75,0.0,31.0,21,1,1
13:13:52.848,VIGILE,1,174.9,13.78,0.228,-4.973,7.812,-2.009,-0.136,0.083,-0.109,75.75,0.0,31.0,21,1,1
13:13:53.348,VIGILE,1,174.45,13.11,0.228,-2.2,8.183,-1.767,0.401,-0.123,1.771,75.75,0.0,31.0,21,1,1
13:13:53.848,VIGILE,1,173.13,16.04,0.226,-5.337,7.403,-1.144,-0.005,0.025,0.09,75.75,0.0,31.0,21,1,1
13:13:54.348,VIGILE,1,173.74,27.33,0.224,-5.746,7.312,-1.331,0.141,0.063,0.054,75.75,0.0,31.0,21,1,1
13:13:54.848,VIGILE,1,170.98,-3.33,0.227,-5.234,7.049,-2.081,-0.224,0.063,0.02,75.75,0.0,31.0,21,1,1
13:13:55.348,VIGILE,1,173.19,1.73,0.246,-6.007,8.128,-2.172,-0.492,0.048,0.09,75.75,0.0,31.0,21,1,1
13:13:55.849,VIGILE,1,173.62,14.53,0.245,-5.76,7.412,-2.401,0.037,0.193,0.038,75.75,0.0,31.0,21,1,1
13:13:56.349,VIGILE,1,174.05,18.55,0.241,-5.176,7.168,-2.133,-0.01,-0.07,-0.1,75.75,0.0,31.0,21,1,1
13:13:56.849,VIGILE,1,175.69,18.14,0.273,-5.162,7.894,-2.109,-0.418,-0.047,-0.059,75.75,0.0,31.0,21,1,1
13:13:57.349,VIGILE,1,172.61,10.4,0.212,-5.629,7.901,-2.119,0.048,-0.075,0.117,75.75,0.0,31.0,21,1,1
13:13:57.849,VIGILE,1,172.72,3.75,0.289,-5.792,8.744,-1.01,-0.676,-0.273,0.271,75.75,0.0,31.0,21,1,1
13:13:58.349,VIGILE,1,174.8,8.39,0.282,-4.913,7.329,-2.459,-0.221,-0.076,0.233,75.75,0.0,31.0,21,1,1
13:13:58.849,VIGILE,1,176.01,-8.03,0.265,-4.623,7.226,-2.136,0.054,0.092,0.108,75.75,0.0,31.0,21,1,1
13:13:59.349,VIGILE,1,174.74,3.73,0.278,-6.268,7.934,-0.611,-0.137,0.107,-0.09,75.75,0.0,31.0,21,1,1
13:13:59.849,VIGILE,1,173.5,7.02,0.261,-6.436,8.916,-0.479,-0.062,0.264,0.158,75.75,0.0,31.0,21,1,1
13:14:00.349,VIGILE,1,-168.68,48.32,0.399,-6.788,8.674,-1.214,-0.864,-0.493,0.138,75.75,0.0,31.0,21,1,1
13:14:00.849,VIGILE,1,177.14,19.79,0.26,-5.385,7.314,-0.622,-0.225,-0.232,-0.197,75.75,0.0,31.0,22,1,1
13:14:01.349,VIGILE,1,172.45,1.03,0.259,-6.421,8.43,-0.828,0.013,0.219,-0.326,75.75,0.0,31.0,22,1,1
13:14:01.849,VIGILE,1,175.23,-9.59,0.232,-2.009,8.329,-0.603,0.778,-0.379,1.002,75.75,0.0,31.0,22,1,1
13:14:02.349,VIGILE,1,174.59,-10.63,0.246,-5.339,8.77,-3.203,-0.816,-0.285,0.623,75.75,0.0,31.0,22,1,1
13:14:02.849,VIGILE,1,172.85,-17.6,0.189,-7.068,7.781,-1.583,-0.039,-0.06,-0.028,75.75,0.0,31.0,22,1,1
13:14:03.349,VIGILE,1,171.79,-13.83,0.144,-5.662,6.764,-0.749,-0.421,-0.461,0.208,75.75,0.0,31.0,22,1,1
13:14:03.850,VIGILE,1,174.08,-15.75,0.245,-6.395,7.647,-1.463,-0.492,-0.143,-0.015,75.75,0.0,31.0,22,1,1
13:14:04.350,VIGILE,1,174.11,-13.79,0.253,-6.632,6.622,-1.788,-0.124,-0.004,-0.015,75.75,0.0,31.0,22,1,1
13:14:04.850,VIGILE,1,174.52,-9.62,0.235,-6.721,6.505,-1.872,-0.311,0.021,-0.295,75.75,0.0,31.0,22,1,1
13:14:05.350,VIGILE,1,177.19,-17.31,0.243,-8.234,7.245,-1.049,-0.261,-0.103,0.42,75.75,0.0,31.0,22,1,1
13:14:05.850,VIGILE,1,177.58,-18.09,0.238,-6.388,7.412,-1.006,-0.265,0.04,-0.16,75.75,0.0,31.0,22,1,1
13:14:06.350,VIGILE,1,177.37,-17.5,0.253,-5.559,6.163,-2.047,-0.069,0.239,0.008,75.75,0.0,31.0,22,1,1
13:14:06.850,VIGILE,1,178.84,-23.0,0.247,-7.025,7.985,-2.528,-0.212,0.422,0.058,75.75,0.0,31.0,22,1,1
13:14:07.350,VIGILE,1,179.52,-22.79,0.245,-6.352,7.661,-2.145,0.109,0.249,-0.283,75.75,0.0,31.0,22,1,1
13:14:07.850,VIGILE,1,176.4,-19.39,0.239,-6.788,5.988,-2.184,0.067,0.092,-0.157,75.75,0.0,31.0,22,1,1
13:14:08.350,VIGILE,1,178.66,-11.01,0.269,-6.27,6.704,-0.785,-0.232,-0.062,-0.082,75.75,0.0,31.0,22,1,1
13:14:08.850,VIGILE,1,178.16,-17.74,0.267,-7.551,6.845,-2.21,-0.329,-0.053,0.171,75.75,0.0,31.0,22,1,1
13:14:09.350,VIGILE,1,178.67,-13.96,0.269,-4.393,7.384,-1.355,-0.08,0.091,0.205,75.75,0.0,31.0,22,1,1
13:14:09.851,VIGILE,1,175.55,-0.54,0.292,-5.428,7.597,-1.793,0.161,0.349,-0.212,75.75,0.0,31.0,22,1,1
13:14:10.351,VIGILE,1,177.93,-6.01,0.281,-5.909,6.278,-3.06,-0.364,-0.531,0.724,75.75,0.0,31.0,22,1,1
13:14:10.851,VIGILE,1,177.46,5.65,0.263,-6.486,7.717,-0.474,-0.597,0.213,-0.034,75.75,0.0,31.0,22,1,1
13:14:11.351,VIGILE,1,178.1,13.9,0.28,-6.148,6.103,-0.654,-0.412,-0.222,0.197,75.75,0.0,31.0,22,1,1
13:14:11.851,VIGILE,1,175.61,26.66,0.314,-6.366,6.874,-1.583,0.009,-0.242,-0.237,75.75,0.0,31.0,22,1,1
13:14:12.351,VIGILE,1,176.79,27.72,0.315,-4.944,7.568,-1.092,-0.107,0.387,0.032,75.75,0.0,31.0,22,1,1
13:14:12.851,VIGILE,1,176.3,28.5,0.327,-5.883,6.491,-1.477,-0.108,-0.271,0.19,75.75,0.0,31.0,22,1,1
13:14:13.351,VIGILE,1,174.64,27.79,0.322,-5.567,8.492,1.405,-0.459,-0.312,0.323,75.75,0.0,31.0,22,1,1
13:14:13.851,VIGILE,1,175.96,19.84,0.272,-5.435,7.027,0.8,-0.164,-0.12,-0.165,75.75,0.0,31.0,22,1,1
13:14:14.351,VIGILE,1,176.66,15.82,0.265,-6.618,6.886,0.045,-0.522,0.023,0.151,75.75,0.0,31.0,22,1,1
13:14:14.851,VIGILE,1,177.7,-4.79,0.251,-6.076,6.586,-1.092,-0.317,0.397,-0.336,75.75,0.0,31.0,22,1,1
13:14:15.352,VIGILE,1,179.46,-5.02,0.252,-4.317,7.092,-0.239,-0.499,-0.051,-0.136,75.75,0.0,31.0,22,1,1
13:14:15.852,VIGILE,1,176.28,0.78,0.173,-5.49,7.75,-0.804,-0.124,0.215,0.116,75.75,0.0,31.0,22,1,1
13:14:16.352,VIGILE,1,178.64,-5.74,0.263,-5.559,8.023,-0.757,-0.185,0.092,-0.047,75.75,0.0,31.0,22,1,1
13:14:16.852,VIGILE,1,176.18,5.82,0.282,-4.705,8.382,-1.346,-0.032,0.462,0.127,75.75,0.0,31.0,22,1,1
13:14:17.352,VIGILE,1,174.45,41.08,0.355,-5.763,7.513,-2.243,-0.128,0.18,-0.119,75.75,0.0,31.0,22,1,1
13:14:17.852,VIGILE,1,-171.98,65.97,0.442,-5.174,7.939,-3.029,0.277,0.875,-0.264,75.75,0.0,31.0,22,1,1
13:14:18.352,VIGILE,1,175.56,28.75,0.272,-6.153,7.309,-0.962,-0.049,0.259,-0.259,75.75,0.0,31.0,22,1,1
13:14:18.852,VIGILE,1,177.56,16.02,0.255,-6.287,7.156,-0.256,-1.137,-0.092,-0.455,75.75,0.0,31.0,22,1,1
13:14:19.352,VIGILE,0,0.0,0.0,0.0,-5.145,8.32,-0.745,-0.107,0.109,0.13,75.75,0.0,31.0,22,1,1
13:14:19.852,VIGILE,1,-158.74,69.76,0.559,-5.911,7.039,-0.445,-0.142,-0.046,-0.127,75.75,0.0,31.0,22,1,1
13:14:20.352,VIGILE,1,-178.76,10.26,0.306,-6.153,7.532,-0.63,-0.068,-0.059,-0.184,75.75,0.0,31.0,22,1,1
13:14:20.852,VIGILE,1,-162.33,13.01,0.297,-5.883,7.822,-1.178,-0.116,0.104,-0.087,75.75,0.0,31.0,22,1,1
13:14:21.352,VIGILE,1,-161.54,3.37,0.293,-5.832,7.594,-0.67,-0.077,0.3,0.018,75.75,0.0,31.0,22,1,1
13:14:21.852,VIGILE,1,178.85,-8.36,0.288,-6.658,7.238,-1.848,0.22,0.455,-0.013,75.75,0.0,31.0,22,1,1
13:14:22.352,VIGILE,1,177.04,-4.96,0.297,-4.626,6.644,0.148,-0.394,0.107,0.211,75.75,0.0,31.0,22,1,1
13:14:22.852,VIGILE,1,-179.77,38.06,0.148,-5.966,7.147,-1.477,-0.268,0.055,-0.034,75.75,0.0,31.0,22,1,1
13:14:23.352,DISTRAZIONE,0,0.0,0.0,0.0,-4.781,6.287,-0.524,-0.576,-0.873,0.68,75.75,0.0,31.0,22,1,1
13:14:23.852,DISTRAZIONE,0,0.0,0.0,0.0,-6.527,7.41,-1.523,-0.08,0.004,0.274,75.75,0.0,31.0,22,1,1
13:14:24.352,DISTRAZIONE,1,-159.33,42.9,0.248,-6.555,6.74,-1.432,0.117,0.238,-0.318,75.75,0.0,31.0,22,1,1
13:14:24.853,DISTRAZIONE,1,179.2,26.95,0.324,-7.017,7.12,-0.749,-0.501,0.229,-0.545,75.75,0.0,31.0,22,1,1
13:14:25.353,DISTRAZIONE,1,-165.11,53.45,0.41,-6.045,7.661,0.187,-0.352,0.084,-0.308,75.75,0.0,31.0,22,1,1
13:14:25.853,DISTRAZIONE,1,175.51,21.75,0.327,-7.348,8.308,0.565,-0.271,-0.232,-0.137,75.75,0.0,31.0,22,1,1
13:14:26.353,DISTRAZIONE,1,174.05,23.49,0.272,-6.539,7.288,-0.194,0.008,0.071,-0.161,75.75,0.0,31.0,22,1,1
13:14:26.853,DISTRAZIONE,1,-170.43,59.09,0.536,-6.807,7.558,0.431,-0.066,0.187,-0.211,75.75,0.0,31.0,22,1,1
13:14:27.353,DISTRAZIONE,1,-174.96,66.04,0.556,-7.525,7.096,0.271,-0.135,-0.011,0.009,75.75,0.0,31.0,22,1,1
13:14:27.853,DISTRAZIONE,1,177.9,35.11,0.312,-6.802,6.974,1.269,-0.185,-0.063,0.152,75.75,0.0,31.0,22,1,1
13:14:28.353,DISTRAZIONE,1,-179.83,29.97,0.317,-6.732,7.597,-0.201,-0.179,0.157,-0.061,75.75,0.0,31.0,22,1,1
13:14:28.853,DISTRAZIONE,1,176.69,23.45,0.279,-6.27,7.003,-0.591,-0.165,-0.101,-0.212,75.75,0.0,31.0,22,1,1
13:14:29.353,DISTRAZIONE,1,176.6,30.2,0.266,-5.964,7.446,-1.331,-0.09,0.082,-0.011,75.75,0.0,31.0,22,1,1
13:14:29.853,DISTRAZIONE,1,164.78,48.49,0.402,-6.522,6.879,1.307,-0.221,-0.006,0.031,75.75,0.0,31.0,22,1,1
13:14:30.353,DISTRAZIONE,1,176.67,68.15,0.606,-7.508,6.527,3.105,-0.162,0.098,-0.062,75.75,0.0,31.0,22,1,1
13:14:30.853,DISTRAZIONE,1,168.89,49.8,0.57,-6.29,7.065,0.484,-0.087,0.114,-0.034,75.75,0.0,30.9,22,1,1
13:14:31.353,DISTRAZIONE,1,-158.48,73.12,0.619,-6.586,7.072,0.953,-0.107,0.116,-0.051,75.75,0.0,30.9,22,1,1
13:14:31.853,DISTRAZIONE,1,-161.96,74.96,0.678,-5.906,7.226,-0.673,-0.131,0.05,-0.011,75.75,0.0,30.9,22,1,1
13:14:32.353,DISTRAZIONE,1,-148.15,65.87,0.346,-5.899,7.23,-0.922,-0.122,0.075,-0.066,75.75,0.0,30.9,22,1,1
13:14:32.853,DISTRAZIONE,0,0.0,0.0,0.0,-5.756,7.41,-1.087,-0.147,0.092,0.037,75.75,0.0,30.9,22,1,1
13:14:33.354,DISTRAZIONE,0,0.0,0.0,0.0,-5.957,7.424,-1.039,-0.124,0.074,-0.03,75.75,0.0,30.9,22,1,1
13:14:33.854,DISTRAZIONE,0,0.0,0.0,0.0,-5.959,7.204,-1.089,-0.126,0.082,-0.03,75.75,0.0,30.9,22,1,1
13:14:34.354,DISTRAZIONE,0,0.0,0.0,0.0,-5.911,7.367,-0.922,-0.16,0.028,0.022,75.75,0.0,30.9,22,1,1
13:14:34.854,DISTRAZIONE,0,0.0,0.0,0.0,-5.885,7.211,-1.07,-0.11,0.068,-0.071,75.75,0.0,30.9,22,1,1
13:14:35.354,DISTRAZIONE,0,0.0,0.0,0.0,-5.871,7.42,-1.058,-0.139,0.054,0.036,75.75,0.0,30.9,22,1,1
13:14:35.854,DISTRAZIONE,0,0.0,0.0,0.0,-5.923,7.12,-1.106,-0.12,0.04,-0.092,75.75,0.0,30.9,22,1,1
13:14:36.354,DISTRAZIONE,0,0.0,0.0,0.0,-5.868,7.503,-1.003,-0.144,0.08,0.058,75.75,0.0,30.9,22,1,1
13:14:36.854,DISTRAZIONE,0,0.0,0.0,0.0,-5.813,7.209,-0.967,-0.115,0.049,-0.096,75.75,0.0,30.9,22,1,1
13:14:37.354,DISTRAZIONE,1,-144.23,85.26,0.534,-5.866,7.283,-0.972,-0.151,0.03,0.035,75.75,0.0,30.9,22,1,1
13:14:37.854,DISTRAZIONE,1,-165.92,74.64,0.236,-5.818,7.341,-0.886,-0.108,0.075,-0.062,75.75,0.0,30.9,22,1,1
13:14:38.354,DISTRAZIONE,1,-126.12,83.35,0.606,-5.895,7.343,-1.195,-0.131,0.086,0.013,75.75,0.0,30.8,22,1,1
13:14:38.854,DISTRAZIONE,1,-88.44,84.93,0.876,-5.899,7.446,-1.039,-0.136,0.09,-0.029,75.75,0.0,30.8,22,1,1
13:14:39.354,DISTRAZIONE,1,-90.98,85.87,0.848,-5.914,7.07,-0.941,-0.13,0.044,-0.042,75.75,0.0,30.8,22,1,1
13:14:39.854,DISTRAZIONE,1,-101.18,87.02,0.651,-5.938,7.527,-0.893,-0.136,0.068,0.04,75.75,0.0,30.8,22,1,1
13:14:40.354,DISTRAZIONE,1,-121.35,86.69,0.566,-5.763,7.168,-1.082,-0.11,0.043,-0.113,75.75,0.0,30.8,22,1,1
13:14:40.854,DISTRAZIONE,1,-117.76,88.38,0.545,-5.94,7.271,-1.087,-0.156,0.064,0.047,75.75,0.0,30.8,22,1,1
13:14:41.354,DISTRAZIONE,1,-48.71,88.63,0.619,-5.806,7.398,-0.86,-0.119,0.085,-0.05,75.75,0.0,30.8,22,1,1
13:14:41.855,DISTRAZIONE,1,-27.34,88.7,0.73,-5.909,7.24,-1.135,-0.13,0.078,-0.005,75.75,0.0,30.8,22,1,1
13:14:42.355,DISTRAZIONE,1,-95.0,88.42,0.652,-5.895,7.417,-1.08,-0.132,0.065,0.001,75.75,0.0,30.8,22,1,1
13:14:42.855,DISTRAZIONE,0,0.0,0.0,0.0,-5.839,7.068,-0.939,-0.136,0.044,-0.06,75.75,0.0,30.8,22,1,1
13:14:43.355,DISTRAZIONE,1,-168.96,45.45,0.228,-5.914,7.513,-1.046,-0.135,0.062,0.027,75.75,0.0,30.8,22,1,1
13:14:43.855,DISTRAZIONE,0,0.0,0.0,0.0,-5.863,7.144,-1.073,-0.102,0.033,-0.11,75.75,0.0,30.8,22,1,1
13:14:44.355,DISTRAZIONE,1,-141.99,66.09,0.361,-5.906,7.24,-1.214,-0.151,0.084,0.05,75.75,0.0,30.8,22,1,1
13:14:44.855,DISTRAZIONE,1,-135.72,72.47,0.58,-5.808,7.381,-0.907,-0.133,0.075,-0.003,75.75,0.0,30.8,22,1,1
13:14:45.355,DISTRAZIONE,0,0.0,0.0,0.0,-5.918,7.219,-1.003,-0.108,0.069,-0.061,75.75,0.0,30.8,22,1,1
13:14:45.855,DISTRAZIONE,0,0.0,0.0,0.0,-5.895,7.302,-1.082,-0.153,0.058,0.032,75.75,0.0,30.8,22,1,1
13:14:46.355,DISTRAZIONE,0,0.0,0.0,0.0,-5.892,7.302,-0.984,-0.116,0.071,-0.072,75.75,0.0,30.8,22,1,1
13:14:46.855,DISTRAZIONE,0,0.0,0.0,0.0,-5.816,7.29,-1.006,-0.135,0.075,0.03,75.75,0.0,30.8,22,1,1
13:14:47.355,DISTRAZIONE,0,0.0,0.0,0.0,-5.938,7.487,-1.01,-0.129,0.064,-0.012,75.75,0.0,30.8,22,1,1
13:14:47.855,DISTRAZIONE,0,0.0,0.0,0.0,-5.861,7.12,-1.092,-0.107,0.049,-0.085,75.75,0.0,30.8,22,1,1
13:14:48.356,DISTRAZIONE,0,0.0,0.0,0.0,-5.935,7.266,-1.137,-0.153,0.057,0.059,75.75,0.0,30.9,22,1,1
13:14:48.856,DISTRAZIONE,0,0.0,0.0,0.0,-5.823,7.424,-0.879,-0.137,0.089,-0.014,75.75,0.0,30.9,22,1,1
13:14:49.356,DISTRAZIONE,0,0.0,0.0,0.0,-5.899,7.195,-1.003,-0.111,0.055,-0.086,75.75,0.0,30.9,22,1,1
13:14:49.856,DISTRAZIONE,0,0.0,0.0,0.0,-5.863,7.276,-1.188,-0.137,0.067,0.033,75.75,0.0,30.9,22,1,1
13:14:50.356,DISTRAZIONE,0,0.0,0.0,0.0,-5.938,7.491,-1.053,-0.139,0.098,-0.008,75.75,0.0,30.9,22,1,1
13:14:50.856,DISTRAZIONE,1,178.91,38.4,0.418,-5.844,7.259,-1.101,-0.145,0.082,0.032,75.75,0.0,30.9,22,1,1
13:14:51.356,DISTRAZIONE,0,0.0,0.0,0.0,-5.88,7.477,-1.006,-0.143,0.059,0.032,75.75,0.0,30.9,22,1,1
13:14:51.856,DISTRAZIONE,1,178.08,35.25,0.313,-5.851,7.137,-1.061,-0.104,0.036,-0.102,75.75,0.0,30.9,22,1,1
13:14:52.356,DISTRAZIONE,1,171.48,4.51,0.267,-5.964,7.23,-1.159,-0.139,0.091,0.01,75.75,0.0,30.9,22,1,1
13:14:52.856,VIGILE,1,174.72,1.08,0.27,-5.918,7.365,-0.857,-0.162,0.028,0.031,75.75,0.0,30.9,22,1,1
13:14:53.356,VIGILE,1,176.94,-2.94,0.107,-5.88,7.319,-0.898,-0.104,0.059,-0.092,75.75,0.0,30.9,22,1,1
13:14:53.856,VIGILE,1,173.04,2.41,0.239,-5.959,7.23,-1.123,-0.131,0.093,-0.006,75.75,0.0,30.9,22,1,1
13:14:54.356,VIGILE,1,175.76,5.53,0.229,-5.875,7.429,-1.125,-0.146,0.046,0.042,75.75,0.0,30.9,22,1,1
13:14:54.857,VIGILE,1,174.54,3.61,0.219,-5.933,7.175,-1.006,-0.116,0.051,-0.103,75.75,0.0,30.9,22,1,1
13:14:55.357,VIGILE,1,173.64,4.44,0.221,-5.806,7.283,-1.058,-0.145,0.084,0.04,75.75,0.0,30.9,22,1,1
13:14:55.857,VIGILE,1,175.5,3.01,0.256,-5.935,7.525,-0.96,-0.136,0.065,0.015,75.75,0.0,30.9,22,1,1
13:14:56.357,VIGILE,1,172.35,5.89,0.218,-5.847,7.137,-1.104,-0.101,0.042,-0.109,75.75,0.0,30.9,22,1,1
13:14:56.857,VIGILE,1,175.52,6.16,0.248,-5.895,7.3,-1.125,-0.155,0.093,0.04,75.75,0.0,30.9,22,1,1
13:14:57.357,VIGILE,1,173.65,3.66,0.255,-5.866,7.283,-0.852,-0.136,0.023,0.023,75.75,0.0,30.9,22,1,1
13:14:57.857,VIGILE,1,173.59,8.85,0.243,-5.827,7.367,-0.85,-0.122,0.056,-0.09,75.75,0.0,30.9,22,1,1
13:14:58.357,VIGILE,1,174.34,9.16,0.235,-5.883,7.175,-0.965,-0.094,0.056,-0.095,75.75,0.0,30.9,22,1,1
13:14:58.857,VIGILE,1,172.96,11.36,0.268,-5.933,7.341,-1.099,-0.149,0.087,0.035,75.75,0.0,30.9,22,1,1
13:14:59.357,VIGILE,1,171.81,6.12,0.263,-5.914,7.381,-1.166,-0.13,0.112,-0.063,75.75,0.0,30.9,22,1,1
13:14:59.857,VIGILE,1,167.12,42.58,0.468,-5.796,7.065,-0.986,-0.133,0.051,-0.052,75.75,0.0,30.9,22,1,1
13:15:00.357,VIGILE,1,169.38,29.64,0.275,-5.868,7.501,-0.922,-0.154,0.065,0.044,75.75,0.0,30.9,22,1,1
13:15:00.857,VIGILE,1,170.06,-9.82,0.251,-5.873,7.185,-1.082,-0.111,0.068,-0.061,75.75,0.0,31.0,22,1,1
13:15:01.357,VIGILE,1,170.4,-13.16,0.204,-5.83,7.269,-0.9,-0.16,0.014,0.026,75.75,0.0,31.0,22,1,1
13:15:01.857,VIGILE,1,172.91,3.65,0.233,-5.827,7.417,-0.939,-0.111,0.065,-0.072,75.75,0.0,31.0,22,1,1
13:15:02.357,VIGILE,1,174.01,15.0,0.281,-5.971,7.235,-1.132,-0.139,0.083,0.023,75.75,0.0,31.0,22,1,1
13:15:02.857,VIGILE,1,-167.63,62.76,0.588,-5.906,7.429,-1.053,-0.136,0.103,-0.031,75.75,0.0,31.0,22,1,1
13:15:03.357,VIGILE,1,172.19,46.68,0.482,-5.954,7.065,-0.974,-0.126,0.043,-0.037,75.75,0.0,31.0,22,1,1
13:15:03.858,VIGILE,1,171.34,39.1,0.38,-5.928,7.475,-0.943,-0.143,0.068,0.045,75.75,0.0,31.0,22,1,1
13:15:04.358,VIGILE,1,169.47,24.54,0.29,-5.883,7.216,-1.039,-0.09,0.044,-0.107,75.75,0.0,31.0,22,1,1
13:15:04.858,VIGILE,1,172.44,13.53,0.256,-6.132,7.36,-0.991,-0.131,0.13,-0.034,75.75,0.0,31.0,22,1,1
13:15:05.358,VIGILE,1,174.83,7.81,0.252,-5.559,7.123,-1.338,-0.228,0.24,-0.431,75.75,0.0,31.0,22,1,1
13:15:05.858,VIGILE,1,177.76,-7.59,0.257,-4.851,7.415,-3.725,-0.167,0.158,-0.02,75.75,0.0,31.0,22,1,1
13:15:06.358,VIGILE,1,-179.87,-6.59,0.252,-4.843,8.109,-4.092,0.037,0.281,0.072,75.75,0.0,31.0,22,1,1
13:15:06.858,VIGILE,1,173.88,-6.45,0.239,-5.478,7.566,-2.313,-0.215,0.044,0.023,75.75,0.0,31.0,22,1,1
13:15:07.358,VIGILE,1,176.98,8.52,0.256,-4.889,7.666,-3.153,-0.155,0.234,-0.12,75.75,0.0,31.0,22,1,1
13:15:07.858,VIGILE,1,173.44,3.48,0.244,-5.217,7.985,-3.692,-0.095,-0.041,-0.002,75.75,0.0,31.0,22,1,1
13:15:08.358,VIGILE,1,172.0,3.28,0.279,-5.677,7.173,-2.093,-0.282,-0.137,0.125,75.75,0.0,31.0,22,1,1
13:15:08.858,VIGILE,1,174.4,22.47,0.309,-6.079,7.812,-2.394,-0.116,0.302,0.163,75.75,0.0,31.0,22,1,1
13:15:09.358,VIGILE,1,176.59,14.9,0.268,-5.945,7.128,-1.018,-0.118,0.049,0.064,75.75,0.0,31.0,22,1,1
13:15:09.858,VIGILE,1,174.64,18.66,0.281,-6.184,6.953,-0.608,-0.172,0.035,0.067,75.75,0.0,31.0,22,1,1
13:15:10.358,VIGILE,1,-168.49,35.44,0.248,-5.239,6.867,-0.917,-0.103,0.016,0.044,75.75,0.0,31.0,22,1,1
13:15:10.858,VIGILE,1,-169.63,31.55,0.26,-4.386,8.578,0.081,-0.025,0.021,0.041,75.75,0.0,31.0,22,1,1
13:15:11.358,VIGILE,1,-178.23,16.56,0.226,-3.448,10.168,-0.342,0.069,-0.075,0.044,75.75,0.0,31.0,22,1,1
13:15:11.859,VIGILE,1,173.62,21.6,0.275,-3.407,9.448,-0.395,0.228,-0.187,-0.003,75.75,0.0,31.0,22,1,1
13:15:12.359,VIGILE,1,179.22,28.46,0.261,-3.833,10.81,1.652,0.171,0.081,-0.464,75.75,0.0,31.0,22,1,1
13:15:12.859,VIGILE,1,179.33,25.9,0.288,-4.336,9.498,-1.762,0.766,-0.383,0.613,75.75,0.0,31.0,22,1,1
13:15:13.359,VIGILE,1,178.44,25.05,0.23,-2.574,9.409,-0.18,0.211,-0.215,0.013,75.75,0.0,31.0,23,1,1
13:15:13.859,VIGILE,1,177.36,18.98,0.236,-3.687,8.964,-1.46,0.225,-0.051,0.049,75.75,0.0,31.0,23,1,1
13:15:14.359,VIGILE,1,173.9,9.23,0.16,-3.862,8.382,-1.621,0.061,-0.238,0.066,75.75,0.0,31.0,23,1,1
13:15:14.859,VIGILE,1,173.35,-0.48,0.209,-4.973,7.661,-2.571,-0.055,0.019,-0.331,75.75,0.0,31.0,23,1,1
13:15:15.359,VIGILE,1,173.99,-11.84,0.09,-5.593,7.149,-2.794,0.128,0.082,0.273,75.75,0.0,31.0,23,1,1
13:15:15.859,VIGILE,1,174.8,10.69,0.24,-5.526,8.353,-2.047,-0.251,0.058,0.132,75.75,0.0,31.0,23,1,1
13:15:16.359,VIGILE,1,172.02,-2.42,0.223,-4.932,8.018,-1.432,-0.136,0.019,0.287,75.75,0.0,31.0,23,1,1
13:15:16.859,VIGILE,1,172.24,4.67,0.227,-4.982,8.001,-2.291,-0.066,0.115,-0.22,75.75,0.0,31.0,23,1,1
13:15:17.359,VIGILE,1,171.67,0.84,0.23,-6.337,6.658,-2.061,-0.045,0.277,-0.022,75.75,0.0,31.0,23,1,1
13:15:17.859,VIGILE,1,172.44,7.85,0.204,-6.531,6.756,-2.172,-0.106,-0.214,0.193,75.75,0.0,31.0,23,1,1
13:15:18.359,VIGILE,1,170.18,3.47,0.218,-4.106,8.243,-0.855,-0.057,0.094,0.357,75.75,0.0,31.0,23,1,1
13:15:18.859,VIGILE,1,171.08,3.86,0.142,-5.772,6.436,-1.439,-0.25,-0.306,0.298,75.75,0.0,31.0,23,1,1
13:15:19.360,VIGILE,1,172.97,10.9,0.22,-4.441,7.511,-0.17,-0.443,0.193,-0.396,75.75,0.0,31.0,23,1,1
13:15:19.860,VIGILE,1,172.01,9.41,0.199,-3.982,8.708,-1.398,-0.178,0.241,0.078,75.75,0.0,31.0,23,1,1
13:15:20.360,VIGILE,1,172.26,1.26,0.237,-4.101,8.586,-2.892,0.602,0.748,-0.288,75.75,0.0,31.0,23,1,1
13:15:20.860,VIGILE,1,173.94,4.4,0.207,-5.832,6.105,-2.21,-0.119,0.123,0.114,75.75,0.0,31.1,23,1,1
13:15:21.360,VIGILE,1,172.07,1.69,0.209,-7.944,5.947,-2.607,-0.088,-0.225,0.157,75.75,0.0,31.1,23,1,1
13:15:21.860,VIGILE,1,173.61,9.74,0.186,-6.065,6.376,-1.937,-0.708,-0.468,0.116,75.75,0.0,31.1,23,1,1
13:15:22.360,VIGILE,1,172.9,1.22,0.115,-6.024,7.731,-1.448,-0.305,0.087,-0.08,75.75,0.0,31.1,23,1,1
13:15:22.860,VIGILE,1,172.48,7.16,0.198,-7.307,6.816,-2.234,-0.116,0.116,0.125,75.75,0.0,31.1,23,1,1
13:15:23.360,VIGILE,1,171.56,6.01,0.15,-5.476,7.858,-0.721,-0.142,0.099,-0.01,75.75,0.0,31.1,23,1,1
13:15:23.860,VIGILE,1,170.24,6.93,0.063,-5.988,7.075,-0.438,0.003,0.048,-0.128,75.75,0.0,31.1,23,1,1
13:15:24.360,VIGILE,1,170.13,1.08,0.076,-4.803,7.932,-0.675,-0.202,0.215,-0.046,75.75,0.0,31.1,23,1,1
13:15:24.860,VIGILE,1,168.66,1.23,0.051,-5.454,7.544,-1.944,-0.082,0.277,-0.051,75.75,0.0,31.1,23,1,1
13:15:25.360,SONNOLENZA,1,172.02,-0.42,0.127,-5.186,6.967,0.055,-0.056,0.187,-0.265,75.75,0.0,31.1,23,1,1
13:15:25.860,SONNOLENZA,1,169.68,-1.38,0.1,-5.504,7.767,-0.419,-0.108,0.245,0.044,75.75,0.0,31.2,23,1,1
13:15:26.360,SONNOLENZA,1,171.26,2.18,0.124,-5.291,7.233,-0.63,-0.219,-0.369,0.23,75.75,0.0,31.2,23,1,1
13:15:26.860,SONNOLENZA,1,170.9,-1.49,0.093,-5.318,7.25,-0.402,-0.09,0.401,-0.32,75.75,0.0,31.2,23,1,1
13:15:27.360,SONNOLENZA,1,170.3,3.19,0.26,-5.689,7.199,-0.536,-0.175,0.077,-0.056,75.75,0.0,31.2,23,1,1
13:15:27.861,SONNOLENZA,1,172.51,8.04,0.257,-6.385,7.29,-0.603,-0.059,0.163,0.021,75.75,0.0,31.2,23,1,1
13:15:28.361,SONNOLENZA,1,173.41,12.29,0.27,-5.964,7.072,-1.903,-0.141,-0.006,0.23,75.75,0.0,31.3,23,1,1
13:15:28.861,SONNOLENZA,1,172.93,14.25,0.257,-5.272,7.887,-0.62,-0.278,-0.145,0.044,75.75,0.0,31.3,23,1,1
13:15:29.361,SONNOLENZA,1,173.61,17.43,0.258,-5.31,8.085,0.723,-0.019,-0.277,-0.094,75.75,0.0,31.3,23,1,1
13:15:29.861,SONNOLENZA,1,173.93,14.11,0.265,-5.571,8.724,-0.702,-0.093,-0.06,0.094,75.75,0.0,31.3,23,1,1
13:15:30.361,SONNOLENZA,1,175.28,15.68,0.259,-4.987,8.643,0.306,-0.073,0.06,-0.159,75.75,0.0,31.3,23,1,1
13:15:30.861,SONNOLENZA,1,173.84,13.51,0.201,-4.954,8.777,-0.989,-0.0,0.059,-0.029,75.75,0.0,31.3,23,1,1
13:15:31.361,SONNOLENZA,1,173.44,13.33,0.225,-4.604,7.286,-1.36,-0.023,0.206,-0.046,75.75,0.0,31.3,23,1,1
13:15:31.861,SONNOLENZA,1,174.44,7.05,0.116,-5.27,8.696,-0.637,0.067,0.211,0.119,75.75,0.0,31.3,23,1,1
13:15:32.361,SONNOLENZA,1,172.52,2.48,0.065,-4.915,7.736,-1.276,-0.077,0.049,0.124,75.75,0.0,31.3,23,1,1
13:15:32.861,SONNOLENZA,1,173.34,3.3,0.259,-5.538,7.661,-1.286,-0.283,-0.005,0.184,75.75,0.0,31.3,23,1,1
13:15:33.361,SONNOLENZA,1,173.2,0.56,0.287,-4.784,7.925,-1.31,-0.095,0.123,-0.041,75.75,763.13,31.4,23,1,1
13:15:33.861,SONNOLENZA,1,175.49,7.03,0.287,-4.994,7.968,-1.319,-0.143,0.071,0.087,75.75,31.06,31.4,23,1,1
13:15:34.361,SONNOLENZA,1,175.13,6.65,0.258,-6.0,7.309,-0.809,-0.091,-0.242,0.118,75.75,14.87,31.4,23,1,1
13:15:34.861,SONNOLENZA,1,174.84,5.79,0.248,-5.329,7.341,-1.506,-0.118,0.329,-0.102,75.75,17.59,31.4,23,1,1
13:15:35.361,SONNOLENZA,1,173.96,4.44,0.158,-4.899,7.717,-1.686,-0.055,0.102,-0.171,75.75,40.26,31.4,23,1,1
13:15:35.862,SONNOLENZA,1,175.7,4.66,0.205,-4.824,7.91,-1.458,-0.068,0.279,-0.096,75.75,154.73,31.4,23,1,1
13:15:36.362,SONNOLENZA,1,174.81,-8.01,0.161,-5.942,7.451,-0.869,-0.124,0.051,0.033,75.75,1718.58,31.4,23,1,1
13:15:36.862,SONNOLENZA,1,173.9,4.31,0.123,-5.713,8.708,-1.97,-0.167,0.126,0.034,75.75,0.0,31.4,23,1,1
13:15:37.362,SONNOLENZA,1,177.84,-2.84,0.09,-5.756,8.947,-2.693,-0.095,0.233,-0.098,75.75,0.0,31.4,23,1,1
13:15:37.862,SONNOLENZA,1,176.32,-1.52,0.069,-5.509,7.075,-1.358,-0.155,0.368,0.045,75.75,0.0,31.4,23,1,1
13:15:38.362,SONNOLENZA,1,178.15,1.65,0.196,-6.879,6.06,-1.604,-0.2,-0.531,0.002,75.75,0.0,31.5,24,1,1
13:15:38.862,SONNOLENZA,1,174.43,4.43,0.092,-4.606,6.764,-2.564,0.066,0.111,-0.208,75.75,0.0,31.5,24,1,1
13:15:39.362,SONNOLENZA,1,176.21,-2.02,0.197,-5.385,6.893,-1.147,-0.324,-0.097,-0.098,75.75,0.0,31.5,24,1,1
13:15:39.862,SONNOLENZA,1,174.87,6.34,0.195,-5.636,8.65,-3.594,0.33,0.915,-0.222,75.75,0.0,31.5,24,1,1
13:15:40.362,SONNOLENZA,1,176.33,0.09,0.207,-5.504,7.616,-1.331,-0.125,0.132,0.078,75.75,0.0,31.5,24,1,1
13:15:40.862,SONNOLENZA,1,174.41,0.22,0.207,-4.324,10.266,1.465,-0.918,0.055,0.216,75.75,0.0,31.5,24,1,1
13:15:41.362,SONNOLENZA,1,175.26,-2.6,0.207,-5.045,7.027,-1.944,-0.021,0.323,-0.015,75.75,0.0,31.5,24,1,1
13:15:41.862,SONNOLENZA,1,176.34,1.84,0.216,-3.385,6.699,-2.854,-0.137,-0.076,0.325,75.75,0.0,31.5,24,1,1
13:15:42.362,SONNOLENZA,1,175.24,0.34,0.179,-5.555,7.681,-1.985,-0.01,-0.112,-0.114,75.75,0.0,31.5,24,1,1
13:15:42.862,SONNOLENZA,1,175.85,-0.58,0.255,-4.688,7.293,-1.192,-0.226,0.15,-0.238,75.75,0.0,31.5,24,1,1
13:15:43.362,SONNOLENZA,1,174.2,-0.96,0.233,-5.409,7.547,-1.032,-0.135,-0.211,0.163,75.75,0.0,31.5,24,1,1
13:15:43.862,SONNOLENZA,1,175.04,1.94,0.248,-5.298,7.491,-0.941,-0.275,0.181,-0.043,75.75,0.0,31.5,24,1,1
13:15:44.362,SONNOLENZA,1,176.14,5.24,0.214,-7.391,6.402,0.469,-1.046,0.489,-0.189,75.75,0.0,31.5,24,1,1
13:15:44.863,SONNOLENZA,1,178.07,-4.54,0.148,-5.133,8.301,0.156,1.472,-0.357,1.155,75.75,0.0,31.5,24,1,1
13:15:45.363,SONNOLENZA,1,175.68,-0.33,0.157,-4.159,6.613,-0.594,0.511,0.044,0.64,75.75,0.0,31.5,24,1,1
13:15:45.863,SONNOLENZA,1,176.74,5.53,0.138,-4.817,6.481,-2.562,-0.356,-0.02,-0.616,75.75,0.0,31.7,24,1,1
13:15:46.363,SONNOLENZA,1,175.93,-0.25,0.135,-6.148,7.302,-0.299,0.31,0.241,-0.574,75.75,0.0,31.7,24,1,1
13:15:46.863,SONNOLENZA,1,176.97,5.54,0.132,-5.667,6.931,-1.051,0.278,0.682,-0.113,75.75,0.0,31.7,24,1,1
13:15:47.363,SONNOLENZA,1,175.11,6.09,0.171,-6.048,8.03,-0.194,-0.249,-0.007,-0.164,75.75,0.0,31.7,24,1,1
13:15:47.863,SONNOLENZA,1,177.62,2.7,0.111,-6.278,7.372,0.668,-0.975,0.083,-0.996,75.75,0.0,31.7,24,1,1
13:15:48.363,SONNOLENZA,1,-171.69,-4.99,0.083,-5.286,5.916,0.409,-0.941,-0.648,0.126,75.75,0.0,31.8,24,1,1
13:15:48.863,SONNOLENZA,1,-177.02,-7.92,0.247,-6.096,7.219,-0.285,-0.041,-0.071,-0.118,75.75,0.0,31.8,24,1,1
13:15:49.363,SONNOLENZA,1,177.22,-2.53,0.212,-4.999,7.101,0.622,-0.687,0.018,-0.473,75.75,0.0,31.8,24,1,1
13:15:49.863,SONNOLENZA,1,179.4,-7.15,0.224,-6.546,6.045,-1.824,-0.786,-0.249,-0.426,75.75,0.0,31.8,24,1,1
13:15:50.363,SONNOLENZA,1,179.77,-5.79,0.151,-5.071,8.016,0.505,-0.438,0.238,-0.245,75.75,0.0,31.8,24,1,1
13:15:50.863,SONNOLENZA,1,-179.75,0.45,0.096,-7.307,9.989,-2.32,-0.0,-0.023,0.022,75.75,0.0,31.9,24,1,1
13:15:51.363,SONNOLENZA,1,-174.25,-9.59,0.09,-5.164,8.363,-0.651,0.392,-0.192,0.272,75.75,0.0,31.9,24,1,1
13:15:51.863,SONNOLENZA,1,-175.67,-13.32,0.24,-6.395,6.943,-0.725,-0.949,0.286,-0.626,75.75,0.0,31.9,24,1,1
13:15:52.363,SONNOLENZA,1,-179.75,-10.77,0.176,-5.578,6.483,-1.595,-0.064,-0.25,0.558,75.75,0.0,31.9,24,1,1
13:15:52.863,SONNOLENZA,1,179.13,-0.05,0.178,-5.71,7.511,-0.577,-0.334,-0.197,-0.096,75.75,0.0,31.9,24,1,1
13:15:53.364,SONNOLENZA,1,-178.18,-9.35,0.133,-5.497,7.657,-0.292,-0.127,0.229,0.001,75.75,0.0,31.9,24,1,1
13:15:53.864,SONNOLENZA,1,179.09,-7.36,0.242,-5.796,8.286,-1.219,0.037,0.161,0.042,75.75,0.0,31.9,24,1,1
13:15:54.364,SONNOLENZA,1,178.64,3.11,0.233,-4.851,8.095,-2.306,0.658,-0.129,0.717,75.75,0.0,31.9,24,1,1
13:15:54.864,SONNOLENZA,1,175.23,-0.02,0.221,-5.72,7.405,-0.476,-0.341,-0.296,-0.14,75.75,0.0,31.9,24,1,1
13:15:55.364,SONNOLENZA,1,172.69,-4.66,0.179,-5.406,7.913,-0.479,-0.396,0.35,0.01,75.75,0.0,31.9,24,1,1
13:15:55.864,SONNOLENZA,1,174.49,-8.26,0.22,-7.731,6.749,-2.124,-0.477,-0.174,0.134,75.75,0.0,32.0,24,1,1
13:15:56.364,SONNOLENZA,1,176.12,-0.12,0.091,-6.132,7.92,0.192,-1.168,0.115,0.167,75.75,0.0,32.0,24,1,1
13:15:56.864,VIGILE,1,174.81,-2.88,0.206,-4.946,5.947,-0.97,-0.467,0.354,-0.454,75.75,0.0,32.0,24,1,1
13:15:57.364,VIGILE,1,173.39,0.48,0.266,-7.336,8.349,-1.487,-0.365,0.619,0.145,75.75,0.0,32.0,24,1,1
13:15:57.864,VIGILE,1,170.22,-0.88,0.085,-5.586,6.764,-0.733,-0.167,0.13,-0.039,75.75,0.0,32.0,24,1,1
13:15:58.364,VIGILE,1,173.7,-2.94,0.24,-6.292,7.439,-0.299,-0.277,-0.193,0.035,75.75,0.0,32.0,24,1,1
13:15:58.864,VIGILE,1,175.81,-2.79,0.234,-5.437,6.285,-1.077,-0.649,-0.489,0.314,75.75,0.0,32.0,24,1,1
13:15:59.364,VIGILE,1,174.04,0.09,0.242,-6.184,10.159,-1.283,-0.871,-0.701,0.9,75.75,0.0,32.0,24,1,1
13:15:59.864,VIGILE,1,173.26,3.71,0.244,-7.195,6.764,-0.474,-0.482,0.134,-0.009,75.75,0.0,32.0,24,1,1
13:16:00.364,VIGILE,1,174.76,8.77,0.168,-5.559,6.072,-1.717,0.029,-0.194,0.338,75.75,0.0,32.0,24,1,1
13:16:00.864,VIGILE,1,175.46,3.32,0.256,-7.065,6.675,-0.67,-0.617,-0.106,-0.147,75.75,0.0,32.1,24,1,1
13:16:01.364,VIGILE,1,173.97,10.03,0.253,-6.155,7.884,0.567,-0.349,-0.163,0.391,75.75,0.0,32.1,24,1,1
13:16:01.865,VIGILE,1,174.04,0.11,0.255,-8.272,7.259,-0.752,-0.481,0.449,0.15,75.75,0.0,32.1,24,1,1
13:16:02.365,VIGILE,1,175.42,-0.6,0.228,-5.227,7.321,1.041,-1.867,-0.094,-0.721,75.75,0.0,32.1,24,1,1
13:16:02.865,VIGILE,1,171.2,-1.9,0.256,-4.396,9.024,1.535,-0.609,0.559,-0.155,75.75,0.0,32.1,24,1,1
13:16:03.365,VIGILE,1,172.39,-2.48,0.218,-2.926,6.088,0.11,-0.475,0.144,-0.695,75.75,0.0,32.2,24,1,1
13:16:03.865,VIGILE,1,171.7,-5.19,0.078,-6.711,6.807,-0.093,-1.369,0.156,-0.435,75.75,0.0,32.2,24,1,1
13:16:04.365,VIGILE,1,174.68,-6.35,0.244,-5.394,7.151,-1.367,-0.176,-0.169,-0.034,75.75,0.0,32.2,24,1,1
13:16:04.865,VIGILE,1,175.43,-6.52,0.238,-5.071,6.809,-1.882,0.173,-0.178,-0.087,75.75,0.0,32.2,24,1,1
13:16:05.365,VIGILE,1,173.27,-8.21,0.255,-3.668,3.259,-2.009,1.216,-0.278,1.045,75.75,0.0,32.2,24,1,1
13:16:05.865,VIGILE,1,174.7,-12.68,0.258,-4.135,8.267,1.765,-0.473,1.098,-1.812,75.75,0.0,32.2,24,1,1
13:16:06.365,VIGILE,1,174.3,-10.55,0.252,-5.861,6.184,-2.222,-0.661,-0.46,0.06,75.75,0.0,32.2,24,1,1
13:16:06.865,VIGILE,1,171.21,-11.08,0.142,-5.452,8.504,-1.293,-0.0,0.539,-0.126,75.75,0.0,32.2,24,1,1
13:16:07.365,VIGILE,1,173.24,-8.03,0.262,-4.274,7.63,-2.243,-0.099,0.35,-0.294,75.75,0.0,32.2,24,1,1
13:16:07.865,VIGILE,1,164.15,-5.17,0.266,-6.45,5.631,1.087,-1.197,0.68,-1.04,75.75,0.0,32.2,24,1,1
13:16:08.365,VIGILE,1,170.58,-3.58,0.242,-6.215,6.723,0.215,-0.061,-0.033,-0.261,75.75,0.0,32.4,24,1,1
13:16:08.865,VIGILE,1,175.41,-11.63,0.264,-5.586,9.311,0.63,-0.185,0.431,0.171,75.75,0.0,32.4,24,1,1
13:16:09.365,VIGILE,1,172.93,-6.51,0.268,-5.713,8.104,0.05,-0.373,0.188,-0.449,75.75,0.0,32.4,24,1,1
13:16:09.865,VIGILE,1,173.82,3.71,0.272,-6.009,7.623,0.414,0.01,0.262,0.043,75.75,0.0,32.4,24,1,1
13:16:10.366,VIGILE,1,173.99,-0.82,0.264,-6.146,7.104,0.974,-0.021,0.291,-0.086,75.75,0.0,32.4,24,1,1
13:16:10.866,VIGILE,1,174.64,-6.92,0.257,-6.33,7.389,0.565,-0.078,0.075,-0.122,75.75,0.0,32.4,24,1,1
13:16:11.366,VIGILE,1,171.76,-2.87,0.279,-6.337,7.796,0.357,-0.159,-0.062,-0.095,75.75,0.0,32.4,24,1,1
13:16:11.866,VIGILE,1,168.88,-0.56,0.252,-6.462,7.25,0.668,-0.126,0.057,0.037,75.75,0.0,32.4,24,1,1
13:16:12.366,VIGILE,1,170.86,6.34,0.257,-6.644,7.053,0.402,-0.181,0.048,0.026,75.75,0.0,32.4,24,1,1
13:16:12.866,VIGILE,1,170.95,5.68,0.238,-6.455,7.039,0.881,-0.124,0.076,-0.038,75.75,0.0,32.4,24,1,1
13:16:13.366,VIGILE,1,170.47,6.0,0.237,-5.741,7.465,-1.585,-0.152,0.016,-0.005,75.75,0.0,32.5,23,1,1
13:16:13.866,VIGILE,1,172.98,12.93,0.285,-5.593,7.468,-1.468,-0.134,0.09,-0.006,75.75,0.0,32.5,23,1,1
13:16:14.366,VIGILE,1,175.08,15.86,0.287,-5.657,7.436,-1.19,-0.141,0.058,-0.009,75.75,0.0,32.5,23,1,1
13:16:14.866,VIGILE,1,173.42,10.03,0.285,-5.657,7.408,-1.532,-0.133,0.094,0.006,75.75,0.0,32.5,23,1,1
13:16:15.366,VIGILE,1,173.15,11.77,0.287,-5.574,7.477,-1.219,-0.126,0.107,-0.042,75.75,0.0,32.5,23,1,1
13:16:15.866,VIGILE,1,173.5,10.74,0.287,-5.622,7.436,-1.348,-0.136,0.014,0.01,75.75,0.0,32.6,23,1,1
13:16:16.366,VIGILE,1,174.63,13.7,0.273,-5.734,7.518,-1.405,-0.129,0.131,-0.03,75.75,0.0,32.6,23,1,1
13:16:16.866,VIGILE,1,173.88,13.2,0.254,-5.511,7.331,-1.492,-0.106,0.013,-0.052,75.75,0.0,32.6,23,1,1
13:16:17.366,VIGILE,1,174.02,13.57,0.289,-5.617,7.429,-1.463,-0.149,0.101,0.015,75.75,0.0,32.6,23,1,1
13:16:17.866,VIGILE,1,176.58,9.16,0.297,-5.617,7.582,-1.389,-0.15,0.035,0.015,75.75,0.0,32.6,23,1,1
13:16:18.366,VIGILE,1,176.93,-1.96,0.287,-5.641,7.391,-1.245,-0.093,0.062,-0.079,75.75,0.0,32.7,23,1,1
13:16:18.867,VIGILE,1,176.57,2.81,0.301,-5.667,7.479,-1.439,-0.161,0.025,0.051,75.75,0.0,32.7,23,1,1
13:16:19.367,VIGILE,1,173.87,1.74,0.282,-5.6,7.451,-1.238,-0.117,0.106,-0.06,75.75,0.0,32.7,23,1,1
13:16:19.867,VIGILE,1,173.75,2.49,0.254,-5.6,7.391,-1.439,-0.147,0.006,0.007,75.75,0.0,32.7,23,1,1
13:16:20.367,VIGILE,1,175.99,9.88,0.275,-5.717,7.59,-1.367,-0.124,0.13,-0.012,75.75,0.0,32.7,23,1,1
13:16:20.867,VIGILE,1,172.79,7.17,0.286,-5.567,7.4,-1.477,-0.139,0.051,-0.011,75.75,0.0,32.8,22,1,1
13:16:21.367,VIGILE,1,173.82,3.7,0.143,-5.717,7.494,-1.264,-0.16,0.021,-0.001,75.75,0.0,32.8,22,1,1
13:16:21.867,VIGILE,1,176.78,-13.09,0.294,-5.653,7.336,-1.456,-0.091,0.13,-0.055,75.75,0.0,32.8,22,1,1
13:16:22.367,VIGILE,1,172.53,-43.59,0.366,-5.571,7.59,-1.458,-0.169,0.028,0.042,75.75,0.0,32.8,22,1,1
13:16:22.867,VIGILE,1,173.12,-40.23,0.319,-5.564,7.286,-1.444,-0.119,0.015,-0.049,75.75,0.0,32.8,22,1,1
13:16:23.367,VIGILE,1,173.48,-35.74,0.236,-5.677,7.549,-1.324,-0.125,0.129,0.011,75.75,0.0,32.8,22,1,1
13:16:23.867,VIGILE,1,174.58,11.71,0.258,-5.504,7.317,-1.444,-0.105,0.019,-0.062,75.75,0.0,32.8,22,1,1
13:16:24.367,VIGILE,1,173.11,2.85,0.236,-5.705,7.539,-1.343,-0.13,0.048,0.006,75.75,0.0,32.8,22,1,1
13:16:24.867,VIGILE,1,174.97,-13.26,0.269,-5.701,7.396,-1.156,-0.101,0.063,-0.058,75.75,0.0,32.8,22,1,1
13:16:25.367,VIGILE,1,174.81,29.13,0.279,-5.619,7.547,-1.549,-0.167,0.023,0.039,75.75,0.0,32.8,22,1,1
13:16:25.867,VIGILE,1,169.44,22.88,0.168,-5.669,7.343,-1.326,-0.078,0.076,-0.094,75.75,0.0,32.8,22,1,1
13:16:26.367,VIGILE,1,173.71,18.59,0.302,-5.607,7.441,-1.36,-0.148,0.023,0.028,75.75,0.0,32.8,22,1,1
13:16:26.867,VIGILE,1,174.63,14.25,0.285,-5.693,7.551,-1.288,-0.114,0.129,-0.043,75.75,0.0,32.8,22,1,1
13:16:27.368,VIGILE,1,175.86,-6.76,0.287,-5.588,7.405,-1.616,-0.122,0.054,-0.021,75.75,0.0,32.8,22,1,1
13:16:27.868,VIGILE,1,173.93,-5.62,0.24,-5.696,7.479,-1.358,-0.153,0.031,0.008,75.75,0.0,32.8,22,1,1
13:16:28.368,VIGILE,1,173.86,-0.35,0.253,-5.571,7.398,-1.336,-0.098,0.095,-0.068,75.75,0.0,32.9,22,1,1
13:16:28.868,VIGILE,1,177.18,-1.24,0.275,-5.665,7.468,-1.453,-0.159,0.002,0.043,75.75,0.0,32.9,22,1,1
13:16:29.368,VIGILE,1,174.47,0.86,0.281,-5.619,7.393,-1.348,-0.095,0.067,-0.098,75.75,0.0,32.9,22,1,1
13:16:29.868,VIGILE,1,175.2,7.59,0.289,-5.655,7.527,-1.456,-0.168,0.054,0.051,75.75,0.0,32.9,22,1,1
13:16:30.368,VIGILE,1,167.98,3.78,0.235,-5.576,7.482,-1.405,-0.108,0.102,-0.066,75.75,0.0,32.9,22,1,1
13:16:30.868,VIGILE,1,178.05,-10.32,0.16,-5.538,7.403,-1.501,-0.134,0.078,-0.005,75.75,0.0,32.9,21,1,1
13:16:31.368,VIGILE,1,170.36,7.09,0.273,-5.631,7.434,-1.257,-0.161,0.048,0.015,75.75,0.0,32.9,21,1,1
13:16:31.868,VIGILE,1,171.82,3.28,0.282,-5.696,7.343,-1.334,-0.095,0.112,-0.057,75.75,0.0,32.9,21,1,1
13:16:32.369,VIGILE,1,174.25,5.7,0.299,-5.643,7.554,-1.463,-0.166,0.017,0.05,75.75,0.0,32.9,21,1,1
13:16:32.869,VIGILE,1,169.02,8.09,0.197,-5.6,7.36,-1.417,-0.1,0.069,-0.098,75.75,0.0,32.9,21,1,1
13:16:33.369,VIGILE,1,175.64,10.89,0.289,-5.552,7.47,-1.401,-0.148,0.039,0.041,75.75,0.0,33.0,21,1,1
13:16:33.869,VIGILE,1,170.87,11.32,0.176,-5.689,7.551,-1.369,-0.13,0.109,-0.058,75.75,0.0,33.0,21,1,1
13:16:34.369,VIGILE,1,173.05,13.41,0.287,-5.636,7.341,-1.508,-0.127,0.061,-0.013,75.75,0.0,33.0,21,1,1
13:16:34.869,VIGILE,1,175.38,11.66,0.274,-5.737,7.377,-1.393,-0.158,0.033,0.017,75.75,0.0,33.0,21,1,1
13:16:35.369,VIGILE,1,177.17,19.26,0.133,-5.38,7.587,-1.168,-0.153,0.032,-0.077,75.75,0.0,33.0,21,1,1
13:16:35.869,VIGILE,1,-176.46,25.33,0.119,-4.764,7.645,-1.343,-0.163,0.022,-0.126,75.75,0.0,33.0,21,1,1
13:16:36.370,VIGILE,1,-168.8,28.93,0.286,-4.599,7.324,-3.309,-0.098,0.014,-0.077,75.75,0.0,33.0,21,1,1
13:16:36.870,VIGILE,1,-179.48,5.16,0.309,-4.051,7.35,-4.547,-0.07,-0.248,0.096,75.75,0.0,33.0,21,1,1
13:16:37.370,VIGILE,1,173.14,0.77,0.274,-5.167,6.924,-2.966,-0.173,-0.132,-0.019,75.75,0.0,33.0,21,1,1
13:16:37.870,VIGILE,1,176.78,8.06,0.27,-5.236,7.252,-1.269,-0.207,-0.062,-0.022,75.75,0.0,33.0,21,1,1
13:16:38.370,VIGILE,1,179.26,24.73,0.315,-5.351,7.738,-1.417,-0.131,0.017,0.048,75.75,0.0,33.1,21,1,1
13:16:38.870,VIGILE,1,176.54,30.62,0.296,-3.697,9.143,-0.599,-0.08,-0.058,0.083,75.75,0.0,33.1,21,1,1
13:16:39.370,VIGILE,1,-170.73,52.63,0.394,-2.753,9.328,-1.149,0.029,-0.173,0.092,75.75,0.0,33.1,21,1,1
13:16:39.870,VIGILE,1,-174.84,57.37,0.351,-3.194,10.491,-1.681,0.192,-0.117,0.189,75.75,0.0,33.1,21,1,1
13:16:40.370,VIGILE,1,175.45,34.96,0.376,-2.703,9.196,-2.49,-0.069,-0.495,0.336,75.75,0.0,33.1,21,1,1
13:16:40.870,VIGILE,1,172.18,33.27,0.34,-3.697,8.844,-1.262,0.019,-0.255,0.265,75.75,0.0,33.1,21,1,1
13:16:41.370,VIGILE,1,170.99,28.08,0.299,-4.357,8.303,-0.699,0.036,-0.244,0.226,75.75,0.0,33.1,21,1,1
13:16:41.870,VIGILE,1,177.4,18.57,0.246,-4.106,8.313,-0.994,-0.008,-0.361,0.074,75.75,0.0,33.1,21,1,1
13:16:42.371,VIGILE,1,177.08,17.6,0.292,-5.76,8.392,-2.468,-0.117,0.125,0.119,75.75,0.0,33.1,21,1,1
13:16:42.871,VIGILE,1,-179.57,16.2,0.258,-4.659,7.863,-1.176,-0.538,-0.465,-0.233,75.75,0.0,33.1,21,1,1
13:16:43.371,VIGILE,1,178.1,12.47,0.259,-4.673,8.248,-2.15,-0.148,0.085,-0.072,75.75,0.0,33.2,21,1,1
13:16:43.871,VIGILE,1,-165.72,-39.64,0.247,-4.824,7.403,-2.093,-0.212,0.098,-0.051,75.75,0.0,33.2,21,1,1
13:16:44.371,VIGILE,1,-166.96,-33.92,0.25,-5.097,7.683,-2.09,-0.175,0.074,-0.014,75.75,0.0,33.2,21,1,1
13:16:44.871,VIGILE,1,-166.91,-39.21,0.25,-5.344,7.736,-2.33,-0.112,0.087,-0.042,75.75,0.0,33.2,21,1,1
13:16:45.371,VIGILE,1,-166.44,-38.28,0.225,-5.033,7.544,-1.674,-0.181,0.025,-0.022,75.75,0.0,33.2,21,1,1
13:16:45.871,VIGILE,1,-166.09,-38.14,0.288,-5.222,7.81,-2.059,-0.158,0.218,0.023,75.75,0.0,33.2,21,1,1
13:16:46.371,VIGILE,1,-165.49,-39.11,0.277,-4.769,7.937,-1.791,-0.159,0.221,-0.026,75.75,0.0,33.2,21,1,1
13:16:46.871,VIGILE,1,-164.14,-41.15,0.207,-5.411,7.673,-2.083,-0.063,0.129,-0.051,75.75,0.0,33.2,21,1,1
13:16:47.371,VIGILE,1,-166.07,-44.11,0.299,-5.332,7.796,-2.078,-0.197,0.143,-0.015,75.75,0.0,33.2,21,1,1
13:16:47.871,VIGILE,1,-168.04,-45.31,0.232,-5.921,8.135,-2.131,-0.027,0.127,-0.11,75.75,0.0,33.2,21,1,1
13:16:48.371,VIGILE,1,-164.55,-41.04,0.292,-5.227,7.451,-2.2,-0.207,-0.019,0.105,75.75,0.0,33.2,21,1,1
13:16:48.871,VIGILE,1,-164.51,-45.19,0.283,-5.2,7.374,-1.918,-0.175,0.053,0.005,75.75,0.0,33.2,21,1,1
13:16:49.371,VIGILE,1,-166.55,-49.65,0.316,-5.353,7.506,-1.968,-0.103,-0.01,0.027,75.75,0.0,33.2,21,1,1
13:16:49.871,VIGILE,1,-164.01,-32.94,0.246,-5.215,7.398,-1.97,-0.027,-0.084,-0.105,75.75,0.0,33.2,21,1,1
13:16:50.372,VIGILE,1,179.9,7.92,0.256,-5.361,7.942,-1.805,-0.18,-0.015,0.054,75.75,0.0,33.2,21,1,1
13:16:50.872,VIGILE,1,175.87,2.41,0.25,-5.025,7.008,-1.331,-0.181,-0.182,-0.002,75.75,0.0,33.2,21,1,1
13:16:51.372,VIGILE,1,176.73,-6.86,0.225,-5.239,8.025,-0.927,-0.092,0.018,0.018,75.75,0.0,33.2,21,1,1
13:16:51.872,VIGILE,1,173.96,11.33,0.237,-5.689,7.3,-0.883,-0.115,0.078,-0.08,75.75,0.0,33.2,21,1,1
13:16:52.372,VIGILE,1,173.17,16.78,0.153,-5.353,7.453,-1.003,-0.114,-0.093,0.012,75.75,0.0,33.2,21,1,1
13:16:52.872,VIGILE,1,173.13,10.5,0.267,-5.741,7.013,-1.468,-0.161,0.12,-0.042,75.75,0.0,33.2,21,1,1
13:16:53.372,VIGILE,1,174.04,12.55,0.189,-5.155,8.588,-0.486,-0.363,-0.102,0.11,75.75,0.0,33.3,20,1,1
13:16:53.872,VIGILE,1,173.02,3.7,0.226,-5.248,7.721,-1.547,-0.082,-0.057,-0.019,75.75,0.0,33.3,20,1,1
13:16:54.372,VIGILE,1,171.27,8.1,0.235,-5.097,7.597,-1.207,-0.187,0.019,0.083,75.75,0.0,33.3,20,1,1
13:16:54.872,VIGILE,1,169.46,4.65,0.224,-5.356,7.906,-1.176,-0.193,0.036,0.095,75.75,0.0,33.3,20,1,1
13:16:55.372,VIGILE,1,170.6,-0.07,0.221,-5.167,7.245,-1.367,-0.176,0.029,0.029,75.75,0.0,33.3,20,1,1
13:16:55.872,VIGILE,1,172.9,-7.77,0.277,-6.132,7.511,-1.166,0.014,-0.312,0.046,75.75,0.0,33.3,20,1,1
13:16:56.372,VIGILE,1,175.85,-1.01,0.229,-4.623,7.853,-1.772,-0.094,0.525,-0.022,75.75,0.0,33.3,20,1,1
13:16:56.872,VIGILE,1,175.17,-2.64,0.236,-6.155,7.187,-0.694,-0.107,-0.286,0.09,75.75,0.0,33.3,20,1,1
13:16:57.372,VIGILE,1,175.53,-1.92,0.244,-5.691,7.618,-1.46,-0.037,0.365,-0.08,75.75,0.0,33.3,20,1,1
13:16:57.873,VIGILE,1,174.35,4.33,0.224,-5.296,7.817,-0.958,-0.127,0.166,-0.007,75.75,0.0,33.3,20,1,1
13:16:58.373,VIGILE,1,175.04,2.06,0.214,-6.254,7.669,-3.084,1.344,0.625,0.113,75.75,0.0,33.3,20,1,1
13:16:58.873,VIGILE,1,174.1,5.94,0.22,-5.43,7.836,-0.893,-0.17,0.163,0.094,75.75,0.0,33.3,20,1,1
13:16:59.373,VIGILE,1,174.95,0.15,0.221,-5.578,7.939,-0.833,-0.165,-0.044,-0.035,75.75,0.0,33.3,20,1,1
13:16:59.873,VIGILE,1,177.42,3.54,0.256,-5.605,7.305,-1.547,-0.124,0.066,-0.013,75.75,0.0,33.3,20,1,1
13:17:00.373,VIGILE,1,173.96,0.39,0.231,-5.329,7.19,-1.882,-0.2,0.152,-0.11,75.75,0.0,33.3,20,1,1
13:17:00.873,VIGILE,1,174.88,1.74,0.218,-5.03,7.01,-1.662,-0.128,-0.09,0.029,75.75,0.0,33.4,20,1,1
13:17:01.373,VIGILE,1,175.51,-3.9,0.182,-4.961,7.319,-1.724,-0.17,0.121,0.012,75.75,0.0,33.4,20,1,1
13:17:01.873,SONNOLENZA,1,175.61,-2.11,0.111,-5.104,6.771,-1.346,-0.122,-0.273,-0.239,75.75,0.0,33.4,20,1,1
13:17:02.373,SONNOLENZA,1,175.5,-5.84,0.108,-5.691,7.688,-1.437,-0.173,-0.113,-0.108,75.75,0.0,33.4,20,1,1
13:17:02.873,SONNOLENZA,1,175.48,-8.23,0.195,-5.016,7.906,-1.875,-0.103,0.196,-0.082,75.75,0.0,33.4,20,1,1
13:17:03.373,SONNOLENZA,1,174.85,-4.31,0.207,-5.009,7.384,-1.039,-0.179,0.108,-0.09,75.75,0.0,33.4,20,1,1
13:17:03.873,SONNOLENZA,1,175.4,-5.28,0.193,-6.191,7.547,-1.992,-0.076,0.442,0.118,75.75,0.0,33.4,20,1,1
13:17:04.373,SONNOLENZA,1,175.15,-7.99,0.226,-5.162,7.14,-1.899,0.097,0.068,-0.194,75.75,0.0,33.4,20,1,1
13:17:04.873,SONNOLENZA,1,175.09,-8.07,0.149,-5.454,7.774,-1.674,-0.104,0.189,0.065,75.75,0.0,33.4,20,1,1
13:17:05.373,SONNOLENZA,1,175.98,-10.7,0.146,-5.447,7.434,-1.568,-0.13,0.149,-0.01,75.75,0.0,33.4,20,1,1
13:17:05.873,SONNOLENZA,1,175.78,-4.46,0.224,-5.832,7.669,-1.877,-0.073,0.127,-0.068,75.75,0.0,33.4,20,1,1
13:17:06.373,SONNOLENZA,1,175.75,-11.61,0.209,-5.272,7.539,-1.597,-0.189,0.224,0.003,75.75,0.0,33.4,20,1,1
13:17:06.874,SONNOLENZA,1,174.97,-12.25,0.222,-5.413,7.693,-1.492,-0.126,0.009,-0.19,75.75,0.0,33.4,20,1,1
13:17:07.374,SONNOLENZA,1,176.36,-13.37,0.23,-5.176,7.743,-0.9,-0.197,0.232,-0.198,75.75,0.0,33.4,20,1,1
13:17:07.874,SONNOLENZA,1,175.6,-12.21,0.221,-5.171,7.719,-1.753,-0.091,0.298,-0.111,75.75,0.0,33.4,20,1,1
13:17:08.374,SONNOLENZA,1,175.99,-14.15,0.218,-5.284,6.984,-2.049,-0.152,0.266,-0.143,75.75,0.0,33.4,20,1,1
13:17:08.874,SONNOLENZA,1,176.04,-10.01,0.236,-5.576,7.422,-2.456,-0.221,0.254,-0.164,75.75,0.0,33.4,20,1,1
13:17:09.374,SONNOLENZA,1,175.94,-16.79,0.287,-5.282,7.163,-3.443,-0.13,0.181,-0.42,75.75,0.0,33.4,20,1,1
13:17:09.874,SONNOLENZA,1,174.78,-5.81,0.242,-4.64,6.644,-1.994,-0.33,-0.059,-0.275,75.75,0.0,33.4,20,1,1
13:17:10.374,SONNOLENZA,1,174.89,-11.53,0.258,-5.42,8.119,-3.17,0.196,0.446,0.335,75.75,0.0,33.4,20,1,1
13:17:10.874,SONNOLENZA,1,173.78,-7.12,0.21,-5.27,7.611,-2.629,-0.122,0.039,-0.025,75.75,0.0,33.5,20,1,1
13:17:11.374,SONNOLENZA,1,174.31,-9.87,0.201,-4.848,7.618,-1.006,-0.043,-0.11,-0.057,75.75,0.0,33.5,20,1,1
13:17:11.874,SONNOLENZA,1,174.11,-16.39,0.163,-5.844,7.266,-1.324,-0.345,0.035,-0.249,75.75,0.0,33.5,20,1,1
13:17:12.374,SONNOLENZA,1,175.07,-15.39,0.222,-4.542,6.177,-2.82,0.132,0.476,0.122,75.75,0.0,33.5,20,1,1
13:17:12.874,SONNOLENZA,1,174.91,-12.58,0.222,-5.878,7.436,-1.262,-0.639,0.2,-0.34,75.75,0.0,33.5,20,1,1
13:17:13.374,SONNOLENZA,1,174.64,-9.72,0.136,-4.82,7.075,-1.288,-0.169,0.012,-0.068,75.75,0.0,33.5,20,1,1
13:17:13.874,SONNOLENZA,1,176.54,-8.29,0.124,-5.954,8.76,-1.793,0.057,-0.087,-0.189,75.75,0.0,33.5,20,1,1
13:17:14.374,SONNOLENZA,1,175.74,-10.32,0.218,-5.404,7.341,-1.628,-0.179,0.122,-0.296,75.75,0.0,33.5,20,1,1
13:17:14.875,SONNOLENZA,1,175.6,-6.78,0.189,-5.569,7.709,-1.195,-0.135,0.028,0.071,75.75,0.0,33.5,20,1,1
13:17:15.375,SONNOLENZA,1,176.05,-11.18,0.13,-5.739,7.25,-0.692,-0.139,0.099,-0.085,75.75,0.0,33.5,20,1,1
13:17:15.875,SONNOLENZA,1,175.02,-6.8,0.206,-5.878,7.831,-1.271,-0.168,0.008,-0.035,75.75,0.0,33.5,20,1,1
13:17:16.375,SONNOLENZA,1,174.74,-11.06,0.209,-5.679,7.724,-1.437,-0.146,0.082,-0.025,75.75,0.0,33.5,20,1,1
13:17:16.878,SONNOLENZA,1,178.17,-11.36,0.22,-5.476,8.104,-1.279,-0.171,0.284,0.016,75.75,0.0,33.5,20,1,1
13:17:17.378,SONNOLENZA,1,176.58,-8.55,0.13,-6.223,7.415,-0.922,-0.473,0.178,-0.087,75.75,0.0,33.5,20,1,1
13:17:17.878,SONNOLENZA,1,174.45,-6.37,0.21,-5.978,6.941,-1.111,-0.162,-0.267,-0.112,75.75,0.0,33.5,20,1,1
13:17:18.378,SONNOLENZA,1,175.07,-8.87,0.213,-5.677,7.74,-1.245,-0.132,0.158,-0.026,75.75,0.0,33.5,21,1,1
13:17:18.878,SONNOLENZA,1,175.83,-11.42,0.214,-5.279,7.678,-0.974,-0.062,0.068,-0.072,75.75,0.0,33.5,21,1,1
13:17:19.378,SONNOLENZA,1,177.18,-12.15,0.206,-5.564,7.659,-1.08,-0.3,0.025,0.088,75.75,0.0,33.5,21,1,1
13:17:19.878,SONNOLENZA,1,176.07,-1.89,0.199,-5.076,7.659,-0.589,-0.029,0.173,-0.08,75.75,0.0,33.5,21,1,1
13:17:20.379,SONNOLENZA,1,177.98,-11.1,0.226,-5.61,7.752,-1.128,-0.172,-0.009,0.076,75.75,0.0,33.5,21,1,1
13:17:20.879,SONNOLENZA,1,176.89,-10.91,0.108,-5.097,8.226,-0.622,-0.251,-0.011,-0.016,75.75,0.0,33.6,21,1,1
13:17:21.379,SONNOLENZA,1,176.97,-5.86,0.195,-4.817,7.853,-0.864,-0.122,0.031,0.028,75.75,0.0,33.6,21,1,1
13:17:21.879,SONNOLENZA,1,178.77,-9.68,0.221,-4.403,8.248,-0.709,-0.031,0.005,0.029,75.75,0.0,33.6,21,1,1
13:17:22.379,SONNOLENZA,1,179.29,-13.31,0.233,-4.456,8.231,-0.56,-0.104,-0.179,0.03,75.75,0.0,33.6,21,1,1
13:17:22.879,SONNOLENZA,1,178.75,-5.37,0.179,-4.288,8.614,-0.9,-0.052,-0.043,-0.05,75.75,0.0,33.6,21,1,1
13:17:23.379,SONNOLENZA,1,-178.37,18.3,0.246,-3.953,7.91,-1.484,-0.056,-0.03,0.088,75.75,0.0,33.6,21,1,1
13:17:23.879,SONNOLENZA,1,177.84,-1.01,0.228,-4.149,8.339,-1.214,0.04,0.091,-0.061,75.75,0.0,33.6,21,1,1
13:17:24.379,SONNOLENZA,1,175.75,-10.26,0.256,-5.653,7.499,-0.996,0.133,-0.252,0.165,75.75,0.0,33.6,21,1,1
13:17:24.879,SONNOLENZA,1,174.58,-25.32,0.246,-5.748,7.63,-1.568,-0.084,0.22,0.032,75.75,0.0,33.6,21,1,1
13:17:25.379,SONNOLENZA,1,178.99,-23.74,0.248,-6.922,7.477,-1.293,-0.182,0.162,-0.005,75.75,0.0,33.6,21,1,1
13:17:25.879,VIGILE,1,176.0,-27.23,0.242,-6.967,4.434,-2.105,-0.47,0.353,-0.075,75.75,0.0,33.6,21,1,1
13:17:26.379,VIGILE,1,177.23,-24.5,0.281,-7.506,6.507,-2.155,-0.075,0.393,-0.006,75.75,0.0,33.6,21,1,1
13:17:26.879,VIGILE,1,171.46,-18.52,0.244,-7.618,5.959,-1.791,-0.507,0.544,-0.065,75.75,0.0,33.6,21,1,1
13:17:27.379,VIGILE,1,174.43,-3.5,0.285,-7.824,6.79,-3.297,-0.31,0.759,-0.072,75.75,0.0,33.6,21,1,1
13:17:27.879,VIGILE,1,176.9,23.79,0.242,-5.461,7.74,-1.935,-0.198,0.204,0.054,75.75,0.0,33.6,21,1,1
13:17:28.379,VIGILE,1,174.42,26.36,0.245,-3.874,9.055,-1.683,0.172,0.043,0.295,75.75,0.0,33.6,21,1,1
13:17:28.880,VIGILE,1,174.01,24.46,0.262,-2.923,9.946,-0.421,0.607,-0.238,0.143,75.75,0.0,33.6,21,1,1
13:17:29.380,VIGILE,1,175.13,16.92,0.264,-2.373,8.14,-0.532,-0.039,-0.286,-0.157,75.75,0.0,33.6,21,1,1
13:17:29.880,VIGILE,1,175.03,12.87,0.246,-3.594,8.315,-0.769,-0.07,-0.403,-0.171,75.75,0.0,33.6,21,1,1
13:17:30.380,VIGILE,1,178.83,32.64,0.249,-3.862,8.464,-0.754,-0.064,0.195,-0.262,75.75,0.0,33.6,21,1,1
13:17:30.880,VIGILE,1,174.54,15.64,0.264,-4.721,8.186,-2.698,-0.105,0.073,-0.016,75.75,0.0,33.7,21,1,1
13:17:31.380,VIGILE,1,179.95,24.2,0.281,-4.745,8.753,-2.401,0.153,0.331,-0.304,75.75,0.0,33.7,21,1,1
13:17:31.880,VIGILE,1,172.74,5.18,0.257,-5.435,8.25,-2.715,-0.306,0.108,0.218,75.75,0.0,33.7,21,1,1
13:17:32.380,VIGILE,1,172.8,13.09,0.231,-5.722,8.04,-1.159,-0.191,0.193,0.03,75.75,0.0,33.7,21,1,1
13:17:32.880,VIGILE,1,175.73,18.13,0.273,-5.231,7.506,-0.891,-0.077,-0.389,0.163,75.75,0.0,33.7,21,1,1
13:17:33.380,VIGILE,1,176.66,34.32,0.173,-5.013,8.61,-1.389,-0.226,0.256,-0.036,75.75,0.0,33.7,21,1,1
13:17:33.880,VIGILE,0,0.0,0.0,0.0,-4.769,7.822,-1.721,-0.16,0.416,-0.211,75.75,0.0,33.7,21,1,1
13:17:34.380,VIGILE,1,-174.73,22.55,0.291,-5.423,7.274,-2.102,-0.146,-0.151,0.005,75.75,0.0,33.7,21,1,1
13:17:34.880,VIGILE,1,177.94,30.15,0.309,-4.101,7.104,-0.385,-0.874,0.12,-0.604,75.75,0.0,33.7,21,1,1
13:17:35.381,VIGILE,1,178.57,30.24,0.204,-4.839,7.63,-1.551,0.022,0.219,-0.26,75.75,0.0,33.7,21,1,1
13:17:35.881,VIGILE,1,166.06,6.95,0.235,-4.53,8.43,-2.042,-0.145,0.297,0.045,75.75,0.0,33.8,21,1,1
13:17:36.381,VIGILE,1,172.18,-2.86,0.239,-4.472,8.253,-2.207,-0.131,0.209,-0.066,75.75,0.0,33.8,21,1,1
13:17:36.881,VIGILE,1,169.17,-2.13,0.232,-4.506,8.073,-1.18,-0.341,-0.153,0.115,75.75,0.0,33.8,21,1,1
13:17:37.381,VIGILE,1,173.55,2.72,0.234,-4.137,7.29,-0.194,-0.508,-0.375,0.189,75.75,0.0,33.8,21,1,1
13:17:37.881,VIGILE,1,173.21,3.69,0.17,-4.666,6.622,-0.646,-0.232,-0.795,0.221,75.75,0.0,33.8,21,1,1
13:17:38.381,VIGILE,1,174.81,-2.0,0.223,-4.484,8.643,0.204,-0.429,0.629,-0.361,75.75,0.0,33.8,20,1,1
13:17:38.881,VIGILE,1,176.33,8.84,0.143,-2.433,7.846,-0.031,-0.929,-0.25,0.019,75.75,0.0,33.8,20,1,1
13:17:39.381,VIGILE,1,175.29,-8.77,0.11,-6.519,6.788,3.136,-4.808,-0.388,0.329,75.75,0.0,33.8,20,1,1
13:17:39.881,VIGILE,1,177.46,-13.66,0.184,-5.107,7.642,-0.543,-0.193,-0.193,0.07,75.75,0.0,33.8,20,1,1
13:17:40.381,VIGILE,1,174.82,-7.32,0.228,-5.085,7.53,-1.228,-0.175,-0.2,0.105,75.75,0.0,33.8,20,1,1
13:17:40.881,VIGILE,1,173.4,-10.62,0.198,-4.882,7.939,-1.109,-0.041,0.334,-0.141,75.75,0.0,33.8,20,1,1
13:17:41.381,VIGILE,1,172.01,-5.8,0.229,-4.623,8.219,-0.443,-0.078,0.121,-0.085,75.75,0.0,33.8,20,1,1
13:17:41.881,VIGILE,1,170.35,-4.87,0.235,-5.42,7.834,-0.656,-0.118,0.344,0.006,75.75,0.0,33.8,20,1,1
13:17:42.381,VIGILE,1,163.31,-5.95,0.241,-5.607,7.278,-0.053,-0.209,0.046,-0.048,75.75,0.0,33.8,20,1,1
13:17:42.881,VIGILE,1,160.65,0.04,0.258,-4.829,8.054,1.034,-0.079,0.104,-0.064,75.75,0.0,33.8,20,1,1
13:17:43.381,VIGILE,1,164.52,-6.24,0.249,-6.369,7.135,0.079,-0.042,-0.139,0.246,75.75,0.0,33.8,20,1,1
13:17:43.882,VIGILE,1,164.46,-7.46,0.25,-5.617,6.768,1.092,0.026,0.055,0.054,75.75,0.0,33.8,20,1,1
13:17:44.382,VIGILE,1,160.33,-0.96,0.25,-6.225,7.587,0.172,-0.006,0.205,-0.103,75.75,0.0,33.8,20,1,1
13:17:44.882,VIGILE,1,161.08,-6.88,0.236,-6.574,7.278,1.743,-0.048,0.177,-0.062,75.75,0.0,33.8,20,1,1
13:17:45.382,VIGILE,1,158.95,-4.55,0.26,-7.202,6.876,4.044,-0.192,0.092,-0.043,75.75,0.0,33.8,20,1,1
13:17:45.882,VIGILE,1,160.96,-4.66,0.241,-7.276,6.144,4.027,-0.229,0.054,-0.021,75.75,0.0,34.0,20,1,1
13:17:46.382,VIGILE,1,163.98,-4.21,0.253,-7.23,6.381,3.965,-0.155,0.062,-0.033,75.75,0.0,34.0,20,1,1
13:17:46.882,VIGILE,1,161.45,0.25,0.162,-5.267,7.839,-1.776,-0.068,0.096,0.049,75.75,0.0,34.0,20,1,1
13:17:47.382,VIGILE,1,150.62,-2.11,0.127,-5.567,7.669,-0.697,-0.127,0.064,-0.005,75.75,0.0,34.0,20,1,1
13:17:47.882,MALORE,1,148.5,-0.86,0.114,-5.684,7.64,-0.912,-0.165,0.026,0.043,75.75,0.0,34.0,20,1,1
13:17:48.382,MALORE,1,145.63,-1.17,0.114,-5.574,7.544,-0.615,-0.092,0.089,-0.079,75.75,0.0,34.0,20,1,1
13:17:48.882,MALORE,1,145.42,-2.21,0.118,-5.586,7.594,-0.706,-0.145,0.058,0.023,75.75,0.0,34.0,20,1,1
13:17:49.382,MALORE,1,145.84,-2.64,0.115,-5.722,7.659,-0.577,-0.111,0.08,-0.001,75.75,0.0,34.0,20,1,1
13:17:49.882,MALORE,1,145.91,-3.5,0.125,-5.574,7.487,-0.682,-0.116,0.057,-0.07,75.75,0.0,34.0,20,1,1
13:17:50.382,MALORE,1,145.16,-3.47,0.133,-5.588,7.58,-0.742,-0.16,0.049,0.033,75.75,0.0,34.0,20,1,1
13:17:50.882,MALORE,1,145.59,-3.08,0.138,-5.617,7.575,-0.414,-0.111,0.039,-0.034,75.75,0.0,34.0,20,1,1
13:17:51.383,MALORE,1,146.74,-3.63,0.124,-5.698,7.458,-0.687,-0.096,0.112,-0.048,75.75,0.0,34.0,20,1,1
13:17:51.883,MALORE,1,145.34,-3.99,0.136,-5.617,7.702,-0.702,-0.158,-0.005,0.055,75.75,0.0,34.0,20,1,1
13:17:52.383,MALORE,1,145.56,-3.63,0.133,-5.567,7.484,-0.572,-0.106,0.069,-0.105,75.75,0.0,34.0,20,1,1
13:17:52.883,MALORE,1,145.34,-3.99,0.14,-5.567,7.63,-0.699,-0.17,0.067,0.048,75.75,0.0,34.0,20,1,1
13:17:53.383,MALORE,1,145.7,-3.65,0.129,-5.614,7.623,-0.656,-0.132,0.081,-0.058,75.75,0.0,34.0,20,1,1
13:17:53.883,MALORE,1,146.0,-3.78,0.127,-5.634,7.525,-0.788,-0.115,0.08,-0.006,75.75,0.0,34.0,20,1,1
13:17:54.383,MALORE,1,145.64,-4.34,0.123,-5.555,7.695,-0.634,-0.166,0.041,-0.011,75.75,0.0,34.0,20,1,1
13:17:54.883,MALORE,1,145.3,-3.72,0.121,-5.576,7.494,-0.646,-0.084,0.107,-0.079,75.75,0.0,34.0,20,1,1
13:17:55.383,MALORE,1,145.08,-4.0,0.127,-5.588,7.614,-0.737,-0.158,0.004,0.04,75.75,0.0,34.0,20,1,1
13:17:55.883,MALORE,1,145.79,-3.94,0.129,-5.483,7.479,-0.795,-0.095,0.07,-0.101,75.75,0.0,34.0,20,1,1
13:17:56.383,MALORE,1,145.54,-4.47,0.121,-5.535,7.661,-0.761,-0.172,0.082,0.055,75.75,0.0,34.0,20,1,1
13:17:56.883,MALORE,1,145.43,-4.54,0.125,-5.624,7.393,-0.603,-0.073,0.012,-0.085,75.75,0.0,34.0,20,1,1
13:17:57.383,MALORE,1,145.46,-4.18,0.12,-5.519,7.566,-0.91,-0.141,0.1,0.026,75.75,0.0,34.0,20,1,1
13:17:57.883,MALORE,1,145.53,-4.07,0.113,-5.598,7.748,-0.474,-0.155,0.054,-0.009,75.75,0.0,34.0,20,1,1
13:17:58.383,MALORE,1,145.64,-4.55,0.127,-5.693,7.405,-0.8,-0.073,0.092,-0.036,75.75,0.0,34.1,20,1,1
13:17:58.883,MALORE,1,145.48,-4.11,0.122,-5.612,7.645,-0.742,-0.136,0.031,0.033,75.75,0.0,34.1,20,1,1
13:17:59.383,MALORE,1,145.74,-4.47,0.12,-5.492,7.441,-0.766,-0.112,0.056,-0.056,75.75,0.0,34.1,20,1,1
13:17:59.883,MALORE,1,144.92,-3.9,0.128,-5.679,7.678,-0.622,-0.147,0.065,0.028,75.75,0.0,34.1,20,1,1
13:18:00.384,MALORE,1,144.97,-4.65,0.116,-5.521,7.477,-0.747,-0.114,0.071,-0.06,75.75,0.0,34.1,20,1,1
13:18:00.884,MALORE,1,145.4,-4.16,0.105,-5.622,7.664,-0.678,-0.151,0.017,0.044,75.75,0.0,34.1,20,1,1
13:18:01.384,MALORE,1,145.27,-4.37,0.12,-5.531,7.451,-0.642,-0.062,0.08,-0.096,75.75,0.0,34.1,20,1,1
13:18:01.884,MALORE,1,145.34,-4.64,0.118,-5.55,7.618,-0.804,-0.179,0.029,0.043,75.75,0.0,34.1,20,1,1
13:18:02.384,MALORE,1,153.34,-5.4,0.217,-5.6,7.558,-0.637,-0.094,0.087,-0.071,75.75,0.0,34.1,20,1,1
13:18:02.884,MALORE,1,175.69,-12.29,0.259,-5.576,7.63,-0.725,-0.135,0.062,0.041,75.75,0.0,34.1,20,1,1
13:18:03.384,MALORE,1,-176.0,-23.71,0.255,-5.555,7.614,-0.62,-0.128,0.066,-0.055,75.75,0.0,34.2,19,1,1
13:18:03.884,MALORE,1,175.27,-14.87,0.095,-5.322,7.317,-0.778,-0.153,0.042,-0.011,75.75,0.0,34.2,19,1,1
13:18:04.384,VIGILE,1,174.48,-11.43,0.272,-5.545,7.683,-0.836,-0.157,0.125,-0.034,75.75,0.0,34.2,19,1,1
13:18:04.884,VIGILE,1,177.14,-13.41,0.298,-4.848,8.473,-3.718,-0.013,0.398,0.122,75.75,0.0,34.2,19,1,1
13:18:05.384,VIGILE,1,177.04,-11.51,0.262,-4.223,7.362,-3.821,-0.364,-0.015,-0.123,75.75,0.0,34.2,19,1,1
13:18:05.884,VIGILE,1,176.71,-13.93,0.244,-4.834,7.685,-2.543,-0.16,0.337,-0.077,75.75,0.0,34.2,19,1,1
13:18:06.384,VIGILE,1,179.8,-13.85,0.26,-4.235,7.925,-3.551,-0.282,0.214,-0.088,75.75,0.0,34.2,19,1,1
13:18:06.884,VIGILE,1,175.88,-8.63,0.242,-4.719,8.229,-2.885,-0.204,0.055,-0.025,75.75,0.0,34.2,19,1,1
13:18:07.384,VIGILE,1,176.09,-11.92,0.246,-5.179,8.258,-0.979,-0.062,-0.022,0.018,75.75,0.0,34.2,19,1,1
13:18:07.884,VIGILE,1,173.23,-11.05,0.25,-4.635,5.559,-2.586,-0.043,0.138,-0.174,75.75,0.0,34.2,19,1,1
13:18:08.384,VIGILE,1,178.71,-14.71,0.252,-2.152,7.597,-0.883,-0.624,-0.553,0.821,75.75,0.0,34.3,19,1,1
13:18:08.885,VIGILE,1,174.93,-11.24,0.247,-4.377,9.862,-1.027,-0.214,0.6,0.045,75.75,0.0,34.3,19,1,1
13:18:09.385,VIGILE,1,176.15,-11.07,0.269,-5.09,7.894,-3.208,-0.107,0.261,-0.028,75.75,0.0,34.3,19,1,1
13:18:09.885,VIGILE,1,173.27,-9.09,0.219,-4.894,7.903,-2.543,-0.097,0.082,-0.111,75.75,0.0,34.3,19,1,1
13:18:10.385,VIGILE,1,174.59,-8.58,0.217,-5.437,8.25,-1.427,-0.132,-0.03,0.033,75.75,0.0,34.3,19,1,1
13:18:10.885,VIGILE,1,172.82,-5.9,0.217,-4.676,7.331,-1.372,-0.215,-0.143,-0.088,75.75,0.0,34.3,19,1,1
13:18:11.385,VIGILE,1,175.23,-6.09,0.25,-4.53,7.647,-1.015,-0.171,0.11,0.035,75.75,0.0,34.3,19,1,1
13:18:11.885,VIGILE,1,172.5,-2.29,0.272,-4.338,8.547,-1.961,-0.008,0.323,-0.202,75.75,0.0,34.3,19,1,1
13:18:12.385,VIGILE,1,173.13,-7.91,0.25,-5.2,7.585,-1.97,-0.131,0.105,0.014,75.75,0.0,34.3,19,1,1
13:18:12.885,VIGILE,1,175.04,-9.75,0.253,-5.325,7.748,-1.776,-0.229,-0.107,0.067,75.75,0.0,34.3,19,1,1
13:18:13.385,VIGILE,1,174.32,-3.33,0.23,-4.676,7.149,-1.379,-0.085,0.027,-0.171,75.75,0.0,34.3,19,1,1
13:18:13.885,VIGILE,0,0.0,0.0,0.0,-4.499,7.788,-0.608,-0.042,0.121,-0.116,75.75,0.0,34.3,19,1,1
13:18:14.385,VIGILE,1,-176.57,-7.44,0.258,-5.329,7.958,-1.47,-0.192,0.155,-0.038,75.75,0.0,34.3,19,1,1
13:18:14.885,VIGILE,0,0.0,0.0,0.0,-5.011,7.736,-1.963,-0.1,0.206,0.032,75.75,0.0,34.3,19,1,1
13:18:15.386,VIGILE,1,179.16,-6.64,0.24,-4.566,7.887,-2.488,-0.023,0.161,-0.081,75.75,0.0,34.3,19,1,1
13:18:15.886,VIGILE,1,174.92,-6.13,0.185,-4.774,8.574,-1.487,0.03,0.414,-0.241,75.75,0.0,34.3,19,1,1
13:18:16.386,VIGILE,1,177.72,-8.8,0.269,-4.741,7.47,-1.597,-0.055,0.006,-0.014,75.75,0.0,34.3,19,1,1
13:18:16.886,VIGILE,1,174.0,-8.52,0.257,-5.567,7.997,-0.599,-0.672,0.356,-0.114,75.75,0.0,34.3,19,1,1
13:18:17.386,VIGILE,1,173.68,-7.19,0.245,-4.843,7.357,-1.13,-0.107,0.195,-0.165,75.75,0.0,34.3,19,1,1
13:18:17.886,VIGILE,1,-179.63,4.32,0.267,-5.272,7.582,-0.577,-0.094,0.085,-0.24,75.75,0.0,34.3,19,1,1
13:18:18.386,VIGILE,1,173.41,-7.38,0.254,-5.21,6.749,0.036,-0.233,-0.042,-0.176,75.75,0.0,34.3,19,1,1
13:18:18.886,VIGILE,0,0.0,0.0,0.0,-5.636,6.9,-0.625,-0.022,-0.141,-0.074,75.75,0.0,34.3,19,1,1
13:18:19.386,VIGILE,0,0.0,0.0,0.0,-4.918,7.58,-0.757,-0.257,0.274,0.016,75.75,0.0,34.3,19,1,1
13:18:19.886,VIGILE,1,169.21,0.41,0.226,-5.224,7.429,-0.816,-0.345,-0.141,-0.113,75.75,0.0,34.3,19,1,1
13:18:20.386,VIGILE,0,0.0,0.0,0.0,-5.473,8.006,-1.575,-0.131,0.085,0.118,75.75,0.0,34.3,19,1,1
13:18:20.886,VIGILE,1,179.67,-8.95,0.286,-5.126,7.432,-1.642,-0.027,0.16,-0.112,75.75,0.0,34.4,18,1,1
13:18:21.386,VIGILE,1,178.26,1.22,0.24,-5.301,7.879,-1.312,-0.15,0.027,-0.019,75.75,0.0,34.4,18,1,1
13:18:21.886,VIGILE,1,176.16,-1.78,0.244,-5.052,7.494,-1.781,-0.252,0.139,-0.027,75.75,0.0,34.4,18,1,1
13:18:22.386,VIGILE,1,174.13,3.74,0.252,-4.939,7.403,-1.393,-0.338,-0.136,-0.115,75.75,0.0,34.4,18,1,1
13:18:22.887,VIGILE,1,175.64,8.57,0.273,-5.397,8.238,-2.574,-0.089,0.245,0.076,75.75,0.0,34.4,18,1,1
13:18:23.387,VIGILE,1,174.81,5.29,0.273,-5.303,8.43,-1.52,-0.043,0.114,-0.094,75.75,0.0,34.4,18,1,1
13:18:23.887,VIGILE,1,176.45,-2.25,0.25,-4.973,7.932,-1.207,-0.234,0.086,-0.338,75.75,0.0,34.4,18,1,1
13:18:24.387,VIGILE,1,173.89,-6.09,0.234,-5.148,7.489,-2.016,-0.1,-0.018,-0.038,75.75,0.0,34.4,18,1,1
13:18:24.887,VIGILE,1,176.98,-2.75,0.278,-4.903,7.003,-1.937,-0.404,-0.142,0.133,75.75,0.0,34.4,18,1,1
13:18:25.387,VIGILE,1,172.84,-3.18,0.269,-5.174,8.052,-1.504,0.065,0.303,-0.077,75.75,0.0,34.4,18,1,1
13:18:25.887,VIGILE,1,172.73,-6.73,0.227,-5.409,7.446,-1.228,-0.318,-0.018,0.009,75.75,0.0,34.4,18,1,1
13:18:26.387,VIGILE,1,174.96,0.19,0.277,-5.389,7.805,-0.972,-0.101,0.243,-0.156,75.75,0.0,34.4,18,1,1
13:18:26.887,VIGILE,1,173.84,-4.01,0.268,-5.533,7.199,-2.334,0.013,-0.439,0.248,75.75,0.0,34.4,18,1,1
13:18:27.387,VIGILE,1,173.03,-1.29,0.256,-5.42,7.762,-1.616,-0.019,0.146,-0.03,75.75,0.0,34.4,18,1,1
13:18:27.887,VIGILE,1,171.88,0.18,0.26,-5.167,7.851,-1.666,-0.225,0.153,-0.082,75.75,0.0,34.4,18,1,1
13:18:28.387,VIGILE,1,172.85,-7.49,0.255,-4.745,8.126,-1.76,-0.213,0.261,-0.062,75.75,0.0,34.4,18,1,1
13:18:28.887,VIGILE,1,172.99,2.09,0.285,-5.698,7.4,-1.089,-0.433,-0.557,0.135,75.75,0.0,34.4,18,1,1
13:18:29.387,VIGILE,1,174.85,7.28,0.271,-4.741,7.515,-1.544,-0.087,0.24,-0.265,75.75,0.0,34.4,18,1,1
13:18:29.887,VIGILE,1,175.18,5.76,0.273,-5.765,7.954,-0.644,-0.186,0.048,-0.077,75.75,0.0,34.4,18,1,1
13:18:30.387,VIGILE,1,173.56,9.58,0.28,-4.616,7.714,-1.832,-0.007,-0.049,0.192,75.75,0.0,34.4,18,1,1
13:18:30.887,VIGILE,1,175.13,5.14,0.282,-4.803,8.339,-1.19,0.05,0.116,-0.009,75.75,0.0,34.4,18,1,1
13:18:31.388,VIGILE,1,175.21,6.14,0.281,-5.526,8.753,-0.314,-0.703,0.401,-0.342,75.75,0.0,34.4,18,1,1
13:18:31.888,VIGILE,1,176.26,13.78,0.281,-4.573,9.582,-0.474,-0.635,-0.274,-0.063,75.75,0.0,34.4,18,1,1
13:18:32.388,VIGILE,1,178.49,-2.75,0.278,-4.348,7.659,0.4,-0.221,0.036,-0.028,75.75,0.0,34.4,18,1,1
13:18:32.888,VIGILE,1,176.13,-8.41,0.269,-4.415,8.095,-0.342,-0.182,0.203,-0.122,75.75,0.0,34.4,18,1,1
13:18:33.388,VIGILE,1,175.74,-7.34,0.251,-3.491,8.724,-0.103,0.074,-0.034,0.104,75.75,0.0,34.5,18,1,1
13:18:33.888,VIGILE,1,175.3,-7.94,0.272,-4.319,8.552,-1.702,0.017,-0.009,0.071,75.75,0.0,34.5,18,1,1
13:18:34.388,VIGILE,1,179.07,-11.01,0.265,-5.176,7.132,-0.967,0.247,0.169,-0.294,75.75,0.0,34.5,18,1,1
13:18:34.888,VIGILE,1,178.34,9.35,0.268,-4.427,8.339,-1.638,0.545,0.159,0.072,75.75,0.0,34.5,18,1,1
13:18:35.388,VIGILE,1,175.02,-4.13,0.268,-5.672,8.686,0.086,-0.306,-0.128,0.228,75.75,0.0,34.5,18,1,1
13:18:35.888,VIGILE,1,174.73,-11.48,0.277,-4.992,6.584,-1.542,0.013,-0.324,0.412,75.75,0.0,34.5,18,1,1
13:18:36.388,VIGILE,1,177.45,-8.02,0.259,-4.693,9.249,0.304,-0.431,-0.011,-0.018,75.75,0.0,34.5,18,1,1
13:18:36.888,VIGILE,1,176.04,-10.86,0.231,-4.915,7.654,-0.922,-0.245,0.058,0.196,75.75,0.0,34.5,18,1,1
13:18:37.388,VIGILE,1,178.89,-11.9,0.254,-3.694,7.029,2.478,-2.09,0.002,-0.74,75.75,0.0,34.5,18,1,1
13:18:37.888,VIGILE,1,177.45,-9.34,0.256,-5.598,8.253,-0.388,-0.848,0.008,0.051,75.75,0.0,34.5,18,1,1
13:18:38.388,VIGILE,1,175.23,2.68,0.254,-5.049,8.071,-0.105,-0.468,-0.141,0.329,75.75,0.0,34.4,18,1,1
13:18:38.888,VIGILE,1,173.53,-2.86,0.269,-6.625,7.793,-1.132,-0.068,0.143,-0.269,75.75,0.0,34.4,18,1,1
13:18:39.389,VIGILE,1,177.56,9.11,0.272,-5.284,7.391,-0.555,-0.045,-0.206,0.093,75.75,0.0,34.4,18,1,1
13:18:39.889,VIGILE,1,176.77,16.48,0.267,-5.183,7.611,-0.876,-0.058,-0.019,0.013,75.75,0.0,34.4,18,1,1
13:18:40.389,DISTRAZIONE,1,178.54,-44.04,0.309,-5.538,8.021,-0.735,-0.164,-0.02,-0.184,75.75,0.0,34.4,18,1,1
13:18:40.889,DISTRAZIONE,1,178.08,-42.78,0.331,-5.255,8.138,-1.089,-0.054,0.265,-0.086,75.75,0.0,34.4,17,1,1
13:18:41.389,DISTRAZIONE,1,179.12,-41.1,0.358,-4.951,8.157,-0.766,-0.127,0.07,-0.036,75.75,0.0,34.4,17,1,1
13:18:41.889,DISTRAZIONE,1,178.03,-37.76,0.383,-5.59,7.537,-1.044,-0.199,0.048,0.044,75.75,0.0,34.4,17,1,1
13:18:42.389,DISTRAZIONE,1,178.15,-27.69,0.191,-5.365,8.751,-0.51,-0.101,0.178,-0.077,75.75,0.0,34.4,17,1,1
13:18:42.889,DISTRAZIONE,1,-151.73,26.14,0.164,-4.164,6.325,-0.445,-0.231,-0.08,0.043,75.75,0.0,34.4,17,1,1
13:18:43.389,DISTRAZIONE,1,-158.0,31.96,0.304,-5.416,7.977,-1.372,-0.089,0.149,-0.097,75.75,0.0,34.4,17,1,1
13:18:43.889,DISTRAZIONE,1,-168.11,34.41,0.318,-5.248,7.195,-1.305,-0.218,0.095,0.077,75.75,0.0,34.4,17,1,1
13:18:44.389,DISTRAZIONE,1,-142.22,34.92,0.128,-4.942,8.418,-2.042,-0.117,0.16,0.102,75.75,0.0,34.4,17,1,1
13:18:44.889,DISTRAZIONE,1,-142.65,35.04,0.128,-4.87,8.028,-0.864,-0.1,0.06,0.186,75.75,0.0,34.4,17,1,1
13:18:45.389,DISTRAZIONE,1,-160.17,38.38,0.315,-5.576,8.08,-0.024,0.108,0.391,-0.032,75.75,0.0,34.4,17,1,1
13:18:45.889,DISTRAZIONE,1,-168.82,36.38,0.293,-6.574,7.568,-0.627,-0.195,-0.262,0.077,75.75,0.0,34.4,17,1,1
13:18:46.389,DISTRAZIONE,1,-147.0,42.07,0.151,-5.48,7.302,-0.247,-0.256,-0.264,-0.03,75.75,0.0,34.4,17,1,1
13:18:46.889,DISTRAZIONE,1,-170.9,24.27,0.313,-5.188,8.37,-1.041,-0.196,0.095,0.088,75.75,0.0,34.4,17,1,1
13:18:47.389,DISTRAZIONE,1,-138.37,29.66,0.132,-5.124,7.563,-1.532,-0.114,0.087,-0.022,75.75,0.0,34.4,17,1,1
13:18:47.890,DISTRAZIONE,1,-151.81,28.7,0.184,-5.612,7.755,-1.504,-0.183,0.034,-0.119,75.75,0.0,34.4,17,1,1
13:18:48.390,DISTRAZIONE,1,-161.86,36.51,0.329,-5.188,7.8,-0.436,-0.297,-0.253,0.005,75.75,0.0,34.3,17,1,1
13:18:48.890,DISTRAZIONE,1,-159.48,40.1,0.277,-5.691,7.484,-0.5,-0.259,-0.076,0.102,75.75,0.0,34.3,17,1,1
13:18:49.390,DISTRAZIONE,1,-150.26,35.69,0.14,-5.095,6.922,-2.473,0.049,0.331,-0.151,75.75,0.0,34.3,17,1,1
13:18:49.890,DISTRAZIONE,1,-151.93,15.07,0.204,-5.59,8.538,-1.336,0.134,0.635,-0.079,75.75,0.0,34.3,17,1,1
13:18:50.390,DISTRAZIONE,1,-170.99,28.74,0.321,-6.043,7.379,-0.838,-0.059,0.124,-0.095,75.75,0.0,34.3,17,1,1
13:18:50.890,DISTRAZIONE,1,-144.67,33.48,0.142,-5.887,7.125,-1.338,-0.266,0.191,0.014,75.75,0.0,34.3,17,1,1
13:18:51.390,DISTRAZIONE,1,-145.01,31.39,0.155,-5.681,7.312,-0.771,-0.051,0.198,-0.07,75.75,0.0,34.3,17,1,1
13:18:51.890,DISTRAZIONE,1,-163.88,37.28,0.324,-6.297,7.3,-0.663,0.006,0.227,-0.076,75.75,0.0,34.3,17,1,1
13:18:52.390,DISTRAZIONE,1,-144.21,-4.27,0.202,-4.741,8.119,-1.295,-0.151,0.013,0.111,75.75,0.0,34.3,17,1,1
13:18:52.890,DISTRAZIONE,1,169.37,2.98,0.25,-5.916,7.53,-1.781,0.057,0.127,-0.131,75.75,0.0,34.3,17,1,1
13:18:53.390,DISTRAZIONE,1,172.84,-8.5,0.158,-6.699,9.333,-0.891,-0.177,0.187,0.403,75.75,0.0,34.3,17,1,1
13:18:53.890,DISTRAZIONE,1,173.72,-8.39,0.261,-5.612,7.47,-1.372,-0.095,0.007,-0.153,75.75,0.0,34.3,17,1,1
13:18:54.390,VIGILE,1,175.89,-10.6,0.228,-5.337,7.032,-1.125,-0.167,-0.119,0.079,75.75,0.0,34.3,17,1,1
13:18:54.890,VIGILE,1,177.76,-8.2,0.225,-5.265,7.69,-1.686,-0.197,0.114,0.044,75.75,0.0,34.3,17,1,1
13:18:55.390,VIGILE,1,171.74,-4.0,0.258,-5.042,8.191,-0.646,-0.123,0.114,-0.049,75.75,0.0,34.3,17,1,1
13:18:55.890,VIGILE,1,174.28,3.2,0.254,-5.528,7.76,-0.986,-0.332,0.196,-0.058,75.75,0.0,34.3,17,1,1
13:18:56.391,VIGILE,1,173.72,3.68,0.256,-5.478,7.97,-1.027,-0.086,0.184,-0.046,75.75,0.0,34.3,17,1,1
13:18:56.891,VIGILE,1,175.45,7.72,0.267,-5.435,8.459,-0.613,0.006,0.358,-0.015,75.75,0.0,34.3,17,1,1
13:18:57.391,VIGILE,1,171.19,8.83,0.284,-5.306,8.61,0.69,0.042,0.354,-0.016,75.75,0.0,34.3,17,1,1
13:18:57.891,VIGILE,1,173.23,0.95,0.281,-5.782,7.551,0.596,0.292,0.312,-0.351,75.75,0.0,34.3,17,1,1
13:18:58.391,VIGILE,1,171.81,-0.8,0.289,-5.164,7.946,2.088,-0.407,0.037,0.2,75.75,0.0,34.2,17,1,1
13:18:58.891,VIGILE,1,177.93,-7.36,0.261,-5.136,7.693,-0.014,-0.122,-0.082,0.02,75.75,0.0,34.2,17,1,1
13:18:59.391,VIGILE,1,171.27,-7.38,0.203,-4.29,8.533,0.256,-0.039,-0.097,-0.022,75.75,0.0,34.2,17,1,1
13:18:59.891,VIGILE,1,172.05,-13.87,0.257,-4.776,8.152,0.23,-0.003,0.048,0.031,75.75,0.0,34.2,17,1,1
13:19:00.391,VIGILE,1,165.87,-9.76,0.264,-5.035,8.241,1.523,-0.039,0.019,-0.007,75.75,0.0,34.2,17,1,1
13:19:00.891,VIGILE,1,169.97,-38.36,0.33,-5.614,7.69,2.088,-0.066,-0.041,0.141,75.75,0.0,34.2,16,1,1
13:19:01.391,VIGILE,1,168.59,-42.66,0.383,-4.688,8.025,0.05,0.006,0.026,0.007,75.75,0.0,34.2,16,1,1
13:19:01.891,VIGILE,1,171.97,-27.05,0.262,-4.906,7.803,-0.378,-0.131,-0.025,-0.028,75.75,0.0,34.2,16,1,1
13:19:02.391,VIGILE,1,177.51,-10.56,0.227,-4.901,8.789,-0.67,0.039,0.023,-0.112,75.75,0.0,34.2,16,1,1
13:19:02.891,VIGILE,1,177.36,-1.99,0.266,-3.84,8.514,-1.171,0.222,-0.102,0.136,75.75,0.0,34.2,16,1,1
13:19:03.391,VIGILE,1,176.04,-8.96,0.272,-4.372,9.0,-1.106,-0.079,-0.034,-0.011,75.75,0.0,34.2,16,1,1
13:19:03.891,VIGILE,1,177.28,-12.3,0.271,-5.284,8.09,-1.317,-0.038,-0.064,-0.01,75.75,0.0,34.2,16,1,1
13:19:04.391,VIGILE,1,174.16,-26.28,0.277,-5.179,6.888,-1.731,-0.216,0.004,0.03,75.75,0.0,34.2,16,1,1
13:19:04.892,VIGILE,1,174.06,-31.53,0.18,-5.813,7.163,-2.308,-0.212,0.132,-0.1,75.75,0.0,34.2,16,1,1
13:19:05.392,VIGILE,1,175.28,-34.83,0.232,-7.02,6.285,-2.263,-0.246,0.295,0.036,75.75,0.0,34.2,16,1,1
13:19:05.892,VIGILE,1,176.18,-32.41,0.263,-6.519,5.753,-2.205,-0.427,0.144,-0.066,75.75,0.0,34.1,16,1,1
13:19:06.392,VIGILE,1,175.98,-30.14,0.266,-6.529,6.735,-2.229,-0.335,0.161,0.193,75.75,0.0,34.1,16,1,1
13:19:06.892,VIGILE,1,176.51,-24.11,0.274,-7.245,6.179,-2.349,-0.269,0.246,0.019,75.75,0.0,34.1,16,1,1
13:19:07.392,VIGILE,1,175.95,10.77,0.272,-5.114,6.974,-3.136,-0.318,0.299,-0.264,75.75,0.0,34.1,16,1,1
13:19:07.892,VIGILE,1,174.92,22.68,0.277,-4.468,8.408,-3.084,-0.284,-0.061,0.078,75.75,0.0,34.1,16,1,1
13:19:08.392,VIGILE,1,176.0,21.71,0.277,-3.208,8.736,-4.147,0.012,0.09,0.103,75.75,0.0,34.1,16,1,1
13:19:08.892,VIGILE,1,171.01,18.1,0.298,-3.455,8.464,0.192,0.361,-0.381,0.39,75.75,0.0,34.1,16,1,1
13:19:09.392,NERVOSO,1,174.8,11.23,0.277,-4.19,8.622,-4.563,1.06,-0.406,0.986,75.75,0.0,34.1,16,1,1
13:19:09.892,NERVOSO,1,166.04,1.44,0.276,-3.565,8.32,-0.603,0.053,-0.072,0.248,75.75,0.0,34.1,16,1,1
13:19:10.392,NERVOSO,1,172.38,-6.42,0.288,-5.866,7.611,-0.555,-0.134,-0.153,-0.143,75.75,0.0,34.1,16,1,1
13:19:10.892,NERVOSO,1,169.21,-2.96,0.256,-5.363,7.489,-0.077,-0.109,-0.213,0.065,75.75,0.0,34.1,16,1,1
13:19:11.392,NERVOSO,1,172.78,-4.4,0.29,-4.779,8.346,-1.267,0.017,0.237,0.021,75.75,0.0,34.1,16,1,1
13:19:11.892,NERVOSO,1,170.63,12.6,0.267,-5.851,7.537,1.508,-0.618,-0.278,0.128,75.75,0.0,34.1,16,1,1
13:19:12.392,NERVOSO,1,174.41,22.94,0.281,-6.194,7.309,2.322,-0.136,0.05,-0.133,75.75,0.0,34.1,16,1,1
13:19:12.893,NERVOSO,1,176.35,28.79,0.293,-3.958,8.677,-1.978,-0.537,0.039,0.13,75.75,0.0,34.1,16,1,1
13:19:13.393,NERVOSO,1,179.43,27.11,0.302,-5.689,9.278,-0.237,-0.127,-0.217,-0.108,75.75,0.0,34.1,16,1,1
13:19:13.893,NERVOSO,1,177.01,22.91,0.292,-6.208,7.688,1.168,-1.422,-0.238,-0.558,75.75,0.0,34.1,16,1,1
13:19:14.393,NERVOSO,1,170.07,16.94,0.226,-3.364,9.1,1.154,0.03,-0.176,0.09,75.75,0.0,34.1,16,1,1
13:19:14.893,NERVOSO,1,174.16,17.28,0.237,-5.009,8.78,-2.423,-0.212,-0.694,-0.072,75.75,0.0,34.1,16,1,1
13:19:15.393,NERVOSO,1,178.44,4.2,0.255,-4.961,6.706,-1.027,-0.643,-0.221,-0.069,75.75,0.0,34.1,16,1,1
13:19:15.893,NERVOSO,1,175.48,-1.32,0.253,-3.967,8.574,-1.654,-0.013,-0.54,0.822,75.75,0.0,34.1,16,1,1
13:19:16.393,NERVOSO,1,175.18,9.82,0.256,-5.792,7.582,-1.707,-0.541,-0.096,0.391,75.75,0.0,34.1,16,1,1
13:19:16.893,NERVOSO,1,172.71,-1.53,0.237,-5.358,7.673,-2.373,-0.038,0.152,-0.156,75.75,0.0,34.1,16,1,1
13:19:17.393,NERVOSO,1,172.89,2.95,0.254,-5.167,7.774,-0.905,-0.185,-0.004,0.083,75.75,0.0,34.1,16,1,1
13:19:17.893,NERVOSO,1,173.39,2.13,0.233,-5.325,7.894,-0.294,-0.059,0.055,-0.015,75.75,0.0,34.1,16,1,1
13:19:18.393,NERVOSO,1,175.79,2.15,0.253,-5.148,7.468,-0.563,-0.157,0.079,-0.178,75.75,0.0,34.0,16,1,1
13:19:18.893,NERVOSO,1,171.02,6.32,0.257,-4.274,9.009,-2.243,1.023,-0.027,0.499,75.75,0.0,34.0,16,1,1
13:19:19.393,NERVOSO,1,174.79,15.96,0.253,-6.005,7.008,0.18,-0.161,0.168,-0.083,75.75,0.0,34.0,16,1,1
13:19:19.893,NERVOSO,1,-179.91,19.1,0.259,-6.038,7.36,-1.3,-0.093,-0.083,-0.025,75.75,0.0,34.0,16,1,1
13:19:20.393,NERVOSO,1,175.41,27.57,0.253,-6.045,5.993,0.515,-0.454,0.244,-0.119,75.75,0.0,34.0,16,1,1
13:19:20.893,NERVOSO,1,177.74,31.21,0.347,-6.254,7.563,0.524,-0.167,0.276,0.05,75.75,0.0,34.0,16,1,1
13:19:21.393,NERVOSO,1,-167.57,78.48,0.658,-2.485,8.928,0.778,0.167,0.28,-0.258,75.75,0.0,34.0,16,1,1
13:19:21.893,NERVOSO,1,175.85,38.5,0.523,-2.873,9.704,0.618,0.257,-0.113,0.277,75.75,0.0,34.0,16,1,1
13:19:22.394,NERVOSO,1,175.67,35.27,0.428,-2.667,10.338,1.709,-0.039,-0.624,0.152,75.75,0.0,34.0,16,1,1
13:19:22.894,NERVOSO,1,-177.04,33.18,0.383,-0.093,11.284,-0.369,0.587,-0.371,0.339,75.75,0.0,34.0,16,1,1
13:19:23.394,NERVOSO,1,-178.53,29.07,0.385,1.293,9.783,-1.736,0.703,0.213,0.068,75.75,0.0,34.0,16,1,1
13:19:23.894,NERVOSO,1,-179.79,24.45,0.292,1.678,11.169,-3.467,0.498,0.289,-0.211,75.75,0.0,34.0,16,1,1
13:19:24.394,NERVOSO,1,179.84,17.13,0.283,0.002,10.669,-3.443,0.215,0.035,0.091,75.75,0.0,34.0,16,1,1
13:19:24.894,NERVOSO,1,-179.47,10.98,0.261,-1.18,10.027,-4.326,0.042,-0.141,-0.085,75.75,0.0,34.0,16,1,1
13:19:25.394,NERVOSO,1,176.1,-3.89,0.258,-3.428,8.964,-4.762,0.312,0.401,-0.343,75.75,0.0,34.0,16,1,1
13:19:25.894,NERVOSO,1,175.0,-12.63,0.249,-4.408,7.436,-2.155,0.166,0.252,0.299,75.75,0.0,34.0,16,1,1
13:19:26.394,NERVOSO,1,174.25,-13.83,0.246,-4.752,7.207,-4.707,-0.722,0.351,-0.201,75.75,0.0,34.0,16,1,1
13:19:26.896,NERVOSO,1,171.5,-14.24,0.27,-3.527,9.136,-2.272,-1.134,0.277,-0.938,75.75,0.0,34.0,16,1,1
13:19:27.396,NERVOSO,1,175.38,-6.65,0.246,-5.789,4.647,-3.469,-0.427,-0.156,-0.017,75.75,0.0,34.0,16,1,1
13:19:27.896,NERVOSO,1,173.19,2.05,0.26,-5.816,6.153,-3.476,-0.42,-0.158,0.048,75.75,0.0,34.0,16,1,1
13:19:28.398,NERVOSO,1,176.66,8.9,0.272,-0.852,10.736,-2.239,0.475,-0.364,0.644,75.75,0.0,34.0,16,1,1
13:19:28.898,NERVOSO,1,173.37,-0.38,0.252,-5.397,8.66,0.268,-1.038,-0.161,-0.128,75.75,0.0,34.0,16,1,1
13:19:29.398,NERVOSO,1,175.01,-13.49,0.261,-3.658,9.831,-1.312,0.165,0.243,-0.134,75.75,0.0,34.0,16,1,1
13:19:29.898,NERVOSO,1,174.82,-10.13,0.217,-4.444,7.46,-1.499,-0.035,0.16,-0.027,75.75,0.0,34.0,16,1,1
13:19:30.398,NERVOSO,1,175.63,-12.12,0.115,-5.16,7.465,-2.799,-0.139,0.392,-0.29,75.75,0.0,34.0,16,1,1
13:19:30.898,NERVOSO,1,176.6,-11.37,0.236,-5.428,7.939,-0.874,0.042,0.014,0.207,75.75,0.0,34.0,16,1,1
13:19:31.399,NERVOSO,1,178.23,-12.12,0.237,-7.317,8.643,-0.704,-0.831,0.754,-0.282,75.75,0.0,34.0,16,1,1
13:19:31.899,NERVOSO,1,178.97,-10.36,0.256,-4.817,8.04,-5.109,2.131,0.523,0.602,75.75,0.0,34.0,16,1,1
13:19:32.399,NERVOSO,1,175.06,-6.76,0.251,-3.488,7.14,-1.92,-0.379,-0.09,0.028,75.75,0.0,34.0,16,1,1
13:19:32.899,NERVOSO,1,176.81,-1.84,0.257,-4.946,7.357,0.098,-0.176,0.064,0.054,75.75,0.0,34.0,16,1,1
13:19:33.399,NERVOSO,1,171.05,-5.24,0.27,-7.987,6.867,3.397,-0.225,-0.224,0.314,75.75,0.0,33.9,16,1,1
13:19:33.899,NERVOSO,1,171.36,-5.23,0.278,-6.024,11.329,10.709,-1.406,0.034,-0.454,75.75,0.0,33.9,16,1,1
13:19:34.400,NERVOSO,1,175.58,-4.93,0.157,-5.203,7.429,-1.954,0.01,-0.098,-0.029,75.75,0.0,33.9,16,1,1
13:19:34.900,NERVOSO,1,174.19,-8.69,0.196,-6.61,9.297,-1.12,-0.228,0.38,0.576,75.75,0.0,33.9,16,1,1
13:19:35.400,NERVOSO,1,172.58,-5.04,0.251,-4.544,5.437,-2.964,-0.407,0.367,-0.36,75.75,0.0,33.9,16,1,1
13:19:35.900,NERVOSO,1,166.89,-1.98,0.074,-3.97,7.123,-4.022,-0.035,0.108,-0.207,75.75,0.0,33.9,16,1,1
13:19:36.400,NERVOSO,1,170.36,-2.03,0.242,-4.915,10.534,2.725,1.558,0.383,1.652,75.75,0.0,33.9,16,1,1
13:19:36.901,NERVOSO,1,172.5,-5.06,0.118,-4.381,10.973,-0.733,-0.142,0.372,0.116,75.75,0.0,33.9,16,1,1
13:19:37.401,NERVOSO,1,175.67,-20.66,0.278,-4.082,5.734,-1.41,-0.122,0.254,-0.015,75.75,0.0,33.9,16,1,1
13:19:37.901,NERVOSO,1,176.02,-16.14,0.276,-6.677,6.627,-4.645,-0.066,-0.135,-0.18,75.75,0.0,33.9,16,1,1
13:19:38.401,NERVOSO,1,175.09,0.33,0.258,-5.437,8.159,-2.365,-0.31,0.029,0.337,75.75,0.0,33.8,16,1,1
13:19:38.901,NERVOSO,1,174.32,11.38,0.271,-5.564,8.492,1.867,-0.375,0.009,-0.06,75.75,0.0,33.8,16,1,1
13:19:39.401,NERVOSO,1,175.02,11.95,0.275,-4.932,8.48,2.392,0.168,-0.042,0.037,75.75,0.0,33.8,16,1,1
13:19:39.901,NERVOSO,1,175.09,-4.38,0.276,-4.228,8.727,-1.041,-0.134,0.09,0.223,75.75,0.0,33.8,16,1,1
13:19:40.401,NERVOSO,1,175.74,-12.44,0.282,-6.146,6.625,-0.57,0.045,0.077,-0.086,75.75,0.0,33.8,16,1,1
13:19:40.902,NERVOSO,1,174.95,-7.3,0.264,-6.862,7.585,1.075,-0.041,-0.443,-0.092,75.75,0.0,33.7,15,1,1
13:19:41.402,NERVOSO,1,171.38,-2.05,0.259,-4.568,7.573,-0.199,-0.263,0.181,0.188,75.75,0.0,33.7,15,1,1
13:19:41.902,NERVOSO,1,174.75,10.01,0.299,-4.772,9.12,-0.771,-0.269,0.132,0.026,75.75,0.0,33.7,15,1,1
13:19:42.402,NERVOSO,1,170.52,1.65,0.268,-5.001,7.74,-0.764,-0.258,0.178,-0.11,75.75,0.0,33.7,15,1,1
13:19:42.902,NERVOSO,1,170.29,3.31,0.27,-5.983,7.961,0.28,-0.272,0.035,-0.012,75.75,0.0,33.7,15,1,1
13:19:43.402,NERVOSO,1,174.72,2.64,0.281,-4.537,7.925,-1.202,0.057,0.099,0.101,75.75,0.0,33.6,15,1,1
13:19:43.902,NERVOSO,1,173.82,0.48,0.284,-4.848,9.407,0.658,-0.823,-0.711,0.832,75.75,0.0,33.6,15,1,1
13:19:44.402,NERVOSO,1,171.14,-0.99,0.266,-5.804,7.745,1.233,-0.105,0.098,-0.014,75.75,0.0,33.6,15,1,1
13:19:44.902,NERVOSO,1,170.03,-3.69,0.27,-7.022,7.556,1.027,-0.276,-0.183,0.195,75.75,0.0,33.6,15,1,1
13:19:45.402,NERVOSO,1,175.81,11.98,0.268,-5.076,8.677,-4.307,-0.124,0.34,0.029,75.75,0.0,33.6,15,1,1
13:19:45.902,NERVOSO,1,-179.47,14.24,0.292,-4.257,7.379,-3.462,-0.224,-0.381,0.165,75.75,0.0,33.6,15,1,1
13:19:46.402,NERVOSO,1,177.5,7.88,0.261,-3.819,6.493,-4.415,0.001,0.228,-0.36,75.75,0.0,33.6,15,1,1
13:19:46.903,NERVOSO,1,177.38,-9.25,0.265,-3.096,8.116,-4.721,-0.059,0.331,-0.292,75.75,0.0,33.6,15,1,1
13:19:47.403,NERVOSO,1,179.52,-35.4,0.284,-3.457,7.628,-5.595,-0.115,0.159,-0.069,75.75,0.0,33.6,15,1,1
13:19:47.903,NERVOSO,1,177.07,-31.39,0.277,-4.101,8.701,-4.209,1.447,1.034,0.595,75.75,0.0,33.6,15,1,1
13:19:48.403,NERVOSO,1,179.03,-14.27,0.277,-5.303,7.496,-3.673,-0.139,0.188,0.022,75.75,0.0,33.5,15,1,1
13:19:48.903,NERVOSO,1,173.1,-12.75,0.277,-4.906,7.25,-4.257,0.137,-0.059,-0.044,75.75,0.0,33.5,15,1,1
13:19:49.403,NERVOSO,1,178.15,-19.93,0.27,-5.837,9.656,-3.977,-0.869,0.147,0.159,75.75,0.0,33.5,15,1,1
13:19:49.903,NERVOSO,1,177.55,-24.26,0.273,-5.25,6.912,-3.359,-0.755,0.901,-0.331,75.75,0.0,33.5,15,1,1
13:19:50.403,NERVOSO,1,178.61,-13.73,0.261,-5.358,7.927,-4.159,-0.245,0.485,-0.019,75.75,0.0,33.5,15,1,1
13:19:50.903,NERVOSO,1,176.38,-8.45,0.261,-4.367,8.04,-3.428,-0.347,0.184,-0.147,75.75,0.0,33.4,15,1,1
13:19:51.403,NERVOSO,1,175.21,1.15,0.257,-3.838,7.532,-4.499,-0.142,0.399,-0.247,75.75,0.0,33.4,15,1,1
13:19:51.903,NERVOSO,1,175.44,-10.28,0.236,-7.389,7.144,-1.848,-0.673,0.443,-0.318,75.75,0.0,33.4,15,1,1
13:19:52.403,NERVOSO,1,179.49,-5.42,0.224,-3.045,8.179,-4.345,1.392,-0.721,1.561,75.75,0.0,33.4,15,1,1
13:19:52.903,NERVOSO,1,168.64,-2.24,0.223,-5.598,7.326,-0.888,-0.374,0.245,-0.348,75.75,0.0,33.4,15,1,1
13:19:53.404,NERVOSO,1,172.09,-1.37,0.262,-4.618,7.082,0.984,-0.246,0.11,-0.013,75.75,0.0,33.4,15,1,1
13:19:53.904,NERVOSO,1,166.54,0.15,0.274,-7.221,6.993,2.509,-0.175,-0.607,0.315,75.75,0.0,33.4,15,1,1
13:19:54.404,NERVOSO,1,171.12,8.09,0.271,-3.168,6.426,0.852,-0.103,0.116,-0.152,75.75,0.0,33.4,15,1,1
13:19:54.904,NERVOSO,1,174.85,12.3,0.265,-7.767,7.697,3.661,-0.211,0.295,0.109,75.75,0.0,33.4,15,1,1
13:19:55.404,NERVOSO,1,168.58,14.55,0.261,-6.764,6.943,1.666,-0.261,-0.197,-0.066,75.75,0.0,33.4,15,1,1
13:19:55.904,NERVOSO,1,171.34,22.86,0.262,-5.547,7.463,-0.335,-0.092,0.381,-0.086,75.75,0.0,33.3,16,1,1
13:19:56.404,NERVOSO,1,176.2,27.0,0.321,-4.697,9.0,2.476,-0.007,-0.087,0.282,75.75,0.0,33.3,16,1,1
13:19:56.904,NERVOSO,1,175.14,30.5,0.408,-3.287,8.593,2.768,0.307,0.351,0.114,75.75,0.0,33.3,16,1,1
13:19:57.404,NERVOSO,1,177.95,33.68,0.406,-1.458,11.224,0.488,0.177,-0.113,0.104,75.75,0.0,33.3,16,1,1
13:19:57.905,NERVOSO,1,179.74,31.02,0.357,-1.154,10.716,0.608,0.083,-0.211,-0.034,75.75,0.0,33.3,16,1,1
13:19:58.405,NERVOSO,1,-178.6,29.14,0.359,-1.729,10.683,0.352,0.464,-0.033,-0.067,75.75,0.0,33.3,16,1,1
13:19:58.905,NERVOSO,1,179.66,27.97,0.36,0.206,10.391,-1.872,0.164,-0.585,0.039,75.75,0.0,33.3,16,1,1
13:19:59.405,NERVOSO,1,179.51,24.62,0.284,1.652,12.002,-0.661,-0.016,-0.361,0.352,75.75,0.0,33.3,16,1,1
13:19:59.905,NERVOSO,1,-180.0,1.83,0.279,-2.164,10.288,-0.424,0.091,-0.228,0.053,75.75,0.0,33.3,16,1,1
13:20:00.406,NERVOSO,0,0.0,0.0,0.0,-7.621,5.449,-2.409,0.03,0.044,-0.253,75.75,0.0,33.3,16,1,1
13:20:00.906,NERVOSO,1,169.99,-36.48,0.379,-10.01,4.389,-1.659,-0.222,0.294,-0.173,75.75,0.0,33.2,16,1,1
13:20:01.406,NERVOSO,1,171.68,-38.64,0.322,-9.843,4.487,-2.614,-0.513,0.306,-0.196,75.75,0.0,33.2,16,1,1
13:20:01.906,NERVOSO,1,177.69,-37.87,0.333,-8.025,3.742,-3.788,-0.307,0.545,-0.069,75.75,0.0,33.2,16,1,1
13:20:02.406,NERVOSO,1,174.29,-55.28,0.303,-8.078,3.474,-5.713,-0.371,0.787,-0.542,75.75,0.0,33.2,16,1,1
13:20:02.906,NERVOSO,1,179.3,-31.15,0.267,-7.515,4.353,-5.011,-0.431,0.137,-0.107,75.75,0.0,33.2,16,1,1
13:20:03.406,NERVOSO,1,-178.99,-21.1,0.263,-7.209,6.225,-4.475,-0.477,0.291,-0.01,75.75,0.0,33.1,16,1,1
13:20:03.906,NERVOSO,1,179.06,-15.32,0.286,-4.966,8.305,-3.91,0.019,0.317,-0.123,75.75,0.0,33.1,16,1,1
13:20:04.406,NERVOSO,1,177.38,-23.5,0.279,-4.056,8.708,-2.784,-0.475,0.214,-0.189,75.75,0.0,33.1,16,1,1
13:20:04.906,NERVOSO,1,176.08,-21.72,0.277,-5.717,7.683,-3.091,-0.143,-0.407,0.252,75.75,0.0,33.1,16,1,1
13:20:05.406,NERVOSO,1,175.46,-22.43,0.299,-6.136,7.616,-4.98,0.196,1.047,-0.444,75.75,0.0,33.1,16,1,1
13:20:05.906,NERVOSO,1,177.69,-20.05,0.294,-6.038,4.731,-4.29,-0.09,-0.392,0.137,75.75,0.0,33.1,16,1,1
13:20:06.406,NERVOSO,1,175.7,-15.99,0.292,-3.675,9.278,-3.68,-0.3,0.14,0.129,75.75,0.0,33.1,16,1,1
13:20:06.907,NERVOSO,1,176.91,-18.04,0.301,-8.037,4.137,-6.613,0.185,0.387,-0.492,75.75,0.0,33.1,16,1,1
13:20:07.407,NERVOSO,1,178.84,18.23,0.287,-5.205,6.795,-4.037,-0.479,0.084,-0.025,75.75,1063.23,33.1,16,1,1
13:20:07.907,NERVOSO,1,175.88,-4.87,0.286,-2.437,8.406,-3.304,0.05,0.122,-0.046,75.75,173.59,33.1,16,1,1
13:20:08.407,NERVOSO,1,177.86,-17.89,0.263,-3.876,7.369,-4.149,-0.182,0.218,-0.062,75.75,1452.5,33.0,16,1,1
13:20:08.907,NERVOSO,1,176.84,-15.82,0.265,-4.748,6.979,-3.687,0.254,0.382,0.367,75.75,0.0,33.0,16,1,1
13:20:09.407,NERVOSO,1,176.79,-18.11,0.27,-3.342,5.349,-4.353,-0.307,0.056,-0.051,75.75,0.0,33.0,16,1,1
13:20:09.907,NERVOSO,1,176.53,-20.58,0.266,-7.008,6.378,-3.804,-0.217,0.28,-0.27,75.75,0.0,33.0,16,1,1
13:20:10.407,NERVOSO,1,177.12,-3.8,0.254,-7.221,5.368,-5.32,0.156,0.117,-0.06,75.75,0.0,33.0,16,1,1
13:20:10.907,NERVOSO,1,176.68,-1.57,0.265,-2.306,8.909,-3.278,0.129,0.213,0.308,75.75,0.0,33.0,16,1,1
13:20:11.407,NERVOSO,1,174.73,-9.29,0.27,-3.804,7.35,-3.642,0.354,-0.391,0.269,75.75,0.0,33.0,16,1,1
13:20:11.907,NERVOSO,1,171.17,1.38,0.127,-5.753,7.951,-1.262,-0.082,-0.064,0.124,75.75,0.0,33.0,16,1,1
13:20:12.407,NERVOSO,1,171.1,-3.69,0.269,-6.321,7.432,2.186,-0.349,0.33,-0.319,75.75,0.0,33.0,16,1,1
13:20:12.907,NERVOSO,1,172.94,-8.14,0.285,-6.879,5.883,1.786,-0.311,0.063,-0.03,75.75,0.0,33.0,16,1,1
13:20:13.407,NERVOSO,1,172.75,-2.61,0.305,-7.872,7.405,2.006,0.019,0.343,-0.398,75.75,0.0,32.9,17,1,1
13:20:13.908,NERVOSO,1,174.61,-4.54,0.279,-7.046,6.345,3.474,-0.175,-0.233,0.264,75.75,0.0,32.9,17,1,1
13:20:14.408,NERVOSO,1,171.53,7.07,0.183,-5.942,7.111,0.742,-0.091,0.211,0.014,75.75,0.0,32.9,17,1,1
13:20:14.908,NERVOSO,1,170.74,4.51,0.165,-6.299,6.656,1.944,-0.179,0.379,-0.003,75.75,0.0,32.9,17,1,1
13:20:15.408,NERVOSO,1,175.47,8.7,0.275,-7.578,7.451,1.714,0.463,0.082,0.047,75.75,0.0,32.9,17,1,1
13:20:15.908,NERVOSO,1,174.03,3.73,0.152,-6.165,8.806,-2.38,-1.467,0.153,-1.22,75.75,0.0,32.8,17,1,1
13:20:16.408,NERVOSO,1,170.73,12.59,0.271,-4.539,7.779,-2.538,-0.248,-0.006,-0.159,75.75,0.0,32.8,17,1,1
13:20:16.908,NERVOSO,1,172.38,22.22,0.268,-5.526,8.485,-0.8,-0.226,0.038,0.069,75.75,0.0,32.8,17,1,1
13:20:17.408,NERVOSO,1,172.68,16.08,0.287,-5.722,8.547,0.292,-0.187,-0.273,-0.157,75.75,0.0,32.8,17,1,1
13:20:17.908,NERVOSO,1,176.63,22.63,0.287,-4.41,7.875,0.493,0.029,-0.138,-0.108,75.75,0.0,32.8,17,1,1
13:20:18.408,VIGILE,1,174.98,8.25,0.273,-3.97,9.395,0.5,0.305,-0.14,0.098,75.75,0.0,32.7,17,1,1
13:20:18.908,VIGILE,1,177.09,4.27,0.265,-6.031,8.519,1.951,-0.146,-0.195,-0.193,75.75,0.0,32.7,17,1,1
13:20:19.408,VIGILE,1,177.15,-26.0,0.295,-5.03,7.597,-0.575,-0.055,-0.018,-0.129,75.75,0.0,32.7,17,1,1
13:20:19.908,VIGILE,1,176.6,-39.1,0.295,-5.65,9.038,0.773,0.01,0.023,-0.023,75.75,0.0,32.7,17,1,1
13:20:20.409,VIGILE,1,-168.67,-63.48,0.367,-5.677,7.535,0.115,0.052,-0.108,-0.034,75.75,0.0,32.7,17,1,1
13:20:20.909,VIGILE,0,0.0,0.0,0.0,-4.848,8.157,-0.685,0.083,-0.209,0.041,75.75,0.0,32.7,18,1,1
13:20:21.409,VIGILE,1,-178.46,7.82,0.254,-4.623,8.169,-1.238,-0.01,-0.107,0.046,75.75,0.0,32.7,18,1,1
13:20:21.909,VIGILE,1,-177.64,26.07,0.349,-2.622,9.316,-4.453,0.076,-0.063,0.26,75.75,0.0,32.7,18,1,1
13:20:22.409,VIGILE,1,-164.24,74.58,0.513,-3.381,9.373,-2.102,0.118,-0.24,0.112,75.75,0.0,32.7,18,1,1
13:20:22.909,VIGILE,1,-171.74,69.07,0.469,-2.492,9.366,-1.719,0.07,-0.314,0.121,75.75,0.0,32.7,18,1,1
13:20:23.409,VIGILE,1,-177.18,65.32,0.368,-2.61,9.517,-2.346,0.169,-0.541,0.335,75.75,0.0,32.6,18,1,1
13:20:23.909,VIGILE,1,175.38,22.07,0.253,-3.397,9.258,-2.737,0.2,-0.42,0.014,75.75,0.0,32.6,18,1,1
13:20:24.409,VIGILE,1,171.7,41.06,0.423,-4.685,8.396,-1.769,-0.079,-0.045,0.185,75.75,0.0,32.6,18,1,1
13:20:24.909,VIGILE,1,177.05,22.73,0.128,-3.931,8.018,-3.622,-0.115,0.1,-0.038,75.75,0.0,32.6,18,1,1
13:20:25.409,VIGILE,1,176.58,-8.41,0.218,-4.336,8.334,-2.502,-0.092,-0.005,-0.079,75.75,0.0,32.6,18,1,1
13:20:25.910,VIGILE,1,177.77,-8.28,0.225,-4.015,7.266,-3.211,-0.082,0.019,-0.097,75.75,0.0,32.6,18,1,1
13:20:26.410,VIGILE,1,174.06,-8.34,0.241,-4.326,7.74,-4.12,-0.242,0.192,0.115,75.75,0.0,32.6,18,1,1
13:20:26.910,VIGILE,1,173.58,-1.3,0.241,-3.886,8.265,-3.275,-0.162,0.041,-0.018,75.75,0.0,32.6,18,1,1
13:20:27.410,VIGILE,1,177.12,-8.65,0.238,-4.044,8.229,-3.426,-0.201,-0.062,0.087,75.75,0.0,32.6,18,1,1
13:20:27.910,VIGILE,1,176.34,-9.47,0.233,-5.397,7.709,-1.489,-0.197,-0.269,-0.071,75.75,0.0,32.6,18,1,1
13:20:28.410,VIGILE,1,172.92,-6.27,0.221,-4.922,7.563,-1.118,-0.116,-0.225,-0.108,75.75,0.0,32.6,18,1,1
13:20:28.910,VIGILE,1,175.41,5.77,0.246,-4.539,7.451,-1.697,-0.193,0.145,-0.205,75.75,0.0,32.6,18,1,1
13:20:29.410,VIGILE,1,175.67,4.5,0.223,-4.664,7.819,-2.344,-0.058,0.139,-0.102,75.75,0.0,32.6,18,1,1
13:20:29.910,VIGILE,1,174.05,-4.18,0.238,-4.482,7.999,-2.037,-0.168,0.132,-0.035,75.75,0.0,32.6,18,1,1
13:20:30.410,VIGILE,1,178.41,-6.3,0.219,-4.243,7.422,-2.303,-0.037,0.044,-0.137,75.75,0.0,32.6,18,1,1
13:20:30.910,VIGILE,1,179.08,-3.3,0.232,-4.585,8.459,-2.2,0.03,0.178,-0.227,75.75,0.0,32.6,18,1,1
13:20:31.410,VIGILE,1,179.84,-11.34,0.19,-5.784,8.765,-1.065,-0.073,0.452,-0.277,75.75,0.0,32.6,18,1,1
13:20:31.911,VIGILE,1,176.26,-10.1,0.193,-4.001,7.989,-2.78,-0.327,0.334,-0.497,75.75,0.0,32.6,18,1,1
13:20:32.411,VIGILE,1,173.83,-9.73,0.164,-4.638,7.518,-2.167,-0.217,0.063,-0.024,75.75,0.0,32.6,18,1,1
13:20:32.911,VIGILE,1,175.15,-9.74,0.199,-4.559,7.58,-2.768,-0.254,-0.02,0.099,75.75,0.0,32.6,18,1,1
13:20:33.411,VIGILE,1,175.87,-8.27,0.094,-4.647,8.708,-2.638,-0.285,0.27,0.159,75.75,0.0,32.6,19,1,1
13:20:33.911,VIGILE,1,178.44,-10.17,0.226,-4.377,8.454,-2.447,0.043,0.055,-0.073,75.75,0.0,32.6,19,1,1
13:20:34.411,VIGILE,1,177.49,-10.65,0.191,-4.824,7.549,-2.231,-0.215,-0.026,-0.162,75.75,0.0,32.6,19,1,1
13:20:34.911,VIGILE,1,177.04,-5.79,0.209,-5.717,8.404,-1.851,-0.189,-0.03,0.151,75.75,0.0,32.6,19,1,1
13:20:35.411,VIGILE,1,176.94,-9.35,0.231,-5.095,7.901,-2.224,-0.177,0.279,-0.239,75.75,0.0,32.6,19,1,1
13:20:35.911,VIGILE,1,175.78,-3.23,0.19,-4.535,8.092,-3.153,-0.121,0.415,0.084,75.75,0.0,32.6,19,1,1
13:20:36.411,VIGILE,1,176.59,-2.82,0.224,-5.085,8.554,-1.386,-0.021,0.432,0.24,75.75,0.0,32.6,19,1,1
13:20:36.911,VIGILE,1,174.08,5.33,0.239,-4.48,8.461,-1.475,-0.014,0.347,-0.055,75.75,0.0,32.6,19,1,1
13:20:37.411,VIGILE,1,179.44,-4.77,0.224,-4.073,8.011,-1.882,-0.032,0.018,0.007,75.75,0.0,32.6,19,1,1
13:20:37.911,VIGILE,1,178.15,-1.09,0.238,-3.56,10.029,-1.616,0.025,0.539,-0.165,75.75,0.0,32.6,19,1,1
13:20:38.411,VIGILE,1,179.05,-6.22,0.259,-3.486,8.787,-0.778,0.098,-0.083,0.107,75.75,0.0,32.7,19,1,1
13:20:38.911,VIGILE,1,178.34,-10.39,0.239,-3.776,9.687,-1.015,0.001,-0.02,-0.104,75.75,0.0,32.7,19,1,1
13:20:39.411,VIGILE,1,178.78,-17.24,0.275,-4.298,9.191,-0.941,-0.103,-0.235,0.059,75.75,0.0,32.7,19,1,1
13:20:39.911,VIGILE,1,176.98,-16.48,0.26,-4.635,8.914,-1.975,0.052,0.291,0.135,75.75,561.51,32.7,19,1,1
13:20:40.411,VIGILE,1,178.33,-16.95,0.265,-4.307,9.809,-2.878,-0.167,-0.319,0.286,75.75,125.0,32.7,19,1,1
13:20:40.912,VIGILE,1,177.17,-17.15,0.271,-5.55,6.847,-1.946,-0.219,0.326,-0.287,75.75,87.98,32.6,19,1,1
13:20:41.412,VIGILE,1,175.33,-13.43,0.236,-4.575,5.993,-3.012,-0.118,0.483,-0.51,75.75,159.02,32.6,19,1,1
13:20:41.912,VIGILE,1,175.23,-11.97,0.2,-4.973,8.159,-2.006,-0.325,0.039,-0.095,75.75,1183.19,32.6,19,1,1
13:20:42.412,VIGILE,1,172.84,-10.87,0.209,-4.59,7.309,-2.069,-0.181,0.309,-0.048,75.75,0.0,32.6,19,1,1
13:20:42.912,VIGILE,1,173.87,-10.42,0.247,-4.288,7.702,-2.851,0.057,0.4,0.082,75.75,0.0,32.6,19,1,1
13:20:43.412,VIGILE,1,175.4,-3.05,0.247,-5.128,7.503,-1.319,-0.931,0.228,-0.44,75.75,0.0,32.6,19,1,1
13:20:43.912,VIGILE,1,172.35,-9.23,0.165,-4.925,9.11,-2.059,-0.088,-0.086,0.027,75.75,0.0,32.6,19,1,1
13:20:44.412,VIGILE,1,177.07,-8.39,0.23,-4.645,6.85,-2.782,0.392,-0.234,0.169,75.75,0.0,32.6,19,1,1
13:20:44.912,VIGILE,1,178.35,-14.3,0.237,-4.628,8.689,-2.399,-0.194,0.394,-0.037,75.75,0.0,32.6,19,1,1
13:20:45.412,VIGILE,1,174.58,-8.16,0.245,-4.556,8.229,-2.796,-0.229,0.155,0.041,75.75,0.0,32.6,19,1,1
13:20:45.912,VIGILE,1,176.71,-11.61,0.249,-4.41,7.896,-2.562,-0.099,0.082,0.066,75.75,0.0,32.7,19,1,1
13:20:46.412,VIGILE,1,175.04,-6.11,0.257,-4.475,7.728,-3.0,-0.224,0.369,-0.117,75.75,0.0,32.7,19,1,1
13:20:46.912,VIGILE,1,176.34,-9.29,0.138,-5.033,8.65,-2.842,-0.013,0.27,-0.232,75.75,0.0,32.7,19,1,1
13:20:47.412,VIGILE,1,177.98,-12.79,0.236,-4.884,7.58,-3.172,-0.018,-0.158,-0.042,75.75,0.0,32.7,19,1,1
13:20:47.912,VIGILE,1,176.99,-2.8,0.241,-5.246,5.303,-3.812,-0.035,0.201,-0.296,75.75,0.0,32.7,19,1,1
13:20:48.412,VIGILE,1,178.42,-11.13,0.247,-3.34,7.456,-3.156,0.007,0.147,0.188,75.75,0.0,32.7,19,1,1
13:20:48.912,VIGILE,1,176.58,-8.81,0.226,-4.283,8.945,-2.143,-0.263,0.294,0.04,75.75,0.0,32.7,19,1,1
13:20:49.412,VIGILE,1,175.38,-1.78,0.222,-4.372,8.246,-2.272,-0.178,-0.11,0.072,75.75,0.0,32.7,19,1,1
13:20:49.912,VIGILE,1,174.13,-1.07,0.25,-3.845,8.059,-1.731,-0.29,-0.226,0.119,75.75,0.0,32.7,19,1,1
13:20:50.413,VIGILE,1,174.02,-0.61,0.236,-3.163,7.803,-2.351,-0.177,-0.055,0.184,75.75,0.0,32.7,19,1,1
13:20:50.913,VIGILE,1,171.37,-6.24,0.158,-3.515,8.305,-2.562,-0.098,0.196,-0.13,75.75,0.0,32.7,19,1,1
13:20:51.413,VIGILE,1,174.53,-7.93,0.213,-4.896,7.872,-2.749,0.065,-0.124,-0.023,75.75,0.0,32.7,19,1,1
13:20:51.913,VIGILE,1,172.22,-0.73,0.125,-5.523,7.963,-1.81,-0.157,0.006,0.104,75.75,0.0,32.7,19,1,1
13:20:52.413,VIGILE,1,170.49,-1.72,0.225,-5.346,8.356,-1.817,-0.165,-0.016,0.02,75.75,0.0,32.7,19,1,1
13:20:52.913,VIGILE,1,171.27,-7.14,0.24,-4.606,6.359,-2.09,-0.09,-0.119,-0.162,75.75,0.0,32.7,19,1,1
13:20:53.413,VIGILE,1,171.47,-4.18,0.252,-5.777,7.884,-1.693,0.163,-0.067,0.703,75.75,0.0,32.8,19,1,1
13:20:53.913,VIGILE,1,173.79,-7.9,0.246,-4.764,8.54,-0.927,-0.287,0.062,-0.104,75.75,0.0,32.8,19,1,1
13:20:54.413,VIGILE,1,172.39,-8.31,0.233,-4.697,7.884,-2.679,-0.134,0.149,0.034,75.75,0.0,32.8,19,1,1
13:20:54.913,VIGILE,1,172.2,-4.85,0.238,-4.602,7.987,-0.5,-0.136,-0.182,-0.212,75.75,0.0,32.8,19,1,1
13:20:55.413,VIGILE,1,171.73,-8.07,0.246,-4.949,8.408,-1.748,-0.008,0.096,0.086,75.75,0.0,32.8,19,1,1
13:20:55.913,VIGILE,1,172.91,-9.6,0.238,-4.875,8.655,-2.119,0.064,0.293,-0.027,75.75,0.0,32.8,19,1,1
13:20:56.413,VIGILE,1,174.98,-8.15,0.252,-4.748,7.827,-2.301,-0.169,-0.054,0.084,75.75,0.0,32.8,19,1,1
13:20:56.913,VIGILE,1,173.64,-8.85,0.212,-4.855,8.703,-2.207,-0.17,0.288,0.166,75.75,0.0,32.8,19,1,1
13:20:57.413,VIGILE,1,173.21,-4.43,0.215,-5.416,7.693,-2.279,-0.148,0.111,-0.043,75.75,0.0,32.8,19,1,1
13:20:57.913,VIGILE,1,174.09,-8.33,0.211,-5.14,8.145,-1.235,-0.102,0.027,0.163,75.75,0.0,32.8,19,1,1
13:20:58.414,VIGILE,1,175.52,-10.03,0.222,-4.662,7.784,-2.097,0.095,-0.041,0.055,75.75,0.0,32.8,19,1,1
13:20:58.914,VIGILE,1,172.9,-7.93,0.233,-5.329,8.942,-1.276,-0.156,0.332,0.091,75.75,0.0,32.8,19,1,1
13:20:59.414,VIGILE,1,174.1,-11.29,0.237,-4.697,8.411,-1.389,-0.12,0.243,0.009,75.75,0.0,32.8,19,1,1
13:20:59.914,VIGILE,1,174.68,-12.88,0.272,-5.516,7.86,-1.484,-0.134,0.058,-0.114,75.75,0.0,32.8,19,1,1
13:21:00.414,VIGILE,1,173.46,-6.53,0.217,-4.53,7.681,-2.021,-0.119,0.397,-0.007,75.75,0.0,32.8,19,1,1
13:21:00.914,VIGILE,1,172.43,-9.05,0.231,-4.839,8.15,-1.657,-0.071,0.397,-0.076,75.75,0.0,32.9,19,1,1
13:21:01.414,VIGILE,1,172.66,-7.94,0.253,-4.714,8.246,-1.075,-0.186,-0.14,0.039,75.75,0.0,32.9,19,1,1
13:21:01.914,VIGILE,1,173.11,-10.28,0.25,-5.703,8.428,-0.946,-0.432,-0.062,-0.149,75.75,0.0,32.9,19,1,1
13:21:02.414,VIGILE,1,171.78,-11.28,0.253,-5.746,8.191,-0.108,-0.274,0.009,0.119,75.75,0.0,32.9,19,1,1
13:21:02.914,EBBREZZA,1,170.15,-5.59,0.252,-6.268,6.929,0.34,-0.63,-0.374,0.146,75.75,0.0,32.9,19,1,1
13:21:03.414,EBBREZZA,1,170.42,0.83,0.191,-6.472,6.972,0.117,-0.197,-0.107,-0.137,75.75,0.0,32.9,19,1,1
13:21:03.914,EBBREZZA,1,167.88,3.42,0.238,-6.74,7.214,0.912,-0.03,0.154,-0.084,75.75,0.0,32.9,19,1,1
13:21:04.414,EBBREZZA,1,170.01,6.92,0.26,-6.551,8.248,0.936,-0.122,-0.07,0.145,75.75,0.0,32.9,19,1,1
13:21:04.914,EBBREZZA,1,-178.66,40.51,0.1,-6.108,7.403,1.652,-0.182,0.084,0.086,75.75,0.0,32.9,19,1,1
13:21:05.414,EBBREZZA,1,176.36,20.59,0.252,-6.311,7.92,1.125,-0.044,-0.067,-0.051,75.75,0.0,32.9,19,1,1
13:21:05.914,EBBREZZA,1,171.4,14.66,0.266,-5.775,7.252,-0.529,-0.216,-0.014,-0.014,75.75,0.0,32.9,19,1,1
13:21:06.414,EBBREZZA,1,170.56,9.45,0.23,-6.12,7.42,0.242,-0.051,0.193,-0.09,75.75,0.0,32.9,19,1,1
13:21:06.915,EBBREZZA,1,170.54,-8.06,0.233,-5.883,7.501,0.704,-0.212,0.077,0.06,75.75,0.0,32.9,19,1,1
13:21:07.415,EBBREZZA,1,171.71,-4.88,0.226,-5.878,7.891,0.718,-0.13,0.095,-0.005,75.75,0.0,32.9,19,1,1
13:21:07.915,EBBREZZA,1,173.18,-0.84,0.233,-5.804,7.525,0.503,-0.098,0.086,-0.066,75.75,0.0,32.9,19,1,1
13:21:08.415,EBBREZZA,1,167.41,14.61,0.214,-4.808,8.047,-2.32,-0.155,0.07,0.039,75.75,0.0,33.0,19,1,1
13:21:08.915,EBBREZZA,1,174.9,19.82,0.232,-4.863,7.977,-2.152,-0.136,0.103,-0.005,75.75,0.0,33.0,19,1,1
13:21:09.415,EBBREZZA,1,175.54,21.55,0.115,-4.736,7.999,-2.157,-0.131,0.064,-0.044,75.75,0.0,33.0,19,1,1
13:21:09.915,EBBREZZA,1,171.87,18.38,0.179,-4.683,7.927,-2.212,-0.136,0.047,-0.031,75.75,0.0,33.0,19,1,0
13:21:10.415,EBBREZZA,1,172.9,15.57,0.186,-4.752,8.025,-1.994,-0.138,0.107,0.01,75.75,0.0,33.0,19,1,0
13:21:10.915,EBBREZZA,1,173.46,16.48,0.204,-4.688,7.781,-2.219,-0.104,0.037,-0.053,75.75,0.0,33.0,19,1,0
13:21:11.415,EBBREZZA,1,173.23,15.83,0.214,-4.714,7.91,-2.241,-0.146,0.082,0.007,75.75,0.0,33.0,19,1,0
13:21:11.915,EBBREZZA,1,171.44,13.85,0.194,-4.834,7.98,-1.884,-0.134,0.046,-0.028,75.75,0.0,33.0,19,1,0
13:21:12.417,EBBREZZA,1,170.99,15.46,0.199,-4.724,7.884,-2.246,-0.134,0.084,-0.01,75.75,0.0,33.0,19,1,0
13:21:12.918,EBBREZZA,1,170.73,13.29,0.197,-4.75,8.009,-2.102,-0.15,0.081,-0.019,75.75,0.0,33.0,19,1,0
13:21:13.418,EBBREZZA,1,172.46,11.78,0.257,-4.669,7.827,-2.16,-0.117,0.016,-0.028,75.75,0.0,33.1,19,1,0
13:21:13.918,EBBREZZA,1,173.53,14.05,0.208,-4.796,7.973,-2.131,-0.126,0.122,-0.009,75.75,0.0,33.1,19,1,0
13:21:14.418,EBBREZZA,1,174.45,7.34,0.095,-4.798,7.879,-2.234,-0.13,0.039,-0.019,75.75,0.0,33.1,19,1,0
13:21:14.918,EBBREZZA,1,175.35,5.59,0.214,-4.676,8.009,-2.105,-0.137,0.076,-0.007,75.75,0.0,33.1,19,1,0
13:21:15.418,EBBREZZA,1,173.95,6.63,0.215,-4.743,7.822,-2.107,-0.099,0.059,-0.067,75.75,0.0,33.1,19,1,0
13:21:15.918,EBBREZZA,1,173.77,5.19,0.229,-4.812,7.985,-2.193,-0.165,0.06,0.05,75.75,0.0,33.2,20,1,0
13:21:16.418,EBBREZZA,1,175.33,-27.4,0.195,-4.7,7.666,-2.143,-0.073,0.052,-0.101,75.75,0.0,33.2,20,1,0
13:21:16.918,EBBREZZA,1,-178.88,-74.49,0.477,-4.764,7.954,-2.093,-0.173,0.041,0.044,75.75,0.0,33.2,20,1,0
13:21:17.418,EBBREZZA,1,176.65,-72.06,0.362,-4.791,7.831,-2.162,-0.111,0.094,-0.037,75.75,0.0,33.2,20,1,0
13:21:17.918,EBBREZZA,1,167.92,-45.43,0.325,-4.678,7.884,-2.294,-0.148,0.055,-0.002,75.75,0.0,33.2,20,1,0
13:21:18.418,EBBREZZA,1,175.29,-71.37,0.32,-4.755,7.944,-2.04,-0.149,0.052,-0.015,75.75,0.0,33.3,20,1,0
13:21:18.918,EBBREZZA,1,168.66,-44.19,0.305,-4.82,7.882,-2.332,-0.119,0.111,-0.014,75.75,0.0,33.3,20,1,0
13:21:19.418,EBBREZZA,1,172.42,-71.98,0.296,-4.712,7.97,-2.253,-0.16,0.078,0.024,75.75,0.0,33.3,20,1,0
13:21:19.919,EBBREZZA,1,174.52,-32.1,0.254,-4.712,7.728,-2.112,-0.103,0.042,-0.09,75.75,0.0,33.3,20,1,0
13:21:20.419,EBBREZZA,1,172.59,-36.91,0.325,-4.784,8.061,-2.083,-0.146,0.102,0.026,75.75,0.0,33.3,20,1,0
13:21:20.919,EBBREZZA,1,170.69,-72.12,0.382,-4.657,7.781,-2.258,-0.108,0.041,-0.043,75.75,0.0,33.3,20,1,0
13:21:21.419,EBBREZZA,1,173.93,-27.22,0.183,-4.709,7.927,-2.076,-0.144,0.071,-0.008,75.75,0.0,33.3,20,1,0
13:21:21.919,EBBREZZA,1,168.6,32.99,0.193,-4.812,7.944,-1.987,-0.13,0.046,-0.03,75.75,0.0,33.3,20,1,0
13:21:22.419,EBBREZZA,1,166.3,30.75,0.187,-4.779,7.846,-2.286,-0.128,0.101,-0.009,75.75,0.0,33.3,20,1,0
13:21:22.919,EBBREZZA,1,167.79,35.9,0.244,-4.736,7.997,-2.203,-0.164,0.078,0.008,75.75,0.0,33.3,20,1,0
13:21:23.419,EBBREZZA,1,169.01,37.82,0.304,-4.714,7.724,-2.2,-0.12,0.06,-0.064,75.75,0.0,33.4,20,1,0
13:21:23.919,EBBREZZA,1,166.36,33.23,0.19,-4.829,8.068,-2.112,-0.152,0.098,0.026,75.75,0.0,33.4,20,1,0
13:21:24.419,EBBREZZA,1,167.59,34.31,0.27,-4.685,7.76,-2.236,-0.101,0.041,-0.053,75.75,0.0,33.4,20,1,0
13:21:24.919,EBBREZZA,1,168.59,34.69,0.317,-4.7,7.915,-2.188,-0.154,0.084,0.007,75.75,0.0,33.4,20,1,0
13:21:25.420,EBBREZZA,1,166.76,34.89,0.199,-4.743,8.018,-2.023,-0.138,0.051,-0.025,75.75,0.0,33.4,20,1,0
13:21:25.920,EBBREZZA,1,167.5,31.54,0.152,-4.784,7.824,-2.248,-0.124,0.09,-0.017,75.75,0.0,33.5,20,1,0
13:21:26.420,EBBREZZA,1,168.14,30.06,0.258,-4.712,8.04,-2.169,-0.158,0.085,-0.015,75.75,0.0,33.5,20,1,0
13:21:26.920,EBBREZZA,1,169.3,30.26,0.156,-4.695,7.827,-2.236,-0.13,0.03,-0.008,75.75,0.0,33.5,20,1,0
13:21:27.420,EBBREZZA,1,169.37,29.97,0.164,-4.757,8.042,-2.09,-0.143,0.111,0.01,75.75,0.0,33.5,20,1,0
13:21:27.920,EBBREZZA,1,171.02,28.47,0.269,-4.695,7.851,-2.251,-0.132,0.049,-0.023,75.75,0.0,33.5,20,1,0
13:21:28.420,EBBREZZA,1,171.48,30.7,0.259,-4.705,7.951,-2.112,-0.143,0.078,0.003,75.75,0.0,33.6,20,1,0
13:21:28.920,EBBREZZA,1,177.01,43.81,0.379,-4.731,7.843,-2.04,-0.122,0.028,-0.042,75.75,0.0,33.6,20,1,0
13:21:29.420,EBBREZZA,1,177.4,41.04,0.31,-4.798,7.865,-2.246,-0.119,0.096,-0.019,75.75,0.0,33.6,20,1,0
13:21:29.920,EBBREZZA,1,179.41,18.48,0.179,-4.685,8.085,-2.176,-0.162,0.083,0.027,75.75,0.0,33.6,20,1,0
13:21:30.420,EBBREZZA,1,177.67,12.55,0.215,-4.784,7.757,-2.181,-0.118,0.038,-0.062,75.75,0.0,33.6,20,1,0
13:21:30.920,EBBREZZA,1,177.05,8.9,0.222,-4.764,8.052,-2.018,-0.144,0.101,0.019,75.75,0.0,33.7,20,1,0
13:21:31.420,EBBREZZA,1,175.23,7.32,0.182,-4.717,7.774,-2.21,-0.102,0.056,-0.043,75.75,0.0,33.7,20,1,0
13:21:31.920,EBBREZZA,1,176.97,7.4,0.209,-4.762,7.925,-2.143,-0.139,0.071,-0.004,75.75,0.0,33.7,20,1,0
13:21:32.421,EBBREZZA,1,175.3,5.8,0.213,-4.724,7.822,-1.997,-0.113,0.027,-0.051,75.75,0.0,33.7,20,1,0
13:21:32.921,EBBREZZA,1,175.06,6.3,0.212,-4.743,7.906,-2.277,-0.13,0.094,0.008,75.75,0.0,33.7,20,1,0
13:21:33.421,EBBREZZA,1,175.48,5.25,0.186,-4.681,7.939,-2.148,-0.15,0.08,-0.039,75.75,0.0,33.7,20,1,0
13:21:33.921,EBBREZZA,1,175.08,5.96,0.215,-4.714,7.812,-2.181,-0.137,0.018,-0.012,75.75,0.0,33.7,20,1,0
13:21:34.421,EBBREZZA,1,174.46,5.16,0.196,-4.774,7.989,-2.064,-0.122,0.132,-0.021,75.75,0.0,33.7,20,1,0
13:21:34.921,EBBREZZA,1,174.54,4.79,0.189,-4.681,7.855,-2.248,-0.134,0.046,-0.022,75.75,0.0,33.7,20,1,0
13:21:35.421,EBBREZZA,1,174.75,2.67,0.213,-4.717,7.903,-2.184,-0.144,0.067,-0.006,75.75,0.0,33.7,20,1,0
13:21:35.921,EBBREZZA,1,-176.72,22.67,0.099,-4.772,7.925,-2.042,-0.12,0.028,-0.044,75.75,0.0,33.9,20,1,0
13:21:36.421,EBBREZZA,0,0.0,0.0,0.0,-4.731,7.891,-2.277,-0.131,0.111,0.005,75.75,0.0,33.9,20,1,0
13:21:36.921,EBBREZZA,0,0.0,0.0,0.0,-4.695,8.016,-2.251,-0.161,0.064,0.038,75.75,0.0,33.9,20,1,0
13:21:37.421,EBBREZZA,1,-164.45,26.85,0.26,-4.822,7.784,-2.251,-0.16,0.06,0.002,75.75,0.0,33.9,20,1,0
13:21:37.921,EBBREZZA,1,179.77,-3.53,0.122,-4.76,8.112,-2.047,-0.155,0.094,0.027,75.75,0.0,33.9,20,1,0
13:21:38.421,EBBREZZA,1,167.16,6.22,0.222,-4.712,7.728,-2.246,-0.1,0.036,-0.052,75.75,0.0,34.0,20,1,0
13:21:38.921,EBBREZZA,1,175.12,2.99,0.087,-4.664,7.958,-2.164,-0.145,0.066,-0.002,75.75,0.0,34.0,20,1,0
13:21:39.421,EBBREZZA,1,175.93,16.94,0.204,-4.714,7.851,-2.066,-0.113,0.041,-0.05,75.75,0.0,34.0,20,1,0
13:21:39.922,EBBREZZA,1,175.02,16.15,0.193,-4.724,7.932,-2.289,-0.151,0.081,0.015,75.75,0.0,34.0,20,1,0
13:21:40.422,EBBREZZA,1,174.09,16.73,0.203,-4.76,7.927,-2.073,-0.14,0.079,-0.035,75.75,0.0,34.0,20,1,0
13:21:40.922,EBBREZZA,1,173.75,17.09,0.208,-4.798,7.827,-2.265,-0.132,0.018,0.019,75.75,0.0,34.0,20,1,0
13:21:41.422,EBBREZZA,1,174.57,17.0,0.201,-4.776,7.98,-2.066,-0.124,0.126,-0.021,75.75,0.0,34.0,20,1,0
13:21:41.922,EBBREZZA,1,175.62,18.03,0.209,-4.7,7.738,-2.224,-0.09,0.067,-0.064,75.75,0.0,34.0,20,1,0
13:21:42.422,EBBREZZA,1,174.62,14.83,0.194,-4.685,7.887,-2.32,-0.134,0.048,-0.017,75.75,0.0,34.0,20,1,0
13:21:42.922,EBBREZZA,1,175.35,0.65,0.208,-4.776,7.812,-2.083,-0.144,0.056,-0.006,75.75,0.0,34.0,20,1,0
13:21:43.422,EBBREZZA,1,173.55,0.49,0.219,-4.721,7.853,-2.243,-0.112,0.093,-0.035,75.75,0.0,34.0,20,1,0
13:21:43.922,EBBREZZA,1,176.39,2.21,0.221,-4.688,8.095,-2.263,-0.157,0.051,0.041,75.75,0.0,34.0,20,1,1
13:21:44.422,EBBREZZA,1,174.3,4.53,0.186,-4.772,7.731,-2.164,-0.081,0.07,-0.087,75.75,0.0,34.0,20,1,1
13:21:44.922,EBBREZZA,1,173.71,4.87,0.206,-4.786,8.045,-2.102,-0.184,0.055,0.041,75.75,0.0,34.0,20,1,1
13:21:45.422,EBBREZZA,1,172.64,6.33,0.207,-4.709,7.774,-2.239,-0.088,0.055,-0.052,75.75,0.0,34.0,20,1,1
13:21:45.922,EBBREZZA,1,172.32,4.21,0.104,-4.671,7.901,-2.296,-0.148,0.065,0.001,75.75,0.0,34.1,20,1,1
13:21:46.422,EBBREZZA,1,171.04,1.99,0.214,-4.822,7.906,-2.03,-0.149,0.048,-0.01,75.75,0.0,34.1,20,1,1
13:21:46.923,EBBREZZA,1,171.3,5.06,0.217,-4.788,7.846,-2.179,-0.107,0.088,-0.042,75.75,0.0,34.1,20,1,1
13:21:47.423,EBBREZZA,1,173.72,6.66,0.223,-4.719,8.066,-2.265,-0.169,0.074,0.053,75.75,0.0,34.1,20,1,1
13:21:47.923,EBBREZZA,1,168.63,8.32,0.222,-4.764,7.76,-2.212,-0.085,0.056,-0.1,75.75,0.0,34.1,20,1,1
13:21:48.423,EBBREZZA,1,172.14,6.9,0.204,-4.729,8.006,-2.116,-0.183,0.055,0.045,75.75,0.0,34.2,20,1,1
13:21:48.923,EBBREZZA,1,174.72,-15.35,0.202,-4.796,7.91,-2.071,-0.117,0.107,-0.042,75.75,0.0,34.2,20,1,1
13:21:49.423,VIGILE,1,174.47,-4.02,0.199,-4.726,7.91,-2.327,-0.146,0.057,0.001,75.75,0.0,34.2,20,1,1
13:21:49.923,VIGILE,1,172.34,-2.8,0.191,-4.817,7.932,-2.073,-0.153,0.066,-0.011,75.75,0.0,34.2,20,1,1
13:21:50.423,VIGILE,1,174.15,1.45,0.205,-4.729,7.836,-2.107,-0.101,0.058,-0.067,75.75,0.0,34.2,20,1,1
13:21:50.924,VIGILE,1,172.79,-1.8,0.204,-4.7,7.966,-2.243,-0.162,0.053,0.055,75.75,0.0,34.3,20,1,1
13:21:51.424,VIGILE,1,172.34,-2.87,0.209,-4.724,7.664,-2.181,-0.075,0.039,-0.106,75.75,0.0,34.3,20,1,1
13:21:51.924,VIGILE,1,172.72,-0.99,0.201,-4.788,7.93,-2.181,-0.168,0.012,0.038,75.75,0.0,34.3,20,1,1
13:21:52.424,VIGILE,1,172.87,-1.5,0.218,-4.8,7.98,-2.16,-0.129,0.137,-0.02,75.75,0.0,34.3,20,1,1
13:21:52.924,VIGILE,1,170.39,-44.65,0.357,-4.664,7.865,-2.241,-0.134,0.046,-0.039,75.75,0.0,34.3,20,1,1
13:21:53.424,VIGILE,1,166.72,-67.39,0.402,-4.743,7.915,-2.191,-0.15,0.067,0.004,75.75,0.0,34.4,19,1,1
13:21:53.924,VIGILE,1,170.0,-44.02,0.408,-4.724,7.887,-2.047,-0.122,0.044,-0.048,75.75,0.0,34.4,19,1,1
13:21:54.424,VIGILE,1,172.3,-67.3,0.448,-4.741,7.918,-2.294,-0.155,0.096,0.009,75.75,0.0,34.4,19,1,1
13:21:54.924,VIGILE,1,171.37,-66.81,0.412,-4.702,7.994,-2.049,-0.144,0.08,-0.028,75.75,0.0,34.4,19,1,1
13:21:55.424,VIGILE,1,169.21,-66.24,0.379,-4.767,7.724,-2.128,-0.135,0.022,-0.036,75.75,0.0,34.4,19,1,1
13:21:55.924,VIGILE,1,170.21,-65.93,0.355,-4.743,8.023,-2.107,-0.125,0.11,-0.002,75.75,0.0,34.4,19,1,1
13:21:56.424,VIGILE,1,169.25,-43.55,0.372,-4.791,7.829,-2.181,-0.112,0.024,-0.043,75.75,0.0,34.4,19,1,1
13:21:56.924,VIGILE,1,167.95,-44.36,0.369,-4.719,7.934,-2.184,-0.145,0.079,0.012,75.75,0.0,34.4,19,1,1
13:21:57.424,VIGILE,1,168.22,-45.02,0.394,-4.666,7.908,-2.045,-0.124,0.045,-0.032,75.75,0.0,34.4,19,1,1
13:21:57.925,VIGILE,1,168.26,-45.12,0.37,-4.726,7.918,-2.248,-0.146,0.087,0.006,75.75,0.0,34.4,19,1,1
13:21:58.425,VIGILE,1,169.0,-44.53,0.351,-4.717,7.831,-2.095,-0.152,0.074,-0.035,75.75,0.0,34.5,18,1,1
13:21:58.925,VIGILE,1,169.77,-44.16,0.344,-4.659,7.796,-2.263,-0.119,0.04,0.013,75.75,0.0,34.5,18,1,1
13:21:59.425,VIGILE,1,175.39,2.26,0.065,-4.786,8.025,-2.049,-0.131,0.111,0.0,75.75,0.0,34.5,18,1,1
13:21:59.925,VIGILE,1,175.97,11.08,0.227,-4.702,7.779,-2.16,-0.101,0.023,-0.052,75.75,0.0,34.5,18,1,1
13:22:00.425,VIGILE,1,174.14,-0.15,0.223,-4.738,7.925,-2.207,-0.133,0.083,0.004,75.75,0.0,34.5,18,1,1
13:22:00.925,VIGILE,1,173.77,1.45,0.217,-4.812,7.977,-1.978,-0.133,0.038,-0.024,75.75,0.0,34.5,18,1,1
13:22:01.425,VIGILE,1,173.14,7.37,0.183,-4.76,7.831,-2.33,-0.122,0.102,-0.015,75.75,0.0,34.5,18,1,1
13:22:01.925,VIGILE,1,174.53,4.04,0.221,-4.69,8.064,-2.181,-0.176,0.084,0.013,75.75,0.0,34.5,18,1,1
13:22:02.425,VIGILE,1,172.5,-0.42,0.21,-4.769,7.762,-2.205,-0.11,0.054,-0.083,75.75,0.0,34.5,18,1,1
13:22:02.925,VIGILE,1,173.11,-1.39,0.206,-4.8,8.068,-2.064,-0.172,0.072,0.037,75.75,0.0,34.5,18,1,1
13:22:03.425,VIGILE,1,168.33,3.39,0.252,-4.702,7.81,-2.138,-0.104,0.056,-0.058,75.75,0.0,34.6,18,1,1
13:22:03.925,VIGILE,1,169.12,10.93,0.171,-4.69,7.915,-2.27,-0.138,0.076,-0.004,75.75,0.0,34.6,18,1,1
13:22:04.425,VIGILE,1,170.75,8.77,0.233,-4.695,7.863,-2.054,-0.131,0.028,-0.03,75.75,0.0,34.6,18,1,1
13:22:04.925,VIGILE,1,171.19,7.22,0.221,-4.829,7.87,-2.203,-0.104,0.097,-0.031,75.75,0.0,34.6,18,1,1
13:22:05.426,VIGILE,1,174.61,12.82,0.24,-4.714,8.073,-2.207,-0.164,0.076,0.042,75.75,0.0,34.6,18,1,1
13:22:05.926,VIGILE,1,175.53,22.98,0.23,-4.714,7.647,-2.193,-0.088,0.049,-0.096,75.75,0.0,34.6,18,1,1
13:22:06.426,VIGILE,1,173.51,21.51,0.246,-4.815,8.097,-2.033,-0.171,0.061,0.045,75.75,0.0,34.6,18,1,1
13:22:06.926,VIGILE,1,174.25,19.26,0.254,-4.688,7.853,-2.09,-0.109,0.075,-0.05,75.75,0.0,34.6,18,1,1
13:22:07.426,VIGILE,1,175.72,7.84,0.21,-4.671,7.796,-2.301,-0.141,0.069,-0.006,75.75,0.0,34.6,18,1,1
13:22:07.926,VIGILE,1,173.11,4.42,0.169,-4.719,7.887,-2.105,-0.157,0.052,-0.003,75.75,0.0,34.6,18,1,1
13:22:08.426,VIGILE,1,-179.66,8.42,0.147,-4.784,7.805,-2.2,-0.112,0.116,-0.044,75.75,0.0,34.7,18,1,1
13:22:08.926,VIGILE,1,178.25,17.6,0.199,-4.712,8.08,-2.121,-0.17,0.059,0.062,75.75,0.0,34.7,18,1,1
13:22:09.426,VIGILE,1,173.56,6.11,0.262,-4.681,7.819,-2.081,-0.087,0.07,-0.106,75.75,0.0,34.7,18,1,1
13:22:09.926,VIGILE,1,176.58,4.22,0.2,-4.803,7.975,-2.224,-0.164,0.039,0.047,75.75,0.0,34.7,18,1,1
13:22:10.426,VIGILE,1,176.94,0.15,0.226,-4.762,7.875,-2.028,-0.122,0.128,-0.031,75.75,0.0,34.7,18,1,1
13:22:10.926,VIGILE,1,179.86,6.07,0.22,-4.834,7.906,-2.306,-0.139,0.046,-0.011,75.75,0.0,34.7,18,1,1
13:22:11.426,VIGILE,1,176.4,8.17,0.249,-4.831,7.973,-2.119,-0.155,0.073,0.007,75.75,0.0,34.7,18,1,1
13:22:11.926,VIGILE,1,175.78,8.02,0.244,-4.707,7.822,-2.093,-0.106,0.07,-0.059,75.75,0.0,34.7,18,1,1
13:22:12.426,VIGILE,1,174.88,4.99,0.242,-4.676,7.93,-2.358,-0.152,0.071,0.028,75.75,0.0,34.7,18,1,1
13:22:12.926,VIGILE,1,175.47,4.58,0.253,-4.748,7.927,-2.088,-0.136,0.075,-0.06,75.75,0.0,34.7,18,1,1
13:22:13.427,VIGILE,1,174.96,5.83,0.244,-4.757,7.786,-2.164,-0.142,0.032,-0.007,75.75,0.0,34.7,18,1,1
13:22:13.927,VIGILE,1,175.61,4.55,0.253,-4.776,8.049,-2.03,-0.146,0.099,0.033,75.75,0.0,34.7,18,1,1
13:22:14.427,VIGILE,1,175.8,2.1,0.243,-4.721,7.779,-2.195,-0.091,0.05,-0.049,75.75,0.0,34.7,18,1,1
13:22:14.927,VIGILE,1,174.67,1.32,0.248,-4.709,7.982,-2.155,-0.152,0.12,-0.011,75.75,0.0,34.7,18,1,1
13:22:15.427,VIGILE,1,174.96,5.01,0.264,-4.908,7.788,-1.92,-0.147,0.094,0.02,75.75,0.0,34.7,18,1,1
13:22:15.927,VIGILE,1,178.59,6.37,0.251,-4.128,8.085,-4.245,0.008,0.078,0.08,75.75,0.0,34.8,18,1,1
13:22:16.427,VIGILE,1,177.87,-1.27,0.253,-3.304,7.355,-3.989,-0.186,-0.11,-0.141,75.75,0.0,34.8,18,1,1
13:22:16.927,VIGILE,1,178.69,-2.67,0.245,-2.94,8.758,-6.639,0.225,0.57,0.159,75.75,0.0,34.8,18,1,1
13:22:17.427,VIGILE,1,178.56,-1.48,0.251,-3.982,7.171,-4.025,-0.095,0.145,0.002,75.75,0.0,34.8,18,1,1
13:22:17.927,VIGILE,1,-177.7,-6.61,0.247,-3.838,7.889,-4.211,-0.181,0.034,-0.044,75.75,0.0,34.8,18,1,1
13:22:18.427,VIGILE,1,176.37,-2.55,0.258,-4.458,7.796,-4.568,-0.23,-0.09,-0.01,75.75,0.0,34.8,19,1,1
13:22:18.927,VIGILE,1,175.16,-3.37,0.247,-4.932,7.324,-1.494,-0.013,0.149,-0.357,75.75,0.0,34.8,19,1,1
13:22:19.427,VIGILE,1,176.47,-1.22,0.278,-5.104,7.824,-2.27,-0.092,0.194,-0.131,75.75,0.0,34.8,19,1,1
13:22:19.927,VIGILE,1,177.28,-0.17,0.256,-3.986,7.587,-3.108,0.046,0.455,-0.161,75.75,0.0,34.8,19,1,1
13:22:20.428,VIGILE,1,-179.9,-4.19,0.282,-4.889,6.689,-2.902,0.087,-0.093,0.468,75.75,0.0,34.8,19,1,1
13:22:20.928,VIGILE,1,172.98,2.79,0.27,-4.14,7.841,-3.366,-0.02,0.025,0.156,75.75,0.0,34.8,19,1,1
13:22:21.428,VIGILE,1,175.96,-2.34,0.275,-6.235,8.763,-1.923,-0.143,-0.054,-0.001,75.75,0.0,34.8,19,1,1
13:22:21.928,VIGILE,1,177.88,-12.52,0.262,-3.445,9.392,-0.941,-0.23,0.549,-0.144,75.75,0.0,34.8,19,1,1
13:22:22.428,VIGILE,1,175.71,-11.3,0.251,-4.992,8.219,-0.812,-0.542,0.043,-0.146,75.75,0.0,34.8,19,1,1
13:22:22.930,VIGILE,1,177.46,-11.83,0.279,-4.14,6.67,-1.867,0.129,-0.268,-0.262,75.75,0.0,34.8,19,1,1
13:22:23.430,VIGILE,1,178.29,-12.93,0.274,-4.544,7.207,-1.621,0.364,0.685,-1.041,75.75,0.0,34.8,19,1,1
13:22:23.930,VIGILE,1,-179.77,-14.58,0.253,-4.999,7.982,0.05,-1.372,0.031,-0.383,75.75,0.0,34.8,19,1,1
13:22:24.430,VIGILE,1,179.22,-11.6,0.256,-4.578,7.563,-0.498,-0.583,-0.34,-0.099,75.75,0.0,34.8,19,1,1
13:22:24.930,VIGILE,1,177.07,-13.19,0.249,-5.485,7.673,-1.255,-0.265,0.124,-0.05,75.75,0.0,34.8,19,1,1
13:22:25.430,VIGILE,1,176.42,-6.49,0.242,-5.155,7.906,-1.439,-0.056,0.037,-0.031,75.75,0.0,34.8,19,1,1
13:22:25.930,VIGILE,1,176.01,-7.49,0.271,-5.289,7.724,-1.298,-0.212,-0.196,-0.013,75.75,0.0,34.8,19,1,1
13:22:26.430,VIGILE,1,176.33,-11.29,0.268,-5.131,7.827,-1.022,-0.095,-0.09,-0.122,75.75,0.0,34.8,19,1,1
13:22:26.931,VIGILE,1,176.67,-14.12,0.252,-9.029,9.584,-2.658,0.731,0.226,0.083,75.75,0.0,34.8,19,1,1
13:22:27.431,VIGILE,1,179.18,-6.83,0.273,-4.606,6.539,-3.534,1.402,0.157,0.621,75.75,0.0,34.8,19,1,1
13:22:27.931,VIGILE,1,178.67,-9.88,0.27,-5.169,8.013,-3.218,0.286,1.039,-0.632,75.75,0.0,34.8,19,1,1
13:22:28.431,VIGILE,1,175.48,-4.56,0.28,-5.365,7.671,-2.492,0.051,0.406,-0.23,75.75,0.0,34.7,18,1,1
13:22:28.931,VIGILE,1,173.7,-3.16,0.272,-5.432,7.408,-2.195,-0.122,0.187,0.108,75.75,0.0,34.7,18,1,1
13:22:29.431,VIGILE,1,175.17,-3.55,0.262,-5.327,7.774,-0.364,-0.074,0.199,0.047,75.75,0.0,34.7,18,1,1
13:22:29.931,VIGILE,1,176.78,4.65,0.245,-6.819,7.867,0.52,-0.168,0.073,0.128,75.75,0.0,34.7,18,1,1
13:22:30.431,VIGILE,1,177.68,4.8,0.258,-5.389,7.628,-0.702,-0.149,0.041,-0.119,75.75,0.0,34.7,18,1,1
13:22:30.931,VIGILE,0,0.0,0.0,0.0,-5.667,7.089,-0.656,-0.16,0.287,0.067,75.75,0.0,34.6,18,1,1
13:22:31.431,VIGILE,1,-178.11,37.37,0.359,-6.069,7.513,-0.979,-0.17,0.162,-0.259,75.75,0.0,34.6,18,1,1
13:22:31.931,VIGILE,1,-172.04,43.96,0.254,-5.131,7.499,-1.618,-0.116,0.276,-0.187,75.75,0.0,34.6,18,1,1
13:22:32.431,VIGILE,0,0.0,0.0,0.0,-5.215,6.201,-2.557,-0.393,0.171,-0.048,75.75,0.0,34.6,18,1,1
13:22:32.931,VIGILE,1,-176.89,-64.51,0.404,-5.289,7.523,-3.924,-0.362,0.448,-0.035,75.75,0.0,34.6,18,1,1
13:22:33.431,VIGILE,1,176.33,-37.3,0.29,-5.562,6.06,-3.517,-0.514,0.304,-0.397,75.75,0.0,34.6,18,1,1
13:22:33.931,VIGILE,1,178.53,-32.88,0.216,-4.93,7.156,-4.341,-0.226,0.194,-0.122,75.75,0.0,34.6,18,1,1
13:22:34.432,VIGILE,1,179.01,-25.95,0.245,-5.691,6.445,-4.209,-0.309,0.177,-0.285,75.75,0.0,34.6,18,1,1
13:22:34.932,VIGILE,1,177.34,-22.1,0.266,-5.059,7.183,-2.085,-0.654,0.111,-0.12,75.75,0.0,34.6,18,1,1
13:22:35.432,VIGILE,1,178.49,-14.01,0.266,-5.44,7.755,-2.004,0.199,0.154,0.185,75.75,0.0,34.6,18,1,1
13:22:35.932,VIGILE,1,176.18,1.58,0.281,-4.369,8.341,-3.132,-0.509,0.165,-0.105,75.75,0.0,34.5,17,1,1
13:22:36.432,VIGILE,1,179.26,0.25,0.258,-5.085,7.865,-4.432,-0.188,-0.179,0.209,75.75,0.0,34.5,17,1,1
13:22:36.932,VIGILE,1,178.38,5.28,0.255,-3.711,7.731,-3.768,-0.24,0.23,0.088,75.75,0.0,34.5,17,1,1
13:22:37.432,VIGILE,1,179.07,2.7,0.252,-2.981,8.222,-3.575,-0.098,-0.088,-0.045,75.75,0.0,34.5,17,1,1
13:22:37.932,VIGILE,1,175.51,24.11,0.283,-4.999,8.574,-4.353,-0.08,0.043,0.157,75.75,0.0,34.5,17,1,1
13:22:38.432,VIGILE,1,177.91,7.45,0.254,-3.247,6.591,-4.556,0.055,0.061,-0.649,75.75,0.0,34.5,16,1,1
13:22:38.932,VIGILE,1,177.85,1.85,0.221,-4.518,7.144,-3.589,0.66,-0.233,0.699,75.75,0.0,34.5,16,1,1
13:22:39.432,VIGILE,1,176.63,-7.32,0.233,-5.938,9.852,-2.258,0.146,-0.155,0.122,75.75,0.0,34.5,16,1,1
13:22:39.932,VIGILE,1,174.84,-6.71,0.239,-5.511,6.361,-3.637,-0.945,-0.07,-0.315,75.75,0.0,34.5,16,1,1
13:22:40.432,VIGILE,1,174.38,-4.24,0.248,-5.262,6.065,-2.473,-1.603,1.029,-0.804,75.75,0.0,34.5,16,1,1
13:22:40.932,VIGILE,1,179.14,-9.88,0.219,-6.005,6.653,-3.407,0.973,0.453,-0.18,75.75,0.0,34.4,16,1,1
13:22:41.433,VIGILE,1,172.33,-5.52,0.251,-5.634,6.61,-1.362,-0.45,-0.311,0.502,75.75,0.0,34.4,16,1,1
13:22:41.933,VIGILE,1,174.06,-4.96,0.251,-4.626,6.79,-1.748,-0.009,0.21,-0.14,75.75,0.0,34.4,16,1,1
13:22:42.433,VIGILE,1,176.02,-12.02,0.255,-4.283,7.999,-1.812,0.342,0.093,-0.067,75.75,0.0,34.4,16,1,1
13:22:42.933,VIGILE,1,171.18,-5.72,0.252,-4.875,7.343,-2.263,-0.321,-0.227,0.149,75.75,0.0,34.4,16,1,1
13:22:43.433,VIGILE,1,175.67,-8.53,0.27,-5.89,7.997,-0.713,-0.032,-0.097,0.01,75.75,0.0,34.3,16,1,1
13:22:43.933,VIGILE,1,175.58,-11.28,0.283,-3.481,8.423,-1.82,0.201,0.463,0.267,75.75,0.0,34.3,16,1,1
13:22:44.433,VIGILE,1,175.2,-7.17,0.226,-4.954,7.994,-0.977,0.663,0.184,0.229,75.75,0.0,34.3,16,1,1
13:22:44.933,VIGILE,1,176.73,-5.25,0.26,-4.3,7.848,-1.824,-0.058,0.134,-0.152,75.75,0.0,34.3,16,1,1
13:22:45.433,VIGILE,1,177.92,-12.28,0.271,-5.911,7.963,-0.445,-1.891,-0.436,-0.759,75.75,0.0,34.3,16,1,1
13:22:45.933,VIGILE,1,174.33,-10.68,0.253,-6.455,8.322,0.546,-0.44,0.088,0.55,75.75,0.0,34.3,16,1,1
13:22:46.433,VIGILE,1,176.01,-11.0,0.278,-4.681,7.482,-1.877,-0.056,0.132,-0.196,75.75,0.0,34.3,16,1,1
13:22:46.933,VIGILE,1,171.52,-2.99,0.265,-5.557,7.736,-1.441,-0.301,-0.321,0.144,75.75,0.0,34.3,16,1,1
13:22:47.433,VIGILE,1,175.05,3.94,0.279,-5.028,8.351,-1.863,-0.165,-0.259,0.504,75.75,0.0,34.3,16,1,1
13:22:47.933,VIGILE,1,174.06,-20.58,0.295,-4.764,7.477,-1.867,-0.063,0.042,-0.179,75.75,0.0,34.3,16,1,1
13:22:48.433,VIGILE,1,173.73,-12.99,0.279,-5.109,7.932,-2.002,-0.213,0.19,-0.144,75.75,0.0,34.2,15,1,1
13:22:48.933,VIGILE,1,176.48,-9.15,0.278,-4.286,8.736,-2.825,0.127,0.562,-0.249,75.75,0.0,34.2,15,1,1
13:22:49.434,VIGILE,1,177.97,-5.75,0.294,-5.365,8.322,-2.624,-0.245,0.197,0.142,75.75,0.0,34.2,15,1,1
13:22:49.934,VIGILE,1,178.0,-12.54,0.289,-5.765,8.035,-1.808,-0.255,-0.047,0.16,75.75,0.0,34.2,15,1,1
13:22:50.434,VIGILE,1,176.68,-11.28,0.264,-5.119,7.669,-1.709,-0.05,0.133,-0.075,75.75,0.0,34.2,15,1,1
13:22:50.934,VIGILE,1,179.25,-12.82,0.288,-4.705,7.977,-2.014,-0.201,0.107,-0.14,75.75,0.0,34.1,15,1,1
13:22:51.434,VIGILE,1,173.36,-9.86,0.273,-5.923,7.171,-2.325,-0.39,0.608,-0.832,75.75,0.0,34.1,15,1,1
13:22:51.934,VIGILE,1,177.32,-3.65,0.276,-4.987,8.14,-1.109,-0.453,-0.096,-0.184,75.75,0.0,34.1,15,1,1
13:22:52.434,VIGILE,1,176.67,-14.87,0.279,-5.188,7.468,-2.907,0.753,0.274,0.126,75.75,0.0,34.1,15,1,1
13:22:52.934,VIGILE,1,172.19,-4.58,0.272,-5.775,6.268,-2.976,1.077,0.483,0.281,75.75,0.0,34.1,15,1,1
13:22:53.434,VIGILE,1,173.63,-8.4,0.274,-5.784,7.123,-3.862,0.107,0.078,-0.133,75.75,0.0,34.1,15,1,1
13:22:53.934,VIGILE,1,177.73,-13.43,0.248,-2.89,8.866,-1.58,0.188,0.658,-0.025,75.75,0.0,34.1,15,1,1
13:22:54.434,VIGILE,1,175.8,-9.02,0.267,-5.744,8.238,-1.444,-0.235,-0.57,0.424,75.75,0.0,34.1,15,1,1
13:22:54.934,VIGILE,1,178.2,-11.38,0.266,-5.265,6.912,-1.765,-0.186,-0.097,-0.051,75.75,0.0,34.1,15,1,1
13:22:55.434,VIGILE,1,175.17,-6.91,0.26,-5.286,7.242,1.053,-0.824,0.184,-0.614,75.75,0.0,34.1,15,1,1
13:22:55.934,VIGILE,1,176.72,-11.3,0.283,-4.788,7.336,-1.386,-0.137,-0.014,-0.119,75.75,0.0,34.0,15,1,1
13:22:56.434,VIGILE,1,175.98,-6.14,0.271,-5.899,7.192,-1.132,0.248,-0.038,-0.027,75.75,0.0,34.0,15,1,1
13:22:56.934,VIGILE,1,173.74,-2.57,0.252,-5.013,7.422,-1.238,0.728,0.116,-0.102,75.75,0.0,34.0,15,1,1
13:22:57.434,VIGILE,1,178.59,-7.29,0.297,-5.418,7.875,-2.023,0.681,-0.027,0.155,75.75,0.0,34.0,15,1,1
13:22:57.934,VIGILE,1,174.42,-4.7,0.279,-5.318,7.738,-1.669,-0.108,0.013,0.024,75.75,0.0,34.0,15,1,1
13:22:58.434,VIGILE,1,-179.52,-5.36,0.285,-5.399,7.513,-2.82,-0.014,0.369,0.006,75.75,0.0,33.9,15,1,1
13:22:58.934,VIGILE,1,174.44,-4.63,0.27,-4.86,7.463,-2.648,-0.081,0.115,0.023,75.75,0.0,33.9,15,1,1
13:22:59.435,VIGILE,1,176.8,-13.48,0.25,-4.482,7.721,-2.406,-0.14,0.103,-0.144,75.75,0.0,33.9,15,1,1
13:22:59.935,VIGILE,1,175.55,-8.72,0.281,-4.274,7.599,-2.298,-0.12,0.139,-0.081,75.75,0.0,33.9,15,1,1
13:23:00.435,VIGILE,1,175.84,-7.05,0.268,-5.181,7.468,-2.325,-0.238,0.005,0.104,75.75,0.0,33.9,15,1,1
13:23:00.935,VIGILE,1,175.99,-9.61,0.264,-4.99,7.63,-2.066,-0.098,-0.094,-0.008,75.75,0.0,33.9,15,1,1
13:23:01.435,VIGILE,1,175.85,16.44,0.249,-5.011,7.175,-1.48,-0.164,-0.172,0.034,75.75,0.0,33.9,15,1,1
13:23:01.935,VIGILE,1,176.75,-2.55,0.273,-5.246,8.722,-1.513,-0.579,0.678,-0.75,75.75,0.0,33.9,15,1,1
13:23:02.435,VIGILE,1,176.83,-3.6,0.251,-5.318,8.468,-0.364,-0.252,-0.014,-0.017,75.75,0.0,33.9,15,1,1
13:23:02.935,VIGILE,1,177.69,-16.7,0.274,-6.869,6.721,-2.301,0.08,0.196,0.061,75.75,0.0,33.9,15,1,1
13:23:03.435,VIGILE,1,175.19,-10.68,0.261,-5.033,7.657,-1.875,-0.16,0.209,-0.107,75.75,0.0,33.8,15,1,1
13:23:03.935,VIGILE,1,176.64,-14.52,0.281,-5.152,7.58,-1.999,-0.23,0.067,0.051,75.75,0.0,33.8,15,1,1
13:23:04.435,VIGILE,1,175.65,-12.08,0.265,-5.351,7.853,-2.229,-0.189,0.094,0.052,75.75,0.0,33.8,15,1,1
13:23:04.935,VIGILE,1,175.9,-16.54,0.225,-5.282,7.494,-1.901,-0.12,-0.067,-0.066,75.75,0.0,33.8,15,1,1
13:23:05.435,VIGILE,1,174.83,-15.93,0.257,-5.547,7.616,-2.155,-0.125,0.074,-0.004,75.75,0.0,33.8,15,1,1
13:23:05.935,VIGILE,1,173.36,-13.57,0.268,-5.799,7.568,-3.812,-0.135,0.045,0.03,75.75,0.0,33.7,15,1,1
13:23:06.435,VIGILE,1,175.21,-11.14,0.268,-4.271,7.199,-1.966,-0.387,-0.054,0.248,75.75,0.0,33.7,15,1,1
13:23:06.935,VIGILE,1,173.84,-11.58,0.268,-5.83,7.118,-2.684,0.11,0.884,-1.247,75.75,0.0,33.7,15,1,1
13:23:07.435,VIGILE,1,174.17,3.46,0.252,-5.313,7.944,-3.196,-0.079,0.236,-0.084,75.75,0.0,33.7,15,1,1
13:23:07.936,VIGILE,1,173.65,-3.76,0.273,-6.352,7.118,-0.716,-0.505,0.18,-0.251,75.75,0.0,33.7,15,1,1
13:23:08.436,VIGILE,1,176.55,-9.51,0.277,-5.167,7.468,-1.946,-0.202,0.176,0.104,75.75,0.0,33.6,15,1,1
13:23:08.936,VIGILE,1,176.92,-0.4,0.291,-4.887,7.219,-1.583,0.066,-0.151,0.018,75.75,0.0,33.6,15,1,1
13:23:09.436,VIGILE,1,173.36,-2.86,0.293,-4.75,7.657,-0.826,-0.053,0.082,-0.02,75.75,3060.97,33.6,15,1,1
13:23:09.936,VIGILE,1,171.97,5.07,0.251,-5.562,7.544,-1.032,-0.066,0.024,-0.05,75.75,3187.8,33.6,15,1,1
13:23:10.436,VIGILE,1,173.35,6.22,0.27,-5.025,8.128,-1.336,-0.108,-0.132,0.062,75.75,0.0,33.6,15,1,1
13:23:10.936,VIGILE,1,176.53,-2.61,0.261,-4.07,8.396,-1.712,-0.084,0.171,-0.015,75.75,0.0,33.5,15,1,1
13:23:11.436,VIGILE,1,175.58,-3.41,0.253,-3.725,9.246,-2.021,-0.131,0.056,0.063,75.75,0.0,33.5,15,1,1
13:23:11.936,VIGILE,1,175.16,3.24,0.266,-3.215,8.526,-3.292,0.086,0.213,-0.175,75.75,0.0,33.5,15,1,1
13:23:12.436,VIGILE,1,174.9,6.19,0.279,-2.947,9.357,-1.753,0.475,-0.287,0.552,75.75,0.0,33.5,15,1,1
13:23:12.936,VIGILE,1,178.04,0.51,0.268,-3.4,7.389,-3.517,-0.106,-0.183,0.028,75.75,0.0,33.5,15,1,1
13:23:13.436,VIGILE,1,173.86,13.57,0.268,-4.752,8.442,-3.165,-0.149,-0.138,0.199,75.75,0.0,33.4,15,1,1
13:23:13.936,VIGILE,1,174.2,12.32,0.278,-4.386,9.117,-3.077,-0.047,0.232,0.033,75.75,0.0,33.4,15,1,1
13:23:14.436,VIGILE,1,176.15,5.11,0.274,-4.489,7.966,-1.769,-0.073,0.042,-0.136,75.75,0.0,33.4,15,1,1
13:23:14.936,VIGILE,1,177.15,8.4,0.25,-3.773,8.545,-3.17,-0.011,0.092,-0.274,75.75,0.0,33.4,15,1,1
13:23:15.436,VIGILE,1,176.58,13.35,0.275,-3.73,8.344,-3.201,-0.106,-0.027,0.123,75.75,0.0,33.4,15,1,1
13:23:15.936,VIGILE,1,175.0,11.06,0.282,-3.656,9.033,-2.011,-0.061,0.079,-0.314,75.75,0.0,33.3,15,1,1
13:23:16.436,VIGILE,1,177.2,11.31,0.274,-3.065,8.693,-1.607,-0.042,-0.095,-0.055,75.75,0.0,33.3,15,1,1
13:23:16.937,VIGILE,1,175.38,3.25,0.275,-3.598,9.064,-1.298,-0.047,-0.045,-0.039,75.75,0.0,33.3,15,1,1
13:23:17.437,VIGILE,1,177.74,1.66,0.266,-3.836,8.985,-2.686,0.993,-0.095,0.676,75.75,0.0,33.3,15,1,1
13:23:17.937,VIGILE,1,175.91,1.41,0.195,-4.13,8.914,-1.626,-0.031,0.048,-0.072,75.75,0.0,33.3,15,1,1
13:23:18.437,VIGILE,1,174.7,-2.97,0.283,-4.525,8.77,-0.824,-0.017,0.208,-0.086,75.75,0.0,33.3,15,1,1
13:23:18.937,VIGILE,1,176.82,-8.8,0.272,-4.135,8.011,-2.049,-0.187,0.087,0.158,75.75,0.0,33.3,15,1,1
13:23:19.437,VIGILE,1,177.09,-10.81,0.278,-4.061,7.369,-1.717,0.055,0.174,-0.192,75.75,0.0,33.3,15,1,1
13:23:19.937,VIGILE,1,178.64,-13.58,0.284,-4.499,7.178,-1.93,-0.027,0.176,-0.056,75.75,0.0,33.3,15,1,1
13:23:20.437,VIGILE,1,179.48,-24.96,0.287,-5.001,8.526,-0.788,-0.162,-0.093,-0.093,75.75,0.0,33.3,15,1,1
13:23:20.937,VIGILE,1,176.06,-18.21,0.292,-5.734,8.564,-2.514,0.493,0.526,0.023,75.75,0.0,33.2,15,1,1
13:23:21.437,VIGILE,1,174.55,-42.5,0.277,-3.989,7.903,-0.644,-0.268,0.118,0.135,75.75,0.0,33.2,15,1,1
13:23:21.937,VIGILE,1,175.58,-72.42,0.444,-4.798,8.212,-1.099,-0.139,0.01,0.009,75.75,0.0,33.2,15,1,1
13:23:22.437,VIGILE,1,179.23,-27.05,0.287,-5.497,8.277,-2.519,0.529,-0.69,1.65,75.75,0.0,33.2,15,1,1
13:23:22.937,VIGILE,1,179.19,-26.39,0.279,-5.804,8.396,-1.305,-0.46,0.002,-0.325,75.75,0.0,33.2,15,1,1
13:23:23.437,VIGILE,1,-178.71,-14.93,0.271,-4.262,7.207,-2.382,-0.185,0.141,0.209,75.75,0.0,33.1,15,1,1
13:23:23.937,VIGILE,1,-179.68,-15.88,0.262,-3.053,8.593,-0.242,-0.964,-0.226,0.048,75.75,0.0,33.1,15,1,1
13:23:24.437,VIGILE,1,177.45,-10.55,0.276,-4.243,7.858,-1.398,0.207,-0.719,1.069,75.75,0.0,33.1,15,1,1
13:23:24.937,VIGILE,1,176.95,-10.01,0.253,-7.626,5.234,-3.757,0.522,0.175,-0.185,75.75,0.0,33.1,15,1,1
13:23:25.438,VIGILE,1,179.7,-6.61,0.262,-4.511,7.757,-1.18,-0.207,0.148,-0.288,75.75,0.0,33.1,15,1,1
13:23:25.938,VIGILE,1,175.27,-12.33,0.246,-5.385,7.52,-1.312,0.157,-0.27,-0.155,75.75,0.0,33.1,15,1,1
13:23:26.438,VIGILE,1,173.35,-9.17,0.27,-7.669,8.586,-2.025,0.12,0.229,0.502,75.75,0.0,33.1,15,1,1
13:23:26.938,VIGILE,1,174.44,-9.67,0.252,-5.26,8.332,-2.952,0.122,0.306,-0.133,75.75,0.0,33.1,15,1,1
13:23:27.438,VIGILE,1,176.0,1.69,0.278,-4.808,9.275,-0.836,0.247,0.098,0.266,75.75,0.0,33.1,15,1,1
13:23:27.938,VIGILE,1,177.47,8.15,0.25,-5.08,7.178,-1.939,-0.092,-0.077,0.009,75.75,0.0,33.1,15,1,1
13:23:28.438,VIGILE,1,-179.53,3.08,0.249,-4.195,7.997,-1.377,0.085,-0.005,0.039,75.75,0.0,33.1,15,1,1
13:23:28.938,VIGILE,1,178.65,25.35,0.259,-4.918,7.523,-1.75,-0.257,0.313,-0.056,75.75,0.0,33.1,15,1,1
13:23:29.438,VIGILE,1,178.55,4.17,0.256,-5.38,8.033,-2.023,-0.296,0.019,0.149,75.75,0.0,33.1,15,1,1
13:23:29.938,VIGILE,1,177.47,-19.62,0.248,-4.551,7.764,-2.306,-0.205,0.074,0.159,75.75,0.0,33.1,15,1,1
13:23:30.438,VIGILE,1,175.22,-25.09,0.252,-4.736,10.144,0.223,-2.395,0.052,-1.633,75.75,0.0,33.1,15,1,1
13:23:30.938,VIGILE,1,175.12,-22.43,0.26,-3.903,7.693,-0.577,-0.154,0.018,-0.261,75.75,0.0,33.0,15,1,1
13:23:31.438,VIGILE,1,170.75,-6.96,0.258,-5.902,8.904,0.177,-0.173,0.149,-0.208,75.75,0.0,33.0,15,1,1
13:23:31.938,VIGILE,1,175.25,-8.2,0.251,-6.196,4.81,-1.123,-0.799,-0.017,-0.99,75.75,0.0,33.0,15,1,1
13:23:32.438,VIGILE,1,172.73,3.19,0.235,-5.849,9.194,0.737,-0.111,0.517,-0.339,75.75,0.0,33.0,15,1,1
13:23:32.938,VIGILE,1,176.95,5.16,0.277,-5.473,8.193,3.201,-0.073,-0.117,0.209,75.75,0.0,33.0,15,1,1
13:23:33.439,VIGILE,1,177.96,14.66,0.27,-4.922,9.328,-0.634,-0.005,-0.098,0.14,75.75,0.0,33.0,15,1,1
13:23:33.939,VIGILE,1,176.57,19.58,0.289,-7.999,8.219,-0.314,-0.094,0.038,0.158,75.75,0.0,33.0,15,1,1
13:23:34.439,VIGILE,1,-179.95,28.94,0.322,-6.112,6.563,-1.556,0.189,-0.188,0.083,75.75,0.0,33.0,15,1,1
13:23:34.939,VIGILE,1,173.82,41.46,0.383,-4.125,8.868,-0.678,0.038,-0.168,-0.026,75.75,0.0,33.0,15,1,1
13:23:35.439,VIGILE,1,172.03,43.69,0.372,-2.258,9.486,-0.378,0.074,-0.248,0.087,75.75,0.0,33.0,15,1,1
13:23:35.939,VIGILE,1,170.37,44.86,0.402,-3.328,10.561,0.857,0.053,-0.4,0.259,75.75,0.0,32.9,15,1,1
13:23:36.439,VIGILE,1,167.84,42.22,0.379,-2.806,10.925,0.548,-1.054,-0.708,-0.196,75.75,0.0,32.9,15,1,1
13:23:36.939,VIGILE,1,177.81,42.22,0.351,-1.077,11.162,-0.338,0.184,-0.269,0.273,75.75,0.0,32.9,15,1,1
13:23:37.439,VIGILE,1,-178.91,34.33,0.33,-2.844,10.116,-1.468,0.233,-0.369,0.087,75.75,0.0,32.9,15,1,1
13:23:37.939,VIGILE,1,179.66,40.74,0.281,-3.44,8.775,-2.631,0.117,-0.347,0.071,75.75,0.0,32.9,15,1,1
13:23:38.439,VIGILE,1,-179.93,12.01,0.269,-3.661,8.715,-3.622,-0.041,-0.043,0.104,75.75,0.0,32.9,15,1,1
13:23:38.939,VIGILE,1,174.27,5.07,0.243,-4.219,7.661,-3.898,-0.136,0.213,-0.037,75.75,0.0,32.9,15,1,1
13:23:39.439,VIGILE,1,173.39,3.7,0.262,-4.764,7.937,-2.179,-0.257,-0.148,0.167,75.75,0.0,32.9,15,1,1
13:23:39.939,VIGILE,1,175.76,-6.61,0.262,-4.702,8.033,-1.915,-0.023,0.106,0.2,75.75,0.0,32.9,15,1,1
13:23:40.439,VIGILE,1,174.96,-4.74,0.249,-5.212,7.793,-1.69,-0.184,-0.075,0.027,75.75,0.0,32.9,15,1,1
13:23:40.940,VIGILE,1,178.09,-4.69,0.25,-3.929,7.681,-2.962,-0.261,0.13,0.012,75.75,0.0,33.0,15,1,1
13:23:41.440,VIGILE,1,178.05,-7.98,0.262,-4.233,7.793,-3.134,-0.214,0.044,0.039,75.75,0.0,33.0,15,1,1
13:23:41.940,VIGILE,1,177.5,-10.27,0.245,-3.168,10.412,-2.808,0.354,0.068,0.243,75.75,0.0,33.0,15,1,1
13:23:42.440,VIGILE,1,173.54,-1.23,0.249,-4.58,7.582,-1.695,-0.269,0.227,-0.217,75.75,0.0,33.0,15,1,1
13:23:42.940,VIGILE,1,177.62,30.8,0.174,-3.383,7.647,-2.184,0.203,0.557,-0.27,75.75,0.0,33.0,15,1,1
13:23:43.440,VIGILE,1,176.1,4.31,0.234,-3.869,7.913,-2.442,-0.108,0.238,-0.313,75.75,0.0,33.0,15,1,1
13:23:43.940,VIGILE,1,178.44,-1.48,0.257,-4.606,7.628,-3.484,-0.137,-0.04,-0.007,75.75,0.0,33.0,15,1,1
13:23:44.440,VIGILE,1,178.64,4.33,0.246,-4.219,7.319,-3.122,-0.233,0.199,0.039,75.75,0.0,33.0,15,1,1
13:23:44.940,VIGILE,1,176.64,7.54,0.237,-4.128,8.135,-2.696,-0.2,-0.171,0.097,75.75,0.0,33.0,15,1,1
13:23:45.440,VIGILE,1,176.42,-0.17,0.225,-3.996,7.956,-2.83,-0.239,-0.022,0.052,75.75,0.0,33.0,15,1,1
13:23:45.940,VIGILE,1,176.43,-2.87,0.218,-3.321,7.477,-2.907,0.334,0.287,-0.063,75.75,0.0,33.1,15,1,1
13:23:46.440,VIGILE,1,170.46,-2.76,0.253,-4.58,8.432,-2.665,0.062,0.032,0.254,75.75,0.0,33.1,15,1,1
13:23:46.940,VIGILE,1,173.67,-1.25,0.217,-4.532,7.913,-1.623,-0.108,0.037,-0.162,75.75,0.0,33.1,15,1,1
13:23:47.440,VIGILE,1,174.17,9.58,0.155,-4.587,8.143,-1.369,-0.094,0.04,0.06,75.75,0.0,33.1,15,1,1
13:23:47.940,VIGILE,1,175.11,6.36,0.22,-4.918,7.736,-1.142,-0.907,0.18,-0.358,75.75,0.0,33.1,15,1,1
13:23:48.440,VIGILE,1,173.82,5.41,0.244,-5.253,7.611,-0.977,-0.139,0.082,-0.037,75.75,0.0,33.1,15,1,1
13:23:48.941,VIGILE,1,175.01,0.61,0.23,-5.772,7.719,-0.766,-0.201,-0.051,0.035,75.75,0.0,33.1,15,1,1
13:23:49.441,VIGILE,1,174.5,10.57,0.253,-4.913,7.994,-0.903,0.103,0.21,0.341,75.75,0.0,33.1,15,1,1
13:23:49.941,VIGILE,1,173.55,16.31,0.257,-5.622,7.968,0.29,-0.137,0.051,-0.054,75.75,0.0,33.1,15,1,1
13:23:50.441,VIGILE,1,175.34,22.48,0.176,-5.787,7.405,0.797,-0.143,-0.091,-0.001,75.75,0.0,33.1,15,1,1
13:23:50.941,VIGILE,1,178.53,-7.2,0.249,-5.638,7.515,-0.232,-0.076,0.188,-0.061,75.75,0.0,33.1,15,1,1
13:23:51.441,VIGILE,1,177.31,-20.24,0.257,-6.261,7.549,-1.087,-0.167,0.132,-0.072,75.75,0.0,33.1,15,1,1
13:23:51.941,VIGILE,1,173.36,-30.94,0.285,-7.039,6.328,-1.968,-0.217,0.327,-0.048,75.75,0.0,33.1,15,1,1
13:23:52.441,VIGILE,1,174.3,-30.93,0.251,-7.075,6.651,-2.049,-0.373,0.33,-0.113,75.75,0.0,33.1,15,1,1
13:23:52.941,VIGILE,1,175.22,-31.89,0.266,-6.416,6.972,-2.523,-0.066,0.501,-0.193,75.75,0.0,33.1,15,1,1
13:23:53.441,VIGILE,1,177.46,-30.72,0.264,-7.479,5.593,-2.485,-0.406,0.622,-0.208,75.75,0.0,33.1,15,1,1
13:23:53.941,VIGILE,1,176.56,-26.09,0.252,-7.424,7.626,-2.488,-0.571,0.435,-0.364,75.75,0.0,33.1,15,1,1
13:23:54.441,VIGILE,1,178.75,-20.12,0.29,-4.841,6.891,-4.63,-0.332,0.475,-0.426,75.75,0.0,33.1,15,1,1
13:23:54.941,VIGILE,1,-179.17,-15.06,0.283,-2.514,8.452,-1.731,-0.878,0.273,0.097,75.75,0.0,33.1,15,1,1
13:23:55.441,VIGILE,1,178.93,0.24,0.273,-3.979,7.781,-3.405,-0.23,0.096,-0.044,75.75,0.0,33.1,15,1,1
13:23:55.942,VIGILE,1,176.85,1.33,0.27,-3.876,7.879,-3.5,-0.504,0.167,-0.072,75.75,0.0,33.2,15,1,1
13:23:56.442,VIGILE,1,175.81,-0.64,0.277,-3.917,7.35,-4.463,0.246,0.14,-0.305,75.75,0.0,33.2,15,1,1
13:23:56.942,VIGILE,1,175.2,-0.04,0.27,-4.118,7.46,-3.438,-0.125,0.171,-0.137,75.75,0.0,33.2,15,1,1
13:23:57.442,VIGILE,1,174.89,-4.05,0.273,-4.317,8.198,-2.952,-0.204,0.111,-0.07,75.75,0.0,33.2,15,1,1
13:23:57.942,VIGILE,1,175.02,-2.86,0.273,-4.154,8.045,-2.349,0.529,0.085,0.3,75.75,0.0,33.2,15,1,1
13:23:58.442,VIGILE,1,175.91,-3.58,0.281,-4.053,9.206,-2.502,-0.007,0.072,-0.059,75.75,2185.97,33.2,15,1,1
13:23:58.942,VIGILE,1,176.16,3.5,0.27,-7.523,8.672,-2.816,-0.61,-0.158,-0.364,75.75,0.0,33.2,15,1,1
13:23:59.442,VIGILE,1,178.17,-4.06,0.25,-2.468,4.944,-3.632,0.665,0.537,-0.926,75.75,0.0,33.2,15,1,1
13:23:59.942,VIGILE,1,177.71,-0.45,0.278,-2.583,8.327,-1.252,-0.125,-0.359,0.226,75.75,0.0,33.2,15,1,1
13:24:00.442,VIGILE,1,176.44,9.16,0.284,0.9,10.894,0.994,-0.277,0.003,0.253,75.75,0.0,33.2,15,1,1
13:24:00.942,VIGILE,1,178.99,6.68,0.276,-3.086,7.163,-4.245,-0.13,-0.106,0.393,75.75,0.0,33.2,15,1,1
13:24:01.442,VIGILE,1,173.97,5.38,0.283,-3.996,8.255,-1.518,-1.643,-0.262,-0.322,75.75,0.0,33.2,15,1,1
13:24:01.942,VIGILE,1,173.74,10.71,0.282,-4.07,6.574,-3.546,-0.332,0.046,0.063,75.75,0.0,33.2,15,1,1
13:24:02.442,VIGILE,1,174.81,8.22,0.276,-3.898,8.272,-2.265,1.426,0.49,0.308,75.75,0.0,33.2,15,1,1
13:24:02.942,VIGILE,1,174.35,-3.57,0.294,-5.052,6.986,-4.606,2.47,0.2,0.484,75.75,0.0,33.2,15,1,1
13:24:03.442,VIGILE,1,177.14,-1.17,0.257,-3.972,9.838,-2.133,-0.403,0.238,-0.311,75.75,0.0,33.2,15,1,1
13:24:03.943,VIGILE,1,172.74,-9.51,0.245,-5.691,9.886,-5.222,0.468,0.223,-0.686,75.75,0.0,33.2,15,1,1
13:24:04.443,VIGILE,1,175.65,3.27,0.217,-5.112,7.798,-4.475,-0.374,0.71,-0.521,75.75,0.0,33.2,15,1,1
13:24:04.943,VIGILE,1,171.79,7.57,0.266,-3.903,8.701,-0.891,-1.349,0.743,-0.696,75.75,0.0,33.2,15,1,1
13:24:05.443,VIGILE,1,172.52,1.04,0.257,-4.52,7.946,-0.634,0.06,0.309,-0.458,75.75,0.0,33.2,15,1,1
13:24:05.943,VIGILE,1,176.29,8.79,0.242,-5.413,7.187,-2.519,-0.315,0.048,-0.746,75.75,0.0,33.3,15,1,1
13:24:06.443,VIGILE,1,178.77,31.26,0.248,-4.956,9.371,-0.101,-0.153,-0.047,-0.095,75.75,0.0,33.3,15,1,1
13:24:06.943,VIGILE,1,175.06,38.41,0.471,-5.341,8.083,1.422,-0.334,-0.299,0.277,75.75,0.0,33.3,15,1,1
13:24:07.443,VIGILE,1,172.2,66.36,0.492,-4.379,7.609,2.423,-1.2,-0.689,-0.096,75.75,0.0,33.3,15,1,1
13:24:07.943,VIGILE,1,176.07,39.7,0.355,-4.997,8.444,-1.116,-0.16,-0.009,-0.034,75.75,0.0,33.3,15,1,1
13:24:08.443,VIGILE,1,176.4,-18.49,0.247,-4.748,7.865,-1.882,-0.084,-0.173,-0.005,75.75,0.0,33.3,15,1,1
13:24:08.943,VIGILE,1,173.09,-16.1,0.247,-4.561,8.258,-2.595,-0.015,-0.123,-0.055,75.75,0.0,33.3,15,1,1
13:24:09.443,VIGILE,1,173.41,-14.14,0.259,-4.046,8.186,-2.253,0.996,0.306,0.209,75.75,0.0,33.3,15,1,1
13:24:09.943,VIGILE,1,167.3,-11.93,0.238,-5.581,8.231,-2.217,0.048,0.456,0.392,75.75,0.0,33.3,15,1,1
13:24:10.443,VIGILE,1,170.26,-10.15,0.236,-4.266,9.67,-1.396,-0.95,0.011,0.132,75.75,0.0,33.3,15,1,1
13:24:10.944,VIGILE,1,171.7,-11.88,0.257,-4.685,7.64,-3.098,-0.452,0.114,-0.492,75.75,0.0,33.4,15,1,1
13:24:11.444,VIGILE,1,174.65,-7.81,0.211,-6.311,9.191,-2.071,-0.251,-0.087,0.139,75.75,0.0,33.4,15,1,1
13:24:11.944,VIGILE,1,175.99,2.34,0.216,-3.874,6.39,-2.844,-0.152,-0.098,-0.119,75.75,0.0,33.4,15,1,1
13:24:12.444,VIGILE,1,179.2,-9.12,0.247,-4.848,7.362,-1.298,-0.049,0.078,-0.041,75.75,0.0,33.4,15,1,1
13:24:12.944,VIGILE,1,179.55,-6.9,0.265,-4.968,7.774,-0.991,-0.358,-0.105,-0.136,75.75,0.0,33.4,15,1,1
13:24:13.444,VIGILE,1,175.29,-3.29,0.267,-4.633,8.365,-1.434,0.318,0.284,0.245,75.75,0.0,33.5,15,1,1
13:24:13.944,VIGILE,1,174.35,-8.05,0.272,-3.876,7.214,-1.784,-0.071,-0.204,0.024,75.75,0.0,33.5,15,1,1
13:24:14.444,VIGILE,1,178.51,-9.11,0.276,-4.345,7.125,-2.023,-0.372,-0.407,-0.077,75.75,0.0,33.5,15,1,1
13:24:14.944,VIGILE,1,176.45,-6.92,0.229,-4.913,7.757,-2.768,-0.272,-0.282,0.118,75.75,0.0,33.5,15,1,1
13:24:15.444,VIGILE,1,176.79,-5.57,0.248,-4.743,8.145,-2.995,-0.131,0.33,-0.003,75.75,0.0,33.5,15,1,1
13:24:15.944,VIGILE,1,175.54,-7.97,0.267,-4.994,8.2,-0.474,-0.132,-0.055,-0.058,75.75,0.0,33.5,15,1,1
13:24:16.444,VIGILE,1,177.36,-12.39,0.256,-4.264,8.906,-0.95,0.824,0.822,-0.296,75.75,0.0,33.5,15,1,1
13:24:16.944,VIGILE,1,173.41,-6.55,0.248,-3.888,7.324,-1.592,-0.08,-0.07,-0.009,75.75,0.0,33.5,15,1,1
13:24:17.444,VIGILE,1,173.27,0.87,0.288,-5.605,7.961,-1.923,-0.234,0.627,-0.236,75.75,0.0,33.5,15,1,1
13:24:17.944,VIGILE,1,175.81,0.17,0.265,-4.922,5.813,-0.728,-0.217,-0.132,-0.242,75.75,0.0,33.5,15,1,1
13:24:18.444,VIGILE,1,169.84,-3.79,0.263,-6.189,7.59,-0.17,-0.559,0.038,-0.13,75.75,0.0,33.5,15,1,1
13:24:18.945,VIGILE,1,170.91,4.9,0.276,-5.025,7.338,0.766,-0.047,0.508,-0.563,75.75,0.0,33.5,15,1,1
13:24:19.445,VIGILE,1,173.67,7.89,0.258,-5.954,7.154,0.819,-0.293,-0.543,0.056,75.75,0.0,33.5,15,1,1
13:24:19.945,VIGILE,1,171.1,0.04,0.252,-6.165,6.883,0.9,-0.046,-0.003,-0.185,75.75,0.0,33.5,15,1,1
13:24:20.445,VIGILE,1,173.04,6.5,0.257,-6.369,7.944,0.848,-0.02,0.355,-0.291,75.75,0.0,33.5,15,1,1
13:24:20.945,VIGILE,1,171.2,27.33,0.281,-5.88,8.21,0.108,-0.029,-0.009,-0.176,75.75,0.0,33.6,16,1,1
13:24:21.445,VIGILE,1,170.46,32.2,0.319,-5.693,7.369,0.706,-0.334,0.247,-0.284,75.75,0.0,33.6,16,1,1
13:24:21.945,VIGILE,1,167.64,43.31,0.314,-4.736,8.528,-0.814,-0.111,0.024,0.051,75.75,0.0,33.6,16,1,1
13:24:22.445,VIGILE,1,165.66,45.43,0.449,-3.318,9.187,-0.776,0.055,-0.144,0.181,75.75,0.0,33.6,16,1,1
13:24:22.945,VIGILE,1,167.35,39.91,0.387,-3.527,8.88,0.397,-0.09,-0.522,0.291,75.75,0.0,33.6,16,1,1
13:24:23.445,VIGILE,1,170.12,33.23,0.322,-2.176,9.893,0.34,0.242,-0.39,-0.069,75.75,0.0,33.7,16,1,1
13:24:23.945,VIGILE,1,171.16,53.51,0.27,-0.895,12.04,-0.05,-0.048,-0.292,0.321,75.75,0.0,33.7,16,1,1
13:24:24.445,VIGILE,0,0.0,0.0,0.0,-4.199,6.723,-5.018,0.117,-0.28,0.507,75.75,0.0,33.7,16,1,1
13:24:24.945,VIGILE,1,-179.89,20.47,0.249,-5.528,6.445,-2.361,-0.293,-0.685,0.184,75.75,0.0,33.7,16,1,1
13:24:25.445,VIGILE,1,176.69,17.8,0.224,-3.493,8.31,-3.424,0.037,0.0,0.023,75.75,0.0,33.7,16,1,1
13:24:25.945,VIGILE,1,178.74,-5.38,0.232,-4.001,7.812,-3.105,0.022,-0.1,-0.062,75.75,0.0,33.7,16,1,1
13:24:26.446,VIGILE,1,175.86,-6.66,0.249,-4.233,7.901,-3.967,-0.233,0.15,0.002,75.75,0.0,33.7,16,1,1
13:24:26.946,VIGILE,1,174.9,-9.47,0.243,-3.788,7.702,-4.008,-0.291,0.189,0.09,75.75,0.0,33.7,16,1,1
13:24:27.446,VIGILE,1,173.0,-8.51,0.247,-4.343,7.645,-1.788,-0.095,0.135,-0.041,75.75,0.0,33.7,16,1,1
13:24:27.946,VIGILE,1,173.97,-8.88,0.247,-5.004,7.922,-0.946,-0.194,-0.026,-0.042,75.75,0.0,33.7,16,1,1
13:24:28.446,VIGILE,1,172.79,-6.21,0.247,-5.365,7.022,-1.324,-0.199,0.048,-0.01,75.75,0.0,33.8,16,1,1
13:24:28.946,VIGILE,1,167.52,-7.08,0.261,-6.534,8.823,0.5,-0.413,-0.015,-0.225,75.75,0.0,33.8,16,1,1
13:24:29.446,VIGILE,1,-177.25,-7.16,0.223,-5.131,7.29,-0.208,-0.135,0.175,-0.247,75.75,0.0,33.8,16,1,1
13:24:29.946,VIGILE,1,179.29,-3.11,0.218,-4.432,9.342,-2.686,-0.015,0.86,-0.118,75.75,0.0,33.8,16,1,1
13:24:30.446,VIGILE,1,172.01,-6.98,0.208,-4.717,8.566,-2.313,0.021,0.093,-0.033,75.75,0.0,33.8,16,1,1
13:24:30.946,VIGILE,1,171.52,-1.56,0.236,-6.354,7.429,0.283,-0.301,-0.161,0.074,75.75,0.0,33.9,16,1,1
13:24:31.446,VIGILE,1,171.72,-0.75,0.245,-6.096,8.693,-0.939,-0.153,0.443,-0.146,75.75,0.0,33.9,16,1,1
13:24:31.946,VIGILE,1,172.35,-5.66,0.273,-5.624,7.264,0.876,0.015,0.544,-0.15,75.75,0.0,33.9,16,1,1
13:24:32.446,VIGILE,1,173.27,-4.96,0.278,-5.313,8.076,1.42,-0.258,0.249,0.046,75.75,233.08,33.9,16,1,1
13:24:32.946,VIGILE,1,176.38,-12.31,0.275,-5.272,7.831,-0.51,-0.05,0.247,-0.256,75.75,99.49,33.9,16,1,1
13:24:33.446,VIGILE,1,-177.87,-16.7,0.299,-4.077,7.554,-1.985,1.022,0.23,0.509,75.75,40.23,34.0,16,1,1
13:24:33.946,VIGILE,1,179.43,-15.74,0.274,-5.332,8.279,-1.161,-0.484,0.135,-0.099,75.75,35.1,34.0,16,1,1
13:24:34.447,VIGILE,1,178.25,-9.95,0.292,-5.15,8.128,-1.405,-0.191,0.218,0.1,75.75,88.48,34.0,16,1,1
13:24:34.947,VIGILE,1,177.01,-8.2,0.269,-4.973,7.762,0.127,-0.125,0.098,-0.024,75.75,32.63,34.0,16,1,1
13:24:35.447,VIGILE,1,175.76,-5.25,0.288,-4.98,7.709,-1.784,-0.126,0.115,-0.043,75.75,77.81,34.0,16,1,1
13:24:35.947,VIGILE,1,170.39,-12.42,0.295,-4.681,7.793,-2.136,-0.065,0.131,-0.12,75.75,30.35,34.0,16,1,1
13:24:36.447,VIGILE,1,177.32,-17.12,0.308,-5.042,8.341,-2.636,-0.301,0.026,0.213,75.75,92.3,34.0,16,1,1
13:24:36.947,VIGILE,1,177.97,-9.38,0.296,-4.104,8.243,0.132,-0.847,-0.311,-0.519,75.75,55.79,34.0,16,1,1
13:24:37.447,VIGILE,1,-178.69,-6.81,0.272,-4.743,15.953,-1.362,0.467,0.508,0.899,75.75,52.92,34.0,16,1,1
13:24:37.947,VIGILE,1,-176.89,-15.89,0.268,-5.104,7.518,-2.641,-0.03,0.093,-0.115,75.75,61.34,34.0,16,1,1
13:24:38.447,VIGILE,1,178.47,-10.24,0.292,-4.135,7.815,-3.179,0.067,0.179,0.071,75.75,57.63,34.0,16,1,1
13:24:38.947,VIGILE,1,176.77,-14.04,0.276,-4.389,8.193,-2.693,-0.124,0.116,0.026,75.75,104.41,34.0,16,1,1
13:24:39.447,VIGILE,1,177.32,-26.94,0.29,-4.475,8.135,-1.949,-0.086,0.087,0.027,75.75,67.51,34.0,16,1,1
13:24:39.947,VIGILE,1,179.46,-24.79,0.299,-4.013,7.76,-2.638,-0.118,-0.081,0.013,75.75,101.21,34.0,16,1,1
13:24:40.448,VIGILE,1,176.81,-26.8,0.289,-4.563,8.31,-2.342,-0.175,0.009,0.017,75.75,72.89,34.0,16,1,1
13:24:40.948,VIGILE,1,173.83,-28.77,0.307,-4.192,8.282,-2.449,-0.132,0.246,-0.083,75.75,14.0,34.0,16,1,1
13:24:41.448,VIGILE,1,178.45,-35.12,0.296,-4.626,7.954,-2.682,0.593,0.12,0.331,75.75,5.94,34.0,16,1,1
13:24:41.948,VIGILE,0,0.0,0.0,0.0,-4.695,7.264,-2.504,-0.098,0.015,-0.14,75.75,44.91,34.0,16,1,1
13:24:42.448,VIGILE,1,176.27,-30.73,0.303,-4.587,7.151,-2.95,-0.113,0.15,-0.055,75.75,76.72,34.0,16,1,1
13:24:42.948,VIGILE,1,171.97,-22.1,0.311,-4.583,7.561,-2.081,-0.182,0.092,0.049,75.75,10.82,34.0,16,1,1
13:24:43.448,VIGILE,1,175.26,-19.71,0.295,-4.982,7.779,-2.093,-0.151,0.023,0.047,75.75,36.9,34.0,16,1,1
13:24:43.948,VIGILE,1,176.94,-20.72,0.307,-4.808,12.134,-0.764,0.187,0.045,0.223,75.75,47.19,34.0,16,1,1
13:24:44.448,VIGILE,1,-178.77,-24.91,0.279,-2.397,8.389,-1.027,-1.882,-0.379,-0.865,75.75,71.62,34.0,16,1,1
13:24:44.950,VIGILE,1,178.92,-23.05,0.276,-4.851,7.633,-2.136,-0.232,0.19,0.06,75.75,60.54,34.0,16,1,1
13:24:45.450,VIGILE,1,179.22,-22.19,0.274,-4.484,7.59,-1.568,-0.286,0.034,0.145,75.75,12.72,34.0,16,1,1
13:24:45.950,VIGILE,1,173.67,-11.23,0.296,-4.76,7.266,-2.04,-0.16,0.15,0.046,75.75,59.4,33.9,16,1,1
13:24:46.450,VIGILE,1,176.62,-19.5,0.287,-4.745,7.757,-1.645,-0.252,-0.062,0.093,75.75,81.35,33.9,16,1,1
13:24:46.950,VIGILE,1,172.13,-16.5,0.309,-6.8,8.803,-3.16,1.349,0.214,0.71,75.75,36.29,33.9,16,1,1
13:24:47.450,VIGILE,1,174.92,-17.22,0.279,-5.2,8.195,-1.343,-0.028,0.023,0.089,75.75,15.47,33.9,16,1,1
13:24:47.950,VIGILE,1,178.27,-15.57,0.288,-4.499,8.454,-3.946,-0.451,0.269,-0.464,75.75,60.42,33.9,16,1,1
13:24:48.450,VIGILE,1,-179.91,14.88,0.288,-4.846,7.791,-2.923,-0.154,0.148,-0.034,75.75,73.39,33.9,16,1,1
13:24:48.950,VIGILE,1,179.89,-7.74,0.296,-4.413,7.918,-2.389,-0.126,-0.014,0.039,75.75,49.98,33.9,16,1,1
13:24:49.451,VIGILE,1,176.4,-9.41,0.284,-4.314,7.879,-2.392,-0.173,-0.018,-0.008,75.75,35.23,33.9,16,1,1
13:24:49.951,VIGILE,1,174.93,-12.37,0.301,-4.934,7.611,-2.368,-0.042,-0.062,-0.207,75.75,16.18,33.9,16,1,1
13:24:50.451,VIGILE,1,170.65,-14.98,0.283,-5.533,8.207,-2.186,0.151,-0.116,0.349,75.75,47.34,33.9,16,1,1
13:24:50.951,VIGILE,1,179.24,-20.45,0.289,-5.033,7.697,-0.895,-1.685,0.687,-1.272,75.75,44.1,33.9,16,1,1
13:24:51.451,VIGILE,1,177.63,-27.38,0.27,-4.599,8.27,-1.887,-0.125,-0.005,-0.043,75.75,49.54,33.9,16,1,1
13:24:51.951,VIGILE,1,175.64,-24.57,0.279,-4.384,7.669,-1.31,-0.183,0.09,0.027,75.75,25.21,33.9,16,1,1
13:24:52.451,VIGILE,1,174.6,-23.04,0.278,-5.052,7.511,-1.518,-0.072,0.098,-0.187,75.75,37.06,33.9,16,1,1
13:24:52.951,VIGILE,1,175.9,-40.0,0.376,-5.028,7.647,-1.805,-0.189,0.173,-0.003,75.75,70.6,33.9,16,1,1
13:24:53.451,VIGILE,1,170.94,-41.28,0.403,-5.104,7.415,-1.238,-0.192,0.04,0.033,75.75,63.6,33.9,16,1,1
13:24:53.951,VIGILE,1,176.4,-39.95,0.416,-5.464,5.895,-2.294,-0.119,0.217,0.102,75.75,23.03,33.9,16,1,1
13:24:54.451,VIGILE,1,-177.0,-44.37,0.361,-6.369,7.116,-1.944,-0.542,0.167,-0.169,75.75,56.16,33.9,16,1,1
13:24:54.951,VIGILE,1,176.35,-48.01,0.394,-5.88,7.029,-2.794,-0.305,0.452,-0.178,75.75,75.46,33.9,16,1,1
13:24:55.451,VIGILE,1,163.79,-63.69,0.42,-7.077,5.741,-2.619,-0.416,0.251,-0.165,75.75,8.19,33.9,16,1,1
13:24:55.952,VIGILE,1,168.73,-46.44,0.408,-6.122,6.246,-2.691,-0.434,0.327,-0.182,75.75,30.41,33.8,17,1,1
13:24:56.452,VIGILE,1,177.04,-39.77,0.315,-6.938,6.242,-2.806,-0.451,0.561,-0.138,75.75,35.28,33.8,17,1,1
13:24:56.952,VIGILE,1,179.15,-31.22,0.317,-6.318,6.527,-2.569,-0.473,0.318,-0.191,75.75,22.69,33.8,17,1,1
13:24:57.452,VIGILE,1,177.18,-17.23,0.296,-5.229,7.482,-2.646,-0.237,0.318,-0.175,75.75,20.29,33.8,17,1,1
13:24:57.952,VIGILE,1,176.45,2.06,0.285,-4.554,8.384,-1.99,-0.212,0.11,-0.076,75.75,24.88,33.8,17,1,1
13:24:58.452,VIGILE,1,176.97,2.85,0.273,-4.319,8.375,-1.707,-0.1,-0.029,-0.001,75.75,38.84,33.8,17,1,1
13:24:58.952,VIGILE,1,177.64,0.05,0.276,-4.968,7.839,-2.102,-0.134,0.127,0.059,75.75,43.65,33.8,17,1,1
13:24:59.452,VIGILE,1,179.85,-5.09,0.294,-5.011,8.267,-1.666,-0.122,0.005,-0.026,75.75,42.29,33.8,17,1,1
13:24:59.952,VIGILE,1,178.59,0.17,0.271,-4.791,8.126,-2.684,-0.063,0.154,0.046,75.75,27.3,33.8,17,1,1
13:25:00.452,VIGILE,1,175.06,-3.13,0.259,-4.951,8.004,-2.1,-0.182,0.042,-0.028,75.75,23.76,33.8,17,1,1
13:25:00.952,VIGILE,1,-179.56,-15.44,0.31,-5.188,8.878,-2.523,-0.119,-0.071,-0.092,75.75,48.9,33.8,17,1,1
13:25:01.452,VIGILE,1,-176.67,-19.95,0.336,-5.006,7.896,-3.685,0.087,0.257,-0.026,75.75,54.76,33.8,17,1,1
13:25:01.952,VIGILE,1,-176.11,-14.87,0.258,-4.951,7.676,-2.737,-0.157,-0.022,0.076,75.75,44.69,33.8,17,1,1
13:25:02.452,VIGILE,1,-177.78,-16.47,0.286,-4.729,7.561,-2.569,-0.153,0.019,0.02,75.75,33.76,33.8,17,1,1
13:25:02.952,VIGILE,1,179.75,-16.79,0.275,-4.563,7.535,-2.535,-0.194,0.127,0.021,75.75,27.42,33.8,17,1,1
13:25:03.452,VIGILE,1,179.24,-14.9,0.271,-5.025,8.226,-2.389,-0.232,0.07,0.094,75.75,25.4,33.8,17,1,1
13:25:03.952,VIGILE,1,-180.0,-25.73,0.278,-4.8,8.085,-1.468,-0.05,-0.068,-0.193,75.75,31.3,33.8,17,1,1
13:25:04.452,VIGILE,1,179.27,-26.14,0.254,-4.58,8.588,-1.484,-0.177,0.066,-0.016,75.75,25.61,33.8,17,1,1
13:25:04.953,VIGILE,1,178.77,-21.81,0.255,-5.078,8.056,-1.695,-0.131,-0.024,-0.013,75.75,23.53,33.8,17,1,1
13:25:05.453,VIGILE,1,177.58,-18.0,0.276,-4.705,7.834,-1.367,-0.133,-0.073,-0.074,75.75,25.02,33.8,17,1,1
13:25:05.953,VIGILE,1,175.27,-16.69,0.258,-5.456,8.135,-1.709,-0.185,0.002,0.046,75.75,35.9,33.7,17,1,1
13:25:06.453,VIGILE,1,173.18,-18.8,0.268,-5.918,7.331,-2.169,-0.175,0.124,-0.07,75.75,37.91,33.7,17,1,1
13:25:06.953,VIGILE,1,176.77,-33.78,0.269,-6.088,6.689,-2.5,-0.256,0.311,-0.038,75.75,43.56,33.7,17,1,1
13:25:07.453,VIGILE,1,174.66,-42.48,0.384,-6.766,6.213,-2.145,-0.299,0.198,-0.086,75.75,47.37,33.7,17,1,1
13:25:07.953,VIGILE,1,177.08,-43.29,0.393,-6.412,6.828,-1.856,-0.406,0.274,-0.116,75.75,13.54,33.7,17,1,1
13:25:08.453,VIGILE,1,175.67,-43.38,0.393,-6.311,6.859,-2.497,-0.28,0.503,-0.123,75.75,12.96,33.7,17,1,1
13:25:08.953,VIGILE,1,174.2,-38.71,0.339,-6.828,6.347,-2.751,-0.331,0.39,-0.246,75.75,50.34,33.7,17,1,1
13:25:09.453,VIGILE,1,178.79,-33.27,0.281,-6.309,6.218,-2.84,-0.26,0.279,-0.258,75.75,73.69,33.7,17,1,1
13:25:09.953,VIGILE,1,-179.42,-30.78,0.274,-4.408,5.849,-3.409,-0.212,0.173,0.124,75.75,4.24,33.7,17,1,1
13:25:10.453,VIGILE,1,-178.37,-26.95,0.333,-2.947,8.873,-2.71,0.18,1.126,-1.045,75.75,31.18,33.7,17,1,1
13:25:10.953,VIGILE,1,177.05,-32.42,0.287,-4.324,8.119,-2.059,-0.167,0.079,-0.098,75.75,31.13,33.7,17,1,1
13:25:11.453,VIGILE,1,177.35,-20.98,0.279,-4.424,8.023,-1.425,-0.035,-0.082,-0.124,75.75,42.46,33.7,17,1,1
13:25:11.954,VIGILE,1,178.36,-24.09,0.281,-5.337,7.944,-1.47,-0.108,0.057,-0.187,75.75,35.55,33.7,17,1,1
13:25:12.454,VIGILE,1,-179.77,-30.35,0.284,-4.82,8.442,-1.669,-0.063,0.098,-0.073,75.75,75.82,33.7,17,1,1
13:25:12.954,VIGILE,1,175.89,-42.49,0.375,-4.913,7.53,-0.97,-0.279,-0.088,-0.066,75.75,55.31,33.7,17,1,1
13:25:13.454,VIGILE,1,-177.27,-44.19,0.376,-5.255,7.207,-1.846,0.056,0.155,-0.188,75.75,7.46,33.6,18,1,1
13:25:13.954,VIGILE,1,-179.92,-46.35,0.284,-5.976,7.422,-2.725,-0.174,0.377,-0.438,75.75,50.98,33.6,18,1,1
13:25:14.454,VIGILE,1,179.21,-36.85,0.312,-5.995,6.754,-2.531,-0.276,0.323,-0.209,75.75,79.26,33.6,18,1,1
13:25:14.954,VIGILE,1,178.91,-44.88,0.385,-6.62,6.393,-3.036,-0.422,0.508,-0.091,75.75,102.19,33.6,18,1,1
13:25:15.454,VIGILE,1,175.35,-42.65,0.406,-6.359,7.058,-2.296,-0.411,0.74,-0.292,75.75,23.79,33.6,18,1,1
13:25:15.954,VIGILE,1,176.9,-38.94,0.366,-7.331,5.871,-2.883,-0.491,0.459,-0.162,75.75,21.56,33.6,18,1,1
13:25:16.454,VIGILE,1,179.4,-29.69,0.305,-7.171,6.498,-3.426,-0.419,0.525,-0.2,75.75,51.83,33.6,18,1,1
13:25:16.954,VIGILE,1,178.22,-12.2,0.297,-5.191,7.269,-3.026,-0.452,0.512,-0.021,75.75,46.61,33.6,18,1,1
13:25:17.454,VIGILE,1,175.42,9.18,0.243,-4.908,8.119,-2.717,-0.288,0.217,-0.042,75.75,65.21,33.6,18,1,1
13:25:17.955,VIGILE,1,177.43,17.99,0.285,-3.864,8.748,-2.31,-0.15,0.086,0.082,75.75,44.81,33.6,18,1,1
13:25:18.455,VIGILE,1,177.59,18.16,0.273,-4.539,8.236,-2.052,-0.089,0.13,0.072,75.75,38.62,33.6,18,1,1
13:25:18.955,VIGILE,1,177.87,16.91,0.274,-4.319,8.59,-1.963,-0.092,0.104,0.019,75.75,37.59,33.6,18,1,1
13:25:19.455,VIGILE,1,175.24,14.67,0.279,-4.489,8.411,-2.523,-0.166,0.226,0.027,75.75,26.81,33.6,18,1,1
13:25:19.955,VIGILE,1,175.54,13.6,0.269,-4.444,7.944,-1.63,-0.155,-0.006,0.042,75.75,39.28,33.6,18,1,1
13:25:20.455,VIGILE,1,176.49,13.68,0.259,-4.353,8.025,-1.425,-0.18,-0.149,0.078,75.75,58.06,33.6,18,1,1
13:25:20.955,VIGILE,1,177.91,0.88,0.282,-5.028,8.121,-1.231,-0.104,0.037,0.008,75.75,102.08,33.5,18,1,1
13:25:21.455,VIGILE,1,178.77,-1.69,0.291,-4.223,8.267,-1.286,-0.091,0.015,-0.226,75.75,178.02,33.5,18,1,1
13:25:21.955,VIGILE,1,179.95,-14.07,0.276,-4.231,7.894,-2.406,-0.045,0.14,-0.017,75.75,175.49,33.5,18,1,1
13:25:22.455,VIGILE,1,176.6,-33.42,0.293,-4.551,7.954,-1.645,-0.145,-0.019,0.086,75.75,119.07,33.5,18,1,1
13:25:22.955,VIGILE,1,176.41,-22.12,0.279,-4.527,7.705,-2.263,0.044,-0.03,0.08,75.75,87.14,33.5,18,1,1
13:25:23.455,VIGILE,1,173.69,-12.21,0.282,-4.532,7.939,-2.203,-0.078,0.123,0.001,75.75,64.56,33.5,18,1,1
13:25:23.956,VIGILE,1,172.35,-6.54,0.267,-5.1,7.898,-1.946,-0.177,0.024,0.032,75.75,55.1,33.5,18,1,1
13:25:24.456,VIGILE,1,173.32,-6.12,0.286,-5.181,8.272,-1.966,-0.175,0.049,0.001,75.75,37.64,33.5,18,1,1
13:25:24.956,VIGILE,1,174.28,-8.72,0.274,-4.915,8.085,-2.356,-0.167,0.131,0.068,75.75,38.77,33.5,18,1,1
13:25:25.456,VIGILE,1,173.43,-6.69,0.274,-4.932,8.222,-2.069,-0.133,0.142,-0.035,75.75,47.71,33.5,18,1,1
13:25:25.956,VIGILE,1,172.08,-5.53,0.278,-6.17,7.494,1.302,-0.494,0.233,-0.224,75.75,62.97,33.4,18,1,1
13:25:26.456,VIGILE,1,173.4,-2.14,0.287,-8.806,7.037,6.907,2.581,-1.548,0.476,75.75,58.76,33.4,18,1,1
13:25:26.956,VIGILE,1,-178.38,0.98,0.334,-3.857,7.721,-4.164,0.047,0.203,0.051,75.75,65.2,33.4,18,1,1
13:25:27.456,VIGILE,1,-178.2,16.94,0.314,-4.805,7.817,-1.961,-0.12,0.078,-0.035,75.75,65.91,33.4,18,1,1
13:25:27.956,VIGILE,1,-178.0,3.73,0.297,-4.736,7.841,-2.425,-0.139,0.032,-0.004,75.75,65.74,33.4,18,1,1
13:25:28.456,VIGILE,1,179.97,-12.91,0.307,-4.099,7.561,-2.77,-0.137,0.212,0.111,75.75,65.74,33.4,18,1,1
13:25:28.956,VIGILE,1,178.99,-13.45,0.22,-4.061,8.035,-4.24,-0.158,0.168,0.014,75.75,65.52,33.4,18,1,1
13:25:29.456,CRASH,1,178.25,-8.55,0.289,-3.306,7.697,-4.211,-0.083,0.019,-0.036,75.75,57.6,33.4,18,1,1
13:25:29.956,CRASH,1,166.54,-20.55,0.279,-3.871,7.123,-4.065,-0.263,-0.202,0.088,75.75,34.28,33.4,18,1,1
13:25:30.456,CRASH,1,177.09,-12.1,0.224,-5.617,7.269,-3.287,-0.246,0.125,-0.093,75.75,59.52,33.4,18,1,1
13:25:30.956,VIGILE,1,176.62,-26.52,0.265,-5.796,6.996,-2.605,-0.306,0.298,-0.107,75.75,44.38,33.3,18,1,1
13:25:31.457,VIGILE,1,177.74,-38.13,0.317,-5.95,7.46,-3.134,-0.368,0.428,-0.074,75.75,5.5,33.3,18,1,1
13:25:31.957,VIGILE,1,176.6,-39.11,0.329,-5.854,6.644,-2.679,-0.333,0.387,-0.176,75.75,19.01,33.3,18,1,1
13:25:32.457,VIGILE,1,179.11,-37.83,0.366,-5.904,6.96,-3.086,-0.429,0.491,-0.113,75.75,49.5,33.3,18,1,1
13:25:32.957,VIGILE,1,177.58,-34.36,0.237,-5.634,6.816,-3.211,-0.402,0.5,-0.181,75.75,61.35,33.3,18,1,1
13:25:33.457,VIGILE,1,176.1,-28.4,0.271,-4.975,6.902,-4.02,-0.226,0.337,-0.13,75.75,25.6,33.3,18,1,1
13:25:33.957,VIGILE,1,174.55,-19.99,0.272,-4.142,10.975,-2.741,0.049,0.369,-0.181,75.75,43.31,33.3,18,1,1
13:25:34.457,VIGILE,1,-177.76,-24.41,0.172,-3.062,8.504,-2.619,-0.11,0.052,0.335,75.75,36.86,33.3,18,1,1
13:25:34.957,VIGILE,1,173.81,-13.58,0.223,-3.998,7.137,-2.195,-0.087,-0.006,0.127,75.75,27.51,33.3,18,1,1
13:25:35.457,VIGILE,1,171.81,-12.68,0.261,-5.085,7.262,-2.081,-0.1,0.044,-0.167,75.75,53.8,33.3,18,1,1
13:25:35.957,VIGILE,1,171.73,-15.08,0.257,-5.282,7.654,-2.538,-0.284,0.062,-0.162,75.75,73.43,33.2,18,1,1
13:25:36.457,VIGILE,1,174.85,-24.01,0.286,-5.26,7.853,-2.279,0.005,0.148,-0.103,75.75,56.02,33.2,18,1,1
13:25:36.957,VIGILE,1,174.16,-34.21,0.333,-5.717,7.096,-2.31,-0.32,0.064,-0.117,75.75,28.66,33.2,18,1,1
13:25:37.458,VIGILE,1,172.96,-38.81,0.392,-6.732,9.555,-1.992,-0.098,0.267,-0.067,75.75,18.79,33.2,18,1,1
13:25:37.958,VIGILE,1,179.93,-42.56,0.377,-6.467,7.032,-3.704,-0.32,0.095,0.178,75.75,71.45,33.2,18,1,1
13:25:38.458,VIGILE,1,-179.24,-43.46,0.387,-6.347,7.032,-2.646,-0.302,0.405,-0.114,75.75,32.5,33.2,18,1,1
13:25:38.958,VIGILE,1,-177.69,-58.08,0.406,-6.122,6.541,-2.95,-0.329,0.383,-0.186,75.75,11.47,33.2,18,1,1
13:25:39.458,VIGILE,1,-177.19,-42.59,0.37,-6.814,6.665,-2.33,-0.677,0.433,-0.368,75.75,38.7,33.2,18,1,1
13:25:39.958,VIGILE,1,-179.69,-37.53,0.323,-6.424,6.361,-3.749,-0.185,0.715,-0.282,75.75,48.74,33.2,18,1,1
13:25:40.458,VIGILE,1,-179.73,-31.85,0.301,-6.376,6.668,-3.232,-0.343,0.439,-0.182,75.75,49.21,33.2,18,1,1
13:25:40.958,VIGILE,1,177.51,-28.94,0.196,-4.99,7.053,-3.28,-0.215,0.213,-0.132,75.75,28.83,33.2,18,1,1
13:25:41.458,VIGILE,1,177.03,-18.63,0.286,-5.241,7.992,-2.966,-0.208,0.23,-0.088,75.75,24.44,33.2,18,1,1
13:25:41.958,VIGILE,1,178.06,-15.72,0.288,-4.63,7.755,-2.907,-0.142,0.073,-0.065,75.75,37.41,33.2,18,1,1
13:25:42.458,VIGILE,1,178.76,-11.15,0.279,-4.774,8.085,-2.787,-0.197,0.161,0.086,75.75,37.09,33.2,18,1,1
13:25:42.958,VIGILE,1,177.04,-3.16,0.13,-5.047,7.98,-2.947,-0.184,0.187,-0.079,75.75,33.91,33.2,18,1,1
13:25:43.458,VIGILE,1,177.43,-6.46,0.269,-4.573,7.482,-2.349,-0.152,0.093,-0.033,75.75,22.26,33.1,19,1,1
13:25:43.959,VIGILE,1,-176.75,-8.62,0.333,-2.088,3.881,-1.836,-1.407,0.515,-0.529,75.75,25.55,33.1,19,1,1
13:25:44.459,VIGILE,1,-178.11,-20.6,0.335,-4.214,6.476,2.418,-0.073,0.018,-0.038,75.75,26.22,33.1,19,1,1
13:25:44.959,VIGILE,1,178.74,-21.45,0.281,-4.477,7.889,-2.138,-0.16,-0.073,-0.047,75.75,19.15,33.1,19,1,1
13:25:45.459,VIGILE,1,178.76,-19.08,0.256,-4.228,7.796,-3.11,-0.204,-0.207,0.007,75.75,17.01,33.1,19,1,1
13:25:45.959,VIGILE,1,178.49,-17.29,0.273,-3.613,8.231,-3.182,-0.055,-0.029,0.004,75.75,13.07,33.1,19,1,1
13:25:46.459,VIGILE,1,-179.48,-19.23,0.166,-3.828,7.966,-3.457,0.215,0.086,0.102,75.75,10.33,33.1,19,1,1
13:25:46.959,VIGILE,1,178.66,-15.3,0.284,-4.142,6.874,-1.283,-0.424,-0.002,-0.265,75.75,9.67,33.1,19,1,1
13:25:47.459,VIGILE,1,179.92,-17.15,0.294,-5.2,7.628,-2.878,-0.188,0.126,-0.065,75.75,8.41,33.1,19,1,1
13:25:47.959,VIGILE,1,176.62,-14.67,0.303,-4.798,8.265,-1.836,-0.129,0.134,-0.09,75.75,8.15,33.1,19,1,1
13:25:48.459,VIGILE,1,178.67,-19.09,0.287,-5.131,7.64,-2.164,-0.169,0.025,-0.081,75.75,7.21,33.1,19,1,1
13:25:48.959,VIGILE,1,176.82,-20.7,0.241,-4.683,7.59,-2.272,-0.195,0.034,-0.007,75.75,7.21,33.1,19,1,1
13:25:49.459,VIGILE,1,175.22,-22.98,0.254,-5.538,7.051,-1.219,-0.111,0.041,-0.1,75.75,7.83,33.1,19,1,1
13:25:49.959,VIGILE,1,176.27,-18.81,0.184,-6.905,7.077,-1.652,-0.258,0.092,-0.074,75.75,10.5,33.1,19,1,1
13:25:50.459,VIGILE,1,178.64,5.35,0.246,-6.203,7.185,-1.511,-0.245,0.092,0.006,75.75,15.81,33.1,19,1,1
13:25:50.960,VIGILE,1,177.04,-6.59,0.239,-5.892,6.574,-1.659,-0.299,0.231,-0.036,75.75,71.89,33.0,19,1,1
13:25:51.460,VIGILE,1,178.95,-32.17,0.198,-6.316,7.159,-1.398,-0.22,0.306,-0.144,75.75,85.05,33.0,19,1,1
13:25:51.960,VIGILE,0,0.0,0.0,0.0,-5.459,7.937,-0.512,-0.507,0.305,-0.262,75.75,222.92,33.0,19,1,1
13:25:52.460,VIGILE,1,162.58,-25.75,0.272,-5.246,9.608,-1.314,-0.173,0.382,-0.145,75.75,936.34,33.0,19,1,1
13:25:52.960,VIGILE,1,176.97,-23.65,0.262,-2.909,8.035,-5.109,-0.049,0.576,0.185,75.75,2169.18,33.0,19,1,1
13:25:53.460,VIGILE,1,-179.33,-25.24,0.228,-4.094,7.532,-5.073,0.002,0.405,0.073,75.75,0.0,33.0,19,1,1
13:25:53.960,VIGILE,1,179.17,-20.51,0.252,-3.785,7.307,-4.281,-0.5,0.112,-0.123,75.75,0.0,33.0,19,1,1
13:25:54.460,VIGILE,1,-178.74,-25.27,0.185,-3.498,7.092,-5.013,0.012,0.339,-0.045,75.75,0.0,33.0,19,1,1
13:25:54.960,VIGILE,1,-179.64,-19.41,0.121,-4.702,7.417,-5.78,-0.286,0.109,-0.18,75.75,0.0,33.0,19,1,1
13:25:55.460,VIGILE,1,-179.78,-24.55,0.225,-3.34,7.025,-4.199,-0.451,-0.091,0.067,75.75,0.0,33.0,19,1,1
13:25:55.960,VIGILE,1,172.2,-18.81,0.201,-3.524,6.601,-4.149,-0.288,0.085,-0.074,75.75,0.0,33.0,19,1,1
13:25:56.460,VIGILE,1,175.33,-17.72,0.21,-4.252,7.065,-5.308,-0.412,-0.219,0.025,75.75,0.0,33.0,19,1,1
13:25:56.960,VIGILE,1,175.23,-19.55,0.151,-3.34,7.489,-4.022,-0.135,-0.03,0.111,75.75,0.0,33.0,19,1,1
13:25:57.460,VIGILE,1,175.29,-22.45,0.221,-4.525,7.547,-3.369,-0.691,-0.215,-0.002,75.75,0.0,33.0,19,1,1
13:25:57.960,VIGILE,1,167.54,-15.64,0.22,-5.983,6.608,-2.921,-0.256,0.407,-0.382,75.75,0.0,33.0,19,1,1
13:25:58.460,VIGILE,1,167.18,-12.41,0.226,-4.781,8.004,-3.153,0.016,0.155,0.039,75.75,0.0,33.0,19,1,1
13:25:58.961,VIGILE,1,166.55,-9.92,0.232,-4.93,7.661,-3.273,-0.915,-0.017,-0.403,75.75,0.0,33.0,19,1,1
13:25:59.461,VIGILE,1,172.53,-7.56,0.257,-4.693,1.767,-3.397,-1.907,0.186,-1.411,75.75,0.0,33.0,19,1,1
13:25:59.961,VIGILE,1,166.55,1.15,0.24,-4.48,7.384,-3.12,-0.034,-0.011,0.096,75.75,0.0,33.0,19,1,1
13:26:00.461,VIGILE,1,173.87,4.79,0.254,-4.073,8.121,-3.807,-0.195,0.242,-0.059,75.75,0.0,33.0,19,1,1
13:26:00.961,VIGILE,1,176.49,11.43,0.263,-4.451,7.604,-2.998,-0.019,0.128,-0.08,75.75,0.0,33.0,20,1,1
13:26:01.461,VIGILE,1,178.21,13.26,0.266,-4.489,8.59,-1.911,-0.116,-0.141,0.118,75.75,0.0,33.0,20,1,1
13:26:01.961,VIGILE,1,172.84,-29.45,0.216,-7.01,9.076,3.328,-0.109,-0.029,-0.077,75.75,0.0,33.0,20,1,1
13:26:02.461,CRASH,1,175.15,0.29,0.285,-8.66,7.005,3.886,-0.166,0.144,-0.044,75.75,0.0,33.0,20,1,1
13:26:02.962,CRASH,1,178.22,21.58,0.285,-3.9,7.25,-2.102,-0.393,0.103,-0.198,75.75,0.0,33.0,20,1,1
13:26:03.462,CRASH,1,179.4,21.36,0.323,-4.638,7.879,-2.959,-0.144,0.049,-0.007,75.75,0.0,33.0,20,1,1
13:26:03.962,CRASH,1,-177.52,23.71,0.292,-4.604,7.779,-2.624,-0.151,0.069,-0.003,75.75,0.0,33.0,20,1,1
13:26:04.462,CRASH,1,-179.8,71.52,0.54,-4.08,6.984,-3.67,-0.033,0.172,-0.004,75.75,0.0,33.0,20,1,1
13:26:04.962,VIGILE,1,-159.26,73.14,0.833,-2.962,7.118,-4.499,-0.059,-0.144,-0.065,75.75,0.0,33.0,20,1,1
13:26:05.462,VIGILE,1,-161.94,79.62,0.878,-2.306,8.669,-4.573,0.056,0.269,0.088,75.75,0.0,33.0,20,1,1
13:26:05.962,VIGILE,0,0.0,0.0,0.0,-5.794,7.36,-1.65,-0.688,-0.18,-0.554,75.75,0.0,33.0,20,1,1
13:26:06.462,VIGILE,0,0.0,0.0,0.0,-6.048,7.683,-1.018,0.022,-0.041,0.031,75.75,0.0,33.0,20,1,1
13:26:06.962,VIGILE,0,0.0,0.0,0.0,-4.3,7.609,-2.72,-0.019,-0.063,0.033,75.75,0.0,33.0,20,1,1
13:26:07.462,VIGILE,0,0.0,0.0,0.0,-6.225,7.046,-3.17,0.153,0.238,0.029,75.75,0.0,33.0,20,1,1
13:26:07.962,VIGILE,1,-179.41,1.98,0.268,-5.327,8.444,-3.11,-0.147,0.239,-0.054,75.75,0.0,33.0,20,1,1
13:26:08.462,VIGILE,1,179.08,-30.37,0.256,-4.594,7.159,-4.53,-0.353,0.329,-0.084,75.75,0.0,33.0,20,1,1
13:26:08.962,VIGILE,1,-177.16,-41.15,0.31,-4.748,7.214,-4.901,-0.282,0.162,-0.089,75.75,0.0,33.0,20,1,1
13:26:09.462,VIGILE,1,-179.01,-43.1,0.222,-4.822,6.828,-4.82,-0.268,0.361,-0.108,75.75,0.0,33.0,20,1,1
13:26:09.963,VIGILE,1,-177.93,-22.71,0.282,-4.63,7.757,-3.402,0.154,0.075,0.257,75.75,0.0,33.0,20,1,1
13:26:10.463,VIGILE,1,178.13,1.31,0.258,-4.494,8.049,-2.765,-0.177,0.12,0.028,75.75,0.0,33.0,20,1,1
13:26:10.963,VIGILE,1,179.25,15.8,0.265,-4.274,8.073,-2.756,-0.141,0.171,-0.075,75.75,0.0,33.0,20,1,1
13:26:11.463,VIGILE,1,-178.85,19.96,0.254,-4.575,9.187,-3.268,-0.075,0.068,0.044,75.75,0.0,33.0,20,1,1
13:26:11.963,VIGILE,1,179.66,19.72,0.277,-4.13,8.559,-4.12,-0.14,-0.074,0.062,75.75,0.0,33.0,20,1,1
13:26:12.463,VIGILE,1,-164.73,44.45,0.158,-3.919,7.805,-3.412,-0.163,0.221,-0.087,75.75,0.0,33.0,20,1,1
13:26:12.963,VIGILE,1,-161.25,29.64,0.234,-3.809,7.726,-3.038,-0.117,0.054,-0.089,75.75,0.0,33.0,20,1,1
13:26:13.464,VIGILE,0,0.0,0.0,0.0,-4.985,8.449,-2.65,-0.231,0.106,0.025,75.75,0.0,33.0,20,1,1
13:26:13.964,VIGILE,0,0.0,0.0,0.0,-4.827,7.647,-1.961,-0.185,0.032,-0.011,75.75,0.0,33.0,20,1,1
13:26:14.464,VIGILE,1,-179.99,27.41,0.261,-4.729,8.035,-2.38,-0.127,0.076,0.027,75.75,0.0,33.0,20,1,1
13:26:14.964,VIGILE,0,0.0,0.0,0.0,-4.544,8.368,-2.933,-0.047,0.111,0.03,75.75,0.0,33.0,20,1,1
13:26:15.464,VIGILE,1,177.8,17.34,0.226,-3.907,7.594,-2.31,-0.201,0.111,-0.059,75.75,0.0,33.0,20,1,1
13:26:15.964,VIGILE,1,175.31,3.44,0.245,-4.484,7.784,-2.667,-0.301,-0.07,0.081,75.75,0.0,33.0,20,1,1
13:26:16.464,VIGILE,1,173.39,-5.2,0.265,-4.159,8.291,-2.488,-0.18,0.053,0.068,75.75,0.0,33.0,20,1,0
13:26:16.964,VIGILE,1,172.7,4.62,0.234,-4.219,7.975,-2.217,-0.14,-0.012,-0.038,75.75,0.0,33.0,20,1,0
13:26:17.464,VIGILE,1,165.65,-9.7,0.232,-4.743,7.774,-0.766,-0.1,-0.454,1.344,75.75,0.0,33.0,20,1,0
13:26:17.964,VIGILE,1,173.72,-23.5,0.284,-4.93,7.551,-2.533,-0.642,0.043,-0.245,75.75,0.0,33.0,20,1,0
13:26:18.464,VIGILE,1,174.28,-39.99,0.305,-4.616,7.64,-3.134,-0.164,-0.045,-0.029,75.75,0.0,33.0,20,1,0
13:26:18.964,EBBREZZA,1,173.98,-17.13,0.267,-4.496,8.219,-2.454,-0.133,0.082,-0.105,75.75,0.0,33.0,20,1,0
13:26:19.464,EBBREZZA,1,156.2,17.49,0.235,-6.062,7.683,-0.996,0.311,0.473,-0.257,75.75,0.0,33.0,20,1,0
13:26:19.964,EBBREZZA,1,179.7,27.37,0.259,-5.085,7.793,-2.442,-1.893,-0.311,-0.503,75.75,0.0,33.0,20,1,0
13:26:20.465,EBBREZZA,1,-178.0,22.71,0.278,-4.357,8.1,-2.045,0.319,0.13,0.131,75.75,0.0,33.0,20,1,0
13:26:20.965,EBBREZZA,1,-175.7,25.95,0.316,-3.881,8.231,-2.368,-0.088,0.244,0.09,75.75,0.0,33.0,20,1,0
13:26:21.465,EBBREZZA,1,179.43,25.67,0.303,-3.632,9.179,-1.607,-0.22,0.042,-0.122,75.75,0.0,33.0,20,1,0
13:26:21.965,EBBREZZA,1,179.4,21.58,0.287,-2.971,9.4,-1.008,-0.101,-0.213,0.053,75.75,0.0,33.0,20,1,0
13:26:22.465,EBBREZZA,0,0.0,0.0,0.0,-2.121,9.443,-0.979,0.02,-0.253,-0.021,75.75,0.0,33.0,20,1,0
13:26:22.965,EBBREZZA,1,177.98,29.94,0.317,-2.21,8.918,-1.252,0.109,-0.196,0.001,75.75,0.0,33.0,20,1,0
13:26:23.465,EBBREZZA,1,179.85,25.16,0.263,-3.124,9.986,-0.895,0.019,-0.516,0.143,75.75,0.0,33.0,20,1,0
13:26:23.965,EBBREZZA,1,-178.22,10.16,0.274,-1.183,8.645,-2.543,-0.091,-0.485,0.148,75.75,0.0,33.0,20,1,0
13:26:24.465,EBBREZZA,1,-178.67,-15.17,0.275,-2.895,10.266,-1.939,0.116,-0.063,0.167,75.75,0.0,33.0,20,1,0
13:26:24.965,EBBREZZA,0,0.0,0.0,0.0,-3.996,9.591,-0.431,-0.095,-0.188,-0.08,75.75,0.0,33.0,20,1,0
13:26:25.465,EBBREZZA,1,170.47,-40.65,0.35,-3.031,8.703,0.002,0.131,-0.105,0.013,75.75,0.0,33.0,20,1,0
13:26:25.965,EBBREZZA,1,-177.97,28.57,0.284,-2.631,8.42,-2.684,0.0,-0.069,0.016,75.75,0.0,33.0,20,1,0
13:26:26.465,EBBREZZA,1,-173.43,13.86,0.283,-2.741,7.539,-3.816,0.413,-0.097,0.104,75.75,0.0,33.0,20,1,0
13:26:26.965,EBBREZZA,1,-178.43,-5.03,0.233,-2.799,8.497,-2.928,-0.247,-0.204,0.043,75.75,0.0,33.0,20,0,0
13:26:27.465,EBBREZZA,1,178.71,-29.59,0.198,-4.396,7.408,-3.292,-0.227,0.127,-0.149,75.75,0.0,33.0,20,0,0
13:26:27.966,EBBREZZA,1,171.8,-32.44,0.246,-4.865,8.334,-3.251,-0.338,0.087,-0.097,75.75,0.0,33.0,20,0,0
13:26:28.466,EBBREZZA,1,169.09,-37.5,0.243,-6.646,7.13,-3.266,-0.182,0.298,-0.077,75.75,0.0,33.1,20,0,0
13:26:28.966,EBBREZZA,1,171.72,-39.41,0.255,-6.577,5.227,-2.682,-0.212,0.522,-0.138,75.75,0.0,33.1,20,0,0
13:26:29.466,EBBREZZA,1,173.12,-40.07,0.283,-7.527,5.413,-3.108,-0.364,0.439,-0.257,75.75,0.0,33.1,20,0,0
13:26:29.966,EBBREZZA,1,178.4,-40.44,0.316,-7.769,6.268,-2.962,-0.403,0.545,-0.082,75.75,0.0,33.1,20,0,0
13:26:30.466,EBBREZZA,1,179.29,-41.03,0.338,-7.609,5.789,-3.158,-0.429,0.469,-0.168,75.75,0.0,33.1,20,0,0
13:26:30.966,EBBREZZA,1,176.73,-39.25,0.31,-6.843,5.782,-3.847,-0.414,0.642,-0.389,75.75,0.0,33.2,20,0,0
13:26:31.466,EBBREZZA,1,175.6,-37.67,0.31,-6.867,5.746,-4.12,-0.449,0.48,-0.222,75.75,0.0,33.2,20,0,0
13:26:31.966,EBBREZZA,1,176.69,-36.02,0.304,-7.649,5.516,-4.618,-0.306,0.435,-0.162,75.75,0.0,33.2,20,0,0
13:26:32.466,EBBREZZA,1,177.39,-24.4,0.267,-6.05,5.535,-5.215,-0.194,0.499,-0.127,75.75,0.0,33.2,20,0,0
13:26:32.966,EBBREZZA,1,178.73,11.57,0.274,-4.12,6.361,-5.449,-0.233,0.39,-0.259,75.75,0.0,33.2,20,0,0
13:26:33.466,EBBREZZA,1,-176.86,27.12,0.317,-4.362,7.166,-2.964,-0.873,0.155,-0.325,75.75,0.0,33.2,20,1,0
13:26:33.966,EBBREZZA,1,-179.02,27.72,0.297,-4.642,6.768,-3.524,0.564,-0.462,0.567,75.75,0.0,33.2,20,1,0
13:26:34.466,EBBREZZA,1,179.12,27.58,0.284,-2.911,9.56,-1.652,-0.139,-0.159,0.101,75.75,0.0,33.2,20,1,0
13:26:34.966,EBBREZZA,1,-176.3,24.69,0.313,-1.856,9.055,-2.49,0.53,-0.32,0.201,75.75,0.0,33.2,20,1,0
13:26:35.467,EBBREZZA,1,-173.23,21.78,0.289,-1.276,10.621,-4.073,2.158,-1.069,1.285,75.75,0.0,33.2,20,1,0
13:26:35.967,EBBREZZA,1,-176.83,20.89,0.292,-0.728,8.923,-3.481,-0.069,-0.031,0.039,75.75,0.0,33.2,20,1,0
13:26:36.467,EBBREZZA,1,179.48,18.8,0.265,-1.946,8.198,-3.625,0.073,-0.355,-0.041,75.75,0.0,33.2,20,1,0
13:26:36.967,EBBREZZA,1,175.28,9.89,0.259,-3.05,7.831,-5.066,0.055,0.051,-0.071,75.75,0.0,33.2,20,1,0
13:26:37.467,EBBREZZA,1,173.27,3.55,0.253,-4.221,6.907,-5.128,-0.014,0.052,-0.096,75.75,0.0,33.2,20,1,0
13:26:37.967,EBBREZZA,1,172.19,-4.32,0.265,-3.203,8.729,-6.843,1.103,0.005,-0.79,75.75,0.0,33.2,20,1,0
13:26:38.467,EBBREZZA,1,173.41,-1.01,0.243,-3.259,7.087,-4.032,-0.197,0.344,-0.541,75.75,0.0,33.2,20,0,0
13:26:38.967,EBBREZZA,1,174.28,-3.74,0.265,-4.63,7.326,-4.762,-0.841,0.183,0.059,75.75,0.0,33.2,20,0,0
13:26:39.467,EBBREZZA,1,175.38,-10.38,0.263,-6.014,5.988,-7.573,-0.532,0.183,-0.107,75.75,0.0,33.2,20,0,0
13:26:39.967,EBBREZZA,1,175.63,-1.47,0.269,-4.355,5.373,-4.396,-0.456,-0.413,0.615,75.75,0.0,33.2,20,0,0
13:26:40.467,NERVOSO,1,174.67,19.98,0.271,-5.722,8.454,-3.445,-0.255,0.506,-0.973,75.75,0.0,33.2,20,0,0
13:26:40.967,NERVOSO,1,177.54,10.7,0.26,-5.38,9.328,-1.844,-0.381,0.325,-0.27,75.75,0.0,33.2,20,0,0
13:26:41.467,NERVOSO,1,175.96,5.93,0.263,-5.107,10.147,-2.962,0.428,0.388,-0.059,75.75,0.0,33.2,20,0,0
13:26:41.967,NERVOSO,1,-176.61,-15.1,0.244,-4.805,8.344,-4.046,-1.487,0.195,-0.542,75.75,0.0,33.2,20,0,0
13:26:42.468,NERVOSO,1,177.9,-9.99,0.28,-3.797,7.197,-5.401,0.068,0.132,0.147,75.75,0.0,33.2,20,0,0
13:26:42.968,NERVOSO,1,176.12,-9.7,0.271,-3.929,5.389,-2.875,-0.194,0.354,-0.955,75.75,0.0,33.2,20,1,0
13:26:43.468,NERVOSO,1,175.57,-12.57,0.273,-5.095,10.511,-4.855,2.266,0.766,0.71,75.75,0.0,33.2,20,1,0
13:26:43.968,NERVOSO,1,175.46,-2.43,0.267,-3.606,6.472,-4.867,1.233,-0.216,0.165,75.75,0.0,33.2,20,1,0
13:26:44.468,NERVOSO,1,176.38,-11.31,0.277,-6.953,5.93,-4.793,0.058,0.417,0.149,75.75,0.0,33.2,20,1,0
13:26:44.968,NERVOSO,1,179.28,15.26,0.266,-3.795,7.549,-4.345,-0.695,-0.168,-0.095,75.75,0.0,33.2,20,1,0
13:26:45.468,NERVOSO,1,179.73,6.86,0.274,-4.329,8.121,-3.634,3.261,0.268,-0.019,75.75,0.0,33.2,20,1,0
13:26:45.968,NERVOSO,1,179.15,8.86,0.286,-1.774,8.813,-3.041,-0.604,-0.052,-0.105,75.75,0.0,33.2,20,1,0
13:26:46.468,NERVOSO,1,-179.06,-6.75,0.303,-1.542,13.838,-4.362,-0.946,0.136,0.588,75.75,0.0,33.2,20,1,0
13:26:46.968,NERVOSO,1,-177.35,-14.95,0.285,-4.848,5.681,-6.333,-0.329,-0.292,0.569,75.75,0.0,33.2,20,1,0
13:26:47.468,NERVOSO,1,177.0,-6.31,0.286,-10.487,5.234,-5.171,-0.767,0.39,-0.397,75.75,0.0,33.2,20,1,0
13:26:47.968,NERVOSO,1,-176.57,13.13,0.258,-2.648,6.079,0.773,-0.547,-0.485,0.088,75.75,0.0,33.2,20,1,0
13:26:48.468,NERVOSO,1,175.84,0.82,0.274,-5.028,6.108,-0.622,0.102,0.281,-0.388,75.75,0.0,33.2,20,1,0
13:26:48.968,NERVOSO,1,174.54,-1.52,0.283,-7.487,8.583,3.287,0.398,0.19,0.197,75.75,0.0,33.2,20,1,0
13:26:49.468,NERVOSO,1,174.41,3.6,0.299,-7.724,6.912,-0.52,1.046,0.316,-0.404,75.75,0.0,33.2,20,1,0
13:26:49.968,NERVOSO,1,174.86,-7.82,0.293,-2.473,9.68,1.805,0.766,0.011,0.28,75.75,0.0,33.2,20,1,0
13:26:50.469,NERVOSO,1,178.76,-18.25,0.299,-3.46,6.302,-1.537,-0.206,-0.545,-0.666,75.75,0.0,33.2,20,1,0
13:26:50.969,NERVOSO,1,171.01,0.41,0.27,-8.162,6.788,0.721,-0.559,0.272,-0.124,75.75,0.0,33.2,20,1,0
13:26:51.469,NERVOSO,1,171.84,1.35,0.302,-6.867,8.016,3.503,-0.379,0.194,-0.194,75.75,0.0,33.2,20,1,0
13:26:51.969,NERVOSO,1,171.86,-5.81,0.28,-6.819,7.776,0.376,0.089,-0.297,0.455,75.75,0.0,33.2,20,1,0
13:26:52.469,NERVOSO,1,171.08,-4.41,0.291,-6.747,6.905,1.211,-0.368,0.11,-0.208,75.75,0.0,33.2,20,1,0
13:26:52.969,NERVOSO,1,171.76,-11.69,0.287,-5.092,8.169,1.894,0.312,-0.155,0.256,75.75,0.0,33.2,20,1,0
13:26:53.469,NERVOSO,1,172.46,-12.94,0.288,-6.756,7.822,1.992,-0.483,0.18,0.091,75.75,0.0,33.2,20,1,0
13:26:53.969,NERVOSO,1,172.31,-22.55,0.275,-6.457,7.843,2.823,-0.21,0.253,-0.086,75.75,0.0,33.2,20,1,0
13:26:54.469,NERVOSO,0,0.0,0.0,0.0,-5.456,7.046,1.099,-0.168,0.213,-0.128,75.75,0.0,33.2,20,1,0
13:26:54.969,NERVOSO,1,172.78,-37.47,0.356,-5.629,8.566,0.867,-0.046,0.155,0.332,75.75,0.0,33.2,20,1,0
13:26:55.469,NERVOSO,1,178.82,-36.66,0.277,-4.769,9.026,-1.065,0.333,-0.155,0.202,75.75,0.0,33.2,20,1,0
13:26:55.969,NERVOSO,0,0.0,0.0,0.0,-3.16,8.756,-1.369,0.193,-0.408,0.137,75.75,0.0,33.2,20,1,0
13:26:56.469,NERVOSO,1,152.88,83.39,0.728,-2.923,8.873,0.311,0.325,-0.425,-0.104,75.75,0.0,33.2,20,1,1
13:26:56.969,NERVOSO,1,170.87,38.45,0.517,-3.639,10.132,0.493,0.266,-0.532,-0.001,75.75,0.0,33.2,20,1,1
13:26:57.469,NERVOSO,1,175.78,28.11,0.325,-3.45,9.503,-0.134,0.086,-0.589,0.235,75.75,0.0,33.2,20,1,1
13:26:57.969,VIGILE,1,175.18,24.84,0.292,-2.842,8.382,-1.793,0.093,-0.59,0.28,75.75,0.0,33.2,20,1,1
13:26:58.470,VIGILE,1,176.48,6.91,0.247,-3.268,9.074,-2.921,0.09,-0.078,0.209,75.75,0.0,33.2,20,1,1
13:26:58.970,VIGILE,1,173.0,-14.81,0.141,-4.293,7.142,-3.807,-0.185,-0.011,-0.199,75.75,0.0,33.2,20,1,1
13:26:59.470,VIGILE,1,175.75,-20.44,0.258,-3.596,7.365,-3.618,-0.184,0.227,-0.118,75.75,0.0,33.2,20,1,1
13:26:59.970,VIGILE,1,176.54,-11.16,0.192,-4.135,7.784,-3.608,-0.102,0.169,0.041,75.75,0.0,33.2,20,1,1
13:27:00.470,VIGILE,1,179.27,-10.37,0.252,-3.958,7.518,-3.419,-0.268,0.152,-0.022,75.75,0.0,33.2,20,1,1
13:27:00.970,VIGILE,1,177.03,-10.97,0.283,-3.639,8.598,-4.652,0.289,0.068,-0.127,75.75,0.0,33.2,21,1,1
13:27:01.470,VIGILE,1,178.1,-10.35,0.27,-3.91,4.585,-3.888,-0.076,-0.276,0.725,75.75,0.0,33.2,21,1,1
13:27:01.970,VIGILE,1,179.6,-9.05,0.292,-4.073,7.329,-1.882,-0.108,0.052,-0.27,75.75,0.0,33.2,21,1,1
13:27:02.470,VIGILE,1,177.05,5.41,0.207,-4.178,8.545,-2.061,0.08,0.353,0.108,75.75,0.0,33.2,21,1,1
13:27:02.970,VIGILE,1,178.66,-4.47,0.286,-4.463,8.528,-2.081,-0.361,0.03,-0.131,75.75,0.0,33.2,21,1,1
13:27:03.470,VIGILE,1,176.16,-5.22,0.294,-4.286,9.242,-1.899,-0.924,0.096,-0.294,75.75,0.0,33.2,21,1,1
13:27:03.970,VIGILE,1,178.43,-8.23,0.257,-5.54,6.73,-2.073,-0.626,0.276,-0.14,75.75,0.0,33.2,21,1,1
13:27:04.470,VIGILE,1,176.94,-5.53,0.285,-3.757,8.049,-4.274,0.369,1.086,-0.689,75.75,0.0,33.2,21,1,1
13:27:04.970,VIGILE,1,178.01,-10.79,0.265,-4.085,8.708,-2.71,-0.632,0.164,0.151,75.75,0.0,33.2,21,1,1
13:27:05.471,VIGILE,1,174.32,-5.34,0.071,-4.017,6.699,-3.352,0.09,0.084,-0.15,75.75,0.0,33.2,21,1,1
13:27:05.971,VIGILE,1,177.34,-11.81,0.26,-6.697,7.355,-3.814,1.091,0.624,-0.416,75.75,0.0,33.2,21,1,1
13:27:06.471,VIGILE,1,173.43,-3.45,0.278,-5.136,7.341,-1.547,-0.306,0.062,-0.111,75.75,0.0,33.2,21,1,1
13:27:06.971,VIGILE,1,172.75,6.42,0.236,-5.145,8.231,-2.411,0.085,0.243,0.005,75.75,0.0,33.2,21,1,1
13:27:07.471,VIGILE,1,170.29,0.56,0.262,-4.693,9.364,-1.92,-0.042,0.236,0.331,75.75,0.0,33.2,21,1,1
13:27:07.971,VIGILE,1,173.63,0.65,0.274,-4.226,7.819,-1.927,-0.306,0.145,-0.047,75.75,0.0,33.2,21,1,1
13:27:08.471,VIGILE,1,174.16,0.25,0.265,-5.227,6.862,-0.86,0.012,-0.19,0.269,75.75,0.0,33.2,20,1,1
13:27:08.971,VIGILE,1,174.77,15.68,0.242,-5.545,7.606,-0.45,-0.142,0.284,-0.093,75.75,0.0,33.2,20,1,1
13:27:09.471,VIGILE,1,175.91,8.1,0.261,-5.691,7.851,0.017,-0.365,0.001,-0.145,75.75,0.0,33.2,20,1,1
13:27:09.971,VIGILE,1,178.06,-6.94,0.272,-4.707,8.799,-0.558,-0.112,0.189,-0.191,75.75,0.0,33.2,20,1,1
13:27:10.471,VIGILE,1,177.09,-14.31,0.258,-5.478,8.332,-0.364,-0.322,0.276,-0.243,75.75,0.0,33.2,20,1,1
13:27:10.971,VIGILE,1,175.57,-30.52,0.281,-5.488,8.157,0.625,-0.247,0.043,0.086,75.75,0.0,33.2,20,1,1
13:27:11.471,VIGILE,0,0.0,0.0,0.0,-6.33,7.333,1.322,-0.144,-0.101,0.049,75.75,0.0,33.2,20,1,1
13:27:11.971,VIGILE,1,173.05,-46.76,0.291,-5.89,8.08,0.457,-0.085,-0.025,-0.067,75.75,0.0,33.2,20,1,1
13:27:12.471,VIGILE,0,0.0,0.0,0.0,-5.126,7.973,-1.781,-0.041,0.072,0.018,75.75,0.0,33.2,20,1,1
13:27:12.971,VIGILE,1,168.93,-54.18,0.297,-4.815,7.587,-4.132,-0.196,0.137,-0.078,75.75,0.0,33.2,20,1,1
13:27:13.472,VIGILE,0,0.0,0.0,0.0,-5.377,6.792,-3.577,-0.226,0.304,-0.12,75.75,0.0,33.3,20,1,1
13:27:13.972,VIGILE,1,-174.33,-69.0,0.406,-5.406,6.488,-4.13,-0.34,0.37,-0.222,75.75,0.0,33.3,20,1,1
13:27:14.472,VIGILE,1,-179.23,-41.02,0.311,-5.318,6.677,-4.156,-0.407,0.536,-0.114,75.75,0.0,33.3,20,1,1
13:27:14.972,VIGILE,1,-179.42,-34.62,0.274,-5.31,5.698,-4.561,-0.384,0.516,-0.16,75.75,0.0,33.3,20,1,1
13:27:15.472,VIGILE,1,178.09,-26.53,0.256,-5.231,6.4,-4.556,0.264,0.263,0.055,75.75,0.0,33.3,20,1,1
13:27:15.972,VIGILE,1,175.63,-24.84,0.255,-5.078,7.645,-2.052,-0.269,0.169,0.185,75.75,0.0,33.3,20,1,1
13:27:16.472,VIGILE,1,175.43,-20.05,0.265,-4.259,7.755,-5.028,0.991,0.282,0.648,75.75,0.0,33.3,20,1,1
13:27:16.972,VIGILE,1,178.28,2.04,0.266,-4.738,6.823,-2.521,-0.754,0.313,-0.304,75.75,0.0,33.3,20,1,1
13:27:17.472,VIGILE,0,0.0,0.0,0.0,-4.875,7.463,-2.875,-0.464,0.018,-0.098,75.75,0.0,33.3,20,1,1
13:27:17.972,VIGILE,1,170.9,73.42,0.602,-3.876,7.652,-2.782,-0.329,-0.001,-0.145,75.75,0.0,33.3,20,1,1
13:27:18.472,VIGILE,1,175.75,38.95,0.294,-4.085,8.241,-2.976,-0.136,0.003,0.001,75.75,0.0,33.4,20,1,1
13:27:18.972,DISTRAZIONE,1,173.74,77.45,0.685,-3.757,7.628,-3.579,-0.006,0.04,0.088,75.75,0.0,33.4,20,1,1
13:27:19.472,DISTRAZIONE,1,177.96,75.0,0.576,-3.859,7.171,-2.107,-0.156,0.059,0.039,75.75,0.0,33.4,20,1,1
13:27:19.972,DISTRAZIONE,1,-175.53,77.17,0.742,-6.462,7.015,-2.404,-0.541,-0.127,-0.292,75.75,0.0,33.4,20,1,1
13:27:20.472,DISTRAZIONE,1,-177.04,76.04,0.802,-4.221,8.095,-3.153,0.58,0.212,0.2,75.75,0.0,33.4,20,1,1
13:27:20.972,DISTRAZIONE,1,174.51,72.4,0.793,-4.324,7.836,-2.571,-0.088,0.121,-0.11,75.75,0.0,33.4,20,1,1
13:27:21.472,DISTRAZIONE,1,175.49,43.72,0.463,-4.793,8.339,-1.808,-0.348,0.025,-0.166,75.75,0.0,33.4,20,1,1
13:27:21.973,DISTRAZIONE,1,174.12,45.3,0.474,-3.689,7.815,-2.868,-0.122,0.07,-0.101,75.75,0.0,33.4,20,1,1
13:27:22.473,DISTRAZIONE,1,174.88,75.05,0.79,-4.934,8.497,-0.788,-0.401,0.213,-0.021,75.75,0.0,33.4,20,1,1
13:27:22.973,DISTRAZIONE,1,171.12,49.44,0.816,-6.56,7.815,-2.959,0.457,1.249,-0.935,75.75,0.0,33.4,20,1,1
13:27:23.473,DISTRAZIONE,1,171.61,45.78,0.565,-6.507,7.805,-2.016,-0.064,-0.022,-0.303,75.75,0.0,33.4,20,1,1
13:27:23.973,DISTRAZIONE,1,-179.39,10.58,0.27,-6.467,8.088,-2.045,-0.724,-0.029,-0.107,75.75,0.0,33.4,20,1,1
13:27:24.473,DISTRAZIONE,1,178.0,26.55,0.268,-5.847,5.669,-2.488,-0.159,0.071,-0.027,75.75,0.0,33.4,20,1,1
13:27:24.973,DISTRAZIONE,1,-171.06,60.34,0.439,-6.582,6.735,-2.322,-0.144,0.267,0.071,75.75,0.0,33.4,20,1,1
13:27:25.473,DISTRAZIONE,1,178.71,30.04,0.345,-6.354,6.311,-2.641,-0.296,0.324,-0.077,75.75,0.0,33.4,20,1,1
13:27:25.973,DISTRAZIONE,1,-178.9,15.03,0.252,-6.507,6.718,-2.689,0.779,0.132,0.88,75.75,0.0,33.4,20,1,1
13:27:26.473,DISTRAZIONE,1,162.9,75.29,0.729,-5.215,6.783,-3.024,-0.242,0.444,-0.165,75.75,0.0,33.4,20,1,1
13:27:26.973,DISTRAZIONE,1,160.44,73.25,0.604,-5.138,6.05,-3.065,0.306,0.493,-0.027,75.75,0.0,33.4,20,1,1
13:27:27.473,DISTRAZIONE,1,179.42,-18.19,0.265,-4.058,7.831,-1.812,0.016,0.287,-0.013,75.75,0.0,33.4,20,1,1
13:27:27.973,DISTRAZIONE,1,177.62,-14.28,0.262,-5.787,7.072,-2.186,-0.246,-0.12,0.135,75.75,0.0,33.4,20,1,1
13:27:28.473,DISTRAZIONE,1,160.88,75.69,0.855,-4.47,8.485,-2.674,0.209,-0.191,0.093,75.75,0.0,33.3,20,1,1
13:27:28.973,DISTRAZIONE,1,177.44,36.0,0.326,-4.772,7.542,-1.745,-0.448,0.44,-0.219,75.75,0.0,33.3,20,1,1
13:27:29.473,DISTRAZIONE,1,-179.13,18.54,0.284,-5.076,8.538,-1.417,-0.382,0.075,-0.197,75.75,0.0,33.3,20,1,1
13:27:29.973,DISTRAZIONE,1,-179.57,27.43,0.278,-4.274,7.573,-2.65,-0.124,-0.062,-0.188,75.75,0.0,33.3,20,1,1
13:27:30.474,DISTRAZIONE,1,179.55,67.75,0.461,-5.571,7.391,-2.567,-1.103,0.119,-0.419,75.75,0.0,33.3,20,1,1
13:27:30.974,DISTRAZIONE,1,179.24,35.8,0.329,-4.867,6.907,-1.659,-0.175,-0.035,-0.116,75.75,0.0,33.3,20,1,1
13:27:31.474,DISTRAZIONE,1,-179.85,26.16,0.231,-4.034,8.131,-1.42,-0.245,0.268,-0.151,75.75,0.0,33.3,20,1,1
13:27:31.974,DISTRAZIONE,1,169.78,69.57,0.602,-3.95,8.049,-1.654,-0.02,0.079,-0.102,75.75,0.0,33.3,20,1,1
13:27:32.474,DISTRAZIONE,1,169.08,75.48,0.695,-4.209,8.559,-1.657,0.014,0.006,0.117,75.75,0.0,33.3,20,1,1
13:27:32.974,DISTRAZIONE,1,172.94,41.49,0.441,-4.757,7.791,-2.679,0.017,0.174,0.044,75.75,0.0,33.3,20,1,1
13:27:33.474,DISTRAZIONE,1,177.21,26.61,0.298,-5.131,7.573,-1.729,-0.014,-0.1,-0.162,75.75,0.0,33.3,19,1,1
13:27:33.974,DISTRAZIONE,1,176.94,-40.02,0.288,-4.099,8.566,-1.456,-0.18,-0.164,-0.027,75.75,0.0,33.3,19,1,1
13:27:34.474,DISTRAZIONE,1,-179.11,15.46,0.269,-4.693,8.442,-1.262,0.029,0.229,-0.034,75.75,0.0,33.3,19,1,1
13:27:34.974,DISTRAZIONE,1,177.37,-22.93,0.253,-4.834,8.911,0.512,-0.107,-0.108,-0.025,75.75,0.0,33.3,19,1,1
13:27:35.474,DISTRAZIONE,0,0.0,0.0,0.0,-6.065,8.052,1.195,-0.004,0.149,-0.086,75.75,0.0,33.3,19,1,1
13:27:35.974,DISTRAZIONE,1,-159.26,-73.92,0.364,-4.211,7.889,-1.156,0.167,0.168,-0.083,75.75,0.0,33.3,19,1,1
13:27:36.474,DISTRAZIONE,0,0.0,0.0,0.0,-3.843,9.464,-1.623,-0.078,-0.122,0.135,75.75,0.0,33.3,19,1,1
13:27:36.974,DISTRAZIONE,1,177.64,59.12,0.47,-3.608,8.167,-2.775,0.168,-0.36,0.21,75.75,0.0,33.3,19,1,1
13:27:37.474,DISTRAZIONE,1,179.03,40.03,0.333,-2.964,9.723,-3.021,-0.009,-0.612,0.169,75.75,0.0,33.3,19,1,1
13:27:37.975,DISTRAZIONE,1,179.61,29.49,0.305,-1.501,9.555,-1.951,0.169,-0.401,0.169,75.75,0.0,33.3,19,1,1
13:27:38.475,VIGILE,1,178.78,19.72,0.295,-1.616,9.471,-1.877,0.115,-0.569,0.138,75.75,0.0,33.2,19,1,1
13:27:38.975,VIGILE,1,176.31,4.13,0.277,-3.381,9.555,-2.854,0.02,-0.238,0.108,75.75,0.0,33.2,19,1,1
13:27:39.475,VIGILE,1,178.0,-8.85,0.256,-3.606,7.843,-3.699,-0.301,0.087,0.0,75.75,0.0,33.2,19,1,1
13:27:39.975,VIGILE,1,175.73,-10.64,0.254,-3.768,8.617,-3.254,-0.201,0.173,-0.087,75.75,0.0,33.2,19,1,1
13:27:40.475,VIGILE,1,177.92,-11.33,0.263,-2.911,8.947,-3.898,-0.108,-0.029,0.118,75.75,0.0,33.2,19,1,1
13:27:40.975,VIGILE,1,173.88,-10.3,0.256,-3.728,8.296,-0.948,-0.296,0.1,0.116,75.75,0.0,33.2,19,1,1
13:27:41.475,VIGILE,1,174.59,-14.43,0.261,-4.12,7.853,-2.473,-0.146,-0.013,0.054,75.75,0.0,33.2,19,1,1
13:27:41.975,VIGILE,1,175.57,-10.05,0.22,-3.874,7.551,-3.055,-0.075,0.176,-0.082,75.75,0.0,33.2,19,1,1
13:27:42.475,VIGILE,1,179.32,-12.39,0.263,-2.789,6.522,-2.998,0.008,0.137,0.059,75.75,0.0,33.2,19,1,1
13:27:42.975,VIGILE,1,178.4,-15.18,0.251,-3.97,8.42,-5.301,0.453,0.456,0.009,75.75,0.0,33.2,19,1,1
13:27:43.475,VIGILE,1,178.35,-16.37,0.207,-4.334,8.253,-2.66,0.029,0.026,-0.208,75.75,0.0,33.2,18,1,1
13:27:43.975,VIGILE,1,178.02,-11.2,0.276,-3.821,8.205,-3.259,-0.338,-0.049,0.136,75.75,0.0,33.2,18,1,1
13:27:44.475,VIGILE,1,178.93,-8.96,0.293,-4.456,7.968,-3.656,-0.241,0.245,-0.234,75.75,0.0,33.2,18,1,1
13:27:44.976,VIGILE,1,176.89,-14.28,0.287,-4.039,9.313,-3.783,0.217,0.465,-0.322,75.75,0.0,33.2,18,1,1
13:27:45.476,VIGILE,1,-178.58,-13.09,0.27,-2.897,8.25,-2.44,0.694,0.136,-0.037,75.75,0.0,33.2,18,1,1
13:27:45.976,VIGILE,1,179.7,-12.99,0.278,-4.029,8.823,-2.868,-0.118,-0.046,0.201,75.75,0.0,33.2,18,1,1
13:27:46.476,VIGILE,1,175.58,-10.92,0.165,-4.159,8.255,-2.684,-0.184,0.248,0.09,75.75,0.0,33.2,18,1,1
13:27:46.976,VIGILE,1,-179.06,-12.67,0.257,-4.015,8.499,-2.701,-0.132,-0.06,-0.101,75.75,0.0,33.2,18,1,1
13:27:47.476,VIGILE,1,176.91,-5.98,0.301,-4.374,8.143,-3.093,0.123,-0.055,0.181,75.75,0.0,33.2,18,1,1
13:27:47.976,VIGILE,1,179.88,-14.94,0.277,-4.025,8.614,-3.0,-0.077,0.078,0.036,75.75,0.0,33.2,18,1,1
13:27:48.476,VIGILE,1,177.1,-11.83,0.275,-3.804,6.764,-2.444,-0.587,-0.432,0.524,75.75,0.0,33.2,18,1,1
13:27:48.976,VIGILE,1,178.79,-10.19,0.268,-4.413,7.989,-1.714,-0.108,0.028,-0.07,75.75,0.0,33.2,18,1,1
13:27:49.476,VIGILE,1,175.7,-0.23,0.275,-4.647,7.661,-2.535,-0.379,0.11,0.041,75.75,0.0,33.2,18,1,1
13:27:49.976,VIGILE,1,175.74,-7.3,0.27,-4.877,7.738,-2.042,-0.022,-0.023,-0.123,75.75,0.0,33.2,18,1,1
13:27:50.476,VIGILE,1,174.38,-4.07,0.266,-5.013,7.168,-1.482,-0.228,-0.009,-0.039,75.75,0.0,33.2,18,1,1
13:27:50.976,VIGILE,1,171.98,2.1,0.261,-4.527,7.542,-0.718,-0.166,0.132,-0.141,75.75,0.0,33.1,18,1,1
13:27:51.476,VIGILE,1,175.96,-6.01,0.272,-5.138,7.726,0.036,-0.144,0.07,-0.095,75.75,0.0,33.1,18,1,1
13:27:51.976,VIGILE,1,175.28,0.45,0.3,-6.503,11.056,3.239,-1.967,0.076,-1.495,75.75,0.0,33.1,18,1,1
13:27:52.476,VIGILE,1,175.59,16.82,0.316,-6.701,9.287,2.047,-1.119,0.448,-0.497,75.75,0.0,33.1,18,1,1
13:27:52.977,VIGILE,1,177.59,26.05,0.319,-5.121,8.021,2.507,-0.255,-0.541,0.036,75.75,0.0,33.1,18,1,1
13:27:53.477,VIGILE,1,177.66,34.26,0.35,-6.493,6.292,-0.22,-0.285,-0.426,-0.0,75.75,0.0,33.1,17,1,1
13:27:53.977,VIGILE,1,173.37,39.36,0.414,-5.009,6.828,-1.657,-0.865,0.238,-0.458,75.75,0.0,33.1,17,1,1
13:27:54.477,VIGILE,1,170.6,43.4,0.444,-2.042,9.936,-1.346,-0.028,-0.148,0.254,75.75,0.0,33.1,17,1,1
13:27:54.977,VIGILE,1,173.72,74.81,0.59,-2.931,9.895,-0.148,-0.304,-0.231,-0.166,75.75,0.0,33.1,17,1,1
13:27:55.477,VIGILE,1,165.04,45.86,0.507,-3.239,9.85,1.156,0.556,-0.786,0.595,75.75,0.0,33.1,17,1,1
13:27:55.977,VIGILE,1,167.43,73.56,0.557,-2.464,9.057,0.247,0.104,0.002,-0.283,75.75,0.0,33.1,17,1,1
13:27:56.477,VIGILE,1,175.13,40.72,0.444,-1.635,9.673,-1.034,0.16,-0.36,0.151,75.75,0.0,33.1,17,1,1
13:27:56.977,VIGILE,1,177.13,33.14,0.303,-2.277,9.596,-1.743,0.043,-0.307,0.18,75.75,0.0,33.1,17,1,1
13:27:57.477,VIGILE,1,179.1,16.46,0.232,-3.505,8.444,-2.847,0.104,-0.317,0.007,75.75,0.0,33.1,17,1,1
13:27:57.977,VIGILE,1,179.18,11.59,0.215,-3.632,8.004,-3.881,0.006,-0.114,-0.047,75.75,0.0,33.1,17,1,1
13:27:58.477,VIGILE,1,178.56,12.08,0.199,-3.146,8.456,-3.713,-0.006,0.131,-0.035,75.75,0.0,33.1,17,1,1
13:27:58.977,VIGILE,1,178.51,10.52,0.145,-3.936,8.76,-3.582,-0.111,-0.07,0.049,75.75,0.0,33.1,17,1,1
13:27:59.477,VIGILE,0,0.0,0.0,0.0,-4.568,8.782,-1.834,0.055,0.031,0.214,75.75,0.0,33.1,17,1,1
13:27:59.977,VIGILE,1,171.56,47.65,0.189,-4.654,7.281,-2.239,-0.188,-0.025,0.005,75.75,0.0,33.1,17,1,1
13:28:00.478,VIGILE,1,179.41,24.61,0.25,-4.513,9.024,-3.328,-0.319,0.145,-0.343,75.75,0.0,33.1,17,1,1
13:28:00.978,VIGILE,1,177.07,28.75,0.243,-4.707,7.163,-2.344,-0.283,-0.033,-0.008,75.75,0.0,33.1,17,1,1
13:28:01.478,VIGILE,1,175.28,0.24,0.226,-4.161,7.671,-2.646,0.017,0.085,-0.086,75.75,0.0,33.1,17,1,1
13:28:01.978,VIGILE,1,177.09,-9.6,0.198,-4.408,7.681,-2.507,-0.169,-0.087,0.0,75.75,0.0,33.1,17,1,1
13:28:02.478,VIGILE,1,179.3,11.75,0.226,-4.597,7.834,-2.83,-0.089,0.039,-0.068,75.75,0.0,33.1,17,1,1
13:28:02.978,VIGILE,1,-169.86,22.83,0.209,-4.8,8.272,-2.473,-0.206,0.035,-0.012,75.75,0.0,33.1,17,1,1
13:28:03.478,VIGILE,1,176.24,-17.41,0.162,-4.812,8.291,-1.805,-0.064,0.385,0.028,75.75,0.0,33.2,17,1,1
13:28:03.978,VIGILE,1,176.18,-12.43,0.203,-5.119,7.362,-1.635,-0.083,-0.115,-0.125,75.75,0.0,33.2,17,1,1
13:28:04.478,VIGILE,1,176.81,-10.93,0.174,-4.877,8.198,-1.717,-0.18,0.019,0.076,75.75,0.0,33.2,17,1,1
13:28:04.978,VIGILE,1,176.06,-17.37,0.219,-5.27,7.987,-1.628,-0.131,-0.044,0.007,75.75,0.0,33.2,17,1,1
13:28:05.478,VIGILE,1,174.64,-17.7,0.211,-4.934,8.2,-1.824,-0.076,0.199,-0.243,75.75,0.0,33.2,17,1,1
13:28:05.978,VIGILE,1,176.49,-20.56,0.216,-5.488,8.138,-1.587,-0.122,0.206,0.066,75.75,0.0,33.2,17,1,1
13:28:06.478,VIGILE,1,169.75,-33.79,0.27,-5.794,8.286,-0.575,-0.075,0.089,-0.109,75.75,0.0,33.2,17,1,1
13:28:06.978,VIGILE,0,0.0,0.0,0.0,-5.969,6.902,-1.482,-0.189,0.041,-0.071,75.75,0.0,33.2,17,1,1
13:28:07.478,VIGILE,1,178.1,-43.81,0.429,-6.934,6.112,-1.946,-0.216,0.143,-0.026,75.75,0.0,33.2,17,1,1
13:28:07.978,VIGILE,1,176.87,-43.67,0.377,-8.315,5.492,-2.435,-0.265,0.452,-0.164,75.75,0.0,33.2,17,1,1
13:28:08.479,VIGILE,1,174.02,-41.82,0.33,-7.051,5.667,-3.031,-0.433,0.329,-0.106,75.75,0.0,33.3,17,1,1
13:28:08.979,VIGILE,1,175.12,-32.17,0.288,-8.174,5.502,-2.921,-0.416,0.265,-0.343,75.75,0.0,33.3,17,1,1
13:28:09.479,VIGILE,1,-179.48,-28.23,0.254,-8.42,4.243,-3.493,-0.707,0.269,-0.325,75.75,0.0,33.3,17,1,1
13:28:09.979,VIGILE,1,-177.24,-25.49,0.286,-6.797,5.399,-4.496,-0.428,0.557,-0.321,75.75,0.0,33.3,17,1,1
13:28:10.479,VIGILE,1,-176.37,-18.66,0.284,-5.899,7.353,-3.388,-0.227,0.367,-0.134,75.75,0.0,33.3,17,1,1
13:28:10.979,VIGILE,1,-177.09,-19.01,0.266,-4.317,7.989,-3.376,-0.184,0.078,0.071,75.75,0.0,33.3,16,1,1
13:28:11.479,VIGILE,1,174.75,-41.28,0.307,-4.444,7.374,-3.922,-0.321,0.133,0.006,75.75,0.0,33.3,16,1,1
13:28:11.979,VIGILE,1,178.71,-42.15,0.24,-4.231,7.796,-2.057,-0.156,0.282,-0.082,75.75,0.0,33.3,16,1,1
13:28:12.479,VIGILE,1,-177.47,-31.29,0.248,-4.195,7.192,-3.886,-0.198,0.035,-0.175,75.75,0.0,33.3,16,1,1
13:28:12.979,VIGILE,1,178.3,2.63,0.237,-4.374,7.317,-3.158,-0.157,-0.303,0.22,75.75,0.0,33.3,16,1,1
13:28:13.479,VIGILE,1,175.24,4.81,0.179,-5.425,8.507,-4.743,0.086,0.219,-0.054,75.75,0.0,33.3,16,1,1
13:28:13.979,VIGILE,1,174.06,2.36,0.265,-2.215,8.124,-1.8,-0.342,-0.287,0.121,75.75,0.0,33.3,16,1,1
13:28:14.479,VIGILE,1,175.71,-6.55,0.244,-4.453,9.297,-1.851,0.059,0.303,-0.103,75.75,0.0,33.3,16,1,1
13:28:14.979,VIGILE,1,171.47,0.35,0.251,-3.565,8.94,-3.206,-0.338,0.151,-0.127,75.75,0.0,33.3,16,1,1
13:28:15.479,VIGILE,1,171.23,-3.12,0.249,-4.444,7.58,-2.399,-0.137,0.03,-0.108,75.75,0.0,33.3,16,1,1
13:28:15.979,VIGILE,1,179.16,-13.76,0.238,-4.152,9.766,-2.449,0.664,-0.093,0.459,75.75,0.0,33.3,16,1,1
13:28:16.480,VIGILE,1,175.46,-7.88,0.246,-3.062,7.333,-2.049,-0.372,0.048,-0.426,75.75,0.0,33.3,16,1,1
13:28:16.980,VIGILE,1,173.78,-5.69,0.243,-9.06,7.774,-0.69,-2.231,0.859,-1.397,75.75,0.0,33.3,16,1,1
13:28:17.480,VIGILE,1,174.62,-5.23,0.234,-5.001,6.979,-3.338,-1.351,0.174,-0.642,75.75,0.0,33.3,16,1,1
13:28:17.980,VIGILE,1,179.13,-8.36,0.245,-3.792,8.258,-1.853,-0.167,0.252,-0.013,75.75,0.0,33.3,16,1,1
13:28:18.480,VIGILE,1,176.38,-6.73,0.228,-4.824,7.439,-2.346,0.035,-0.042,-0.209,75.75,0.0,33.3,16,1,1
13:28:18.980,VIGILE,1,176.35,-11.37,0.245,-4.961,8.514,-2.186,-0.25,-0.166,0.164,75.75,0.0,33.3,16,1,1
13:28:19.480,VIGILE,1,177.9,-13.7,0.139,-5.904,7.841,-2.418,-0.096,0.1,-0.114,75.75,0.0,33.3,16,1,1
13:28:19.980,VIGILE,1,176.2,-9.03,0.238,-4.851,8.808,-2.512,-0.055,0.216,0.046,75.75,0.0,33.3,16,1,1
13:28:20.480,VIGILE,1,178.21,-13.43,0.249,-4.156,7.951,-3.259,-0.069,0.395,0.065,75.75,0.0,33.3,16,1,1
13:28:20.980,VIGILE,1,177.67,-11.62,0.236,-4.571,8.135,-2.667,-0.125,0.011,0.111,75.75,0.0,33.3,16,1,1
13:28:21.480,VIGILE,1,175.9,-12.48,0.245,-3.883,8.361,-2.772,-0.018,0.056,-0.123,75.75,0.0,33.3,16,1,1
13:28:21.980,VIGILE,1,177.57,-15.68,0.244,-6.045,7.958,-2.054,-0.029,-0.123,-0.13,75.75,0.0,33.3,16,1,1
13:28:22.480,VIGILE,1,-179.57,-13.57,0.261,-4.702,7.831,-2.002,-0.223,-0.003,0.066,75.75,0.0,33.3,16,1,1
13:28:22.980,VIGILE,1,177.21,-12.95,0.252,-5.332,7.309,-1.276,-0.586,-0.119,-0.421,75.75,0.0,33.3,16,1,1
13:28:23.480,VIGILE,1,-179.37,27.58,0.327,-5.911,7.87,-2.737,-0.037,0.306,-0.064,75.75,0.0,33.3,16,1,1
13:28:23.980,VIGILE,1,178.87,-15.65,0.255,-5.555,7.338,-2.535,-0.215,0.178,0.121,75.75,0.0,33.3,16,1,1
13:28:24.481,VIGILE,1,178.31,-18.98,0.247,-6.282,7.46,-2.492,-0.264,0.199,0.082,75.75,0.0,33.3,16,1,1
13:28:24.981,VIGILE,1,177.72,-21.36,0.262,-5.377,6.505,-2.133,-0.524,-0.197,0.038,75.75,0.0,33.3,16,1,1
13:28:25.481,VIGILE,1,174.66,-17.43,0.252,-6.057,7.446,-3.373,-0.163,0.185,0.582,75.75,0.0,33.3,16,1,1
13:28:25.981,VIGILE,1,177.84,-15.16,0.266,-5.013,5.866,-3.16,-0.24,0.271,0.201,75.75,0.0,33.4,16,1,1
13:28:26.481,VIGILE,1,178.5,-16.98,0.256,-2.267,5.976,-4.051,0.208,-0.385,0.082,75.75,0.0,33.4,16,1,1
13:28:26.981,VIGILE,1,170.45,-10.31,0.244,-8.712,6.507,-3.642,-0.605,-0.477,0.176,75.75,0.0,33.4,16,1,1
13:28:27.481,VIGILE,1,176.38,-6.73,0.135,-5.648,7.269,-1.65,0.14,0.256,-0.012,75.75,0.0,33.4,16,1,1
13:28:27.981,VIGILE,1,175.1,0.65,0.247,-6.132,7.333,-0.812,-0.294,-0.088,-0.478,75.75,0.0,33.4,16,1,1
13:28:28.481,VIGILE,1,175.66,8.16,0.253,-5.327,7.302,-1.415,0.151,0.588,-0.752,75.75,0.0,33.4,15,1,1
13:28:28.981,VIGILE,1,175.25,5.06,0.253,-2.418,9.323,-1.585,-0.188,0.012,0.12,75.75,0.0,33.4,15,1,1
13:28:29.482,VIGILE,1,175.56,2.82,0.264,-4.415,9.017,-2.804,-0.175,0.318,-0.539,75.75,0.0,33.4,15,1,1
13:28:29.982,VIGILE,1,175.99,9.69,0.261,-3.615,10.772,-1.448,0.424,0.078,0.076,75.75,0.0,33.4,15,1,1
13:28:30.482,VIGILE,1,177.27,11.97,0.27,-2.959,7.824,-2.32,-0.013,0.315,-0.104,75.75,0.0,33.4,15,1,1
13:28:30.982,VIGILE,1,-179.61,3.72,0.269,-3.474,8.765,-0.141,-0.236,-0.296,0.227,75.75,0.0,33.4,15,1,1
13:28:31.482,VIGILE,1,179.18,4.71,0.257,-3.613,7.693,-1.844,0.23,-0.161,-0.027,75.75,0.0,33.4,15,1,1
13:28:31.982,VIGILE,1,175.47,2.3,0.254,-3.859,8.997,-0.898,-0.218,-0.312,0.18,75.75,0.0,33.4,15,1,1
13:28:32.482,VIGILE,1,173.24,0.4,0.26,-3.508,8.313,-1.03,-0.093,-0.25,0.08,75.75,0.0,33.4,15,1,1
13:28:32.982,VIGILE,1,178.41,-44.61,0.417,-3.905,8.411,-0.979,-0.493,-0.083,0.056,75.75,0.0,33.4,15,1,1
13:28:33.482,VIGILE,1,-169.96,-71.84,0.49,-2.842,6.797,-0.52,-0.711,-0.19,-0.284,75.75,0.0,33.4,15,1,1
13:28:33.982,VIGILE,1,-177.71,-21.25,0.28,-3.859,8.174,-1.25,-1.443,0.018,-0.978,75.75,0.0,33.4,15,1,1
13:28:34.482,VIGILE,1,172.34,-40.12,0.225,-5.423,9.129,-0.682,-0.649,-0.173,-0.267,75.75,0.0,33.4,15,1,1
13:28:34.982,VIGILE,1,-167.9,-70.05,0.468,-3.792,7.738,-4.365,0.715,0.232,-0.167,75.75,0.0,33.4,15,1,1
13:28:35.482,VIGILE,1,-178.17,-12.62,0.238,-4.341,7.851,-1.484,-0.245,-0.2,0.529,75.75,0.0,33.4,15,1,1
13:28:35.982,VIGILE,1,172.98,-10.05,0.247,-4.975,7.937,0.484,0.154,-0.172,-0.107,75.75,0.0,33.5,15,1,1
13:28:36.482,VIGILE,1,170.7,-11.23,0.252,-7.056,7.757,0.709,-0.606,-0.247,0.18,75.75,0.0,33.5,15,1,1
13:28:36.982,VIGILE,1,174.09,-23.4,0.248,-6.251,7.01,2.021,-0.487,-0.768,0.181,75.75,0.0,33.5,15,1,1
13:28:37.483,VIGILE,1,174.56,-32.34,0.276,-5.42,7.343,0.292,-0.022,0.101,-0.166,75.75,0.0,33.5,15,1,1
13:28:37.983,VIGILE,1,166.3,-39.11,0.325,-5.567,8.018,-0.388,-0.17,0.026,-0.03,75.75,0.0,33.5,15,1,1
13:28:38.483,VIGILE,0,0.0,0.0,0.0,-5.559,7.961,0.084,-0.154,-0.01,0.019,75.75,0.0,33.5,15,1,1
13:28:38.983,VIGILE,1,156.73,-34.34,0.316,-5.133,7.906,-0.998,-0.124,0.071,-0.037,75.75,0.0,33.5,15,1,1
13:28:39.483,VIGILE,1,117.98,-78.12,0.324,-4.81,8.217,-1.798,-0.056,0.113,0.047,75.75,0.0,33.5,15,1,1
13:28:39.983,VIGILE,1,158.48,-38.24,0.312,-4.484,7.932,-2.612,-0.14,0.062,-0.002,75.75,0.0,33.5,15,1,1
13:28:40.483,VIGILE,1,157.07,-34.1,0.285,-4.578,7.855,-2.361,-0.085,0.066,-0.073,75.75,0.0,33.5,15,1,1
13:28:40.983,DISTRAZIONE,1,158.1,-33.33,0.276,-4.547,8.116,-2.425,-0.162,0.044,0.039,75.75,0.0,33.6,15,1,1
13:28:41.483,DISTRAZIONE,1,161.35,-37.38,0.33,-4.549,7.999,-2.406,-0.129,0.114,-0.047,75.75,0.0,33.6,15,1,1
13:28:41.983,DISTRAZIONE,1,157.58,-34.67,0.295,-4.475,8.021,-2.392,-0.14,0.069,-0.019,75.75,0.0,33.6,15,1,1
13:28:42.483,DISTRAZIONE,1,157.64,-34.12,0.276,-4.604,8.035,-2.437,-0.145,0.059,0.003,75.75,0.0,33.6,15,1,1
13:28:42.983,DISTRAZIONE,1,157.28,-30.73,0.247,-4.441,7.891,-2.229,-0.101,0.062,-0.064,75.75,0.0,33.6,15,1,1
13:28:43.483,DISTRAZIONE,1,155.74,-31.42,0.228,-4.547,8.078,-2.478,-0.175,0.055,0.04,75.75,0.0,33.7,15,1,1
13:28:43.983,DISTRAZIONE,0,0.0,0.0,0.0,-4.566,7.93,-2.325,-0.1,0.091,-0.069,75.75,0.0,33.7,15,1,1
13:28:44.484,DISTRAZIONE,1,-172.88,33.87,0.12,-4.408,8.013,-2.509,-0.169,0.054,0.035,75.75,0.0,33.7,15,1,1
13:28:44.984,DISTRAZIONE,1,-154.98,39.34,0.154,-4.561,8.037,-2.351,-0.136,0.151,-0.031,75.75,0.0,33.7,15,1,1
13:28:45.484,DISTRAZIONE,1,-170.22,34.56,0.318,-4.496,7.966,-2.337,-0.107,0.044,0.002,75.75,0.0,33.7,15,1,1
13:28:45.984,DISTRAZIONE,1,-154.69,33.93,0.127,-4.559,7.939,-2.471,-0.153,0.062,0.007,75.75,0.0,33.7,15,1,1
13:28:46.484,DISTRAZIONE,1,-148.1,38.9,0.126,-4.444,7.879,-2.255,-0.098,0.07,-0.07,75.75,0.0,33.7,15,1,1
13:28:46.984,DISTRAZIONE,1,-145.79,28.68,0.142,-4.652,8.052,-2.473,-0.177,0.055,0.05,75.75,0.0,33.7,15,1,1
13:28:47.484,DISTRAZIONE,1,-144.66,41.35,0.133,-4.391,7.728,-2.377,-0.076,0.05,-0.113,75.75,0.0,33.7,15,1,1
13:28:47.984,DISTRAZIONE,1,-145.97,32.91,0.136,-4.527,8.143,-2.315,-0.168,0.06,0.035,75.75,0.0,33.7,15,1,1
13:28:48.484,DISTRAZIONE,1,-150.76,41.49,0.134,-4.489,7.879,-2.363,-0.122,0.031,-0.037,75.75,0.0,33.8,15,1,1
13:28:48.984,DISTRAZIONE,1,-146.06,35.63,0.144,-4.434,7.997,-2.449,-0.123,0.078,-0.031,75.75,0.0,33.8,15,1,1
13:28:49.484,DISTRAZIONE,1,-152.77,48.76,0.334,-4.532,7.934,-2.207,-0.144,0.032,-0.009,75.75,0.0,33.8,15,1,1
13:28:49.984,DISTRAZIONE,1,-157.28,39.66,0.129,-4.511,7.956,-2.526,-0.141,0.074,0.001,75.75,0.0,33.8,15,1,1
13:28:50.484,DISTRAZIONE,1,-172.54,30.72,0.112,-4.559,8.011,-2.263,-0.111,0.071,-0.07,75.75,0.0,33.8,15,1,1
13:28:50.984,DISTRAZIONE,1,-167.71,60.08,0.367,-4.525,7.951,-2.476,-0.168,0.048,0.043,75.75,0.0,33.9,15,1,1
13:28:51.484,DISTRAZIONE,1,-172.55,35.3,0.325,-4.511,7.966,-2.418,-0.116,0.131,-0.04,75.75,0.0,33.9,15,1,1
13:28:51.985,DISTRAZIONE,1,172.2,-16.75,0.27,-4.506,7.937,-2.421,-0.14,0.07,-0.014,75.75,0.0,33.9,15,1,1
13:28:52.485,DISTRAZIONE,1,152.06,19.09,0.235,-4.53,7.989,-2.33,-0.159,0.042,0.019,75.75,0.0,33.9,15,1,1
13:28:52.985,DISTRAZIONE,0,0.0,0.0,0.0,-4.568,8.016,-2.303,-0.098,0.084,-0.065,75.75,0.0,33.9,15,1,1
13:28:53.485,DISTRAZIONE,1,-162.19,51.46,0.312,-4.575,8.116,-2.394,-0.166,0.092,0.023,75.75,0.0,34.0,15,1,1
13:28:53.985,DISTRAZIONE,1,-174.16,34.01,0.314,-4.618,7.887,-2.413,-0.107,0.032,-0.062,75.75,0.0,34.0,15,1,1
13:28:54.485,DISTRAZIONE,1,-175.43,34.31,0.314,-4.515,8.164,-2.279,-0.148,0.075,0.01,75.75,0.0,34.0,15,1,1
13:28:54.985,DISTRAZIONE,1,-175.72,34.64,0.268,-4.571,7.836,-2.382,-0.12,0.014,-0.024,75.75,0.0,34.0,15,1,1
13:28:55.485,DISTRAZIONE,1,-164.07,54.69,0.344,-4.489,8.013,-2.54,-0.126,0.083,-0.018,75.75,0.0,34.0,15,1,1
13:28:55.985,DISTRAZIONE,1,-163.22,56.57,0.308,-4.501,7.932,-2.306,-0.124,0.054,-0.036,75.75,0.0,34.0,14,1,1
13:28:56.485,DISTRAZIONE,1,-175.96,34.92,0.308,-4.547,8.131,-2.43,-0.178,0.05,0.038,75.75,0.0,34.0,14,1,1
13:28:56.985,DISTRAZIONE,1,-172.19,30.25,0.116,-4.429,7.918,-2.478,-0.08,0.063,-0.087,75.75,0.0,34.0,14,1,1
13:28:57.485,DISTRAZIONE,1,-163.82,24.1,0.136,-4.52,8.049,-2.401,-0.171,0.048,0.038,75.75,0.0,34.0,14,1,1
13:28:57.985,DISTRAZIONE,1,-157.12,45.5,0.14,-4.549,7.879,-2.272,-0.108,0.04,-0.036,75.75,0.0,34.0,14,1,1
13:28:58.485,DISTRAZIONE,1,-176.72,57.49,0.404,-4.46,8.073,-2.471,-0.131,0.086,-0.021,75.75,0.0,34.1,14,1,1
13:28:58.985,DISTRAZIONE,0,0.0,0.0,0.0,-4.52,8.018,-2.1,-0.177,0.093,-0.002,75.75,0.0,34.1,14,1,1
13:28:59.486,DISTRAZIONE,1,177.53,2.38,0.176,-4.444,7.973,-2.535,-0.112,0.112,-0.031,75.75,0.0,34.1,14,1,1
13:28:59.986,DISTRAZIONE,1,178.74,-1.54,0.14,-4.501,8.052,-2.545,-0.161,0.093,0.038,75.75,0.0,34.1,14,1,1
13:29:00.486,DISTRAZIONE,1,174.8,2.76,0.161,-4.515,7.803,-2.433,-0.104,0.032,-0.069,75.75,0.0,34.1,14,1,1
13:29:00.986,DISTRAZIONE,1,175.32,-4.16,0.153,-4.563,8.205,-2.274,-0.149,0.089,0.008,75.75,0.0,34.2,14,1,1
13:29:01.486,VIGILE,1,174.56,34.32,0.318,-4.458,7.851,-2.43,-0.122,0.04,-0.017,75.75,0.0,34.2,14,1,1
13:29:01.986,VIGILE,1,176.53,21.51,0.203,-4.506,8.088,-2.411,-0.141,0.078,-0.026,75.75,0.0,34.2,14,1,1
13:29:02.486,VIGILE,1,176.56,-4.06,0.172,-4.556,8.033,-2.212,-0.149,0.04,-0.018,75.75,0.0,34.2,14,1,1
13:29:02.986,VIGILE,1,177.86,-4.2,0.203,-4.59,7.982,-2.478,-0.127,0.09,-0.025,75.75,0.0,34.2,14,1,1
13:29:03.486,VIGILE,1,177.31,7.14,0.21,-4.446,8.147,-2.535,-0.166,0.109,0.024,75.75,0.0,34.3,14,1,1
13:29:03.986,VIGILE,1,178.69,5.74,0.209,-4.535,7.793,-2.392,-0.095,0.028,-0.093,75.75,0.0,34.3,14,1,1
13:29:04.486,VIGILE,1,-176.11,18.55,0.209,-4.604,8.246,-2.306,-0.168,0.092,0.036,75.75,0.0,34.3,14,1,1
13:29:04.986,VIGILE,1,176.19,25.7,0.204,-4.475,7.896,-2.356,-0.119,0.067,-0.032,75.75,0.0,34.3,14,1,1
13:29:05.486,VIGILE,1,176.7,37.34,0.345,-4.508,7.872,-2.579,-0.134,0.094,-0.022,75.75,0.0,34.3,14,1,1
13:29:05.986,VIGILE,1,177.78,37.22,0.339,-4.501,7.975,-2.339,-0.161,0.062,0.006,75.75,0.0,34.4,14,1,1
13:29:06.486,VIGILE,1,179.21,22.17,0.223,-4.503,7.915,-2.43,-0.1,0.082,-0.065,75.75,0.0,34.4,14,1,1
13:29:06.986,VIGILE,1,178.96,-1.71,0.18,-4.415,7.975,-2.483,-0.191,0.01,0.055,75.75,0.0,34.4,14,1,1
13:29:07.487,VIGILE,1,-179.22,-8.0,0.192,-4.556,7.846,-2.346,-0.08,0.068,-0.084,75.75,0.0,34.4,14,1,1
13:29:07.987,VIGILE,1,175.38,5.33,0.187,-4.439,8.078,-2.483,-0.177,0.102,0.053,75.75,0.0,34.4,14,1,1
13:29:08.487,VIGILE,1,178.01,10.13,0.205,-4.571,7.858,-2.31,-0.107,0.054,-0.05,75.75,0.0,34.5,14,1,1
13:29:08.987,VIGILE,1,-176.58,17.33,0.245,-4.41,7.973,-2.476,-0.138,0.062,-0.015,75.75,0.0,34.5,14,1,1
13:29:09.487,VIGILE,1,-177.64,23.11,0.266,-4.539,7.961,-2.365,-0.147,0.081,0.011,75.75,0.0,34.5,14,1,1
13:29:09.987,VIGILE,1,-168.74,7.2,0.193,-4.492,7.836,-2.325,-0.099,0.049,-0.062,75.75,0.0,34.5,14,1,1
13:29:10.487,VIGILE,1,-178.38,0.95,0.212,-4.599,8.006,-2.43,-0.154,0.033,0.046,75.75,0.0,34.5,14,1,1
13:29:10.987,VIGILE,1,179.41,-9.32,0.203,-4.65,7.966,-2.263,-0.091,0.067,-0.079,75.75,0.0,34.6,14,1,1
13:29:11.487,VIGILE,1,-179.12,-10.05,0.198,-4.563,8.045,-2.392,-0.191,0.068,0.048,75.75,0.0,34.6,14,1,1
13:29:11.987,VIGILE,1,-177.27,-12.78,0.231,-4.48,8.004,-2.425,-0.13,0.153,-0.03,75.75,0.0,34.6,14,1,1
13:29:12.488,VIGILE,1,179.09,-8.93,0.201,-4.415,7.927,-2.413,-0.137,0.097,0.005,75.75,0.0,34.6,14,1,1
13:29:12.988,VIGILE,1,-178.18,8.05,0.21,-4.65,8.006,-2.497,-0.134,0.027,-0.011,75.75,0.0,34.6,14,1,1
13:29:13.488,VIGILE,1,-178.94,11.59,0.184,-4.379,7.875,-2.251,-0.112,0.066,-0.055,75.75,0.0,34.6,14,1,1
13:29:13.988,VIGILE,1,178.38,-3.44,0.204,-4.525,8.025,-2.552,-0.147,0.044,0.017,75.75,0.0,34.6,14,1,1
13:29:14.488,VIGILE,1,-177.24,-9.08,0.215,-4.7,8.047,-2.239,-0.137,0.108,-0.024,75.75,0.0,34.6,14,1,1
13:29:14.988,VIGILE,1,-178.71,-0.29,0.221,-4.544,7.937,-2.447,-0.133,0.025,-0.01,75.75,0.0,34.6,14,1,1
13:29:15.488,VIGILE,1,179.34,-2.29,0.213,-4.575,8.025,-2.332,-0.116,0.117,-0.016,75.75,0.0,34.6,14,1,1
13:29:15.988,VIGILE,1,179.23,-0.81,0.219,-4.415,7.834,-2.476,-0.127,0.036,-0.011,75.75,0.0,34.8,14,1,1
13:29:16.488,VIGILE,1,-175.64,0.02,0.207,-4.542,8.035,-2.488,-0.126,0.061,-0.016,75.75,0.0,34.8,14,1,1
13:29:16.988,VIGILE,1,176.99,-1.1,0.192,-4.549,7.968,-2.274,-0.158,0.054,0.001,75.75,0.0,34.8,14,1,1
13:29:17.488,VIGILE,1,178.28,-30.24,0.217,-4.578,7.805,-2.406,-0.094,0.095,-0.058,75.75,0.0,34.8,14,1,1
13:29:17.988,VIGILE,1,-178.75,-34.25,0.292,-4.475,8.076,-2.535,-0.176,0.076,0.056,75.75,0.0,34.8,14,1,1
13:29:18.488,VIGILE,1,179.71,19.3,0.215,-4.501,7.798,-2.358,-0.066,0.041,-0.105,75.75,0.0,34.9,13,1,1
13:29:18.988,VIGILE,1,177.19,21.14,0.219,-4.621,8.179,-2.248,-0.178,0.061,0.032,75.75,0.0,34.9,13,1,1
13:29:19.488,VIGILE,1,-179.43,27.59,0.208,-4.606,7.92,-2.37,-0.113,0.067,-0.028,75.75,0.0,34.9,13,1,1
13:29:19.989,VIGILE,1,177.32,13.91,0.207,-4.408,7.954,-2.442,-0.137,0.097,0.001,75.75,0.0,34.9,13,1,1
13:29:20.489,VIGILE,1,178.13,23.95,0.171,-4.489,7.887,-2.234,-0.114,-0.007,0.001,75.75,0.0,34.9,13,1,1
13:29:20.989,VIGILE,1,-179.64,17.11,0.212,-4.559,7.942,-2.215,-0.109,0.081,-0.061,75.75,0.0,34.9,13,1,1
13:29:21.489,VIGILE,1,176.39,1.39,0.2,-4.578,7.92,-2.459,-0.132,0.142,0.04,75.75,0.0,34.9,13,1,1
13:29:21.989,VIGILE,1,178.17,-11.75,0.203,-4.518,8.121,-2.382,-0.161,0.09,-0.002,75.75,0.0,34.9,13,1,1
13:29:22.489,VIGILE,1,178.76,-37.19,0.305,-4.48,7.788,-2.442,-0.098,0.007,-0.076,75.75,0.0,34.9,13,1,1
13:29:22.989,VIGILE,1,176.23,-33.14,0.176,-4.58,8.179,-2.392,-0.151,0.027,0.018,75.75,0.0,34.9,13,1,1
13:29:23.489,VIGILE,1,177.9,33.27,0.318,-4.709,7.975,-2.373,-0.134,0.115,-0.026,75.75,0.0,35.0,13,1,1
13:29:23.989,VIGILE,1,176.2,37.09,0.331,-4.283,7.858,-2.526,-0.138,0.066,-0.004,75.75,0.0,35.0,13,1,1
13:29:24.489,VIGILE,1,176.96,37.02,0.302,-4.549,7.994,-2.459,-0.127,0.039,-0.016,75.75,0.0,35.0,13,1,1
13:29:24.989,VIGILE,1,177.57,35.06,0.311,-4.434,8.078,-2.274,-0.196,0.058,0.064,75.75,0.0,35.0,13,1,1
13:29:25.489,VIGILE,1,177.85,34.02,0.321,-4.369,7.91,-2.61,-0.086,0.114,-0.066,75.75,0.0,35.0,13,1,1
13:29:25.989,VIGILE,1,178.46,34.47,0.26,-4.501,8.162,-2.356,-0.169,0.086,0.031,75.75,0.0,35.1,13,1,1
13:29:26.489,VIGILE,1,177.52,33.98,0.327,-4.604,7.918,-2.375,-0.117,0.034,-0.058,75.75,0.0,35.1,13,1,1
13:29:26.989,VIGILE,1,179.05,-1.32,0.204,-4.609,8.186,-2.282,-0.151,0.084,0.023,75.75,0.0,35.1,13,1,1
13:29:27.490,VIGILE,1,-179.17,-18.07,0.232,-3.56,7.621,-3.919,-0.186,-0.03,-0.097,75.75,0.0,35.1,13,1,1
13:29:27.990,VIGILE,1,179.13,-25.68,0.206,-3.278,7.779,-5.42,-0.207,0.469,-0.064,75.75,0.0,35.1,13,1,1
13:29:28.490,VIGILE,1,-178.84,-32.47,0.249,-3.634,8.274,-5.485,-0.204,0.536,-0.151,75.75,0.0,35.1,13,1,1
13:29:28.990,VIGILE,1,-176.77,-29.42,0.256,-5.806,7.518,-3.812,-0.145,0.107,-0.016,75.75,0.0,35.1,13,1,1
13:29:29.490,VIGILE,1,-176.48,-31.6,0.264,-4.051,7.487,-3.45,-0.476,0.209,-0.039,75.75,0.0,35.1,13,1,1
13:29:29.990,VIGILE,1,179.5,-31.64,0.255,-7.901,8.186,-4.463,0.559,0.112,0.418,75.75,0.0,35.1,13,1,1
13:29:30.490,VIGILE,1,176.32,-33.95,0.302,-4.7,6.981,-3.33,-1.522,0.257,-0.463,75.75,0.0,35.1,13,1,1
13:29:30.990,VIGILE,1,174.23,-38.38,0.314,-6.553,7.841,-3.773,0.643,0.403,-0.27,75.75,0.0,35.3,13,1,1
13:29:31.490,VIGILE,1,176.38,-34.97,0.167,-6.354,6.235,-4.154,0.207,0.274,0.063,75.75,0.0,35.3,13,1,1
13:29:31.990,VIGILE,1,177.99,-27.94,0.257,-5.89,6.096,-3.084,0.054,0.382,-0.47,75.75,0.0,35.3,13,1,1
13:29:32.490,VIGILE,1,176.35,-22.9,0.175,-5.887,6.302,-4.331,-0.163,0.487,-0.2,75.75,0.0,35.3,13,1,1
13:29:32.990,VIGILE,1,175.97,-12.72,0.259,-6.919,6.493,-4.137,-0.347,0.544,-0.23,75.75,0.0,35.3,13,1,1
13:29:33.490,VIGILE,1,176.79,-7.45,0.254,-6.026,7.096,-4.118,0.021,0.331,-0.141,75.75,0.0,35.3,13,1,1
13:29:33.990,VIGILE,1,176.83,9.5,0.255,-4.525,7.448,-2.037,-0.41,0.112,-0.076,75.75,0.0,35.3,13,1,1
13:29:34.491,VIGILE,1,177.02,22.24,0.276,-3.575,9.036,-1.812,-0.171,-0.099,0.16,75.75,0.0,35.3,13,1,1
13:29:34.991,VIGILE,1,179.85,16.49,0.274,-2.368,9.479,-2.401,0.039,0.015,0.244,75.75,0.0,35.3,13,1,1
13:29:35.491,VIGILE,1,177.2,11.08,0.282,-3.345,9.227,-1.738,-0.05,-0.252,0.328,75.75,0.0,35.3,13,1,1
13:29:35.991,VIGILE,1,-178.89,11.4,0.255,-3.34,9.641,-1.743,-0.289,-0.201,-0.038,75.75,0.0,35.3,13,1,1
13:29:36.491,VIGILE,1,177.27,2.13,0.273,-2.248,9.21,-1.762,-0.1,0.054,0.067,75.75,0.0,35.3,13,1,1
13:29:36.991,VIGILE,1,177.95,-5.98,0.258,-4.166,9.457,-2.737,0.12,-0.029,0.258,75.75,0.0,35.3,13,1,1
13:29:37.491,VIGILE,1,-175.46,-24.18,0.277,-4.389,6.531,-5.03,0.573,0.213,0.078,75.75,0.0,35.3,13,1,1
13:29:37.991,VIGILE,1,174.3,-9.84,0.27,-5.595,11.935,-1.958,1.214,0.377,0.187,75.75,0.0,35.3,13,1,1
13:29:38.491,VIGILE,1,-177.78,-14.65,0.287,-4.326,8.045,-3.067,-0.054,-0.017,-0.016,75.75,0.0,35.4,13,1,1
13:29:38.991,VIGILE,1,177.41,-5.45,0.259,-3.721,8.303,-2.727,-0.231,0.183,0.168,75.75,0.0,35.4,13,1,1
13:29:39.491,VIGILE,1,176.34,-8.23,0.211,-3.424,8.521,-4.578,0.783,-0.312,-0.082,75.75,0.0,35.4,13,1,1
13:29:39.991,VIGILE,1,173.7,0.26,0.19,-7.039,8.923,-3.275,0.337,0.425,-1.339,75.75,0.0,35.4,13,1,1
13:29:40.491,VIGILE,1,175.24,1.8,0.097,-3.845,7.707,-1.477,-0.678,-1.29,0.064,75.75,0.0,35.4,13,1,1
13:29:40.991,VIGILE,1,169.75,-0.15,0.104,-4.673,7.389,-3.804,-0.34,-0.426,0.066,75.75,0.0,35.3,13,1,1
13:29:41.491,VIGILE,1,159.8,-1.81,0.094,-5.519,8.248,-3.931,-0.177,0.046,0.311,75.75,0.0,35.3,13,1,1
13:29:41.992,VIGILE,1,175.67,-8.43,0.204,-4.475,6.9,-2.461,-0.115,0.091,0.068,75.75,0.0,35.3,13,1,1
13:29:42.492,VIGILE,1,178.07,-6.7,0.167,-4.027,7.614,-3.05,-0.156,0.023,0.102,75.75,0.0,35.3,13,1,1
13:29:42.992,VIGILE,1,170.05,-0.73,0.124,-3.464,8.437,-2.535,-0.125,0.13,0.002,75.75,0.0,35.3,13,1,1
13:29:43.492,VIGILE,1,172.31,-0.51,0.158,-4.611,7.487,-2.586,-0.224,0.013,0.119,75.75,0.0,35.3,13,1,1
13:29:43.992,VIGILE,1,170.98,-6.22,0.167,-4.822,8.186,-2.799,-0.011,-0.023,-0.064,75.75,0.0,35.3,13,1,1
13:29:44.492,VIGILE,1,173.75,-8.79,0.108,-5.48,8.44,-2.756,-0.263,-0.052,0.172,75.75,0.0,35.3,13,1,1
13:29:44.992,SONNOLENZA,1,169.26,-5.1,0.093,-4.355,7.769,-2.971,-0.052,-0.044,-0.085,75.75,0.0,35.3,13,1,1
13:29:45.492,SONNOLENZA,1,171.58,-2.64,0.075,-4.623,9.242,-1.963,-0.126,0.354,-0.096,75.75,0.0,35.3,13,1,1
13:29:45.992,SONNOLENZA,1,173.41,-3.86,0.218,-4.415,8.26,-2.483,-0.131,0.172,0.038,75.75,0.0,35.3,13,1,1
13:29:46.492,SONNOLENZA,1,172.03,-3.75,0.122,-4.503,7.906,-2.174,-0.108,0.126,-0.067,75.75,0.0,35.3,13,1,1
13:29:46.992,SONNOLENZA,1,170.44,-1.51,0.126,-5.176,7.951,-1.583,-0.193,0.001,0.134,75.75,0.0,35.3,13,1,1
13:29:47.492,SONNOLENZA,1,172.38,-2.77,0.11,-3.388,7.592,-1.851,0.464,-0.2,0.217,75.75,0.0,35.3,13,1,1
13:29:47.992,SONNOLENZA,1,172.12,3.49,0.23,-5.353,7.707,-1.963,-0.171,0.089,0.014,75.75,0.0,35.3,13,1,1
13:29:48.492,SONNOLENZA,1,173.2,3.84,0.225,-5.368,7.252,-2.253,-0.04,-0.055,-0.107,75.75,0.0,35.3,13,1,1
13:29:48.992,SONNOLENZA,1,171.87,4.37,0.104,-2.27,6.419,-2.885,0.314,-0.187,0.531,75.75,0.0,35.3,13,1,1
13:29:49.493,SONNOLENZA,1,179.07,-5.87,0.069,-2.409,6.95,-2.071,-0.877,-0.473,0.068,75.75,0.0,35.3,13,1,1
13:29:49.993,SONNOLENZA,1,169.6,-4.88,0.192,-7.846,15.761,1.865,1.089,-1.501,0.701,75.75,0.0,35.3,13,1,1
13:29:50.493,SONNOLENZA,1,172.48,-2.57,0.252,-4.149,7.254,-1.891,-0.045,-0.335,-0.12,75.75,0.0,35.3,13,1,1
13:29:50.993,SONNOLENZA,1,170.28,-2.53,0.213,-5.267,7.477,-3.359,-0.209,0.339,-0.342,75.75,0.0,35.3,13,1,1
13:29:51.493,SONNOLENZA,1,170.89,-0.62,0.148,-4.077,7.154,-3.201,-0.176,-0.014,-0.004,75.75,0.0,35.3,13,1,1
13:29:51.993,SONNOLENZA,1,166.49,-3.51,0.113,-4.185,8.26,-3.354,0.124,0.444,0.014,75.75,0.0,35.3,13,1,1
13:29:52.493,SONNOLENZA,1,167.44,-3.49,0.101,-4.475,7.937,-3.445,-0.081,0.17,-0.177,75.75,0.0,35.3,13,1,1
13:29:52.993,SONNOLENZA,1,173.94,-7.05,0.209,-4.934,8.009,-2.231,-0.291,-0.061,0.082,75.75,0.0,35.3,13,1,1
13:29:53.493,SONNOLENZA,1,175.16,-1.59,0.17,-4.219,8.114,-2.296,-0.166,0.084,-0.116,75.75,0.0,35.3,13,1,1
13:29:53.993,SONNOLENZA,1,174.75,-9.63,0.123,-4.391,7.932,-2.344,-0.025,0.125,0.03,75.75,0.0,35.3,13,1,1
13:29:54.493,SONNOLENZA,1,168.05,-7.86,0.117,-4.659,8.313,-2.16,0.003,0.236,-0.164,75.75,0.0,35.3,13,1,1
13:29:54.993,SONNOLENZA,1,158.33,-5.73,0.058,-5.042,7.479,-2.847,-0.211,-0.012,0.244,75.75,0.0,35.3,13,1,1
13:29:55.493,SONNOLENZA,1,178.4,-26.55,0.222,-5.037,7.348,-2.531,-0.017,0.158,-0.098,75.75,0.0,35.3,13,1,1
13:29:55.993,SONNOLENZA,1,178.26,-15.03,0.253,-4.415,8.231,-2.069,-0.009,0.315,-0.074,75.75,0.0,35.3,13,1,1
13:29:56.494,SONNOLENZA,1,177.07,-15.58,0.106,-4.379,8.413,-1.741,-0.308,0.137,-0.055,75.75,0.0,35.3,13,1,1
13:29:56.994,SONNOLENZA,1,-174.11,3.05,0.166,-4.314,8.377,-3.06,-0.034,0.119,-0.416,75.75,0.0,35.3,13,1,1
13:29:57.494,SONNOLENZA,1,174.39,4.66,0.185,-4.602,8.037,-2.291,-0.203,0.091,0.047,75.75,0.0,35.3,13,1,1
13:29:57.994,SONNOLENZA,1,-177.02,-21.35,0.219,-4.906,7.611,-2.588,-0.083,0.132,-0.06,75.75,0.0,35.3,13,1,1
13:29:58.494,SONNOLENZA,1,-175.27,-16.05,0.105,-5.143,7.896,-2.452,-0.08,-0.066,0.036,75.75,0.0,35.2,13,1,1
13:29:58.994,SONNOLENZA,1,-166.3,-12.42,0.196,-4.305,7.321,-2.602,-0.138,0.085,-0.197,75.75,0.0,35.2,13,1,1
13:29:59.494,SONNOLENZA,1,176.74,4.11,0.119,-4.784,8.138,-2.279,-0.211,0.101,0.027,75.75,0.0,35.2,13,1,1
13:29:59.994,SONNOLENZA,1,178.54,-16.39,0.3,-4.058,8.32,-2.646,0.029,0.352,-0.154,75.75,0.0,35.2,13,1,1
13:30:00.494,SONNOLENZA,1,-167.57,-13.69,0.123,-5.231,6.084,-1.472,-0.165,-0.025,-0.097,75.75,0.0,35.2,13,1,1
13:30:00.994,SONNOLENZA,1,-166.29,-24.51,0.294,-4.973,7.513,-2.495,-0.05,0.106,-0.01,75.75,0.0,35.1,13,1,1
13:30:01.494,SONNOLENZA,1,176.35,-8.34,0.249,-5.059,7.307,-1.666,-0.01,-0.076,-0.114,75.75,0.0,35.1,13,1,1
13:30:01.994,SONNOLENZA,1,169.38,3.15,0.277,-4.216,8.693,0.194,-0.244,-0.134,-0.144,75.75,0.0,35.1,13,1,1
13:30:02.494,SONNOLENZA,1,168.53,4.35,0.262,-5.717,8.045,-0.979,0.131,0.225,0.489,75.75,0.0,35.1,13,1,1
13:30:02.994,SONNOLENZA,1,170.82,-11.66,0.26,-6.215,7.748,0.12,-0.146,0.082,-0.052,75.75,0.0,35.1,13,1,1
13:30:03.494,VIGILE,1,172.23,-12.47,0.257,-6.27,8.04,1.513,-0.124,-0.119,-0.139,75.75,0.0,35.1,12,1,1
13:30:03.995,VIGILE,1,173.21,-18.85,0.244,-6.196,7.685,0.395,-0.158,0.028,-0.038,75.75,0.0,35.1,12,1,1
13:30:04.495,VIGILE,1,174.67,-30.23,0.304,-5.655,7.927,0.594,-0.123,0.071,-0.015,75.75,0.0,35.1,12,1,1
13:30:04.995,VIGILE,1,177.23,-40.17,0.333,-5.394,8.064,-1.276,0.359,0.04,0.225,75.75,0.0,35.1,12,1,1
13:30:05.495,VIGILE,1,174.12,-68.78,0.418,-4.542,8.14,-2.547,-0.147,0.037,0.013,75.75,0.0,35.1,12,1,1
13:30:05.995,VIGILE,1,176.45,-17.15,0.257,-4.571,7.997,-2.602,-0.134,0.054,-0.019,75.75,0.0,35.1,12,1,1
13:30:06.495,VIGILE,1,174.74,8.67,0.273,-4.492,7.932,-2.318,-0.164,0.05,0.004,75.75,0.0,35.1,12,1,1
13:30:06.995,VIGILE,1,178.67,9.79,0.25,-4.477,7.894,-2.375,-0.127,0.058,-0.046,75.75,0.0,35.1,12,1,1
13:30:07.495,VIGILE,1,-172.39,29.2,0.281,-4.496,8.001,-2.6,-0.143,0.085,0.004,75.75,0.0,35.1,12,1,1
13:30:07.995,VIGILE,1,-173.29,32.45,0.307,-4.413,8.03,-2.421,-0.156,0.07,0.006,75.75,0.0,35.1,12,1,1
13:30:08.495,VIGILE,1,-172.12,33.71,0.31,-4.537,7.805,-2.502,-0.11,0.062,-0.074,75.75,0.0,35.1,12,1,1
13:30:08.995,VIGILE,1,-174.23,25.6,0.31,-4.594,8.052,-2.351,-0.163,0.023,0.043,75.75,0.0,35.1,12,1,1
13:30:09.495,VIGILE,1,178.69,14.9,0.252,-4.628,7.918,-2.334,-0.109,0.102,-0.036,75.75,0.0,35.1,12,1,1
13:30:09.995,VIGILE,1,172.49,6.74,0.22,-4.575,7.942,-2.488,-0.156,0.008,-0.007,75.75,0.0,35.1,12,1,1
13:30:10.495,VIGILE,1,173.88,-1.1,0.174,-4.384,7.932,-2.552,-0.124,0.096,-0.024,75.75,0.0,35.1,12,1,1
13:30:10.996,VIGILE,1,174.35,0.45,0.246,-4.477,7.805,-2.298,-0.143,0.014,-0.002,75.75,0.0,35.1,12,1,1
13:30:11.496,VIGILE,1,176.94,-0.43,0.247,-4.393,7.803,-2.648,-0.102,0.117,-0.046,75.75,0.0,35.1,12,1,1
13:30:11.996,VIGILE,1,178.8,1.85,0.261,-4.389,8.009,-2.581,-0.158,0.065,0.027,75.75,0.0,35.1,12,1,1
13:30:12.496,VIGILE,0,0.0,0.0,0.0,-4.403,7.712,-2.495,-0.067,0.075,-0.099,75.75,0.0,35.1,12,1,1
13:30:12.996,VIGILE,1,165.66,-75.56,0.598,-4.573,8.1,-2.365,-0.166,0.075,0.025,75.75,0.0,35.1,12,1,1
13:30:13.496,VIGILE,1,168.71,-75.76,0.638,-4.719,7.942,-2.411,-0.112,0.098,-0.046,75.75,0.0,35.2,12,1,1
13:30:13.996,VIGILE,1,169.05,-77.47,0.6,-4.547,7.875,-2.485,-0.161,0.021,0.002,75.75,0.0,35.2,12,1,1
13:30:14.496,VIGILE,1,167.89,-76.63,0.509,-4.563,7.958,-2.581,-0.115,0.084,-0.021,75.75,0.0,35.2,12,1,1
13:30:14.996,VIGILE,1,-178.89,-10.22,0.185,-4.695,7.958,-2.277,-0.156,0.016,0.01,75.75,0.0,35.2,12,1,1
13:30:15.496,VIGILE,1,-179.69,21.6,0.216,-4.47,7.863,-2.543,-0.097,0.104,-0.059,75.75,0.0,35.2,12,1,1
13:30:15.996,VIGILE,1,175.88,18.43,0.199,-4.573,8.045,-2.485,-0.166,0.067,0.042,75.75,0.0,35.3,12,1,1
13:30:16.496,VIGILE,1,176.57,15.77,0.2,-4.362,7.767,-2.497,-0.086,0.067,-0.097,75.75,0.0,35.3,12,1,1
13:30:16.996,VIGILE,1,177.89,-26.55,0.244,-4.47,8.049,-2.413,-0.17,0.011,0.037,75.75,0.0,35.3,12,1,1
13:30:17.496,VIGILE,1,179.91,-26.71,0.236,-4.626,7.903,-2.413,-0.098,0.11,-0.048,75.75,0.0,35.3,12,1,1
13:30:17.997,VIGILE,1,-178.01,-17.22,0.193,-4.456,7.932,-2.574,-0.139,0.042,-0.0,75.75,0.0,35.3,12,1,1
13:30:18.497,VIGILE,1,178.62,5.55,0.207,-4.484,7.946,-2.478,-0.143,0.065,-0.014,75.75,0.0,35.3,12,1,1
13:30:18.997,VIGILE,1,177.43,8.75,0.201,-4.561,7.879,-2.282,-0.11,0.027,-0.052,75.75,0.0,35.3,12,1,1
13:30:19.497,VIGILE,1,-178.73,5.01,0.206,-4.525,7.992,-2.605,-0.146,0.078,0.021,75.75,0.0,35.3,12,1,1
13:30:19.997,VIGILE,1,176.41,25.49,0.265,-4.547,7.949,-2.442,-0.153,0.086,-0.004,75.75,0.0,35.3,12,1,1
13:30:20.497,VIGILE,1,174.64,34.91,0.33,-4.604,7.86,-2.452,-0.116,0.061,-0.06,75.75,0.0,35.3,12,1,1
13:30:20.997,VIGILE,1,174.14,33.85,0.316,-4.492,8.078,-2.404,-0.155,0.069,0.022,75.75,0.0,35.4,12,1,1
13:30:21.497,VIGILE,1,176.16,25.76,0.199,-4.547,7.788,-2.512,-0.094,0.034,-0.045,75.75,0.0,35.4,12,1,1
13:30:21.997,VIGILE,1,174.92,10.19,0.223,-4.46,7.98,-2.6,-0.119,0.064,-0.02,75.75,0.0,35.4,12,1,1
13:30:22.497,VIGILE,1,175.21,1.75,0.232,-4.669,8.018,-2.392,-0.167,0.036,0.003,75.75,0.0,35.4,12,1,1
13:30:22.997,VIGILE,1,176.3,-2.52,0.222,-4.602,7.939,-2.543,-0.103,0.089,-0.049,75.75,0.0,35.4,12,1,1
13:30:23.497,VIGILE,1,177.76,1.74,0.201,-4.52,8.021,-2.598,-0.16,0.06,0.052,75.75,0.0,35.4,12,1,1
13:30:23.997,VIGILE,1,178.38,-2.1,0.21,-4.472,7.731,-2.459,-0.08,0.056,-0.094,75.75,0.0,35.4,12,1,1
13:30:24.497,VIGILE,1,176.42,1.39,0.242,-4.532,8.037,-2.387,-0.161,0.045,0.036,75.75,0.0,35.4,12,1,1
13:30:24.998,VIGILE,1,175.46,5.51,0.235,-4.549,7.827,-2.483,-0.115,0.067,-0.038,75.75,0.0,35.4,12,1,1
13:30:25.498,VIGILE,1,176.05,2.98,0.231,-4.583,8.033,-2.485,-0.147,0.062,-0.012,75.75,0.0,35.4,12,1,1
13:30:25.998,VIGILE,1,176.11,2.63,0.232,-4.583,7.982,-2.38,-0.152,0.056,0.001,75.75,0.0,35.5,12,1,1
13:30:26.498,VIGILE,1,176.37,0.48,0.192,-4.556,7.887,-2.531,-0.103,0.114,-0.043,75.75,0.0,35.5,12,1,1
13:30:26.998,VIGILE,1,175.79,1.16,0.203,-4.456,8.03,-2.54,-0.169,0.068,0.029,75.75,0.0,35.5,12,1,1
13:30:27.498,VIGILE,1,175.89,0.26,0.21,-4.511,7.819,-2.461,-0.093,0.048,-0.083,75.75,0.0,35.5,12,1,1
13:30:27.998,VIGILE,1,176.22,-0.39,0.179,-4.594,8.064,-2.409,-0.16,0.045,0.046,75.75,0.0,35.5,12,1,1
13:30:28.498,VIGILE,1,175.11,0.75,0.229,-4.506,7.841,-2.399,-0.106,0.077,-0.048,75.75,0.0,35.6,12,1,1
13:30:28.998,VIGILE,1,-177.7,-6.04,0.249,-4.525,7.956,-2.605,-0.152,0.084,-0.0,75.75,0.0,35.6,12,1,1
13:30:29.498,VIGILE,1,174.79,1.59,0.226,-4.594,8.011,-2.349,-0.159,0.071,-0.001,75.75,0.0,35.6,12,1,1
13:30:29.998,VIGILE,1,-179.01,-7.51,0.236,-4.451,7.824,-2.507,-0.087,0.102,-0.05,75.75,0.0,35.6,12,1,1
13:30:30.498,VIGILE,1,-178.87,-7.56,0.225,-4.554,8.004,-2.516,-0.161,0.073,0.041,75.75,0.0,35.6,12,1,1
13:30:30.998,VIGILE,1,176.56,-2.66,0.227,-4.503,7.812,-2.476,-0.11,0.055,-0.076,75.75,0.0,35.6,12,1,1
13:30:31.498,VIGILE,1,177.96,-5.11,0.234,-4.587,8.195,-2.397,-0.175,0.039,0.037,75.75,0.0,35.6,12,1,1
13:30:31.998,VIGILE,1,-179.24,-6.87,0.239,-4.547,7.879,-2.368,-0.107,0.064,-0.041,75.75,0.0,35.6,12,1,1
13:30:32.498,VIGILE,1,176.92,7.47,0.198,-4.503,8.006,-2.48,-0.132,0.073,-0.02,75.75,0.0,35.6,12,1,1
13:30:32.999,VIGILE,1,-179.85,7.84,0.237,-4.628,7.92,-2.315,-0.158,0.035,-0.006,75.75,0.0,35.6,12,1,1
13:30:33.499,VIGILE,1,179.45,-19.93,0.231,-4.501,7.896,-2.516,-0.103,0.113,-0.042,75.75,0.0,35.7,12,1,1
13:30:33.999,VIGILE,1,179.11,-18.13,0.218,-4.492,8.056,-2.54,-0.159,0.07,0.035,75.75,0.0,35.7,12,1,1
13:30:34.499,VIGILE,1,-179.97,-19.57,0.215,-4.58,7.851,-2.411,-0.09,0.05,-0.083,75.75,0.0,35.7,12,1,1
13:30:34.999,VIGILE,1,-179.15,-9.55,0.246,-4.604,8.167,-2.351,-0.17,0.039,0.032,75.75,0.0,35.7,12,1,1
13:30:35.499,VIGILE,1,177.09,-6.0,0.245,-4.494,7.846,-2.476,-0.102,0.062,-0.046,75.75,0.0,35.7,12,1,1
13:30:35.999,VIGILE,1,179.79,-11.76,0.236,-4.48,8.021,-2.523,-0.139,0.081,-0.031,75.75,0.0,35.8,12,1,1
13:30:36.499,VIGILE,1,178.12,-7.5,0.245,-4.583,7.906,-2.349,-0.161,0.052,-0.004,75.75,0.0,35.8,12,1,1
13:30:36.999,VIGILE,1,177.79,-7.69,0.223,-4.583,7.997,-2.442,-0.106,0.118,-0.044,75.75,0.0,35.8,12,1,1
13:30:37.499,VIGILE,1,-179.91,-7.88,0.249,-4.398,7.994,-2.586,-0.155,0.068,0.033,75.75,0.0,35.8,12,1,1
13:30:37.999,VIGILE,1,177.3,-3.29,0.253,-4.554,7.788,-2.459,-0.085,0.032,-0.099,75.75,0.0,35.8,12,1,1
13:30:38.499,VIGILE,1,177.53,-2.37,0.256,-4.518,8.186,-2.286,-0.176,0.068,0.033,75.75,0.0,35.8,12,1,1
13:30:38.999,VIGILE,1,179.84,-5.48,0.249,-4.542,7.836,-2.478,-0.108,0.06,-0.04,75.75,0.0,35.8,12,1,1
13:30:39.499,VIGILE,1,177.3,4.19,0.243,-4.578,8.023,-2.478,-0.145,0.057,-0.031,75.75,0.0,35.8,12,1,1
13:30:39.999,VIGILE,1,171.77,-1.79,0.2,-4.544,7.954,-2.327,-0.155,0.063,0.001,75.75,0.0,35.8,12,1,1
13:30:40.500,VIGILE,1,173.72,-32.91,0.289,-4.59,8.006,-2.492,-0.118,0.132,-0.034,75.75,0.0,35.8,12,1,1
13:30:41.000,VIGILE,1,-179.89,6.33,0.249,-4.506,7.977,-2.466,-0.151,0.073,0.02,75.75,0.0,35.9,12,1,1
13:30:41.500,VIGILE,1,174.84,8.39,0.243,-4.556,7.812,-2.433,-0.124,0.049,-0.041,75.75,0.0,35.9,12,1,1
13:30:42.000,VIGILE,1,175.91,8.86,0.242,-4.628,8.155,-2.466,-0.123,0.14,0.013,75.75,0.0,35.9,12,1,1
13:30:42.500,VIGILE,1,176.4,-4.32,0.236,-4.575,7.812,-2.488,-0.124,0.017,-0.03,75.75,0.0,35.9,12,1,1
13:30:43.000,VIGILE,1,177.61,-31.1,0.235,-4.453,8.04,-2.315,-0.145,-0.013,-0.054,75.75,0.0,35.9,12,1,1
13:30:43.500,VIGILE,1,177.09,-33.43,0.274,-3.85,7.884,-2.83,-0.185,-0.122,-0.026,75.75,0.0,35.9,12,1,1
13:30:44.000,VIGILE,1,178.02,-29.21,0.257,-2.993,6.766,-5.088,-0.549,0.023,-0.112,75.75,0.0,35.9,12,1,1
13:30:44.500,VIGILE,1,175.88,-19.89,0.217,-3.974,7.975,-3.421,-0.105,0.254,-0.215,75.75,0.0,35.9,12,1,1
13:30:45.000,VIGILE,1,177.25,-12.19,0.239,-3.79,8.135,-4.338,-0.209,0.29,-0.076,75.75,0.0,35.9,12,1,1
13:30:45.500,VIGILE,1,178.54,-8.47,0.214,-4.058,7.573,-3.855,-0.292,-0.041,-0.015,75.75,0.0,35.9,12,1,1
13:30:46.000,VIGILE,1,175.9,-10.22,0.186,-4.221,7.47,-5.48,-0.425,-0.093,0.229,75.75,0.0,36.0,12,1,1
13:30:46.500,VIGILE,1,170.36,-5.81,0.215,-4.065,7.496,-3.436,-0.043,0.175,0.398,75.75,0.0,36.0,12,1,1
13:30:47.000,VIGILE,1,170.54,-7.62,0.225,-4.401,8.401,-2.157,-0.104,-0.08,-0.002,75.75,0.0,36.0,12,1,1
13:30:47.501,VIGILE,1,166.35,-10.21,0.23,-4.822,7.63,-2.756,-0.017,0.039,-0.073,75.75,0.0,36.0,12,1,1
13:30:48.001,VIGILE,1,170.52,-1.87,0.252,-2.993,7.46,-3.457,-0.156,0.168,-0.039,75.75,0.0,36.0,12,1,1
13:30:48.501,VIGILE,1,174.28,12.62,0.226,-3.646,7.884,-4.152,-0.183,0.043,-0.055,75.75,0.0,36.1,11,1,1
13:30:49.001,VIGILE,1,166.45,61.11,0.354,-4.508,7.508,-4.396,0.192,0.151,-0.193,75.75,0.0,36.1,11,1,1
13:30:49.501,VIGILE,1,171.62,45.41,0.468,-3.804,7.554,-4.434,-0.034,0.192,0.002,75.75,0.0,36.1,11,1,1
13:30:50.001,DISTRAZIONE,1,179.89,36.01,0.355,-4.226,7.858,-3.206,-0.196,-0.1,-0.02,75.75,0.0,36.1,11,1,1
13:30:50.501,DISTRAZIONE,1,178.65,37.17,0.325,-5.43,7.542,-2.569,-0.314,-0.201,0.073,75.75,0.0,36.1,11,1,1
13:30:51.001,DISTRAZIONE,1,178.93,69.61,0.552,-4.379,7.506,-2.258,-0.128,-0.08,-0.022,75.75,0.0,36.1,12,1,1
13:30:51.501,DISTRAZIONE,1,175.3,71.42,0.588,-4.666,8.013,-3.371,0.143,-0.066,0.047,75.75,0.0,36.1,12,1,1
13:30:52.001,DISTRAZIONE,1,172.75,75.84,0.628,-4.669,7.755,-3.1,-0.3,0.28,-0.1,75.75,0.0,36.1,12,1,1
13:30:52.501,DISTRAZIONE,1,174.95,78.92,0.663,-4.752,7.805,-3.579,-0.248,-0.121,0.163,75.75,0.0,36.1,12,1,1
13:30:53.001,DISTRAZIONE,1,174.2,69.63,0.538,-4.673,7.468,-3.498,-0.02,0.044,0.001,75.75,0.0,36.1,12,1,1
13:30:53.501,DISTRAZIONE,1,175.5,39.44,0.331,-4.386,7.324,-3.598,-0.059,0.1,-0.11,75.75,0.0,36.2,12,1,1
13:30:54.001,DISTRAZIONE,1,-174.46,72.22,0.47,-3.989,7.772,-3.247,-0.188,0.165,-0.059,75.75,0.0,36.2,12,1,1
13:30:54.501,DISTRAZIONE,1,-178.7,77.05,0.546,-4.247,7.609,-2.535,-0.249,0.071,-0.026,75.75,0.0,36.2,12,1,1
13:30:55.002,DISTRAZIONE,1,-170.07,81.19,0.587,-4.693,8.432,-3.452,-0.235,0.16,0.081,75.75,0.0,36.2,12,1,1
13:30:55.502,DISTRAZIONE,1,178.69,24.99,0.26,-3.759,8.37,-3.081,-0.219,-0.048,-0.018,75.75,0.0,36.2,12,1,1
13:30:56.002,DISTRAZIONE,1,175.65,74.74,0.583,-3.879,7.918,-2.638,-0.208,-0.092,0.012,75.75,0.0,36.2,12,1,1
13:30:56.502,DISTRAZIONE,1,172.42,77.87,0.675,-5.155,6.831,-3.215,0.386,0.636,-0.198,75.75,0.0,36.2,12,1,1
13:30:57.002,DISTRAZIONE,1,176.34,7.4,0.203,-4.487,7.781,-3.546,-0.09,0.099,0.024,75.75,0.0,36.2,12,1,1
13:30:57.502,DISTRAZIONE,1,174.81,71.47,0.462,-5.085,7.944,-2.842,0.006,0.1,-0.062,75.75,0.0,36.2,12,1,1
13:30:58.002,DISTRAZIONE,1,167.96,74.81,0.464,-4.791,7.331,-2.701,-0.129,-0.075,-0.046,75.75,0.0,36.2,12,1,1
13:30:58.502,DISTRAZIONE,1,176.94,29.53,0.296,-4.374,7.949,-2.191,-0.12,0.056,0.01,75.75,0.0,36.2,11,1,1
13:30:59.002,DISTRAZIONE,1,-177.56,17.74,0.264,-4.312,7.336,-3.0,-0.092,0.087,-0.147,75.75,0.0,36.2,11,1,1
13:30:59.502,DISTRAZIONE,1,176.48,39.3,0.353,-5.112,7.015,-2.847,-0.448,-0.033,-0.311,75.75,0.0,36.2,11,1,1
13:31:00.002,DISTRAZIONE,1,179.58,44.92,0.57,-4.664,7.068,-4.549,-0.542,0.535,-0.993,75.75,0.0,36.2,11,1,1
13:31:00.502,DISTRAZIONE,1,170.99,40.07,0.378,-5.454,7.616,-4.444,0.85,0.647,-0.025,75.75,0.0,36.2,11,1,1
13:31:01.002,DISTRAZIONE,0,0.0,0.0,0.0,-5.028,7.97,-2.768,-0.008,0.013,-0.052,75.75,0.0,36.2,11,1,1
13:31:01.503,DISTRAZIONE,1,157.9,37.69,0.368,-3.44,4.525,-2.89,-0.513,-0.221,0.423,75.75,0.0,36.2,11,1,1
13:31:02.003,DISTRAZIONE,0,0.0,0.0,0.0,-5.387,8.531,-2.981,-0.347,-0.103,0.187,75.75,0.0,36.2,11,1,1
13:31:02.503,DISTRAZIONE,1,174.04,-0.86,0.236,-4.817,8.485,-3.768,0.233,-0.137,0.326,75.75,0.0,36.2,11,1,1
13:31:03.003,DISTRAZIONE,1,171.4,-9.27,0.203,-4.64,7.987,-2.485,-0.276,0.066,0.215,75.75,0.0,36.2,11,1,1
13:31:03.503,DISTRAZIONE,1,173.51,-12.79,0.194,-9.529,7.568,-4.348,0.084,0.692,-0.295,75.75,0.0,36.2,11,1,1
13:31:04.003,VIGILE,1,172.58,1.34,0.216,-3.658,8.126,-1.683,-0.454,-0.056,-0.147,75.75,0.0,36.2,11,1,1
13:31:04.503,VIGILE,1,174.47,-2.44,0.229,-4.776,7.762,-3.014,-0.03,0.007,0.008,75.75,0.0,36.2,11,1,1
13:31:05.003,VIGILE,1,176.66,-6.4,0.189,-3.938,7.7,-3.826,0.231,0.455,-0.436,75.75,0.0,36.2,11,1,1
13:31:05.504,VIGILE,1,178.99,-8.65,0.202,-3.548,8.859,-1.762,-0.246,0.205,-0.059,75.75,0.0,36.2,11,1,1
13:31:06.004,VIGILE,1,175.43,-9.75,0.229,-4.824,7.901,-3.108,-0.176,0.321,0.025,75.75,0.0,36.2,11,1,1
13:31:06.504,VIGILE,1,175.47,-9.86,0.233,-5.353,7.726,-1.803,-0.204,-0.355,-0.009,75.75,0.0,36.2,11,1,1
13:31:07.004,VIGILE,1,177.3,-8.68,0.222,-4.168,8.128,-3.639,0.439,0.317,-0.072,75.75,0.0,36.2,11,1,1
13:31:07.504,VIGILE,1,175.14,-7.74,0.167,-4.752,7.412,-2.579,-0.335,-0.291,0.003,75.75,0.0,36.2,11,1,1
13:31:08.004,VIGILE,1,173.42,-5.23,0.221,-4.583,9.017,-2.564,1.124,0.068,0.635,75.75,0.0,36.2,11,1,1
13:31:08.504,VIGILE,1,174.06,-5.29,0.238,-4.939,8.373,-2.808,-0.002,-0.105,0.2,75.75,0.0,36.2,11,1,1
13:31:09.004,VIGILE,1,178.42,-9.03,0.246,-3.452,7.87,-2.217,-0.313,0.109,0.121,75.75,0.0,36.2,11,1,1
13:31:09.504,VIGILE,1,176.78,-4.86,0.242,-2.825,10.783,-2.559,-0.298,0.273,0.508,75.75,0.0,36.2,11,1,1
13:31:10.004,VIGILE,1,179.06,-12.01,0.24,-3.249,7.752,-2.947,-0.029,0.026,-0.118,75.75,0.0,36.2,11,1,1
13:31:10.504,VIGILE,1,173.77,-7.79,0.245,-4.429,8.231,-2.586,-0.204,-0.039,0.126,75.75,0.0,36.2,11,1,1
13:31:11.004,VIGILE,1,177.06,-7.73,0.242,-3.709,8.011,-2.143,-0.013,0.371,-0.413,75.75,0.0,36.2,11,1,1
13:31:11.504,VIGILE,1,175.14,-6.66,0.219,-4.032,8.799,-2.389,-0.008,0.018,-0.046,75.75,0.0,36.2,11,1,1
13:31:12.004,VIGILE,1,171.66,-0.61,0.236,-3.773,7.693,-3.843,0.124,-0.011,-0.075,75.75,0.0,36.2,11,1,1
13:31:12.504,VIGILE,1,174.55,-5.28,0.232,-3.838,8.617,-2.899,-0.073,0.122,-0.063,75.75,0.0,36.2,11,1,1
13:31:13.004,VIGILE,1,177.97,-10.8,0.236,-4.008,8.499,-2.818,-0.112,0.114,-0.037,75.75,0.0,36.2,11,1,1
13:31:13.505,VIGILE,1,176.35,-6.16,0.228,-4.702,8.207,-2.172,-0.273,-0.09,0.176,75.75,0.0,36.2,11,1,1
13:31:14.005,VIGILE,1,177.16,-7.5,0.197,-4.721,8.353,-2.576,0.004,0.038,0.045,75.75,0.0,36.2,11,1,1
13:31:14.505,VIGILE,1,-176.74,5.08,0.198,-3.716,8.248,-3.282,-0.079,0.243,0.026,75.75,0.0,36.2,11,1,1
13:31:15.005,VIGILE,1,-172.65,22.53,0.241,-4.817,8.217,-1.899,-0.139,-0.082,-0.008,75.75,0.0,36.2,11,1,1
13:31:15.505,VIGILE,1,-168.32,19.61,0.238,-6.883,8.997,-1.008,0.412,-0.162,0.814,75.75,0.0,36.2,11,1,1
13:31:16.005,VIGILE,1,-171.6,0.42,0.188,-4.432,8.224,-2.078,-0.18,-0.104,0.083,75.75,0.0,36.1,11,1,1
13:31:16.505,VIGILE,1,-179.18,-2.84,0.214,-3.74,7.717,-2.919,-0.196,-0.03,-0.019,75.75,0.0,36.1,11,1,1
13:31:17.005,VIGILE,1,-179.7,-6.65,0.196,-3.622,8.164,-2.761,-0.104,0.033,-0.108,75.75,0.0,36.1,11,1,1
13:31:17.505,VIGILE,1,177.47,-7.55,0.202,-3.747,8.167,-2.897,-0.19,0.003,0.06,75.75,0.0,36.1,11,1,1
13:31:18.005,VIGILE,1,-179.13,-4.37,0.201,-4.499,8.135,-3.287,-0.147,0.048,-0.133,75.75,0.0,36.1,11,1,1
13:31:18.505,VIGILE,1,178.94,-8.5,0.216,-3.903,8.55,-2.473,-0.03,0.151,-0.197,75.75,0.0,36.1,11,1,1
13:31:19.005,VIGILE,1,-179.6,-8.37,0.222,-3.824,7.187,-1.654,-0.194,-0.167,-0.211,75.75,0.0,36.1,11,1,1
13:31:19.506,VIGILE,1,-175.54,-9.72,0.216,-4.037,8.851,-2.313,-0.233,0.045,0.07,75.75,0.0,36.1,11,1,1
13:31:20.006,VIGILE,1,-179.87,-1.98,0.22,-4.583,7.398,-3.053,0.022,-0.009,-0.291,75.75,0.0,36.1,11,1,1
13:31:20.506,VIGILE,1,178.11,-9.38,0.21,-3.771,9.105,-2.425,1.165,-0.043,1.232,75.75,0.0,36.1,11,1,1
13:31:21.006,VIGILE,1,178.03,-11.13,0.236,-4.334,7.374,-2.988,-0.869,0.314,-0.655,75.75,0.0,36.1,11,1,1
13:31:21.506,VIGILE,1,178.13,-11.37,0.217,-2.823,6.539,-3.452,0.057,-0.033,-0.309,75.75,0.0,36.1,11,1,1
13:31:22.006,VIGILE,1,178.5,-9.94,0.229,-3.345,7.226,-3.318,-0.389,0.184,-0.458,75.75,0.0,36.1,11,1,1
13:31:22.506,VIGILE,1,178.44,3.76,0.246,-3.979,7.882,-3.474,-0.211,0.152,0.141,75.75,0.0,36.1,11,1,1
13:31:23.006,VIGILE,1,-177.73,-4.17,0.236,-3.46,7.187,-3.132,-0.387,0.112,-0.221,75.75,0.0,36.1,11,1,1
13:31:23.506,VIGILE,1,176.97,-8.4,0.247,-4.015,8.147,-3.017,-0.265,0.123,0.084,75.75,0.0,36.2,11,1,1
13:31:24.006,VIGILE,1,175.56,-6.96,0.239,-4.542,7.709,-3.491,-0.114,0.053,0.077,75.75,0.0,36.2,11,1,1
13:31:24.506,VIGILE,1,173.69,-7.49,0.248,-4.049,8.456,-3.038,-0.226,0.142,0.157,75.75,0.0,36.2,11,1,1
13:31:25.006,VIGILE,1,176.83,-3.25,0.235,-4.662,8.188,-2.136,-0.168,-0.003,-0.041,75.75,0.0,36.2,11,1,1
13:31:25.506,VIGILE,1,173.54,-0.21,0.241,-3.843,7.235,-2.191,0.411,0.344,0.125,75.75,0.0,36.2,11,1,1
13:31:26.006,VIGILE,1,175.62,-3.01,0.235,-4.757,8.487,-2.564,-0.05,0.056,-0.224,75.75,0.0,36.2,11,1,1
13:31:26.506,VIGILE,1,173.93,-1.08,0.215,-4.401,7.767,-2.021,-0.151,0.052,-0.092,75.75,0.0,36.2,11,1,1
13:31:27.006,VIGILE,1,172.01,2.68,0.248,-4.745,7.836,-2.523,-0.074,0.186,-0.033,75.75,0.0,36.2,11,1,1
13:31:27.507,VIGILE,1,171.57,-3.75,0.242,-4.537,7.757,-2.842,-0.193,0.12,0.077,75.75,0.0,36.2,11,1,1
13:31:28.007,VIGILE,1,173.24,-1.52,0.148,-4.501,7.97,-2.205,-0.074,-0.025,0.009,75.75,0.0,36.2,11,1,1
13:31:28.507,VIGILE,1,172.96,-0.5,0.111,-4.851,8.353,-2.32,-0.137,-0.01,0.011,75.75,0.0,36.2,11,1,1
13:31:29.007,VIGILE,1,174.54,1.03,0.225,-5.085,7.714,-2.057,-0.099,-0.006,-0.109,75.75,0.0,36.2,11,1,1
13:31:29.507,VIGILE,1,176.9,-7.27,0.214,-4.958,7.779,-2.143,-0.147,-0.096,0.063,75.75,0.0,36.2,11,1,1
13:31:30.007,VIGILE,1,177.27,-5.99,0.23,-4.554,8.011,-2.433,-0.106,0.003,-0.109,75.75,0.0,36.2,11,1,1
13:31:30.507,VIGILE,1,170.32,2.76,0.233,-5.466,8.387,-1.056,-0.245,0.035,0.108,75.75,0.0,36.2,11,1,1
13:31:31.008,VIGILE,1,174.32,8.44,0.242,-5.286,7.74,-0.946,-0.083,0.045,-0.074,75.75,0.0,36.2,11,1,1
13:31:31.508,VIGILE,1,179.55,18.03,0.253,-5.255,7.649,-0.725,-0.077,-0.043,-0.005,75.75,0.0,36.2,11,1,1
13:31:32.008,VIGILE,1,-171.11,45.82,0.304,-3.972,7.75,-3.357,-0.136,-0.014,0.232,75.75,0.0,36.2,11,1,1
13:31:32.508,VIGILE,1,178.18,60.59,0.383,-2.784,9.014,-1.743,-0.055,0.034,0.049,75.75,0.0,36.2,11,1,1
13:31:33.008,VIGILE,1,170.94,36.92,0.398,-2.976,9.177,-1.958,0.133,-0.122,0.147,75.75,0.0,36.2,11,1,1
13:31:33.508,VIGILE,1,173.13,36.61,0.37,-1.748,11.241,0.651,0.186,-0.428,0.304,75.75,0.0,36.3,11,1,1
13:31:34.008,VIGILE,1,173.2,36.85,0.383,-2.444,10.218,0.292,-0.628,-1.054,0.778,75.75,0.0,36.3,11,1,1
13:31:34.508,VIGILE,1,179.14,20.66,0.262,-1.195,10.18,-0.165,-0.167,-0.754,-0.056,75.75,0.0,36.3,11,1,1
13:31:35.008,VIGILE,1,-179.25,13.84,0.253,-1.858,10.496,-2.696,0.286,-0.066,-0.155,75.75,0.0,36.3,11,1,1
13:31:35.508,VIGILE,1,-176.16,16.17,0.277,-2.018,7.798,-4.805,0.276,-0.494,0.331,75.75,0.0,36.3,11,1,1
13:31:36.008,VIGILE,1,177.0,13.9,0.222,-2.761,8.373,-3.302,-0.059,0.155,-0.472,75.75,0.0,36.3,10,1,1
13:31:36.509,VIGILE,1,172.86,13.66,0.238,-3.46,8.521,-4.53,-0.27,0.005,0.165,75.75,0.0,36.3,10,1,1
13:31:37.010,VIGILE,1,173.91,12.02,0.235,-4.219,8.121,-2.658,-0.148,-0.086,0.033,75.75,0.0,36.3,10,1,1
13:31:37.510,VIGILE,1,179.16,19.1,0.267,-3.783,7.767,-2.935,0.006,-0.29,0.037,75.75,0.0,36.3,10,1,1
13:31:38.010,VIGILE,1,176.62,4.94,0.241,-4.166,7.913,-3.515,-0.245,-0.051,-0.218,75.75,0.0,36.3,10,1,1
13:31:38.510,VIGILE,1,176.79,2.89,0.236,-3.503,7.549,-3.259,-0.09,-0.215,0.013,75.75,0.0,36.2,10,1,1
13:31:39.010,VIGILE,1,174.15,3.45,0.228,-3.661,8.26,-4.077,-0.203,0.493,-0.155,75.75,0.0,36.2,10,1,1
13:31:39.510,VIGILE,1,175.64,-2.58,0.237,-3.962,7.647,-3.431,0.059,0.175,-0.008,75.75,0.0,36.2,10,1,1
13:31:40.010,VIGILE,1,175.63,-6.61,0.237,-3.215,8.155,-3.701,-0.239,-0.091,0.204,75.75,0.0,36.2,10,1,1
13:31:40.510,VIGILE,1,174.61,3.59,0.236,-5.092,7.731,-4.195,-0.584,0.594,-0.302,75.75,0.0,36.2,10,1,1
13:31:41.010,VIGILE,1,176.3,6.87,0.264,-4.379,8.629,-3.546,-0.488,0.168,0.074,75.75,0.0,36.2,10,1,1
13:31:41.510,VIGILE,1,175.25,2.36,0.236,-3.804,7.791,-3.742,0.129,-0.132,0.224,75.75,0.0,36.2,10,1,1
13:31:42.010,VIGILE,1,172.97,3.81,0.258,-3.168,8.684,-1.982,-0.104,0.235,0.04,75.75,0.0,36.2,10,1,1
13:31:42.510,VIGILE,1,174.48,-0.81,0.292,-4.468,9.041,-1.082,-0.252,-0.03,-0.393,75.75,0.0,36.2,10,1,1
13:31:43.010,VIGILE,1,172.82,7.19,0.286,-4.884,8.365,-2.045,-0.136,-0.039,-0.077,75.75,0.0,36.2,10,1,1
13:31:43.510,VIGILE,1,173.78,13.56,0.263,-4.173,8.279,-1.271,0.109,-0.028,0.041,75.75,0.0,36.2,10,1,1
13:31:44.010,VIGILE,1,174.55,10.4,0.273,-2.72,8.832,-1.01,-0.19,-0.045,0.239,75.75,0.0,36.2,10,1,1
13:31:44.511,VIGILE,1,-179.06,13.22,0.269,-3.78,10.867,4.482,-0.238,-0.233,-0.337,75.75,0.0,36.2,10,1,1
13:31:45.011,CRASH,1,179.49,-3.03,0.27,-4.477,6.941,3.39,0.174,1.328,-0.883,75.75,0.0,36.2,10,1,1
13:31:45.511,CRASH,1,176.75,-15.83,0.269,-9.191,6.8,4.877,0.026,-0.276,-0.011,75.75,0.0,36.2,10,1,1
13:31:46.011,CRASH,1,177.64,7.35,0.267,-8.533,6.613,4.434,-0.108,0.091,-0.037,75.75,0.0,36.2,10,1,1
13:31:46.511,CRASH,1,-175.74,75.91,0.394,-5.042,7.432,-2.433,0.098,0.031,0.09,75.75,0.0,36.2,10,1,1
13:31:47.011,CRASH,1,165.98,79.13,0.373,-4.951,7.563,-2.066,-0.16,0.039,0.03,75.75,0.0,36.2,10,1,1
13:31:47.511,CRASH,1,-178.61,84.32,0.593,-5.028,7.712,-2.303,-0.132,0.097,0.016,75.75,0.0,36.2,10,1,1
13:31:48.011,CRASH,1,177.84,-24.88,0.339,-4.934,7.515,-2.466,-0.067,0.033,-0.087,75.75,0.0,36.2,10,1,1
13:31:48.511,CRASH,0,0.0,0.0,0.0,-4.901,7.611,-2.552,-0.157,0.13,0.014,75.75,0.0,36.1,10,1,1
13:31:49.011,CRASH,1,179.33,-20.57,0.259,-4.226,7.628,-2.392,-0.176,0.029,-0.03,75.75,0.0,36.1,10,1,1
13:31:49.511,CRASH,1,177.57,-28.96,0.219,-4.616,7.166,-5.152,-0.005,0.237,0.018,75.75,0.0,36.1,10,1,1
13:31:50.011,CRASH,0,0.0,0.0,0.0,-4.736,6.955,-4.994,-0.199,0.41,-0.149,75.75,0.0,36.1,10,1,1
13:31:50.511,CRASH,1,156.28,-69.37,0.309,-5.365,7.211,-3.663,-0.344,0.374,-0.035,75.75,0.0,36.1,10,1,1
13:31:51.011,VIGILE,1,178.13,-27.23,0.284,-5.418,6.548,-5.466,-0.033,0.298,0.007,75.75,0.0,36.1,10,1,1
13:31:51.512,VIGILE,1,-179.61,15.17,0.263,-4.853,7.563,-3.979,-0.385,0.03,0.178,75.75,0.0,36.1,10,1,1
13:31:52.012,VIGILE,1,177.28,26.21,0.227,-3.383,7.398,-1.846,-0.212,0.043,0.204,75.75,0.0,36.1,10,1,1
13:31:52.512,VIGILE,1,172.81,20.83,0.251,-3.297,8.159,-2.191,-0.051,0.037,0.153,75.75,0.0,36.1,10,1,1
13:31:53.012,VIGILE,1,173.94,22.04,0.271,-3.428,8.442,-2.887,-0.041,-0.142,0.309,75.75,0.0,36.1,10,1,1
13:31:53.512,VIGILE,1,179.21,0.77,0.233,-2.914,8.586,-3.5,-0.145,0.174,-0.018,75.75,0.0,36.0,10,1,1
13:31:54.012,VIGILE,1,177.94,-6.72,0.233,-3.443,8.085,-4.12,0.064,0.053,-0.13,75.75,0.0,36.0,10,1,1
13:31:54.512,VIGILE,1,176.9,-11.06,0.246,-2.124,8.531,-2.835,-0.313,0.229,0.006,75.75,0.0,36.0,10,1,1
13:31:55.012,VIGILE,1,176.9,-9.24,0.219,-4.037,8.164,-3.982,-0.161,0.062,-0.027,75.75,0.0,36.0,10,1,1
13:31:55.512,VIGILE,1,178.8,-18.76,0.22,-4.41,7.491,-4.48,-0.215,-0.346,-0.062,75.75,0.0,36.0,10,1,1
13:31:56.012,VIGILE,1,-179.6,-17.16,0.269,-5.241,6.95,-3.017,-0.123,-0.127,-0.053,75.75,0.0,36.0,10,1,1
13:31:56.512,VIGILE,1,177.87,-13.63,0.193,-3.654,7.721,-3.773,-0.062,0.257,0.404,75.75,0.0,36.0,10,1,1
13:31:57.012,VIGILE,1,177.97,-15.56,0.232,-6.668,6.366,-1.793,-0.825,0.03,-0.424,75.75,0.0,36.0,10,1,1
13:31:57.512,VIGILE,1,179.11,-16.25,0.148,-5.737,7.175,-3.309,0.139,-0.11,-0.188,75.75,0.0,36.0,10,1,1
13:31:58.012,VIGILE,1,175.25,-11.02,0.244,-5.045,6.682,-2.569,-0.053,-0.178,-0.128,75.75,0.0,36.0,10,1,1
13:31:58.512,VIGILE,1,176.83,-14.42,0.231,-5.073,7.386,-3.948,-0.224,0.207,0.001,75.75,0.0,36.0,10,1,1
13:31:59.013,VIGILE,1,176.3,-12.51,0.189,-4.341,6.314,-3.263,-0.406,0.096,0.196,75.75,0.0,36.0,10,1,1
13:31:59.513,VIGILE,1,174.65,-12.48,0.234,-4.499,6.974,-3.874,-0.237,0.001,-0.106,75.75,0.0,36.0,10,1,1
13:32:00.013,VIGILE,1,176.58,-12.52,0.25,-4.762,7.125,-4.453,-0.006,0.317,-0.218,75.75,0.0,36.0,10,1,1
13:32:00.513,VIGILE,1,175.26,-8.96,0.242,-4.463,7.412,-4.233,-0.019,0.337,-0.052,75.75,0.0,36.0,10,1,1
13:32:01.013,VIGILE,1,175.72,-7.96,0.259,-4.571,7.925,-4.166,-0.047,0.229,0.085,75.75,0.0,36.1,10,1,1
13:32:01.513,VIGILE,1,177.82,-1.72,0.246,-4.235,7.547,-3.642,-0.158,0.108,-0.127,75.75,0.0,36.1,10,1,1
13:32:02.013,VIGILE,1,178.05,15.77,0.239,-4.757,7.269,-2.516,-0.078,-0.037,-0.161,75.75,0.0,36.1,10,1,1
13:32:02.513,VIGILE,1,178.24,9.72,0.233,-5.432,7.872,-4.685,0.574,0.613,-0.043,75.75,0.0,36.1,10,1,1
13:32:03.013,VIGILE,1,-179.59,21.5,0.213,-6.993,6.639,-4.733,0.293,0.285,0.404,75.75,0.0,36.1,10,1,1
13:32:03.513,VIGILE,1,178.83,21.06,0.223,-4.939,7.884,-3.206,-0.146,-0.069,-0.157,75.75,0.0,36.1,10,1,1
13:32:04.013,VIGILE,1,178.8,22.98,0.246,-5.298,8.976,-2.531,0.171,-0.296,0.472,75.75,0.0,36.1,10,1,1
13:32:04.513,VIGILE,1,178.19,18.67,0.226,-3.668,5.478,-3.883,-0.247,0.175,-0.013,75.75,0.0,36.1,10,1,1
13:32:05.013,VIGILE,1,175.91,-0.45,0.227,-7.475,9.005,-2.866,-0.152,0.146,-0.321,75.75,0.0,36.1,10,1,1
13:32:05.513,VIGILE,1,176.28,-7.22,0.217,-4.013,8.72,-2.181,0.341,0.059,-0.015,75.75,0.0,36.1,10,1,1
13:32:06.014,VIGILE,1,177.53,-2.05,0.192,-4.901,9.323,-2.263,-0.65,-0.45,0.495,75.75,0.0,36.1,10,1,1
13:32:06.514,VIGILE,1,177.27,-5.48,0.199,-7.051,7.585,-4.283,-1.467,0.726,-0.928,75.75,0.0,36.1,10,1,1
13:32:07.014,VIGILE,1,176.67,-10.33,0.228,-3.486,8.179,-1.53,0.206,0.365,0.017,75.75,0.0,36.1,10,1,1
13:32:07.514,VIGILE,1,172.96,-35.68,0.314,-5.624,9.534,-2.028,-0.655,0.234,0.014,75.75,0.0,36.1,10,1,1
13:32:08.014,VIGILE,1,174.95,-36.53,0.15,-3.994,10.295,-1.188,-0.291,0.434,-0.112,75.75,0.0,36.1,10,1,1
13:32:08.514,VIGILE,1,175.52,-1.36,0.241,-3.9,7.436,-2.107,-0.103,-0.049,0.088,75.75,0.0,36.1,10,1,1
13:32:09.014,VIGILE,1,175.86,5.89,0.242,-4.621,9.033,-1.444,-0.053,0.149,-0.053,75.75,0.0,36.1,10,1,1
13:32:09.514,VIGILE,1,176.59,15.11,0.099,-2.308,6.476,-1.101,-0.277,0.31,-1.195,75.75,0.0,36.1,10,1,1
13:32:10.014,VIGILE,1,168.32,26.18,0.251,-3.859,8.504,-1.731,1.016,0.344,-0.741,75.75,0.0,36.1,10,1,1
13:32:10.514,VIGILE,1,172.38,26.38,0.271,-6.153,8.119,-1.238,-0.121,-0.174,0.214,75.75,0.0,36.1,10,1,1
13:32:11.014,VIGILE,1,176.47,26.33,0.263,-3.448,7.635,-1.518,0.085,0.156,0.02,75.75,0.0,36.1,10,1,1
13:32:11.514,VIGILE,1,-179.04,25.67,0.256,-3.206,9.244,0.73,-2.928,-0.892,1.089,75.75,0.0,36.1,10,1,1
13:32:12.014,VIGILE,1,-179.34,25.2,0.275,-3.251,8.665,-0.438,-0.167,-0.105,-0.104,75.75,0.0,36.1,10,1,1
13:32:12.515,VIGILE,1,179.37,19.43,0.248,-3.91,8.736,0.385,-0.564,-0.325,-0.188,75.75,0.0,36.1,10,1,1
13:32:13.015,VIGILE,1,-179.0,-8.9,0.274,-2.342,8.006,-1.889,0.586,-0.49,0.584,75.75,0.0,36.1,10,1,1
13:32:13.515,VIGILE,1,-176.9,-21.98,0.226,-2.124,9.278,-2.351,0.28,0.24,-0.165,75.75,0.0,36.1,10,1,1
13:32:14.015,VIGILE,1,178.9,-24.67,0.25,-3.608,9.883,-1.666,-0.062,-0.199,0.13,75.75,0.0,36.1,10,1,1
13:32:14.515,VIGILE,1,178.39,-23.33,0.226,-4.061,7.635,-2.655,0.088,-0.023,0.025,75.75,0.0,36.1,10,1,1
13:32:15.015,VIGILE,1,-179.81,-29.32,0.184,-4.408,8.997,-3.335,-0.138,0.201,-0.446,75.75,0.0,36.1,10,1,1
13:32:15.515,VIGILE,1,-179.45,-33.75,0.193,-6.278,5.83,-4.561,-0.256,0.408,-0.086,75.75,0.0,36.1,10,1,1
13:32:16.015,VIGILE,1,-179.13,-32.76,0.229,-6.749,4.748,-4.14,-0.672,0.328,-0.066,75.75,0.0,36.1,9,1,1
13:32:16.515,VIGILE,1,175.09,-22.73,0.216,-6.902,8.071,-3.668,-0.683,1.114,-0.427,75.75,0.0,36.1,9,1,1
13:32:17.015,VIGILE,1,177.12,-24.24,0.215,-5.49,8.009,-3.955,-0.911,0.109,-0.53,75.75,0.0,36.1,9,1,1
13:32:17.515,VIGILE,1,178.81,-29.39,0.224,-2.186,10.602,-2.279,-0.559,-0.086,-0.362,75.75,0.0,36.1,9,1,1
13:32:18.015,VIGILE,0,0.0,0.0,0.0,-4.745,6.855,-0.788,-1.204,0.174,-1.525,75.75,0.0,36.1,9,1,1
13:32:18.515,VIGILE,1,173.3,14.07,0.254,-5.049,8.528,-6.737,0.778,0.621,-0.33,75.75,0.0,36.1,9,1,1
13:32:19.015,VIGILE,1,174.67,19.79,0.224,-4.238,7.228,-4.216,-0.141,0.094,-0.003,75.75,0.0,36.1,9,1,1
13:32:19.515,VIGILE,1,173.6,19.77,0.253,-3.68,7.685,-3.989,0.451,-0.475,0.421,75.75,0.0,36.1,9,1,1
13:32:20.016,VIGILE,1,174.45,18.03,0.234,-1.391,8.267,-4.657,0.131,0.306,0.141,75.75,0.0,36.1,9,1,1
13:32:20.516,VIGILE,1,174.18,18.65,0.249,-3.587,7.949,-3.23,-0.034,0.062,-0.021,75.75,0.0,36.1,9,1,1
13:32:21.016,VIGILE,1,176.14,18.13,0.225,-3.879,8.095,-1.99,0.15,0.185,-0.447,75.75,0.0,36.1,9,1,1
13:32:21.516,VIGILE,1,172.89,16.18,0.257,-1.178,8.89,-3.0,0.007,-0.357,0.549,75.75,0.0,36.1,9,1,1
13:32:22.016,VIGILE,1,174.07,12.7,0.236,-3.376,9.462,-3.639,0.048,0.1,0.293,75.75,0.0,36.1,9,1,1
13:32:22.516,VIGILE,1,178.71,3.87,0.253,-2.971,8.684,-2.368,-0.146,-0.401,0.032,75.75,0.0,36.1,9,1,1
13:32:23.016,VIGILE,1,174.22,0.11,0.228,-3.651,7.283,-4.262,0.109,0.314,-0.199,75.75,0.0,36.1,9,1,1
13:32:23.516,VIGILE,1,175.45,-8.24,0.227,-2.935,5.775,-3.584,-0.024,0.32,0.135,75.75,0.0,36.1,9,1,1
13:32:24.016,VIGILE,1,173.65,-10.56,0.23,-4.645,8.009,-2.65,-0.032,0.164,-0.327,75.75,0.0,36.1,9,1,1
13:32:24.516,VIGILE,1,174.47,-9.8,0.23,-4.786,8.143,-2.895,-0.216,-0.066,0.188,75.75,0.0,36.1,9,1,1
13:32:25.016,VIGILE,1,172.63,-10.29,0.222,-4.384,8.183,-2.488,-0.351,0.041,0.131,75.75,0.0,36.1,9,1,1
13:32:25.516,VIGILE,1,178.19,-19.57,0.257,-4.87,7.87,-2.928,0.267,-0.005,0.145,75.75,0.0,36.1,9,1,1
13:32:26.016,VIGILE,1,176.27,-22.22,0.262,-5.143,6.869,-1.925,-0.023,-0.263,-0.131,75.75,0.0,36.0,9,1,1
13:32:26.516,VIGILE,1,176.49,-23.54,0.215,-5.478,6.043,-3.304,-0.281,-0.184,-0.213,75.75,0.0,36.0,9,1,1
13:32:27.017,VIGILE,1,176.91,-28.83,0.214,-7.008,6.541,-4.638,-0.058,0.367,-0.198,75.75,0.0,36.0,9,1,1
13:32:27.517,VIGILE,1,175.49,-25.88,0.196,-6.744,6.67,-3.086,-0.472,0.172,0.037,75.75,0.0,36.0,9,1,1
13:32:28.017,VIGILE,1,178.85,-25.56,0.217,-5.411,4.063,-4.53,-0.224,0.357,-0.289,75.75,0.0,36.0,9,1,1
13:32:28.517,VIGILE,1,176.84,-17.22,0.231,-6.273,6.428,-5.205,0.546,0.751,-0.13,75.75,0.0,36.0,9,1,1
13:32:29.017,VIGILE,1,172.08,3.89,0.228,-4.817,6.907,-3.373,-0.217,-0.102,-0.001,75.75,0.0,36.0,9,1,1
13:32:29.517,VIGILE,1,172.89,0.19,0.185,-4.219,6.958,-3.1,-0.165,-0.181,-0.116,75.75,0.0,36.0,9,1,1
13:32:30.017,VIGILE,1,173.69,3.05,0.215,-2.617,8.198,-3.709,-0.164,-0.092,0.239,75.75,0.0,36.0,9,1,1
13:32:30.517,VIGILE,1,169.85,2.15,0.245,-4.616,9.735,-1.935,-0.738,0.313,-0.519,75.75,0.0,36.0,9,1,1
13:32:31.017,VIGILE,1,171.51,4.58,0.253,-3.953,8.198,-4.243,-2.054,-0.062,-1.083,75.75,0.0,36.0,9,1,1
13:32:31.517,VIGILE,1,171.36,1.38,0.25,-4.094,7.432,-2.674,-0.102,-0.152,-0.067,75.75,0.0,36.0,9,1,1
13:32:32.017,VIGILE,1,164.52,3.05,0.235,-4.918,8.207,-1.822,-0.529,-0.213,0.18,75.75,0.0,36.0,9,1,1
13:32:32.517,VIGILE,1,169.96,2.46,0.253,-6.407,8.401,-0.812,0.092,-0.327,0.288,75.75,0.0,36.0,9,1,1
13:32:33.017,VIGILE,1,161.69,-0.02,0.243,-3.888,7.805,-1.427,0.306,0.544,-0.647,75.75,0.0,36.0,9,1,1
13:32:33.517,VIGILE,1,163.7,3.22,0.224,-5.148,6.404,-0.227,-0.11,-0.052,-0.234,75.75,0.0,36.0,9,1,1
13:32:34.017,VIGILE,1,165.21,3.48,0.225,-5.341,8.899,4.664,-0.805,0.225,0.079,75.75,0.0,36.0,9,1,1
13:32:34.518,VIGILE,1,166.64,0.99,0.24,-6.474,8.392,2.078,-0.467,0.09,0.338,75.75,0.0,36.0,9,1,1
13:32:35.018,VIGILE,1,168.51,1.46,0.237,-6.625,7.592,1.788,-0.06,0.039,-0.285,75.75,0.0,36.0,9,1,1
13:32:35.518,VIGILE,1,172.98,8.42,0.237,-6.311,7.558,0.383,-0.071,0.046,0.001,75.75,0.0,36.0,9,1,1
13:32:36.018,VIGILE,1,177.26,9.46,0.244,-4.094,7.19,-3.378,-0.488,0.234,-0.144,75.75,0.0,36.0,9,1,1
13:32:36.518,VIGILE,1,172.25,0.11,0.215,-4.405,7.824,-3.613,-0.145,0.075,-0.002,75.75,0.0,36.0,9,1,1
13:32:37.018,VIGILE,1,175.76,0.47,0.25,-4.554,7.767,-3.46,-0.165,0.068,0.052,75.75,0.0,36.0,9,1,1
13:32:37.518,VIGILE,1,176.7,0.79,0.236,-4.286,7.235,-3.405,-0.169,0.006,-0.05,75.75,0.0,36.0,9,1,1
13:32:38.018,VIGILE,1,-179.38,-3.46,0.233,-2.765,6.907,-6.29,-0.075,0.228,0.037,75.75,0.0,36.0,9,1,1
13:32:38.518,VIGILE,1,175.75,-5.13,0.24,-3.673,7.106,-7.025,0.025,-0.076,0.059,75.75,0.0,36.0,9,1,1
13:32:39.018,VIGILE,1,170.6,-7.19,0.245,-3.426,7.678,-5.631,-0.24,0.644,-0.082,75.75,0.0,36.0,9,1,1
13:32:39.518,VIGILE,1,177.24,-5.32,0.24,-2.207,8.531,-5.188,-0.208,0.015,0.152,75.75,0.0,36.0,9,1,1
13:32:40.019,VIGILE,1,175.43,-8.99,0.226,-2.375,7.118,-5.705,-0.126,-0.081,0.112,75.75,0.0,36.0,9,1,1
13:32:40.519,VIGILE,1,175.56,-9.68,0.22,-4.769,6.565,-4.65,-0.534,0.199,-0.127,75.75,0.0,36.0,9,1,1
13:32:41.019,VIGILE,1,172.59,-5.56,0.229,-4.3,7.288,-2.768,-0.066,-0.247,-0.027,75.75,0.0,36.1,9,1,1
13:32:41.519,VIGILE,1,175.37,2.24,0.248,-3.998,7.111,-5.37,0.026,0.125,-0.242,75.75,0.0,36.1,9,1,1
13:32:42.019,VIGILE,1,176.1,-2.28,0.187,-2.533,7.633,-4.956,0.064,0.216,-0.01,75.75,0.0,36.1,9,1,1
13:32:42.519,VIGILE,1,175.81,6.54,0.231,-3.206,6.847,-5.195,-0.625,0.396,-0.798,75.75,0.0,36.1,9,1,1
13:32:43.019,VIGILE,1,174.53,16.81,0.24,-4.937,7.815,-4.307,-0.806,-0.08,-0.855,75.75,0.0,36.1,9,1,1
13:32:43.519,VIGILE,1,-176.84,18.88,0.252,-4.41,6.606,-4.156,-0.447,0.062,-0.451,75.75,0.0,36.1,9,1,1
13:32:44.019,VIGILE,1,176.77,25.22,0.277,-2.267,7.398,-3.79,-0.162,-0.06,0.592,75.75,0.0,36.1,9,1,1
13:32:44.519,VIGILE,1,173.21,20.85,0.274,-3.929,9.031,-2.174,-0.792,-0.39,0.146,75.75,0.0,36.1,9,1,1
13:32:45.019,VIGILE,1,175.84,28.0,0.28,-3.242,9.51,-2.813,-0.059,-0.003,0.156,75.75,0.0,36.1,9,1,1
13:32:45.519,VIGILE,1,175.25,30.82,0.302,-3.263,9.041,-1.456,0.009,-0.523,0.159,75.75,0.0,36.1,9,1,1
13:32:46.019,VIGILE,1,177.48,34.2,0.322,-1.836,10.345,-0.891,0.006,-0.139,0.157,75.75,0.0,36.2,9,1,1
13:32:46.519,VIGILE,1,-179.61,32.1,0.353,-2.452,10.441,-1.578,-0.078,-0.626,0.868,75.75,0.0,36.2,9,1,1
13:32:47.020,VIGILE,1,176.27,42.12,0.303,-2.588,9.515,-1.578,-0.407,-0.509,-0.166,75.75,0.0,36.2,9,1,1
13:32:47.520,VIGILE,1,177.25,27.71,0.325,-2.868,9.522,-1.173,-0.999,-0.152,-0.194,75.75,0.0,36.2,9,1,1
13:32:48.020,VIGILE,1,-179.39,14.98,0.303,-2.155,8.866,-3.46,0.096,-0.056,0.127,75.75,0.0,36.2,9,1,1
13:32:48.520,VIGILE,1,-179.52,10.36,0.283,-2.313,8.339,-3.546,-0.029,-0.182,-0.064,75.75,0.0,36.1,9,1,1
13:32:49.020,VIGILE,1,-179.93,-6.79,0.283,-3.175,7.731,-4.331,0.114,-0.1,-0.16,75.75,0.0,36.1,9,1,1
13:32:49.520,VIGILE,1,-179.26,-13.11,0.227,-5.09,7.903,-3.677,0.127,0.175,-0.296,75.75,0.0,36.1,9,1,1
13:32:50.020,VIGILE,1,177.4,-15.31,0.261,-4.226,8.686,-2.727,-0.317,0.136,0.243,75.75,0.0,36.1,9,1,1
13:32:50.520,VIGILE,1,178.65,-20.37,0.27,-3.804,8.052,-3.632,0.398,-0.139,0.171,75.75,0.0,36.1,9,1,1
13:32:51.020,VIGILE,1,168.31,-48.2,0.263,-4.659,8.571,-3.871,-0.168,-0.465,0.92,75.75,0.0,36.1,9,1,1
13:32:51.520,VIGILE,0,0.0,0.0,0.0,-5.229,7.264,-3.587,0.26,0.475,-0.486,75.75,0.0,36.1,9,1,1
13:32:52.020,VIGILE,1,161.88,-60.09,0.369,-8.073,6.675,-5.047,0.363,1.267,-0.348,75.75,0.0,36.1,9,1,1
13:32:52.520,VIGILE,1,162.99,-43.63,0.338,-4.681,4.017,-3.448,-0.629,-0.447,0.297,75.75,0.0,36.1,9,1,1
13:32:53.021,VIGILE,1,174.89,-41.3,0.331,-7.075,5.301,-3.972,-0.12,0.489,-0.178,75.75,0.0,36.1,9,1,1
13:32:53.521,VIGILE,1,168.25,-40.4,0.239,-7.839,7.956,-3.764,-0.115,0.579,-0.086,75.75,0.0,36.1,9,1,1
13:32:54.021,VIGILE,1,178.33,-27.09,0.215,-5.717,3.354,-3.309,-0.659,1.005,-1.035,75.75,0.0,36.1,9,1,1
13:32:54.521,VIGILE,1,-176.2,-9.07,0.185,-5.49,5.71,-6.565,0.075,0.194,-0.877,75.75,0.0,36.1,9,1,1
13:32:55.021,VIGILE,1,-176.0,-25.03,0.203,-5.978,6.203,-3.546,-0.992,-0.49,0.131,75.75,0.0,36.1,9,1,1
13:32:55.521,VIGILE,0,0.0,0.0,0.0,-3.239,9.531,-3.802,0.341,0.093,0.496,75.75,0.0,36.1,9,1,1
13:32:56.021,VIGILE,1,-159.65,-77.44,0.314,-0.974,6.038,-2.397,-1.245,0.566,-1.917,75.75,0.0,36.1,9,1,1
13:32:56.521,VIGILE,1,-175.85,-30.37,0.241,-3.649,8.674,-4.365,-0.135,-0.024,0.202,75.75,0.0,36.1,9,1,1
13:32:57.021,VIGILE,1,-178.67,11.52,0.21,-3.249,7.992,-3.572,-0.061,0.18,0.095,75.75,0.0,36.1,9,1,1
13:32:57.521,VIGILE,1,179.7,-1.77,0.219,-3.158,8.095,-3.28,-0.366,-0.222,0.252,75.75,0.0,36.1,9,1,1
13:32:58.021,VIGILE,1,175.94,4.25,0.177,-3.915,8.198,-4.032,-0.302,0.243,-0.297,75.75,0.0,36.1,9,1,1
13:32:58.521,VIGILE,1,179.49,0.19,0.185,-5.188,7.463,-4.075,-0.227,-0.105,0.198,75.75,0.0,36.1,8,1,1
13:32:59.021,VIGILE,1,175.13,0.64,0.265,-3.256,9.428,-2.813,0.624,0.792,-0.359,75.75,0.0,36.1,8,1,1
13:32:59.521,VIGILE,1,-173.82,15.77,0.256,-2.452,8.727,-3.021,-0.212,0.339,-0.908,75.75,0.0,36.1,8,1,1
13:33:00.021,VIGILE,1,-178.61,-1.04,0.237,-4.877,7.175,-5.531,-0.097,0.219,-1.069,75.75,0.0,36.1,8,1,1
13:33:00.522,VIGILE,1,177.26,-1.14,0.251,-6.306,8.717,-6.017,0.385,0.645,-0.174,75.75,0.0,36.1,8,1,1
13:33:01.022,VIGILE,1,174.79,6.87,0.243,-4.571,7.798,-3.44,-0.381,-0.299,0.27,75.75,0.0,36.1,8,1,1
13:33:01.522,VIGILE,1,175.14,4.98,0.252,-4.484,7.484,-3.91,0.245,0.539,-0.022,75.75,0.0,36.1,8,1,1
13:33:02.022,VIGILE,1,175.13,3.58,0.246,-3.752,8.428,-1.506,-0.319,-0.221,-0.005,75.75,0.0,36.1,8,1,1
13:33:02.522,VIGILE,1,172.82,5.11,0.263,-4.441,6.541,-3.196,-0.281,0.129,0.148,75.75,0.0,36.1,8,1,1
13:33:03.022,VIGILE,1,172.57,0.88,0.246,-6.543,7.867,-2.727,-0.21,-0.276,0.462,75.75,0.0,36.1,8,1,1
13:33:03.522,VIGILE,1,174.28,16.24,0.256,-6.416,7.623,-1.513,-0.144,-0.091,0.041,75.75,0.0,36.1,8,1,1
13:33:04.022,VIGILE,1,177.45,18.36,0.292,-3.266,8.885,-1.377,-0.593,0.529,-0.429,75.75,0.0,36.1,8,1,1
13:33:04.522,VIGILE,1,177.91,41.85,0.295,-0.936,7.254,-4.743,-0.236,0.02,-0.047,75.75,0.0,36.1,8,1,1
13:33:05.022,VIGILE,1,177.16,33.13,0.313,-2.595,9.191,-1.616,0.123,-0.048,0.065,75.75,0.0,36.1,8,1,1
13:33:05.522,VIGILE,1,-178.51,39.07,0.279,-2.82,9.718,-3.871,0.157,-0.085,0.177,75.75,0.0,36.1,8,1,1
13:33:06.022,VIGILE,1,-179.47,45.82,0.286,-2.116,7.91,-2.219,-0.297,-0.373,0.081,75.75,0.0,36.0,8,1,1
13:33:06.522,VIGILE,1,178.33,47.07,0.32,-2.737,10.511,-2.976,-0.015,-0.149,0.338,75.75,0.0,36.0,8,1,1
13:33:07.022,VIGILE,1,177.92,32.49,0.365,-1.477,10.125,-2.325,0.072,-0.025,0.321,75.75,2179.44,36.0,8,1,1
13:33:07.522,VIGILE,1,179.7,21.07,0.295,-2.454,8.722,-3.227,-0.03,-0.456,0.112,75.75,1335.93,36.0,8,1,1
13:33:08.023,VIGILE,1,179.95,6.94,0.3,-2.928,8.875,-3.649,0.144,-0.589,0.128,75.75,958.62,36.0,8,1,1
13:33:08.523,VIGILE,1,179.39,-10.1,0.267,-3.709,7.113,-4.551,-0.421,-0.223,0.083,75.75,1123.74,35.9,9,1,1
13:33:09.023,VIGILE,1,-179.46,-15.24,0.272,-4.293,7.824,-5.27,-0.01,0.029,0.406,75.75,1816.35,35.9,9,1,1
13:33:09.523,VIGILE,1,179.9,-20.66,0.284,-5.306,6.129,-5.662,-1.224,0.379,-0.835,75.75,2274.47,35.9,9,1,1
13:33:10.023,VIGILE,1,-177.9,-17.74,0.253,-3.876,7.597,-4.226,-0.101,0.052,-0.072,75.75,1821.96,35.9,9,1,1
13:33:10.523,VIGILE,1,177.63,-19.15,0.252,-4.594,5.454,-4.597,-0.698,0.333,-0.527,75.75,2635.68,35.9,9,1,1
13:33:11.023,VIGILE,1,179.86,-20.23,0.256,-3.259,6.668,-6.129,-0.124,0.44,0.067,75.75,0.0,35.8,9,1,1
13:33:11.523,VIGILE,1,171.18,-17.88,0.278,-3.97,6.788,-4.305,-0.339,-0.188,0.195,75.75,0.0,35.8,9,1,1
13:33:12.023,VIGILE,1,174.36,-18.32,0.268,-3.498,7.173,-3.112,0.504,0.035,0.268,75.75,0.0,35.8,9,1,1
13:33:12.523,VIGILE,1,174.38,-17.4,0.256,-4.93,7.987,-1.97,-0.494,-0.197,0.174,75.75,0.0,35.8,9,1,1
13:33:13.023,VIGILE,1,177.32,-9.64,0.277,-4.671,7.724,-2.94,-0.199,0.109,0.052,75.75,0.0,35.8,9,1,1
13:33:13.523,VIGILE,1,175.58,-9.34,0.27,-4.47,7.458,-2.425,-0.272,0.087,0.124,75.75,0.0,35.7,9,1,1
13:33:14.023,VIGILE,1,177.56,-13.62,0.272,-4.281,5.95,-1.865,-0.199,-0.042,-0.22,75.75,0.0,35.7,9,1,1
13:33:14.523,VIGILE,1,176.91,-8.67,0.264,-5.334,7.769,-2.344,-0.252,0.059,0.118,75.75,2309.6,35.7,9,1,1
13:33:15.023,VIGILE,1,173.18,-6.33,0.289,-5.124,7.683,-1.839,-0.267,-0.06,0.066,75.75,0.0,35.7,9,1,1
13:33:15.523,VIGILE,1,175.34,-0.27,0.27,-3.627,7.793,-2.471,-0.058,0.143,-0.108,75.75,0.0,35.7,9,1,1
13:33:16.024,VIGILE,1,175.12,11.13,0.303,-3.242,8.973,-1.851,-0.519,0.201,-0.146,75.75,0.0,35.6,9,1,1
13:33:16.524,VIGILE,1,176.11,12.5,0.235,-2.339,7.769,-0.417,-0.257,-0.088,0.031,75.75,0.0,35.6,9,1,1
13:33:17.024,VIGILE,1,175.54,13.04,0.276,-2.514,8.976,-1.197,-0.09,-0.066,0.084,75.75,0.0,35.6,9,1,1
13:33:17.524,VIGILE,1,172.17,5.81,0.245,-1.243,9.558,-0.814,0.266,-0.087,0.016,75.75,2009.66,35.6,9,1,1
13:33:18.024,VIGILE,1,179.45,-3.71,0.274,-2.866,7.815,-2.217,-0.146,0.055,0.005,75.75,0.0,35.6,9,1,1
13:33:18.524,VIGILE,1,175.52,0.23,0.273,-3.053,9.002,-1.003,-0.187,-0.178,0.108,75.75,716.21,35.5,9,1,1
13:33:19.024,VIGILE,1,177.79,-7.76,0.277,-3.211,7.329,-1.223,0.057,0.217,-0.212,75.75,0.0,35.5,9,1,1
13:33:19.524,VIGILE,1,175.23,-19.17,0.259,-6.531,9.369,0.733,-0.038,-0.077,0.18,75.75,1034.2,35.5,9,1,1
13:33:20.024,VIGILE,1,173.82,-20.34,0.209,-5.025,7.168,-0.919,-0.024,0.242,-0.117,75.75,0.0,35.5,9,1,1
13:33:20.524,VIGILE,1,171.14,-22.4,0.29,-6.132,7.633,0.189,-0.278,0.342,-0.011,75.75,0.0,35.5,9,1,1
13:33:21.024,VIGILE,1,-179.64,-22.77,0.287,-5.392,8.243,-1.367,0.059,0.023,0.296,75.75,0.0,35.5,9,1,1
13:33:21.524,VIGILE,1,176.07,-20.39,0.28,-5.878,8.212,-1.856,-0.131,0.152,0.04,75.75,0.0,35.5,9,1,1
13:33:22.024,VIGILE,1,176.65,-16.3,0.271,-5.423,6.924,-3.029,0.282,0.167,-0.201,75.75,0.0,35.5,9,1,1
13:33:22.524,VIGILE,1,177.22,-13.45,0.315,-6.929,7.824,-1.322,-0.887,0.094,-0.588,75.75,0.0,35.5,9,1,1
13:33:23.024,VIGILE,1,174.01,-0.56,0.257,-5.827,7.659,-0.883,-0.434,-0.782,0.636,75.75,0.0,35.5,9,1,1
13:33:23.525,VIGILE,1,170.03,-6.4,0.267,-4.922,8.847,0.338,0.144,0.067,0.163,75.75,0.0,35.3,9,1,1
13:33:24.025,VIGILE,1,170.73,-1.49,0.296,-4.92,7.295,-1.822,-0.109,0.08,0.111,75.75,0.0,35.3,9,1,1
13:33:24.525,VIGILE,1,175.89,14.14,0.272,-1.551,7.173,-1.908,1.24,2.114,-0.168,75.75,0.0,35.3,9,1,1
13:33:25.025,VIGILE,1,173.6,3.49,0.291,-5.808,7.946,2.643,-0.205,-0.091,-0.52,75.75,0.0,35.3,9,1,1
13:33:25.525,VIGILE,1,178.95,-7.42,0.249,-3.318,9.127,0.476,-0.268,-0.139,0.335,75.75,0.0,35.3,9,1,1
13:33:26.025,VIGILE,1,174.05,-11.08,0.262,-4.638,8.629,0.46,-0.507,-0.071,-0.418,75.75,2443.57,35.2,9,1,1
13:33:26.525,VIGILE,1,174.6,-18.11,0.253,-5.875,8.068,0.4,0.074,-0.212,0.066,75.75,0.0,35.2,9,1,1
13:33:27.025,VIGILE,1,176.81,-25.23,0.295,-6.919,7.654,-0.065,-0.591,0.127,-0.131,75.75,0.0,35.2,9,1,1
13:33:27.525,VIGILE,0,0.0,0.0,0.0,-7.168,6.132,0.685,-0.301,0.396,-0.018,75.75,0.0,35.2,9,1,1
13:33:28.025,VIGILE,1,173.64,-37.35,0.376,-7.91,6.582,-2.392,-0.071,0.498,0.164,75.75,0.0,35.2,9,1,1
13:33:28.525,VIGILE,1,173.6,-31.88,0.367,-9.304,6.103,-3.089,-0.105,0.478,0.372,75.75,0.0,35.2,9,1,1
13:33:29.025,VIGILE,1,173.72,-13.15,0.287,-7.309,7.118,-1.171,-0.546,-0.04,0.557,75.75,0.0,35.2,9,1,1
13:33:29.525,VIGILE,1,177.73,-6.89,0.262,-5.334,8.55,-2.519,-0.012,0.463,0.225,75.75,0.0,35.2,9,1,1
13:33:30.025,VIGILE,1,177.14,8.97,0.251,-2.794,7.975,-4.341,-0.071,0.094,0.197,75.75,0.0,35.2,9,1,1
13:33:30.526,VIGILE,1,174.71,2.73,0.301,-3.184,7.743,-2.555,2.472,-0.843,3.154,75.75,0.0,35.2,9,1,1
13:33:31.026,VIGILE,1,173.32,5.23,0.275,-3.591,7.992,-2.983,-0.17,0.267,0.126,75.75,0.0,35.0,9,1,1
13:33:31.526,VIGILE,1,173.41,0.5,0.218,-3.883,9.309,-2.849,0.316,0.031,0.175,75.75,0.0,35.0,9,1,1
13:33:32.026,VIGILE,1,169.82,-0.73,0.268,-2.138,9.309,-2.322,0.674,0.006,0.377,75.75,0.0,35.0,9,1,1
13:33:32.526,VIGILE,1,172.14,-3.86,0.249,-1.408,10.13,-4.266,3.184,-0.379,1.634,75.75,0.0,35.0,9,1,1
13:33:33.026,VIGILE,1,163.8,-2.97,0.23,-4.116,7.791,-2.832,-0.052,0.115,0.086,75.75,0.0,35.0,9,1,1
13:33:33.526,VIGILE,1,164.57,-2.83,0.258,-5.875,8.49,-2.363,-0.261,-0.204,-0.16,75.75,0.0,35.0,9,1,1
13:33:34.026,VIGILE,1,166.99,-5.22,0.277,-6.608,11.384,3.261,0.914,-0.348,0.954,75.75,0.0,35.0,9,1,1
13:33:34.526,VIGILE,1,165.71,-9.84,0.249,-4.266,7.875,-0.682,-1.283,-0.382,0.438,75.75,0.0,35.0,9,1,1
13:33:35.026,VIGILE,1,169.41,-10.53,0.233,-8.181,7.865,-0.685,0.15,0.413,-0.011,75.75,0.0,35.0,9,1,1
13:33:35.527,VIGILE,1,165.62,-5.45,0.257,-0.637,10.302,-2.847,0.282,0.358,-0.256,75.75,0.0,35.0,9,1,1
13:33:36.027,VIGILE,1,166.64,1.58,0.242,-3.481,7.302,3.864,-2.995,0.466,1.27,75.75,0.0,34.9,9,1,1
13:33:36.527,VIGILE,1,169.89,12.18,0.173,-4.216,6.95,-1.276,0.427,-0.065,0.243,75.75,0.0,34.9,9,1,1
13:33:37.027,VIGILE,1,171.95,23.22,0.256,-3.282,6.002,-0.431,-0.721,-0.301,0.067,75.75,3032.2,34.9,9,1,1
13:33:37.527,VIGILE,1,168.63,21.32,0.253,-2.873,7.281,2.835,-1.529,0.198,-1.484,75.75,0.0,34.9,9,1,1
13:33:38.027,VIGILE,1,168.43,27.69,0.28,-2.799,6.618,-2.643,0.444,-0.362,0.451,75.75,0.0,34.9,9,1,1
13:33:38.527,VIGILE,1,167.71,28.78,0.323,-3.144,8.574,-0.864,0.238,-0.15,0.31,75.75,0.0,34.8,9,1,1
13:33:39.027,VIGILE,1,172.05,32.12,0.308,-1.954,10.568,1.135,-0.447,-0.659,0.51,75.75,0.0,34.8,9,1,1
13:33:39.527,VIGILE,1,177.24,29.92,0.302,-3.278,9.495,-0.294,-0.201,-0.067,-0.245,75.75,0.0,34.8,9,1,1
13:33:40.027,VIGILE,1,178.14,19.42,0.282,-1.113,10.173,1.827,-0.589,-0.21,0.056,75.75,0.0,34.8,9,1,1
13:33:40.527,VIGILE,1,-177.97,16.7,0.292,-1.523,11.274,1.123,-0.027,-0.336,0.02,75.75,0.0,34.8,9,1,1
13:33:41.027,VIGILE,1,176.22,17.47,0.22,-1.889,10.013,-1.475,0.313,-0.291,0.373,75.75,0.0,34.7,9,1,1
13:33:41.527,VIGILE,1,-179.71,14.58,0.267,-2.284,10.266,-2.131,-0.183,-0.235,0.158,75.75,0.0,34.7,9,1,1
13:33:42.027,VIGILE,1,172.7,8.3,0.285,-3.517,8.602,-1.568,-0.075,0.291,-0.277,75.75,0.0,34.7,9,1,1
13:33:42.527,VIGILE,1,173.6,13.54,0.288,-3.203,8.633,-1.413,0.29,0.155,-0.026,75.75,2371.1,34.7,9,1,1
13:33:43.028,VIGILE,1,176.5,7.67,0.323,-4.879,9.582,-1.678,-0.129,0.2,-0.162,75.75,2273.77,34.7,9,1,1
13:33:43.528,VIGILE,1,176.63,0.8,0.293,-5.124,7.966,-1.58,0.12,-0.113,0.256,75.75,2762.54,34.6,10,1,1
13:33:44.028,VIGILE,1,175.75,12.39,0.305,-3.316,10.843,-0.819,-0.042,0.155,0.374,75.75,3144.8,34.6,10,1,1
13:33:44.528,VIGILE,1,175.41,16.72,0.296,-3.031,6.558,-1.037,-0.167,0.131,-0.255,75.75,0.0,34.6,10,1,1
13:33:45.028,VIGILE,1,178.46,19.27,0.315,-3.412,8.413,-2.227,0.508,0.317,-0.376,75.75,2442.75,34.6,10,1,1
13:33:45.528,VIGILE,1,178.27,7.18,0.303,-3.891,9.007,-3.151,-0.131,-0.095,0.139,75.75,1977.27,34.6,10,1,1
13:33:46.028,VIGILE,1,176.27,15.63,0.278,-4.334,8.365,-1.305,-0.301,0.073,0.077,75.75,0.0,34.5,10,1,1
13:33:46.528,VIGILE,1,174.62,4.25,0.285,-3.797,8.504,-0.314,-0.136,-0.007,0.213,75.75,3172.5,34.5,10,1,1
13:33:47.028,VIGILE,1,177.22,27.67,0.269,-4.774,7.532,-1.894,-0.699,0.022,-0.205,75.75,2892.94,34.5,10,1,1
13:33:47.528,VIGILE,1,174.11,9.12,0.277,-5.559,8.27,-1.994,-1.522,0.157,-0.775,75.75,2545.02,34.5,10,1,1
13:33:48.028,VIGILE,1,173.22,7.35,0.282,-5.255,7.558,-2.523,-0.227,-0.145,0.09,75.75,0.0,34.5,10,1,1
13:33:48.528,VIGILE,1,179.7,-11.78,0.322,-5.926,8.554,-1.544,0.472,0.153,-0.126,75.75,0.0,34.4,10,1,1
13:33:49.028,VIGILE,1,-178.08,-7.15,0.29,-3.464,7.573,-3.436,0.314,0.062,0.288,75.75,0.0,34.4,10,1,1
13:33:49.528,VIGILE,1,178.03,-22.55,0.288,-5.569,6.196,-3.089,0.186,-0.095,-0.111,75.75,0.0,34.4,10,1,1
13:33:50.028,VIGILE,1,173.84,-11.3,0.278,-4.752,8.868,-3.153,1.287,0.3,0.247,75.75,0.0,34.4,10,1,1
13:33:50.529,VIGILE,1,176.29,-21.57,0.198,-4.015,7.286,-2.303,-0.062,-0.003,0.1,75.75,0.0,34.4,10,1,1
13:33:51.029,VIGILE,0,0.0,0.0,0.0,-5.021,8.061,-1.59,-0.218,0.029,-0.102,75.75,0.0,34.4,10,1,1
13:33:51.529,VIGILE,1,-152.25,-7.12,0.275,-4.671,8.073,-0.871,-0.001,0.043,0.014,75.75,0.0,34.4,10,1,1
13:33:52.029,VIGILE,1,165.55,17.49,0.263,-4.226,8.308,-2.629,-0.05,-0.248,0.32,75.75,0.0,34.4,10,1,1
13:33:52.529,VIGILE,1,175.06,11.27,0.257,-4.156,9.627,-1.472,-0.611,0.141,-0.031,75.75,0.0,34.4,10,1,1
13:33:53.029,VIGILE,1,179.52,-5.36,0.242,-2.77,10.156,-2.796,0.18,0.011,0.169,75.75,0.0,34.4,10,1,1
13:33:53.529,VIGILE,1,176.84,-4.12,0.226,-4.774,8.305,-0.984,-0.627,-0.212,-0.135,75.75,0.0,34.3,10,1,1
13:33:54.029,VIGILE,1,175.31,1.07,0.231,-4.867,8.282,-2.562,-0.048,0.243,-0.307,75.75,0.0,34.3,10,1,1
13:33:54.530,VIGILE,1,173.45,-16.93,0.242,-4.846,8.432,-1.944,-0.327,0.035,-0.172,75.75,0.0,34.3,10,1,1
13:33:55.030,VIGILE,1,173.36,-7.78,0.247,-3.575,9.371,-1.602,-0.276,0.147,0.083,75.75,0.0,34.3,10,1,1
13:33:55.530,VIGILE,1,171.64,-2.98,0.241,-3.9,8.394,-2.148,-0.149,-0.018,-0.06,75.75,0.0,34.3,10,1,1
13:33:56.030,VIGILE,1,172.73,-7.08,0.236,-4.482,8.255,-2.495,0.181,-0.232,0.186,75.75,0.0,34.2,10,1,1
13:33:56.530,VIGILE,1,175.11,-2.23,0.244,-4.458,7.46,-2.715,-0.16,0.062,-0.092,75.75,0.0,34.2,10,1,1
13:33:57.030,VIGILE,1,172.29,-17.33,0.258,-4.925,8.291,-1.784,-0.076,0.097,-0.071,75.75,0.0,34.2,10,1,1
13:33:57.530,VIGILE,1,174.89,-29.81,0.265,-4.345,7.81,-2.622,-0.022,0.213,-0.065,75.75,0.0,34.2,10,1,1
13:33:58.030,VIGILE,0,0.0,0.0,0.0,-5.109,7.697,-1.654,-0.612,0.17,-0.348,75.75,0.0,34.2,10,1,1
13:33:58.530,VIGILE,1,169.06,-46.45,0.321,-4.365,8.578,-1.03,-0.373,0.041,0.039,75.75,0.0,34.2,10,1,1
13:33:59.031,VIGILE,1,174.41,-30.4,0.311,-4.073,9.019,0.287,-0.108,0.092,-0.219,75.75,0.0,34.2,10,1,1
13:33:59.531,VIGILE,1,169.9,-40.9,0.397,-4.788,8.131,-2.533,0.135,0.124,0.095,75.75,0.0,34.2,10,1,1
13:34:00.031,VIGILE,1,172.93,-37.14,0.329,-4.695,8.298,-1.568,-0.087,0.06,0.024,75.75,0.0,34.2,10,1,1
13:34:00.531,VIGILE,1,177.51,-35.79,0.275,-4.575,8.406,-0.769,-0.733,-0.003,0.926,75.75,0.0,34.2,10,1,1
13:34:01.031,VIGILE,1,178.49,-36.92,0.312,-4.559,7.329,0.539,-0.945,-0.424,0.286,75.75,0.0,34.0,10,1,1
13:34:01.531,VIGILE,1,169.0,-64.7,0.44,-1.973,9.814,-1.671,1.595,0.262,1.003,75.75,0.0,34.0,10,1,1
13:34:02.031,VIGILE,1,-176.04,-32.6,0.289,-5.028,8.691,-1.037,-1.083,0.932,-2.019,75.75,0.0,34.0,10,1,1
13:34:02.531,VIGILE,1,-179.39,-37.16,0.274,-2.986,8.353,-2.916,0.504,0.025,0.273,75.75,0.0,34.0,10,1,1
13:34:03.031,VIGILE,0,0.0,0.0,0.0,-5.227,7.896,-2.598,-0.205,-0.082,-0.005,75.75,0.0,34.0,10,1,1
13:34:03.531,VIGILE,1,-177.86,-25.96,0.33,-4.858,8.059,-1.717,0.002,-0.057,-0.017,75.75,0.0,34.0,10,1,1
13:34:04.031,VIGILE,1,-179.91,-37.47,0.339,-5.088,7.913,-2.959,0.044,-0.148,0.353,75.75,0.0,34.0,10,1,1
13:34:04.531,VIGILE,1,173.8,-48.86,0.497,-4.717,7.611,-0.136,-0.242,0.113,-0.223,75.75,0.0,34.0,10,1,1
13:34:05.031,VIGILE,1,166.9,-71.52,0.534,-5.2,7.774,-0.105,-0.011,0.099,-0.013,75.75,0.0,34.0,10,1,1
13:34:05.531,VIGILE,1,170.28,-70.32,0.537,-6.744,8.037,0.706,-3.384,0.412,-2.314,75.75,0.0,34.0,10,1,1
13:34:06.032,VIGILE,1,179.42,47.35,0.376,-5.88,7.07,-1.391,-1.507,0.9,-2.512,75.75,0.0,34.0,10,1,1
13:34:06.532,VIGILE,0,0.0,0.0,0.0,-4.549,7.81,-1.908,-0.145,0.049,0.109,75.75,0.0,34.0,10,1,1
13:34:07.032,VIGILE,1,179.92,-67.42,0.401,-3.546,9.797,-1.705,0.12,-0.386,0.748,75.75,0.0,34.0,10,1,1
13:34:07.532,VIGILE,1,-179.78,-31.81,0.288,-3.938,7.274,-3.014,0.665,-0.308,1.174,75.75,0.0,34.0,10,1,1
13:34:08.032,VIGILE,0,0.0,0.0,0.0,-4.618,7.951,-2.636,-0.545,0.228,-0.264,75.75,0.0,34.0,10,1,1
13:34:08.532,VIGILE,1,167.41,-71.97,0.4,-4.444,9.263,-2.138,0.339,0.037,0.111,75.75,0.0,33.9,10,1,1
13:34:09.032,VIGILE,1,-178.65,27.41,0.301,-3.567,8.768,-2.873,-0.428,0.152,-0.254,75.75,0.0,33.9,10,1,1
13:34:09.532,VIGILE,1,177.13,6.25,0.263,-4.101,8.059,-3.227,-0.356,0.02,-0.084,75.75,0.0,33.9,10,1,1
13:34:10.032,VIGILE,1,-177.23,17.39,0.329,-4.051,7.867,-2.708,0.112,-0.018,0.14,75.75,0.0,33.9,10,1,1
13:34:10.532,VIGILE,1,174.29,5.44,0.262,-4.944,8.231,-2.133,-0.302,0.034,0.022,75.75,0.0,33.9,10,1,1
13:34:11.032,VIGILE,0,0.0,0.0,0.0,-4.499,7.98,-0.532,-0.006,0.096,0.058,75.75,0.0,33.8,11,1,1
13:34:11.532,VIGILE,0,0.0,0.0,0.0,-5.303,6.244,-2.552,-0.4,0.125,-0.173,75.75,0.0,33.8,11,1,1
13:34:12.032,VIGILE,0,0.0,0.0,0.0,-5.121,6.977,-0.895,-0.151,0.073,-0.037,75.75,0.0,33.8,11,1,1
13:34:12.532,VIGILE,0,0.0,0.0,0.0,-4.781,7.041,-2.009,0.318,-0.169,0.365,75.75,0.0,33.8,11,1,1
13:34:13.033,VIGILE,1,170.55,-68.24,0.369,-6.395,7.518,0.867,-0.104,0.007,0.021,75.75,0.0,33.8,11,1,1
13:34:13.533,VIGILE,0,0.0,0.0,0.0,-4.456,7.767,-2.105,-0.137,0.073,-0.062,75.75,0.0,33.7,11,1,1
13:34:14.033,VIGILE,0,0.0,0.0,0.0,-4.322,7.98,-2.672,-0.114,0.077,-0.003,75.75,0.0,33.7,11,1,1
13:34:14.533,VIGILE,0,0.0,0.0,0.0,-4.331,7.91,-2.634,-0.179,0.082,-0.037,75.75,0.0,33.7,11,1,1
13:34:15.033,VIGILE,0,0.0,0.0,0.0,-4.494,7.946,-2.729,-0.05,0.082,-0.015,75.75,0.0,33.7,11,1,1
13:34:15.533,VIGILE,0,0.0,0.0,0.0,-4.372,8.059,-2.588,-0.112,0.034,0.042,75.75,0.0,33.7,11,1,1
13:34:16.033,VIGILE,1,-174.07,-36.7,0.261,-3.68,8.478,-3.989,0.125,0.136,0.009,75.75,0.0,33.6,11,1,1
13:34:16.533,VIGILE,1,178.81,36.22,0.393,-2.411,8.976,-6.141,0.462,0.31,0.042,75.75,0.0,33.6,11,1,1
13:34:17.033,VIGILE,1,-169.66,69.44,0.44,-1.858,9.203,-2.229,-0.412,-0.228,-0.046,75.75,0.0,33.6,11,1,1
13:34:17.533,VIGILE,1,171.2,74.19,0.545,-1.863,8.969,-2.322,-0.105,-0.512,-0.009,75.75,0.0,33.6,11,1,1
13:34:18.033,VIGILE,1,172.65,71.32,0.474,-2.016,9.093,-2.516,0.152,-0.669,0.195,75.75,0.0,33.6,11,1,1
13:34:18.533,VIGILE,1,-177.38,36.25,0.412,-2.203,9.644,-2.828,0.149,-0.504,0.201,75.75,0.0,33.6,11,1,1
13:34:19.033,VIGILE,1,-176.76,28.92,0.315,-4.422,8.241,-2.119,-0.218,-0.31,0.096,75.75,0.0,33.6,11,1,1
13:34:19.533,VIGILE,1,-174.39,29.7,0.326,-3.862,7.302,-3.34,-0.341,0.066,-0.087,75.75,0.0,33.6,11,1,1
13:34:20.033,VIGILE,1,-174.05,26.72,0.32,-4.334,7.573,-3.558,-0.299,-0.039,-0.136,75.75,0.0,33.6,11,1,1
13:34:20.533,VIGILE,1,-174.33,24.92,0.313,-4.463,7.999,-3.845,-0.296,0.126,-0.097,75.75,0.0,33.6,11,1,1
13:34:21.034,VIGILE,1,-174.65,25.75,0.327,-4.264,7.858,-3.139,-0.157,0.094,-0.146,75.75,0.0,33.5,11,1,1
13:34:21.534,VIGILE,0,0.0,0.0,0.0,-4.894,7.621,-2.99,-0.042,-0.014,0.023,75.75,0.0,33.5,11,1,1
13:34:22.034,VIGILE,1,-165.17,63.77,0.463,-4.98,7.396,-2.49,0.099,-0.076,-0.008,75.75,0.0,33.5,11,1,1
13:34:22.534,VIGILE,1,-157.58,57.25,0.416,-4.482,8.037,-2.574,0.096,0.099,0.052,75.75,0.0,33.5,11,1,1
13:34:23.034,VIGILE,0,0.0,0.0,0.0,-4.362,7.566,-3.242,0.013,0.204,-0.06,75.75,0.0,33.5,11,1,1
13:34:23.534,VIGILE,1,-175.24,31.64,0.3,-4.156,8.143,-3.153,0.124,0.066,-0.069,75.75,0.0,33.5,11,1,1
13:34:24.034,VIGILE,1,-178.87,28.78,0.334,-3.974,7.985,-3.742,-0.163,-0.037,0.056,75.75,0.0,33.5,11,1,1
13:34:24.534,VIGILE,1,-177.24,30.56,0.316,-4.283,7.934,-3.807,-0.26,0.061,-0.097,75.75,0.0,33.5,11,1,1
13:34:25.034,VIGILE,1,179.69,41.15,0.462,-4.547,7.966,-3.029,-0.13,0.008,-0.012,75.75,0.0,33.5,11,1,1
13:34:25.534,VIGILE,1,179.32,19.75,0.311,-4.748,7.434,-3.086,-0.244,0.114,-0.188,75.75,0.0,33.5,11,1,1
13:34:26.035,VIGILE,1,177.08,7.9,0.282,-4.183,7.372,-3.393,-0.126,0.188,-0.126,75.75,0.0,33.4,11,1,1
13:34:26.535,VIGILE,1,179.0,14.73,0.272,-6.364,7.807,-5.93,0.614,-0.558,1.186,75.75,0.0,33.4,11,1,1
13:34:27.035,VIGILE,1,179.36,11.69,0.298,-4.53,7.8,-2.816,-0.091,-0.002,0.101,75.75,0.0,33.4,11,1,1
13:34:27.535,VIGILE,1,178.11,7.62,0.268,-5.011,7.745,-3.479,0.084,-0.016,0.102,75.75,0.0,33.4,11,1,1
13:34:28.035,VIGILE,1,175.63,-2.89,0.275,-4.403,7.563,-3.558,0.038,0.061,-0.098,75.75,0.0,33.4,11,1,1
13:34:28.535,VIGILE,1,172.97,-1.79,0.282,-3.838,7.561,-3.467,-0.403,-0.048,-0.046,75.75,0.0,33.4,12,1,1
13:34:29.035,VIGILE,1,172.33,-6.34,0.198,-4.547,7.678,-3.105,-0.127,0.041,-0.05,75.75,0.0,33.4,12,1,1
13:34:29.535,VIGILE,1,175.13,-10.99,0.27,-3.836,8.294,-3.859,-0.129,0.116,0.035,75.75,0.0,33.4,12,1,1
13:34:30.035,VIGILE,1,174.01,-6.35,0.273,-5.126,8.205,-3.036,-0.392,0.126,-0.01,75.75,0.0,33.4,12,1,1
13:34:30.535,VIGILE,1,174.31,-7.51,0.29,-5.078,8.042,-2.993,-0.061,-0.045,0.013,75.75,0.0,33.4,12,1,1
13:34:31.035,VIGILE,1,175.53,-9.66,0.274,-5.361,6.984,-2.634,-0.399,0.179,-0.036,75.75,0.0,33.4,12,1,1
13:34:31.535,VIGILE,1,176.67,13.46,0.287,-4.97,7.678,-2.741,0.251,0.009,-0.026,75.75,0.0,33.4,12,1,1
13:34:32.035,VIGILE,1,178.85,16.95,0.269,-4.453,7.719,-3.182,0.334,-0.014,-0.017,75.75,0.0,33.4,12,1,1
13:34:32.535,VIGILE,1,173.94,17.69,0.28,-4.403,7.611,-3.292,-0.046,0.063,-0.021,75.75,0.0,33.4,12,1,1
13:34:33.036,VIGILE,1,175.48,10.17,0.262,-4.796,8.25,-3.591,-0.066,0.126,-0.06,75.75,0.0,33.4,12,1,1
13:34:33.536,VIGILE,1,175.47,15.34,0.226,-4.58,7.446,-3.026,-0.251,0.081,-0.091,75.75,0.0,33.4,12,1,1
13:34:34.036,VIGILE,1,174.66,10.44,0.259,-4.851,8.08,-2.756,-0.09,0.032,0.017,75.75,0.0,33.4,12,1,1
13:34:34.536,VIGILE,1,176.47,18.0,0.265,-4.714,8.428,-2.593,0.175,0.214,-0.021,75.75,0.0,33.4,12,1,1
13:34:35.036,VIGILE,1,177.16,16.01,0.237,-5.128,7.772,-3.0,0.044,0.022,0.092,75.75,0.0,33.4,12,1,1
13:34:35.536,VIGILE,1,174.12,-0.61,0.224,-4.657,7.582,-2.701,-0.179,0.008,-0.09,75.75,0.0,33.4,12,1,1
13:34:36.036,VIGILE,1,-176.11,-15.91,0.256,-3.857,7.906,-3.259,0.204,-0.047,0.077,75.75,0.0,33.3,12,1,1
13:34:36.536,VIGILE,1,-173.66,-11.46,0.268,-5.356,7.776,-2.306,-0.358,0.071,-0.009,75.75,0.0,33.3,12,1,1
13:34:37.036,VIGILE,1,-169.6,6.04,0.281,-4.391,8.329,-3.103,-0.643,-0.028,-0.065,75.75,0.0,33.3,12,1,1
13:34:37.536,VIGILE,1,-175.02,15.86,0.275,-3.953,8.938,-2.854,0.326,-0.039,0.23,75.75,0.0,33.3,12,1,1
13:34:38.036,VIGILE,1,175.89,11.71,0.173,-4.482,7.417,-2.327,-0.57,-0.115,-0.075,75.75,0.0,33.3,12,1,1
13:34:38.536,VIGILE,1,176.01,4.34,0.18,-5.16,7.796,-2.459,0.028,0.101,-0.029,75.75,0.0,33.3,12,1,1
13:34:39.036,VIGILE,1,176.12,10.01,0.233,-2.495,7.336,-3.158,0.277,-0.122,0.069,75.75,3343.88,33.3,12,1,1
13:34:39.536,VIGILE,1,173.99,14.64,0.258,-4.855,8.152,-2.375,0.051,-0.032,0.064,75.75,3314.56,33.3,12,1,1
13:34:40.037,VIGILE,1,176.39,5.36,0.243,-4.389,7.312,-3.721,0.065,0.087,-0.095,75.75,3121.96,33.3,12,1,1
13:34:40.537,VIGILE,1,175.84,8.87,0.276,-3.96,8.2,-2.756,0.044,0.076,0.039,75.75,2923.6,33.3,12,1,1
13:34:41.037,VIGILE,1,173.44,7.09,0.258,-4.709,8.327,-2.447,0.058,0.112,0.04,75.75,2793.62,33.3,12,1,1
13:34:41.537,VIGILE,1,172.42,2.14,0.254,-4.369,8.552,-2.354,-0.045,0.102,0.13,75.75,0.0,33.3,12,1,1
13:34:42.037,VIGILE,1,176.65,13.08,0.272,-3.304,6.732,-2.629,-0.098,0.079,0.09,75.75,0.0,33.3,12,1,1
13:34:42.537,VIGILE,1,173.03,8.8,0.271,-4.671,8.025,-2.993,-0.137,0.086,-0.121,75.75,0.0,33.3,12,1,1
13:34:43.037,VIGILE,1,175.77,12.39,0.264,-3.572,7.824,-2.009,-0.495,-0.025,-0.152,75.75,0.0,33.3,12,1,1
13:34:43.537,VIGILE,1,177.66,-1.01,0.24,-4.173,8.401,-2.83,0.208,0.006,0.037,75.75,0.0,33.2,12,1,1
13:34:44.037,VIGILE,1,174.07,5.38,0.28,-3.074,8.408,-3.062,0.039,0.372,-0.382,75.75,0.0,33.2,12,1,1
13:34:44.537,VIGILE,1,176.16,6.2,0.218,-4.743,8.241,-3.012,-0.374,-0.008,-0.1,75.75,0.0,33.2,12,1,1
13:34:45.037,VIGILE,1,174.67,5.09,0.219,-4.824,7.537,-2.765,-0.061,-0.013,0.035,75.75,0.0,33.2,12,1,1
13:34:45.537,VIGILE,1,175.44,-2.55,0.237,-4.108,8.131,-1.741,-0.47,0.073,-0.077,75.75,0.0,33.2,12,1,1
13:34:46.037,VIGILE,1,176.11,-4.93,0.194,-4.542,7.29,-3.256,-0.195,0.152,-0.149,75.75,0.0,33.2,12,1,1
13:34:46.537,VIGILE,1,173.85,-4.88,0.244,-3.548,7.434,-2.674,-0.124,0.154,-0.272,75.75,0.0,33.2,12,1,1
13:34:47.037,VIGILE,1,175.13,3.53,0.254,-5.121,9.665,-1.779,-0.064,0.106,-0.044,75.75,0.0,33.2,12,1,1
13:34:47.538,VIGILE,1,178.64,-6.05,0.246,-4.764,8.401,-2.528,0.157,-0.063,0.135,75.75,0.0,33.2,12,1,1
13:34:48.038,VIGILE,1,176.77,-6.31,0.248,-2.837,8.533,-0.68,-0.631,-0.185,0.2,75.75,0.0,33.2,12,1,1
13:34:48.538,VIGILE,1,176.3,7.4,0.274,-5.006,7.954,-1.733,0.019,-0.138,0.101,75.75,0.0,33.1,12,1,1
13:34:49.038,VIGILE,1,176.97,-1.78,0.265,-3.682,8.825,-1.841,0.009,0.086,-0.237,75.75,0.0,33.1,12,1,1
13:34:49.538,VIGILE,1,176.85,5.7,0.274,-4.554,6.812,-2.61,-0.714,-0.041,-0.382,75.75,0.0,33.1,12,1,1
13:34:50.038,VIGILE,1,177.1,11.31,0.264,-4.566,8.344,-2.184,-0.132,0.247,-0.332,75.75,0.0,33.1,12,1,1
13:34:50.538,VIGILE,1,167.92,41.34,0.338,-3.637,8.712,-2.095,-0.221,0.042,-0.165,75.75,0.0,33.1,12,1,1
13:34:51.038,VIGILE,1,172.74,36.88,0.345,-4.3,8.361,-2.162,0.21,0.007,0.009,75.75,2995.31,33.0,12,1,1
13:34:51.538,VIGILE,1,168.4,70.7,0.565,-4.427,7.628,-1.381,-0.194,0.028,-0.064,75.75,2208.96,33.0,12,1,1
13:34:52.038,DISTRAZIONE,1,169.25,71.91,0.533,-5.375,9.316,-0.4,-0.038,-0.068,0.293,75.75,2637.95,33.0,12,1,1
13:34:52.538,DISTRAZIONE,1,170.19,77.11,0.784,-4.736,5.997,-0.472,-0.203,0.185,-0.225,75.75,0.0,33.0,12,1,1
13:34:53.038,DISTRAZIONE,1,177.43,18.75,0.28,-4.456,8.205,-2.363,0.233,-0.054,0.221,75.75,0.0,33.0,12,1,1
13:34:53.539,DISTRAZIONE,0,0.0,0.0,0.0,-5.789,6.84,-2.895,-0.25,0.367,-0.441,75.75,0.0,33.0,12,1,1
13:34:54.039,DISTRAZIONE,1,171.87,36.97,0.418,-4.913,7.173,-2.591,-0.184,0.103,0.106,75.75,0.0,33.0,12,1,1
13:34:54.539,DISTRAZIONE,1,170.26,26.11,0.219,-4.827,7.518,-2.037,-0.178,0.046,0.181,75.75,0.0,33.0,12,1,1
13:34:55.039,DISTRAZIONE,1,172.98,68.0,0.394,-5.344,7.274,-1.671,-0.55,0.146,-0.256,75.75,0.0,33.0,12,1,1
13:34:55.539,DISTRAZIONE,1,171.47,40.93,0.44,-5.473,7.901,-0.97,-0.162,0.068,-0.033,75.75,0.0,33.0,12,1,1
13:34:56.039,DISTRAZIONE,1,-178.13,-12.05,0.278,-5.914,7.884,-0.371,-0.12,0.056,-0.02,75.75,0.0,32.9,12,1,1
13:34:56.539,DISTRAZIONE,1,179.12,-26.1,0.297,-5.854,7.728,-1.07,-0.072,0.066,0.05,75.75,0.0,32.9,12,1,1
13:34:57.039,DISTRAZIONE,1,-178.38,-28.04,0.252,-6.773,6.163,-3.053,-0.162,0.206,-0.136,75.75,0.0,32.9,12,1,1
13:34:57.539,DISTRAZIONE,1,175.99,-39.39,0.32,-8.866,5.758,-1.453,-0.576,0.411,-0.145,75.75,0.0,32.9,12,1,1
13:34:58.039,DISTRAZIONE,1,-179.59,-39.69,0.333,-6.115,6.144,-1.827,-0.52,0.661,-0.211,75.75,0.0,32.9,12,1,1
13:34:58.539,VIGILE,1,176.26,-33.22,0.289,-7.118,6.117,-2.761,-0.679,0.452,-0.175,75.75,0.0,32.8,12,1,1
13:34:59.039,VIGILE,1,175.15,-27.82,0.239,-7.628,6.141,-3.555,-0.446,0.407,-0.246,75.75,0.0,32.8,12,1,1
13:34:59.539,VIGILE,1,-176.75,-25.85,0.265,-5.914,6.05,-4.566,-0.404,0.273,0.018,75.75,0.0,32.8,12,1,1
13:35:00.039,VIGILE,1,-179.23,6.09,0.268,-4.228,8.691,-3.682,-0.507,0.386,-0.025,75.75,0.0,32.8,12,1,1
13:35:00.540,VIGILE,1,176.33,4.26,0.149,-3.086,8.674,-3.857,-0.22,0.101,-0.019,75.75,0.0,32.8,12,1,1
13:35:01.040,VIGILE,1,179.71,-3.57,0.271,-3.481,8.382,-3.333,-0.282,-0.004,-0.102,75.75,0.0,32.8,12,1,1
13:35:01.540,VIGILE,1,179.25,-5.84,0.299,-4.175,8.267,-2.162,0.304,-0.121,0.081,75.75,0.0,32.8,12,1,1
13:35:02.040,VIGILE,1,178.28,-12.45,0.276,-3.531,8.068,-3.007,-0.054,0.128,-0.165,75.75,0.0,32.8,12,1,1
13:35:02.540,VIGILE,1,176.3,-17.37,0.283,-3.979,8.305,-4.187,0.221,0.088,0.112,75.75,0.0,32.8,12,1,1
13:35:03.040,VIGILE,1,178.82,-17.08,0.261,-2.701,7.781,-4.243,-0.074,-0.0,-0.045,75.75,0.0,32.8,12,1,1
13:35:03.540,VIGILE,1,178.45,-12.19,0.318,-2.796,8.562,-3.029,0.277,-0.128,0.013,75.75,0.0,32.8,12,1,1
13:35:04.040,VIGILE,1,175.02,-20.51,0.298,-4.132,7.053,-4.144,-0.134,0.124,-0.09,75.75,0.0,32.8,12,1,1
13:35:04.540,VIGILE,1,176.99,-31.84,0.267,-6.759,5.274,-6.218,0.124,0.581,-0.841,75.75,0.0,32.8,12,1,1
13:35:05.040,VIGILE,1,179.04,-26.31,0.285,-4.76,4.82,-7.456,0.483,0.26,0.03,75.75,0.0,32.8,12,1,1
13:35:05.540,VIGILE,1,173.97,-13.4,0.297,-4.391,8.171,-4.051,-0.301,0.01,0.149,75.75,0.0,32.8,12,1,1
13:35:06.040,VIGILE,1,175.94,-15.32,0.28,-5.42,7.389,-2.65,-0.228,0.124,-0.04,75.75,0.0,32.7,12,1,1
13:35:06.540,VIGILE,1,174.06,6.72,0.295,-6.139,7.807,-2.14,-0.558,-0.346,-0.297,75.75,0.0,32.7,12,1,1
13:35:07.040,VIGILE,1,173.49,13.74,0.275,-3.989,7.465,-1.851,-0.314,0.101,-0.207,75.75,0.0,32.7,12,1,1
13:35:07.541,VIGILE,1,173.3,12.02,0.293,-4.104,8.734,-0.306,0.104,-0.095,0.192,75.75,0.0,32.7,12,1,1
13:35:08.041,VIGILE,1,172.57,8.26,0.279,-3.886,8.739,-0.532,-0.63,-0.089,-0.237,75.75,0.0,32.7,12,1,1
13:35:08.541,VIGILE,1,171.9,10.53,0.27,-3.019,8.665,-1.401,-0.044,0.046,0.057,75.75,0.0,32.7,12,1,1
13:35:09.041,VIGILE,1,174.84,18.73,0.289,-3.627,8.631,-1.551,-0.091,0.015,0.007,75.75,0.0,32.7,12,1,1
13:35:09.541,VIGILE,1,174.54,16.36,0.278,-3.584,9.732,-2.131,0.327,-0.168,0.176,75.75,0.0,32.7,12,1,1
13:35:10.041,VIGILE,1,176.27,5.91,0.279,-2.488,8.727,-1.863,-0.313,-0.162,0.102,75.75,0.0,32.7,12,1,1
13:35:10.541,VIGILE,1,171.43,-5.54,0.271,-3.584,8.708,-1.439,-0.148,0.024,-0.028,75.75,0.0,32.7,12,1,1
13:35:11.041,VIGILE,1,175.3,-1.5,0.283,-3.388,8.978,-1.446,-0.133,-0.113,0.177,75.75,0.0,32.7,12,1,1
13:35:11.541,NERVOSO,1,174.58,3.61,0.27,-2.897,10.08,-1.86,-0.088,-0.029,0.333,75.75,0.0,32.7,12,1,1
13:35:12.041,NERVOSO,1,174.56,0.51,0.218,-3.215,9.333,-2.014,0.331,-0.243,0.493,75.75,0.0,32.7,12,1,1
13:35:12.541,NERVOSO,1,178.91,-0.99,0.247,-3.235,7.501,-2.497,-0.183,0.061,-0.215,75.75,0.0,32.7,12,1,1
13:35:13.042,VIGILE,1,176.47,-1.8,0.254,-4.767,8.906,-1.688,0.195,0.202,-0.082,75.75,0.0,32.7,12,1,1
13:35:13.542,VIGILE,1,175.4,-5.3,0.197,-4.355,9.0,-1.927,0.191,0.072,0.039,75.75,0.0,32.6,12,1,1
13:35:14.042,VIGILE,1,178.62,-13.32,0.254,-3.912,8.499,-2.052,0.083,0.08,0.125,75.75,0.0,32.6,12,1,1
13:35:14.542,VIGILE,1,178.28,-14.8,0.242,-3.412,7.379,-2.861,0.039,0.088,-0.175,75.75,0.0,32.6,12,1,1
13:35:15.042,VIGILE,1,178.05,-9.04,0.082,-4.465,8.1,-1.98,-0.199,0.125,0.021,75.75,0.0,32.6,12,1,1
13:35:15.542,VIGILE,1,178.36,-12.89,0.272,-4.039,8.308,-2.401,-0.063,0.065,-0.108,75.75,0.0,32.6,12,1,1
13:35:16.042,VIGILE,1,178.03,-13.73,0.276,-4.752,8.464,-1.556,-0.219,0.074,-0.003,75.75,0.0,32.5,12,1,1
13:35:16.542,VIGILE,1,178.3,-13.14,0.236,-4.47,8.384,-1.444,-0.127,0.123,-0.008,75.75,0.0,32.5,12,1,1
13:35:17.042,VIGILE,1,176.6,-16.79,0.268,-4.652,6.632,-2.622,0.026,0.175,-0.173,75.75,0.0,32.5,12,1,1
13:35:17.542,VIGILE,1,172.73,-15.77,0.254,-5.449,7.975,-1.369,-0.141,0.098,-0.031,75.75,0.0,32.5,12,1,1
13:35:18.042,VIGILE,1,174.39,-17.06,0.278,-5.681,8.401,-0.292,-0.101,0.119,-0.059,75.75,0.0,32.5,12,1,1
13:35:18.542,VIGILE,1,-179.52,-17.81,0.282,-5.804,7.74,-0.244,-0.287,0.129,-0.11,75.75,0.0,32.4,12,1,1
13:35:19.042,VIGILE,1,178.26,-24.43,0.271,-5.562,8.969,0.302,-0.049,0.273,-0.053,75.75,0.0,32.4,12,1,1
13:35:19.543,VIGILE,0,0.0,0.0,0.0,-4.132,8.382,-1.583,-0.022,0.037,0.009,75.75,0.0,32.4,12,1,1
13:35:20.043,VIGILE,1,151.2,-83.64,0.311,-5.875,8.308,-0.864,0.215,0.09,0.23,75.75,0.0,32.4,12,1,1
13:35:20.543,VIGILE,0,0.0,0.0,0.0,-3.788,9.28,-1.219,0.068,0.095,0.064,75.75,0.0,32.4,12,1,1
13:35:21.043,VIGILE,0,0.0,0.0,0.0,-6.256,7.987,1.089,-0.086,-0.388,0.159,75.75,0.0,32.4,12,1,1
13:35:21.543,VIGILE,0,0.0,0.0,0.0,-6.883,8.049,1.918,-0.128,0.051,-0.029,75.75,0.0,32.4,12,1,1
13:35:22.043,VIGILE,0,0.0,0.0,0.0,-4.096,8.368,-3.081,-0.067,0.099,0.099,75.75,0.0,32.4,12,1,1
13:35:22.543,VIGILE,0,0.0,0.0,0.0,-4.492,8.169,-2.243,-0.166,0.044,-0.003,75.75,0.0,32.4,12,1,1
13:35:23.043,VIGILE,0,0.0,0.0,0.0,-4.331,7.968,-2.397,-0.128,0.015,-0.017,75.75,0.0,32.4,12,1,1
13:35:23.543,VIGILE,0,0.0,0.0,0.0,-4.322,8.157,-2.404,-0.149,0.073,0.018,75.75,0.0,32.3,12,1,1
13:35:24.043,VIGILE,0,0.0,0.0,0.0,-4.329,8.061,-2.251,-0.107,0.043,-0.067,75.75,0.0,32.3,12,1,1
13:35:24.543,VIGILE,0,0.0,0.0,0.0,-4.427,8.047,-2.514,-0.127,0.098,-0.015,75.75,0.0,32.3,12,1,1
13:35:25.043,VIGILE,0,0.0,0.0,0.0,-4.293,8.207,-2.382,-0.152,0.094,0.024,75.75,0.0,32.3,12,1,1
13:35:25.543,VIGILE,1,-177.14,-33.94,0.29,-4.369,7.91,-2.346,-0.102,0.044,-0.085,75.75,0.0,32.3,12,1,1
13:35:26.043,VIGILE,1,-178.71,-12.08,0.238,-4.377,8.231,-2.337,-0.167,0.05,0.05,75.75,0.0,32.3,12,1,1
13:35:26.543,VIGILE,0,0.0,0.0,0.0,-4.446,8.157,-2.298,-0.12,0.096,-0.043,75.75,0.0,32.3,12,1,1
13:35:27.044,VIGILE,0,0.0,0.0,0.0,-4.329,8.042,-2.468,-0.122,0.072,-0.016,75.75,0.0,32.3,12,1,1
13:35:27.544,VIGILE,0,0.0,0.0,0.0,-4.365,8.212,-2.212,-0.163,0.038,0.008,75.75,0.0,32.3,12,1,1
13:35:28.044,VIGILE,0,0.0,0.0,0.0,-4.401,8.023,-2.523,-0.095,0.111,-0.058,75.75,0.0,32.3,12,1,1
13:35:28.544,VIGILE,0,0.0,0.0,0.0,-4.298,8.203,-2.334,-0.164,0.096,0.02,75.75,0.0,32.2,13,1,1
13:35:29.044,VIGILE,0,0.0,0.0,0.0,-4.348,8.092,-2.373,-0.157,0.033,0.005,75.75,0.0,32.2,13,1,1
13:35:29.544,VIGILE,0,0.0,0.0,0.0,-4.381,8.107,-2.315,-0.109,0.106,-0.047,75.75,0.0,32.2,13,1,1
13:35:30.044,VIGILE,1,-170.37,-15.41,0.222,-4.286,8.08,-2.444,-0.131,0.08,-0.002,75.75,0.0,32.2,13,1,1
13:35:30.544,VIGILE,1,173.07,65.72,0.449,-4.398,8.131,-2.342,-0.148,0.072,0.005,75.75,0.0,32.2,13,1,1
13:35:31.044,VIGILE,1,-179.55,16.53,0.252,-4.458,8.068,-2.404,-0.099,0.026,-0.071,75.75,0.0,32.2,13,1,1
13:35:31.544,VIGILE,1,176.09,34.39,0.384,-2.945,8.531,-4.896,0.272,0.035,0.126,75.75,0.0,32.2,13,1,1
13:35:32.044,VIGILE,1,173.94,35.28,0.362,-2.507,8.456,-4.834,-0.262,-0.213,0.087,75.75,0.0,32.2,13,1,1
13:35:32.544,VIGILE,1,176.43,35.44,0.385,-2.239,8.291,-3.369,-0.092,-0.253,-0.038,75.75,0.0,32.2,13,1,1
13:35:33.044,VIGILE,1,-168.63,46.39,0.307,-2.483,8.863,-5.377,-0.213,-0.079,-0.315,75.75,0.0,32.2,13,1,1
13:35:33.544,VIGILE,1,-173.21,28.96,0.302,-1.858,9.122,-4.628,0.143,-0.258,0.106,75.75,0.0,32.1,13,1,1
13:35:34.044,VIGILE,1,176.63,15.82,0.291,-4.915,8.571,-2.749,-0.341,-0.132,-0.12,75.75,0.0,32.1,13,1,1
13:35:34.545,VIGILE,1,175.51,13.16,0.286,-4.111,8.222,-4.75,0.297,0.039,0.228,75.75,0.0,32.1,13,1,1
13:35:35.045,VIGILE,1,-179.54,11.86,0.285,-3.299,7.302,-4.243,-0.242,-0.098,0.038,75.75,0.0,32.1,13,1,1
13:35:35.545,VIGILE,1,179.57,-3.0,0.249,-2.863,7.855,-5.265,-0.266,0.177,-0.22,75.75,0.0,32.1,13,1,1
13:35:36.045,VIGILE,1,176.73,6.07,0.258,-4.044,7.393,-4.571,-0.085,0.072,-0.03,75.75,0.0,32.1,13,1,1
13:35:36.545,VIGILE,1,177.14,12.86,0.267,-3.45,8.143,-4.025,0.132,-0.076,0.118,75.75,0.0,32.1,13,1,1
13:35:37.045,VIGILE,1,177.15,8.08,0.281,-3.613,7.728,-2.938,0.12,0.224,0.094,75.75,0.0,32.1,13,1,1
13:35:37.545,VIGILE,1,178.18,5.02,0.268,-4.441,7.891,-3.551,-0.466,0.041,-0.066,75.75,0.0,32.1,13,1,1
13:35:38.045,VIGILE,1,-177.44,19.8,0.298,-4.614,8.574,-2.435,-0.689,0.04,-0.357,75.75,0.0,32.1,13,1,1
13:35:38.545,VIGILE,1,-174.02,20.62,0.288,-2.6,6.603,-3.146,-0.212,-0.077,-0.1,75.75,0.0,32.1,13,1,1
13:35:39.045,VIGILE,1,-171.07,21.64,0.301,-3.929,8.892,-3.055,-0.104,-0.034,-0.146,75.75,0.0,32.1,13,1,1
13:35:39.545,VIGILE,1,-175.05,27.74,0.268,-2.272,8.686,-2.15,0.379,-0.167,0.25,75.75,0.0,32.1,13,1,1
13:35:40.045,VIGILE,1,-178.16,-17.37,0.268,-4.808,8.124,-3.405,-0.538,0.205,-0.397,75.75,0.0,32.1,13,1,1
13:35:40.545,VIGILE,1,176.37,-14.86,0.247,-5.236,8.744,-3.098,-0.533,-0.05,0.033,75.75,0.0,32.1,13,1,1
13:35:41.045,VIGILE,1,171.72,-22.29,0.232,-5.255,6.709,-2.54,-0.443,0.21,-0.411,75.75,0.0,32.1,13,1,1
13:35:41.545,VIGILE,1,174.94,-22.38,0.251,-6.009,7.075,-2.646,-0.425,0.042,0.181,75.75,0.0,32.1,13,1,1
13:35:42.045,VIGILE,1,173.84,-24.04,0.254,-4.949,8.116,-1.64,0.028,0.028,-0.027,75.75,0.0,32.1,13,1,1
13:35:42.545,VIGILE,1,175.83,-18.21,0.25,-4.377,7.563,-1.314,-0.888,0.102,-0.289,75.75,0.0,32.1,13,1,1
13:35:43.045,VIGILE,1,171.61,-18.45,0.246,-5.48,7.815,-2.512,0.069,0.223,-0.145,75.75,0.0,32.1,13,1,1
13:35:43.546,VIGILE,1,171.73,-24.39,0.242,-5.267,7.685,-3.108,-0.054,0.141,-0.024,75.75,0.0,32.1,13,1,1
13:35:44.046,VIGILE,1,172.7,-21.89,0.269,-6.258,7.951,-1.903,0.127,0.399,0.039,75.75,0.0,32.1,13,1,1
13:35:44.546,VIGILE,1,163.58,-18.66,0.24,-4.65,9.73,-1.492,-0.324,-0.413,0.602,75.75,0.0,32.1,13,1,1
13:35:45.046,VIGILE,1,165.95,-14.71,0.258,-6.551,7.278,-1.372,-0.323,0.169,-0.253,75.75,0.0,32.1,13,1,1
13:35:45.546,VIGILE,1,168.05,-15.87,0.26,-6.34,7.116,-0.441,0.041,0.005,0.034,75.75,0.0,32.1,13,1,1
13:35:46.046,VIGILE,1,164.37,-8.97,0.261,-5.995,7.489,0.017,-0.276,0.319,-0.167,75.75,0.0,32.0,13,1,1
13:35:46.546,VIGILE,1,163.02,-11.09,0.266,-6.079,8.26,-0.512,0.006,0.06,0.082,75.75,0.0,32.0,13,1,1
13:35:47.046,VIGILE,1,161.54,-7.81,0.248,-6.103,7.807,-0.35,0.005,0.066,0.045,75.75,0.0,32.0,13,1,1
13:35:47.546,VIGILE,1,165.98,1.09,0.267,-6.021,8.018,0.182,-0.127,0.071,-0.009,75.75,0.0,32.0,13,1,1
13:35:48.046,VIGILE,1,176.88,-1.23,0.139,-4.956,8.337,-1.915,0.373,0.074,0.207,75.75,0.0,32.0,13,1,1
13:35:48.546,VIGILE,0,0.0,0.0,0.0,-4.401,8.037,-2.871,-0.178,0.063,-0.022,75.75,0.0,32.0,13,1,1
13:35:49.046,MALORE,0,0.0,0.0,0.0,-4.503,7.623,-2.691,-0.082,0.044,0.031,75.75,0.0,32.0,13,1,1
13:35:49.546,MALORE,0,0.0,0.0,0.0,-4.41,7.949,-2.804,-0.1,0.075,-0.02,75.75,0.0,32.0,13,1,1
13:35:50.046,MALORE,0,0.0,0.0,0.0,-4.48,8.028,-2.744,-0.153,0.071,-0.037,75.75,0.0,32.0,13,1,1
13:35:50.546,MALORE,0,0.0,0.0,0.0,-4.664,7.752,-2.65,-0.164,0.12,-0.053,75.75,0.0,32.0,13,1,1
13:35:51.047,MALORE,0,0.0,0.0,0.0,-4.475,7.954,-2.713,-0.013,0.04,0.063,75.75,0.0,32.0,13,1,1
13:35:51.547,MALORE,0,0.0,0.0,0.0,-4.377,7.891,-2.844,-0.198,0.117,-0.106,75.75,0.0,32.0,13,1,1
13:35:52.047,MALORE,0,0.0,0.0,0.0,-4.506,7.815,-2.66,-0.052,0.1,-0.03,75.75,0.0,32.0,13,1,1
13:35:52.547,MALORE,0,0.0,0.0,0.0,-4.492,7.709,-2.705,-0.102,0.008,0.022,75.75,0.0,32.0,13,1,1
13:35:53.047,MALORE,0,0.0,0.0,0.0,-4.487,8.04,-2.854,-0.089,0.086,-0.034,75.75,0.0,32.0,13,1,1
13:35:53.547,MALORE,0,0.0,0.0,0.0,-4.599,7.81,-2.614,-0.238,0.073,-0.086,75.75,0.0,32.0,13,1,1
13:35:54.047,MALORE,0,0.0,0.0,0.0,-4.532,7.913,-2.682,-0.07,0.012,0.084,75.75,0.0,32.0,13,1,1
13:35:54.547,MALORE,0,0.0,0.0,0.0,-4.453,7.772,-2.866,-0.151,0.1,-0.089,75.75,0.0,32.0,13,1,1
13:35:55.047,MALORE,0,0.0,0.0,0.0,-4.575,8.147,-2.543,-0.138,0.054,-0.017,75.75,0.0,32.0,13,1,1
13:35:55.547,MALORE,0,0.0,0.0,0.0,-4.444,7.638,-2.734,-0.073,-0.003,0.023,75.75,0.0,32.0,13,1,1
13:35:56.047,MALORE,0,0.0,0.0,0.0,-4.547,7.98,-2.789,-0.126,0.085,-0.027,75.75,0.0,32.0,14,1,1
13:35:56.547,MALORE,0,0.0,0.0,0.0,-4.523,7.891,-2.564,-0.241,0.051,-0.06,75.75,0.0,32.0,14,1,1
13:35:57.047,MALORE,0,0.0,0.0,0.0,-4.563,7.774,-2.701,-0.083,0.083,-0.02,75.75,0.0,32.0,14,1,1
13:35:57.547,MALORE,0,0.0,0.0,0.0,-4.484,8.006,-2.744,0.026,0.049,0.057,75.75,0.0,32.0,14,1,1
13:35:58.047,MALORE,0,0.0,0.0,0.0,-4.501,7.784,-2.787,-0.293,0.086,-0.091,75.75,0.0,32.0,14,1,1
13:35:58.547,MALORE,0,0.0,0.0,0.0,-4.559,8.08,-2.665,-0.112,0.075,-0.016,75.75,0.0,32.0,14,1,1
13:35:59.047,MALORE,0,0.0,0.0,0.0,-4.59,7.685,-2.682,-0.096,0.03,0.016,75.75,0.0,32.0,14,1,1
13:35:59.547,MALORE,0,0.0,0.0,0.0,-4.487,8.025,-2.832,-0.111,0.103,-0.004,75.75,0.0,32.0,14,1,1
13:36:00.047,MALORE,0,0.0,0.0,0.0,-4.575,7.894,-2.729,-0.207,0.045,-0.03,75.75,0.0,32.0,14,1,1
13:36:00.547,MALORE,0,0.0,0.0,0.0,-4.678,7.867,-2.646,-0.17,0.131,-0.062,75.75,0.0,32.0,14,1,1
13:36:01.048,MALORE,0,0.0,0.0,0.0,-4.554,7.968,-2.751,-0.016,0.004,0.093,75.75,0.0,32.0,14,1,1
13:36:01.548,MALORE,1,-154.08,-30.9,0.314,-4.599,7.877,-2.777,-0.307,0.063,-0.056,75.75,0.0,32.0,14,1,1
13:36:02.048,MALORE,0,0.0,0.0,0.0,-4.494,8.03,-2.689,-0.088,0.044,-0.006,75.75,0.0,32.0,14,1,1
13:36:02.548,MALORE,1,175.55,-10.57,0.271,-4.752,7.968,-2.789,-0.2,0.038,-0.028,75.75,0.0,32.0,14,1,1
13:36:03.048,MALORE,1,177.1,-13.05,0.279,-3.342,7.726,-4.432,-0.508,-0.166,0.149,75.75,0.0,32.0,14,1,1
13:36:03.548,VIGILE,1,-168.3,-9.99,0.289,-6.596,8.768,-3.055,-1.266,0.446,-1.026,75.75,0.0,32.0,14,1,1
13:36:04.048,VIGILE,1,-176.69,-22.62,0.259,-3.45,8.442,-3.074,-0.293,0.01,0.032,75.75,0.0,32.0,14,1,1
13:36:04.548,VIGILE,1,179.82,-28.9,0.303,-3.824,7.537,-5.746,-0.199,0.14,0.041,75.75,0.0,32.0,14,1,1
13:36:05.048,VIGILE,1,169.86,-36.11,0.296,-4.013,7.501,-6.359,-0.066,0.535,-0.126,75.75,0.0,32.0,14,1,1
13:36:05.548,VIGILE,1,179.47,-37.59,0.32,-5.758,6.11,-5.571,-0.148,0.213,-0.083,75.75,0.0,32.0,14,1,1
13:36:06.048,VIGILE,1,177.25,-38.41,0.309,-5.543,6.919,-6.11,-0.387,0.391,-0.254,75.75,0.0,32.0,14,1,1
13:36:06.548,VIGILE,1,176.41,-40.06,0.29,-5.454,6.333,-3.299,-0.337,0.351,-0.386,75.75,0.0,32.0,14,1,1
13:36:07.048,VIGILE,1,174.54,-37.11,0.296,-6.972,6.572,-4.266,-0.334,0.478,0.17,75.75,0.0,32.0,14,1,1
13:36:07.548,VIGILE,1,173.34,-37.24,0.296,-4.594,9.249,-4.334,0.288,0.36,-0.06,75.75,0.0,32.0,14,1,1
13:36:08.048,VIGILE,1,172.27,-35.1,0.228,-6.053,5.325,-5.033,-1.513,0.398,-1.163,75.75,0.0,32.0,14,1,1
13:36:08.549,VIGILE,1,177.95,-30.74,0.255,-8.868,5.698,-3.929,-0.412,0.52,-0.541,75.75,0.0,32.0,15,1,1
13:36:09.049,VIGILE,1,175.06,-29.69,0.272,-7.264,6.364,-4.276,-0.596,0.285,-0.565,75.75,0.0,32.0,15,1,1
13:36:09.549,VIGILE,1,177.96,-27.96,0.269,-7.271,5.854,-5.461,-0.319,0.331,-0.031,75.75,0.0,32.0,15,1,1
13:36:10.049,VIGILE,1,179.49,-20.71,0.283,-5.179,4.951,-5.586,-0.22,0.556,-0.18,75.75,0.0,32.0,15,1,1
13:36:10.549,VIGILE,1,172.12,2.49,0.272,-4.18,6.527,-3.919,-0.446,0.161,-0.041,75.75,0.0,32.0,15,1,1
13:36:11.049,VIGILE,1,174.73,7.22,0.283,-4.35,8.004,-3.189,-0.543,0.213,-0.044,75.75,0.0,31.9,15,1,1
13:36:11.549,VIGILE,1,177.05,15.54,0.261,-4.061,8.49,-3.488,-0.122,0.149,-0.225,75.75,0.0,31.9,15,1,1
13:36:12.049,VIGILE,1,173.06,15.47,0.24,-3.496,8.447,-1.999,-0.39,0.218,-0.481,75.75,0.0,31.9,15,1,1
13:36:12.549,VIGILE,1,178.08,15.54,0.257,-2.464,8.746,-3.062,0.154,0.044,0.015,75.75,0.0,31.9,15,1,1
13:36:13.049,VIGILE,1,174.42,13.88,0.241,-2.926,9.313,-2.179,0.377,0.073,-0.009,75.75,0.0,31.9,15,1,1
13:36:13.549,VIGILE,1,176.23,12.8,0.247,-2.624,9.424,-1.944,0.079,-0.193,0.11,75.75,0.0,32.0,15,1,1
13:36:14.049,VIGILE,1,175.21,7.96,0.28,-1.949,9.78,-2.09,0.923,-0.092,0.418,75.75,0.0,32.0,15,1,1
13:36:14.549,VIGILE,1,169.24,1.04,0.251,-5.667,9.28,-2.672,-0.144,-0.084,0.082,75.75,0.0,32.0,15,1,1
13:36:15.049,VIGILE,1,174.01,-4.36,0.279,-3.953,8.547,-2.231,-0.284,-0.042,-0.13,75.75,0.0,32.0,15,1,1
13:36:15.549,VIGILE,1,174.82,-7.32,0.271,-4.132,9.553,-3.57,-0.007,0.247,-0.037,75.75,0.0,32.0,15,1,1
13:36:16.049,VIGILE,1,175.65,-8.29,0.211,-4.365,8.08,-3.524,-0.346,0.087,-0.001,75.75,0.0,32.0,15,1,1
13:36:16.549,VIGILE,1,172.46,-10.68,0.278,-7.944,5.454,-6.752,-1.672,0.913,-1.644,75.75,0.0,32.0,15,1,1
13:36:17.050,VIGILE,1,176.6,-8.63,0.254,-3.685,6.445,-6.46,0.133,-0.189,1.724,75.75,0.0,32.0,15,1,1
13:36:17.550,VIGILE,1,173.63,0.92,0.283,-3.409,7.776,-3.965,-0.466,0.02,-0.064,75.75,0.0,32.0,15,1,1
13:36:18.050,VIGILE,1,173.6,1.86,0.279,-3.584,8.861,-1.152,-0.446,-0.404,0.408,75.75,0.0,32.0,15,1,1
13:36:18.550,VIGILE,1,170.81,0.34,0.28,-2.014,7.084,-1.664,-0.466,0.05,-0.471,75.75,0.0,32.0,15,1,1
13:36:19.050,VIGILE,1,174.74,-7.67,0.261,-4.003,7.329,-2.787,-0.15,-0.051,0.095,75.75,0.0,32.0,15,1,1
13:36:19.550,VIGILE,1,172.4,3.03,0.264,-3.27,8.226,-5.564,1.145,0.078,0.339,75.75,0.0,32.0,15,1,1
13:36:20.050,VIGILE,1,167.64,5.14,0.288,-3.694,5.602,-2.569,-0.533,1.074,-0.717,75.75,0.0,32.0,15,1,1
13:36:20.550,VIGILE,1,172.27,7.9,0.266,-2.325,9.522,-3.893,2.433,-0.18,2.395,75.75,0.0,32.0,15,1,1
13:36:21.050,NERVOSO,1,177.53,2.52,0.297,-3.565,8.337,-3.206,0.937,0.171,0.24,75.75,0.0,32.0,15,1,1
13:36:21.550,NERVOSO,1,-179.34,18.43,0.285,-3.053,8.614,-0.069,-1.369,-0.532,-0.366,75.75,0.0,32.0,15,1,1
13:36:22.050,NERVOSO,1,174.5,0.2,0.278,-1.753,8.88,-2.229,-0.098,0.112,-0.132,75.75,0.0,32.0,15,1,1
13:36:22.550,NERVOSO,1,175.98,-1.09,0.282,-1.331,8.964,-3.955,-0.115,0.062,0.264,75.75,0.0,32.0,15,1,1
13:36:23.050,NERVOSO,1,174.77,-0.82,0.255,-0.601,10.032,-2.433,-0.298,-0.209,0.099,75.75,0.0,32.0,15,1,1
13:36:23.550,NERVOSO,1,177.17,-16.91,0.256,-4.834,6.505,-3.994,-0.076,0.195,-0.389,75.75,0.0,32.0,15,1,1
13:36:24.050,NERVOSO,1,176.18,-3.23,0.271,-5.854,6.637,-5.564,0.351,0.261,0.09,75.75,0.0,32.0,15,1,1
13:36:24.550,NERVOSO,1,176.58,-9.01,0.282,-2.959,8.65,-3.97,0.091,0.13,0.139,75.75,0.0,32.0,15,1,1
13:36:25.050,NERVOSO,1,178.67,-15.47,0.29,-3.017,7.228,-2.061,-0.119,-0.198,0.131,75.75,0.0,32.0,15,1,1
13:36:25.550,NERVOSO,1,173.29,-12.3,0.266,-4.559,10.135,1.968,1.002,-0.294,0.733,75.75,0.0,32.0,15,1,1
13:36:26.051,NERVOSO,1,174.66,-17.85,0.278,-5.476,7.987,-0.357,-0.856,0.205,-0.901,75.75,0.0,32.0,15,1,1
13:36:26.551,NERVOSO,1,177.89,7.47,0.312,-12.282,9.512,-1.446,0.685,-1.075,0.377,75.75,0.0,32.0,15,1,1
13:36:27.051,NERVOSO,1,174.62,7.74,0.323,-4.243,8.885,-0.551,-2.188,-0.347,-0.263,75.75,0.0,32.0,15,1,1
13:36:27.551,NERVOSO,1,176.0,-10.17,0.28,-2.942,6.481,-3.0,-0.25,0.266,-0.636,75.75,0.0,32.0,15,1,1
13:36:28.051,NERVOSO,1,177.24,9.74,0.287,-3.836,8.277,-1.98,-0.193,-0.051,-0.396,75.75,0.0,32.0,15,1,1
13:36:28.551,NERVOSO,1,171.21,5.43,0.265,-11.042,8.492,2.634,-0.398,-0.801,0.045,75.75,0.0,32.0,15,1,1
13:36:29.051,NERVOSO,1,172.55,1.38,0.264,-3.223,7.044,-3.622,-0.431,0.762,-0.433,75.75,0.0,32.0,15,1,1
13:36:29.551,NERVOSO,1,167.84,3.92,0.273,-9.855,8.095,0.232,0.728,0.229,-0.505,75.75,0.0,32.0,15,1,1
13:36:30.051,NERVOSO,1,170.07,14.77,0.25,-7.02,7.944,2.449,-0.22,0.342,-0.14,75.75,0.0,32.0,15,1,1
13:36:30.551,NERVOSO,1,176.62,26.39,0.294,-7.52,8.581,0.819,-0.214,0.149,0.01,75.75,0.0,32.0,15,1,1
13:36:31.052,NERVOSO,1,-172.76,44.5,0.303,-5.95,8.236,0.503,0.108,0.042,0.203,75.75,0.0,31.9,15,1,1
13:36:31.552,NERVOSO,1,177.01,73.47,0.58,-4.044,9.112,0.919,-0.077,-0.064,0.196,75.75,0.0,31.9,15,1,1
13:36:32.052,NERVOSO,1,174.85,38.81,0.431,-1.24,10.226,2.294,-0.151,-0.184,0.03,75.75,0.0,31.9,15,1,1
13:36:32.552,NERVOSO,1,176.79,37.0,0.413,0.936,11.202,1.611,0.26,-0.578,0.21,75.75,0.0,31.9,15,1,1
13:36:33.052,NERVOSO,1,-175.54,33.1,0.368,0.316,11.365,-0.328,0.338,-0.605,0.408,75.75,0.0,31.9,15,1,1
13:36:33.552,NERVOSO,1,-178.22,26.62,0.336,-0.79,9.725,-2.653,0.201,-0.704,0.183,75.75,0.0,31.9,15,1,1
13:36:34.052,NERVOSO,1,177.91,10.96,0.299,-5.303,5.969,-6.431,0.229,-0.007,-0.148,75.75,0.0,31.9,15,1,1
13:36:34.552,NERVOSO,1,-176.94,16.97,0.288,-0.464,9.414,-4.568,-0.151,0.177,0.292,75.75,0.0,31.9,15,1,1
13:36:35.052,NERVOSO,1,177.13,11.6,0.286,-3.764,8.073,-2.495,-0.069,-0.302,-0.081,75.75,0.0,31.9,15,1,1
13:36:35.552,NERVOSO,1,173.53,-13.59,0.281,-5.765,6.776,-2.421,-0.208,0.058,0.022,75.75,0.0,31.9,15,1,1
13:36:36.052,NERVOSO,1,173.24,-9.75,0.278,-4.571,8.15,-1.863,0.029,0.269,-0.172,75.75,0.0,31.8,15,1,1
13:36:36.552,NERVOSO,1,172.41,-7.75,0.288,-4.851,7.75,-2.064,-0.18,0.017,0.039,75.75,0.0,31.8,15,1,1
13:36:37.053,NERVOSO,1,170.35,-9.72,0.29,-4.532,7.717,-2.138,-0.051,0.238,-0.128,75.75,0.0,31.8,15,1,1
13:36:37.553,VIGILE,1,174.1,-9.08,0.294,-2.866,7.357,-1.607,-0.145,0.139,-0.055,75.75,0.0,31.8,15,1,1
13:36:38.053,VIGILE,1,173.46,-9.37,0.272,-4.729,7.712,-2.181,-0.084,0.037,-0.03,75.75,0.0,31.8,15,1,1
13:36:38.553,VIGILE,1,174.58,-7.79,0.287,-4.618,8.212,-2.145,-0.177,-0.013,0.039,75.75,0.0,31.8,15,1,1
13:36:39.053,VIGILE,1,174.53,-12.55,0.262,-4.221,8.009,-2.6,-0.14,0.22,-0.012,75.75,0.0,31.8,15,1,1
13:36:39.553,VIGILE,1,176.61,-18.46,0.26,-4.678,8.521,-2.746,-0.05,0.301,-0.05,75.75,0.0,31.8,15,1,1
13:36:40.053,VIGILE,1,177.47,-20.3,0.265,-3.886,8.272,-2.32,-0.025,0.139,-0.099,75.75,0.0,31.8,15,1,1
13:36:40.553,VIGILE,1,175.42,-20.72,0.275,-5.468,8.164,-1.628,-0.19,-0.16,0.069,75.75,0.0,31.8,15,1,1
13:36:41.054,VIGILE,1,171.12,-19.29,0.254,-5.947,8.035,-1.827,-0.182,0.007,-0.085,75.75,0.0,31.7,15,1,1
13:36:41.554,VIGILE,1,173.25,-18.49,0.251,-5.602,8.296,-0.476,-0.188,0.081,-0.113,75.75,0.0,31.7,15,1,1
13:36:42.054,VIGILE,1,171.34,-17.11,0.266,-6.476,8.37,-0.469,-0.137,0.129,-0.04,75.75,0.0,31.7,15,1,1
13:36:42.554,VIGILE,1,175.55,-16.38,0.275,-5.715,7.939,-1.037,-0.173,0.102,-0.066,75.75,0.0,31.7,15,1,1
13:36:43.054,VIGILE,1,174.57,-10.1,0.276,-5.461,7.618,-0.96,-0.179,0.217,-0.025,75.75,0.0,31.7,15,1,1
13:36:43.554,VIGILE,1,174.6,-3.12,0.24,-5.789,7.879,-0.029,-0.157,0.077,0.002,75.75,0.0,31.7,15,1,1
13:36:44.054,VIGILE,1,179.05,-10.93,0.278,-5.789,8.054,0.383,-0.139,0.026,-0.038,75.75,0.0,31.7,15,1,1
13:36:44.554,VIGILE,0,0.0,0.0,0.0,-5.571,7.989,-0.819,-0.12,0.089,-0.017,75.75,0.0,31.7,15,1,1
13:36:45.054,VIGILE,1,-175.47,18.24,0.289,-4.906,8.071,-2.064,-0.087,0.112,-0.002,75.75,0.0,31.7,15,1,1
13:36:45.554,VIGILE,1,-178.13,20.97,0.279,-4.695,7.97,-2.569,-0.13,0.056,-0.017,75.75,0.0,31.7,15,1,1
13:36:46.054,VIGILE,1,175.13,-45.38,0.398,-4.453,7.925,-2.672,-0.13,0.081,-0.02,75.75,0.0,31.7,15,1,1
13:36:46.554,VIGILE,1,178.35,-7.81,0.265,-4.518,7.961,-2.746,-0.158,0.062,0.019,75.75,0.0,31.7,15,1,1
13:36:47.054,VIGILE,1,174.54,3.2,0.271,-4.482,8.049,-2.787,-0.122,0.125,-0.028,75.75,0.0,31.7,15,1,1
13:36:47.554,VIGILE,1,174.3,1.14,0.275,-4.65,7.894,-2.696,-0.125,0.094,-0.028,75.75,0.0,31.7,15,1,1
13:36:48.054,VIGILE,1,172.03,7.84,0.199,-4.549,7.841,-2.744,-0.148,0.019,-0.019,75.75,0.0,31.7,15,1,1
13:36:48.554,VIGILE,1,172.39,11.28,0.27,-4.357,7.841,-2.885,-0.135,0.029,-0.022,75.75,0.0,31.7,15,1,1
13:36:49.054,VIGILE,1,173.0,7.83,0.276,-4.401,7.824,-2.835,-0.12,0.097,-0.032,75.75,0.0,31.7,15,1,1
13:36:49.555,VIGILE,1,174.71,9.65,0.282,-4.484,7.937,-2.782,-0.165,0.044,0.002,75.75,0.0,31.7,15,1,1
13:36:50.055,VIGILE,1,172.88,7.85,0.263,-4.48,7.851,-2.634,-0.114,0.072,-0.056,75.75,0.0,31.7,15,1,1
13:36:50.555,VIGILE,1,173.23,11.18,0.259,-4.503,7.949,-2.904,-0.149,0.06,0.015,75.75,0.0,31.7,15,1,1
13:36:51.055,VIGILE,1,172.76,10.41,0.21,-4.513,7.968,-2.576,-0.116,0.093,-0.045,75.75,0.0,31.7,15,1,1
13:36:51.555,VIGILE,1,177.98,21.04,0.293,-4.571,7.819,-2.631,-0.154,0.02,0.008,75.75,0.0,31.7,15,1,1
13:36:52.055,VIGILE,1,175.37,14.76,0.266,-4.48,8.033,-2.619,-0.123,0.1,-0.03,75.75,0.0,31.7,15,1,1
13:36:52.555,VIGILE,1,174.9,-2.8,0.181,-4.389,7.748,-2.78,-0.148,0.025,-0.017,75.75,0.0,31.7,15,1,1
13:36:53.055,VIGILE,1,176.97,-6.5,0.249,-4.628,7.898,-2.844,-0.118,0.095,-0.021,75.75,0.0,31.7,15,1,1
13:36:53.555,VIGILE,1,177.37,-1.88,0.271,-4.446,7.812,-2.574,-0.148,0.041,-0.023,75.75,0.0,31.7,15,1,1
13:36:54.055,VIGILE,1,176.36,3.73,0.274,-4.59,7.86,-2.873,-0.121,0.082,-0.03,75.75,0.0,31.7,15,1,1
13:36:54.555,VIGILE,1,175.63,4.57,0.275,-4.549,7.992,-2.674,-0.131,0.103,-0.025,75.75,0.0,31.7,15,1,1
13:36:55.055,VIGILE,1,175.13,5.89,0.287,-4.537,7.863,-2.634,-0.149,0.02,0.012,75.75,0.0,31.7,15,1,1
13:36:55.555,VIGILE,1,177.82,13.05,0.309,-4.575,7.934,-2.715,-0.11,0.119,-0.051,75.75,0.0,31.7,15,1,1
13:36:56.055,VIGILE,1,178.74,8.94,0.285,-4.365,7.827,-2.756,-0.133,0.056,-0.02,75.75,0.0,31.7,15,1,1
13:36:56.555,VIGILE,1,-179.17,11.21,0.287,-4.58,7.901,-2.765,-0.136,0.058,0.002,75.75,0.0,31.7,15,1,1
13:36:57.056,VIGILE,1,-179.95,8.37,0.266,-4.594,7.906,-2.696,-0.096,0.089,-0.059,75.75,0.0,31.7,15,1,1
13:36:57.556,VIGILE,1,178.36,2.33,0.288,-4.487,8.068,-2.727,-0.176,0.043,0.046,75.75,0.0,31.7,15,1,1
13:36:58.056,VIGILE,1,175.15,-7.56,0.258,-4.537,7.736,-2.72,-0.079,0.061,-0.092,75.75,0.0,31.7,15,1,1
13:36:58.556,VIGILE,1,177.03,34.19,0.322,-4.542,7.973,-2.753,-0.159,0.061,0.044,75.75,0.0,31.7,15,1,1
13:36:59.056,VIGILE,0,0.0,0.0,0.0,-4.566,7.733,-2.689,-0.12,0.048,-0.021,75.75,0.0,31.7,15,1,1
13:36:59.556,VIGILE,1,-152.45,76.22,0.469,-4.475,7.884,-2.89,-0.118,0.108,-0.024,75.75,0.0,31.7,15,1,1
13:37:00.056,VIGILE,1,-150.93,76.95,0.474,-4.475,7.81,-2.61,-0.165,0.034,0.007,75.75,0.0,31.7,15,1,1
13:37:00.556,DISTRAZIONE,1,-151.63,76.17,0.433,-4.626,7.803,-2.837,-0.093,0.112,-0.055,75.75,0.0,31.7,15,1,1
13:37:01.056,DISTRAZIONE,1,-159.63,76.03,0.476,-4.46,8.021,-2.772,-0.16,0.062,0.027,75.75,0.0,31.7,15,1,1
13:37:01.556,DISTRAZIONE,1,-172.0,74.63,0.642,-4.58,7.7,-2.763,-0.117,0.043,-0.06,75.75,0.0,31.7,15,1,1
13:37:02.056,DISTRAZIONE,1,174.98,42.75,0.389,-4.48,8.061,-2.693,-0.151,0.111,0.027,75.75,0.0,31.7,15,1,1
13:37:02.556,DISTRAZIONE,1,-168.33,47.15,0.4,-4.554,7.736,-2.693,-0.116,0.019,-0.025,75.75,0.0,31.7,15,1,1
13:37:03.056,DISTRAZIONE,1,-163.19,75.96,0.723,-4.492,7.954,-2.832,-0.125,0.094,-0.033,75.75,0.0,31.7,15,1,1
13:37:03.556,DISTRAZIONE,1,-175.4,68.93,0.686,-4.597,7.858,-2.579,-0.162,0.038,0.013,75.75,0.0,31.7,15,1,1
13:37:04.056,DISTRAZIONE,1,176.64,43.64,0.481,-4.587,7.872,-2.902,-0.111,0.106,-0.029,75.75,0.0,31.7,15,1,1
13:37:04.556,DISTRAZIONE,1,-178.91,69.86,0.607,-4.48,8.04,-2.667,-0.148,0.083,-0.019,75.75,0.0,31.7,15,1,1
13:37:05.056,DISTRAZIONE,1,176.73,72.35,0.71,-4.556,7.709,-2.713,-0.13,0.043,-0.043,75.75,0.0,31.7,15,1,1
13:37:05.557,DISTRAZIONE,1,179.54,72.59,0.794,-4.53,8.152,-2.653,-0.128,0.132,-0.011,75.75,0.0,31.7,15,1,1
13:37:06.057,DISTRAZIONE,1,173.38,43.46,0.386,-4.374,7.712,-2.804,-0.132,0.019,-0.041,75.75,0.0,31.7,15,1,1
13:37:06.557,DISTRAZIONE,1,179.11,41.32,0.363,-4.599,7.982,-2.753,-0.122,0.092,-0.029,75.75,0.0,31.7,15,1,1
13:37:07.057,DISTRAZIONE,1,178.32,40.25,0.362,-4.63,7.898,-2.595,-0.161,0.035,0.017,75.75,0.0,31.7,15,1,1
13:37:07.557,DISTRAZIONE,1,-177.53,38.61,0.385,-4.58,7.867,-2.756,-0.09,0.1,-0.068,75.75,0.0,31.7,15,1,1
13:37:08.057,DISTRAZIONE,1,178.97,41.7,0.406,-4.511,8.011,-2.727,-0.169,0.031,0.049,75.75,0.0,31.7,15,1,1
13:37:08.557,DISTRAZIONE,1,-179.23,68.52,0.463,-4.583,7.757,-2.727,-0.087,0.071,-0.084,75.75,0.0,31.7,15,1,1
13:37:09.057,DISTRAZIONE,1,173.46,71.3,0.68,-4.477,8.042,-2.65,-0.171,0.05,0.037,75.75,0.0,31.7,15,1,1
13:37:09.557,DISTRAZIONE,1,-179.34,71.56,0.679,-4.666,7.925,-2.794,-0.118,0.096,-0.045,75.75,0.0,31.7,15,1,1
13:37:10.057,DISTRAZIONE,1,176.02,44.67,0.483,-4.487,7.872,-2.662,-0.143,0.035,-0.011,75.75,0.0,31.7,15,1,1
13:37:10.557,DISTRAZIONE,1,177.15,43.61,0.421,-4.549,7.834,-2.904,-0.136,0.07,-0.01,75.75,0.0,31.7,15,1,1
13:37:11.057,DISTRAZIONE,1,-163.43,71.33,0.622,-4.542,7.872,-2.559,-0.113,0.072,-0.06,75.75,0.0,31.8,15,1,1
13:37:11.557,DISTRAZIONE,1,-155.8,72.84,0.537,-4.64,7.908,-2.887,-0.133,0.084,0.007,75.75,0.0,31.8,15,1,1
13:37:12.057,DISTRAZIONE,1,-160.97,71.78,0.566,-4.429,8.006,-2.653,-0.131,0.082,-0.026,75.75,0.0,31.8,15,1,1
13:37:12.557,DISTRAZIONE,1,178.48,44.11,0.504,-4.513,7.745,-2.717,-0.137,0.016,-0.005,75.75,0.0,31.8,15,1,1
13:37:13.057,DISTRAZIONE,1,-160.63,74.42,0.647,-4.496,7.97,-2.586,-0.127,0.11,-0.015,75.75,0.0,31.8,15,1,1
13:37:13.557,DISTRAZIONE,1,-162.89,75.24,0.749,-4.489,7.707,-2.837,-0.124,0.025,-0.024,75.75,0.0,31.8,15,1,1
13:37:14.058,DISTRAZIONE,1,-167.66,60.8,0.465,-4.47,7.939,-2.835,-0.126,0.105,-0.029,75.75,0.0,31.8,15,1,1
13:37:14.558,DISTRAZIONE,1,178.82,38.55,0.379,-4.592,7.824,-2.746,-0.158,0.036,0.007,75.75,0.0,31.8,15,1,1
13:37:15.058,DISTRAZIONE,1,-166.25,68.83,0.546,-4.499,7.781,-2.612,-0.106,0.077,-0.06,75.75,0.0,31.8,15,1,1
13:37:15.558,DISTRAZIONE,1,-152.81,73.65,0.494,-4.506,7.966,-2.837,-0.173,0.048,0.047,75.75,0.0,31.8,15,1,1
13:37:16.058,DISTRAZIONE,1,174.8,40.88,0.305,-4.566,7.697,-2.789,-0.084,0.069,-0.095,75.75,0.0,31.8,15,1,1
13:37:16.558,DISTRAZIONE,1,-159.99,76.34,0.541,-4.413,7.934,-2.708,-0.162,0.037,0.025,75.75,0.0,31.8,15,1,1
13:37:17.058,DISTRAZIONE,1,-177.56,37.27,0.355,-4.604,7.939,-2.749,-0.122,0.137,-0.023,75.75,0.0,31.8,15,1,1
13:37:17.558,DISTRAZIONE,1,179.54,43.71,0.314,-4.417,7.863,-2.768,-0.143,0.053,-0.007,75.75,0.0,31.8,15,1,1
13:37:18.058,DISTRAZIONE,0,0.0,0.0,0.0,-4.513,7.896,-2.801,-0.131,0.077,-0.013,75.75,0.0,31.8,15,1,1
13:37:18.558,DISTRAZIONE,1,-176.2,-74.77,0.557,-4.506,7.827,-2.535,-0.104,0.074,-0.06,75.75,0.0,31.8,15,1,1
13:37:19.058,DISTRAZIONE,1,-171.1,-72.28,0.414,-4.518,7.906,-2.823,-0.134,0.087,-0.001,75.75,0.0,31.8,15,1,1
13:37:19.558,DISTRAZIONE,1,-177.42,-38.89,0.173,-4.444,7.922,-2.701,-0.136,0.088,-0.034,75.75,0.0,31.8,15,1,1
13:37:20.058,DISTRAZIONE,1,-179.99,13.23,0.258,-4.53,7.8,-2.808,-0.139,0.016,-0.006,75.75,0.0,31.8,15,1,1
13:37:20.558,DISTRAZIONE,1,173.99,34.01,0.235,-4.525,8.052,-2.66,-0.122,0.136,-0.01,75.75,0.0,31.8,15,1,1
13:37:21.058,DISTRAZIONE,1,175.94,36.0,0.183,-4.499,7.74,-2.765,-0.13,0.007,-0.022,75.75,0.0,31.9,15,1,1
13:37:21.558,DISTRAZIONE,1,173.21,27.48,0.295,-4.475,7.963,-2.801,-0.129,0.051,-0.025,75.75,0.0,31.9,15,1,1
13:37:22.059,DISTRAZIONE,1,172.67,16.93,0.28,-4.599,7.901,-2.526,-0.154,0.032,0.003,75.75,0.0,31.9,15,1,1
13:37:22.559,DISTRAZIONE,1,172.79,10.81,0.281,-4.602,7.946,-2.83,-0.106,0.136,-0.039,75.75,0.0,31.9,15,1,1
13:37:23.059,DISTRAZIONE,1,178.85,-13.72,0.251,-3.905,7.563,-4.484,-0.099,0.171,0.034,75.75,0.0,31.9,15,1,1
13:37:23.559,DISTRAZIONE,1,170.65,-45.16,0.492,-2.895,8.035,-5.727,-0.027,0.361,-0.073,75.75,0.0,31.9,15,1,1
13:37:24.059,DISTRAZIONE,1,-177.88,-72.75,0.579,-2.828,7.927,-5.648,-0.089,0.289,-0.058,75.75,0.0,31.9,15,1,1
13:37:24.559,DISTRAZIONE,1,-177.93,-18.8,0.278,-3.223,7.638,-4.839,-0.142,0.221,-0.048,75.75,0.0,31.9,15,1,1
13:37:25.059,VIGILE,1,175.5,14.79,0.264,-4.391,8.547,-4.843,0.003,0.178,-0.002,75.75,0.0,31.9,15,1,1
13:37:25.559,VIGILE,1,176.17,9.35,0.263,-4.156,7.784,-2.454,-0.326,-0.014,0.144,75.75,0.0,31.9,15,1,1
13:37:26.059,VIGILE,1,174.85,-0.71,0.267,-5.681,6.677,-3.208,-0.195,0.04,0.003,75.75,0.0,31.9,16,1,1
13:37:26.559,VIGILE,1,173.15,6.09,0.277,-4.432,7.295,-4.523,-0.249,0.148,0.193,75.75,0.0,31.9,16,1,1
13:37:27.059,VIGILE,1,170.98,2.74,0.246,-3.96,10.764,-1.942,0.1,0.279,0.265,75.75,0.0,31.9,16,1,1
13:37:27.560,VIGILE,1,177.71,-12.53,0.273,-2.715,9.677,-1.578,-0.493,-0.204,0.203,75.75,0.0,31.9,16,1,1
13:37:28.060,VIGILE,1,177.7,-24.69,0.302,-3.455,9.778,-2.071,-0.061,0.011,0.226,75.75,0.0,31.9,16,1,1
13:37:28.560,VIGILE,1,179.33,-9.92,0.26,-5.033,7.752,-2.684,-0.41,-0.048,-0.223,75.75,0.0,31.9,16,1,1
13:37:29.060,VIGILE,1,177.9,1.97,0.27,-3.773,8.339,-3.663,-0.104,0.218,0.033,75.75,0.0,31.9,16,1,1
13:37:29.560,VIGILE,1,176.56,-13.93,0.288,-8.159,7.159,-3.376,-0.033,0.172,-0.152,75.75,0.0,31.9,16,1,1
13:37:30.060,VIGILE,1,177.7,-5.61,0.262,-6.134,6.165,-6.019,0.885,-0.05,0.604,75.75,0.0,31.9,16,1,1
13:37:30.560,VIGILE,1,175.68,-9.18,0.25,-5.483,7.803,-1.712,-0.216,-0.041,0.162,75.75,0.0,31.9,16,1,1
13:37:31.060,VIGILE,1,173.88,-10.35,0.262,-4.951,7.642,-2.911,-0.04,0.122,0.12,75.75,0.0,31.9,16,1,1
13:37:31.560,VIGILE,1,174.03,-4.23,0.279,-4.551,7.889,-2.772,-0.267,0.108,0.143,75.75,0.0,31.9,16,1,1
13:37:32.060,VIGILE,1,170.8,7.02,0.279,-4.719,7.918,-1.448,-0.044,0.222,-0.042,75.75,0.0,31.9,16,1,1
13:37:32.560,VIGILE,1,173.39,9.36,0.277,-4.836,8.308,-0.596,-0.116,0.137,-0.071,75.75,0.0,31.9,16,1,1
13:37:33.060,VIGILE,1,173.98,24.25,0.292,-4.101,8.43,-2.411,-0.093,0.039,-0.042,75.75,0.0,31.9,16,1,1
13:37:33.560,VIGILE,1,164.33,11.1,0.29,-4.391,7.743,-1.384,-0.151,0.049,-0.045,75.75,0.0,31.9,16,1,1
13:37:34.060,VIGILE,1,168.23,24.11,0.29,-5.899,7.812,0.17,-0.119,0.072,-0.043,75.75,0.0,31.9,16,1,1
13:37:34.560,VIGILE,1,163.54,69.44,0.662,-4.97,8.334,-0.749,-0.13,0.078,0.021,75.75,0.0,31.9,16,1,1
13:37:35.061,DISTRAZIONE,1,-176.75,30.29,0.165,-4.005,8.052,-2.753,-0.094,0.1,-0.007,75.75,0.0,31.9,16,1,1
13:37:35.561,DISTRAZIONE,0,0.0,0.0,0.0,-4.386,8.08,-2.418,-0.104,0.056,-0.054,75.75,0.0,31.9,16,1,1
13:37:36.061,DISTRAZIONE,1,172.72,-67.63,0.461,-4.307,8.238,-2.37,-0.113,0.12,-0.041,75.75,0.0,31.9,16,1,1
13:37:36.561,DISTRAZIONE,1,-178.97,-73.62,0.449,-4.415,8.116,-2.27,-0.131,0.063,-0.019,75.75,0.0,31.9,16,1,1
13:37:37.061,DISTRAZIONE,1,178.97,-7.75,0.274,-4.161,8.174,-2.356,-0.143,0.043,-0.016,75.75,0.0,31.9,16,1,1
13:37:37.561,DISTRAZIONE,0,0.0,0.0,0.0,-4.379,8.236,-2.433,-0.12,0.082,-0.027,75.75,0.0,31.9,16,1,1
13:37:38.061,DISTRAZIONE,0,0.0,0.0,0.0,-4.187,8.26,-2.334,-0.161,0.054,0.005,75.75,0.0,31.9,16,1,1
13:37:38.561,DISTRAZIONE,0,0.0,0.0,0.0,-4.398,8.016,-2.435,-0.107,0.099,-0.026,75.75,0.0,32.0,16,1,1
13:37:39.061,DISTRAZIONE,1,65.99,79.63,0.762,-4.341,8.315,-2.363,-0.142,0.086,0.022,75.75,0.0,32.0,16,1,1
13:37:39.561,DISTRAZIONE,0,0.0,0.0,0.0,-4.238,8.097,-2.332,-0.093,0.052,-0.087,75.75,0.0,32.0,16,1,1
13:37:40.061,DISTRAZIONE,1,178.19,27.99,0.3,-4.223,8.174,-2.454,-0.174,0.06,0.032,75.75,0.0,32.0,16,1,1
13:37:40.561,DISTRAZIONE,0,0.0,0.0,0.0,-4.257,8.219,-2.361,-0.114,0.14,-0.036,75.75,0.0,32.0,16,1,1
13:37:41.061,DISTRAZIONE,1,173.45,15.67,0.292,-4.25,8.131,-2.456,-0.124,0.08,-0.019,75.75,0.0,32.0,16,1,1
13:37:41.562,DISTRAZIONE,0,0.0,0.0,0.0,-4.228,8.135,-2.478,-0.141,0.047,0.002,75.75,0.0,32.0,16,1,1
13:37:42.062,DISTRAZIONE,1,170.59,7.16,0.278,-4.298,8.09,-2.277,-0.092,0.081,-0.059,75.75,0.0,32.0,16,1,1
13:37:42.562,DISTRAZIONE,0,0.0,0.0,0.0,-4.168,8.188,-2.495,-0.169,0.052,0.031,75.75,0.0,32.0,16,1,1
13:37:43.062,DISTRAZIONE,1,164.47,40.61,0.433,-4.192,7.951,-2.392,-0.109,0.047,-0.084,75.75,0.0,32.0,16,1,1
13:37:43.562,DISTRAZIONE,0,0.0,0.0,0.0,-4.25,8.27,-2.356,-0.171,0.054,0.024,75.75,0.0,32.0,16,1,1
13:37:44.062,DISTRAZIONE,1,167.49,79.67,0.687,-4.247,8.071,-2.449,-0.135,0.026,-0.014,75.75,0.0,32.0,16,1,1
13:37:44.562,DISTRAZIONE,1,162.9,83.31,0.555,-4.288,8.21,-2.488,-0.127,0.088,-0.027,75.75,0.0,32.0,16,1,1
13:37:45.062,DISTRAZIONE,1,172.56,82.43,0.67,-4.259,8.162,-2.169,-0.151,0.016,-0.007,75.75,0.0,32.0,16,1,1
13:37:45.562,DISTRAZIONE,1,169.13,81.08,0.711,-4.286,8.147,-2.54,-0.119,0.099,-0.017,75.75,0.0,32.0,16,1,1
13:37:46.062,DISTRAZIONE,1,157.49,70.04,0.595,-4.156,8.188,-2.349,-0.12,0.089,-0.046,75.75,0.0,31.9,16,1,1
13:37:46.562,DISTRAZIONE,1,175.08,36.39,0.279,-4.403,8.061,-2.248,-0.153,0.013,0.003,75.75,0.0,31.9,16,1,1
13:37:47.062,DISTRAZIONE,1,169.13,4.67,0.28,-4.281,8.21,-2.456,-0.117,0.133,-0.016,75.75,0.0,31.9,16,1,1
13:37:47.562,VIGILE,1,178.0,-9.91,0.258,-4.18,8.042,-2.476,-0.134,0.03,-0.027,75.75,0.0,31.9,16,1,1
13:37:48.062,VIGILE,1,175.2,-9.47,0.274,-4.286,8.236,-2.368,-0.135,0.053,-0.017,75.75,0.0,31.9,16,1,1
13:37:48.562,VIGILE,1,176.2,4.43,0.272,-4.257,8.121,-2.294,-0.1,0.091,-0.054,75.75,0.0,31.9,16,1,1
13:37:49.062,VIGILE,1,173.64,-14.11,0.288,-4.235,8.313,-2.385,-0.172,0.037,0.042,75.75,0.0,31.9,16,1,1
13:37:49.563,VIGILE,1,178.72,15.97,0.214,-4.25,7.985,-2.483,-0.092,0.042,-0.092,75.75,0.0,31.9,16,1,1
13:37:50.063,VIGILE,1,176.79,-16.02,0.298,-4.396,8.339,-2.27,-0.166,0.08,0.042,75.75,0.0,31.9,16,1,1
13:37:50.563,VIGILE,1,179.25,25.84,0.304,-4.36,8.042,-2.334,-0.118,0.03,-0.011,75.75,0.0,31.9,16,1,1
13:37:51.063,VIGILE,1,178.5,1.88,0.288,-4.214,8.193,-2.586,-0.127,0.103,-0.025,75.75,0.0,31.9,16,1,1
13:37:51.563,VIGILE,1,178.23,8.81,0.301,-4.362,8.09,-2.2,-0.146,0.032,-0.003,75.75,0.0,31.9,16,1,1
13:37:52.063,VIGILE,1,-178.85,20.1,0.319,-4.343,8.15,-2.468,-0.117,0.094,-0.027,75.75,0.0,31.9,16,1,1
13:37:52.563,VIGILE,1,177.72,7.12,0.261,-4.221,8.286,-2.397,-0.149,0.096,0.01,75.75,0.0,31.9,16,1,1
13:37:53.063,VIGILE,1,177.98,7.59,0.286,-4.305,8.076,-2.409,-0.106,0.046,-0.07,75.75,0.0,31.9,16,1,1
13:37:53.563,VIGILE,1,178.54,12.58,0.289,-4.384,8.437,-2.27,-0.167,0.063,0.046,75.75,0.0,31.9,16,1,1
13:37:54.063,VIGILE,1,175.76,10.77,0.316,-4.271,8.162,-2.337,-0.119,0.079,-0.042,75.75,0.0,31.9,16,1,1
13:37:54.563,VIGILE,1,174.22,13.81,0.29,-4.173,8.217,-2.26,-0.131,0.036,-0.038,75.75,0.0,31.9,16,1,1
13:37:55.063,VIGILE,1,173.54,8.32,0.292,-4.618,8.368,-2.433,-0.057,-0.007,-0.143,75.75,0.0,31.9,16,1,1
13:37:55.563,VIGILE,1,179.81,14.08,0.29,-3.464,8.617,-5.918,0.148,0.359,0.018,75.75,0.0,31.9,16,1,1
13:37:56.063,VIGILE,1,177.47,8.65,0.316,-1.913,8.09,-5.473,0.043,0.356,-0.073,75.75,0.0,31.9,16,1,1
13:37:56.563,VIGILE,1,174.51,3.07,0.296,-3.084,7.843,-4.357,-0.232,0.132,-0.053,75.75,0.0,31.9,16,1,1
13:37:57.063,VIGILE,1,176.28,-29.97,0.274,-3.359,7.379,-4.774,-0.111,0.061,0.027,75.75,0.0,31.9,16,1,1
13:37:57.563,VIGILE,1,175.94,-33.56,0.26,-4.7,7.762,-2.717,-0.294,-0.077,-0.048,75.75,0.0,31.9,16,1,1
13:37:58.064,VIGILE,1,179.84,-38.58,0.346,-6.876,6.565,-2.966,-0.377,0.253,-0.491,75.75,0.0,31.9,16,1,1
13:37:58.564,VIGILE,1,175.71,-43.71,0.408,-6.436,4.444,-2.342,0.1,0.452,-0.249,75.75,0.0,31.9,16,1,1
13:37:59.064,VIGILE,1,174.74,-62.18,0.489,-6.232,7.992,-4.563,-0.371,0.417,-0.443,75.75,0.0,31.9,16,1,1
13:37:59.564,VIGILE,1,-175.2,-46.02,0.351,-6.553,6.096,-4.01,-0.347,0.568,-0.242,75.75,0.0,31.9,16,1,1
13:38:00.064,VIGILE,1,178.73,-41.03,0.291,-7.195,5.514,-4.175,-0.454,0.413,-0.199,75.75,0.0,31.9,16,1,1
13:38:00.564,VIGILE,1,-179.38,-35.75,0.243,-7.345,5.514,-5.073,-0.459,0.54,-0.313,75.75,0.0,31.9,16,1,1
13:38:01.064,VIGILE,1,178.54,-22.58,0.258,-6.141,6.412,-4.8,-0.418,0.571,-0.145,75.75,0.0,31.9,16,1,1
13:38:01.564,VIGILE,1,174.38,-9.39,0.199,-2.523,8.035,-5.124,0.2,0.028,0.097,75.75,0.0,31.9,16,1,1
13:38:02.064,VIGILE,1,174.67,-6.99,0.282,-3.958,8.241,-4.87,-0.112,-0.009,0.062,75.75,0.0,31.9,16,1,1
13:38:02.564,VIGILE,1,176.21,-8.61,0.252,-3.958,7.29,-4.82,-0.126,-0.056,0.058,75.75,0.0,31.9,16,1,1
13:38:03.064,VIGILE,1,171.36,-6.06,0.265,-4.314,7.817,-2.868,-0.102,0.185,0.2,75.75,0.0,31.9,16,1,1
13:38:03.564,VIGILE,1,172.94,-7.35,0.188,-2.959,7.345,-2.837,-0.269,-0.062,0.185,75.75,0.0,32.0,16,1,1
13:38:04.064,VIGILE,1,174.1,-3.37,0.247,-4.185,7.69,-3.268,0.247,-0.08,0.409,75.75,0.0,32.0,16,1,1
13:38:04.564,VIGILE,1,174.83,-9.02,0.242,-3.807,8.095,-3.517,-0.217,0.122,-0.187,75.75,0.0,32.0,16,1,1
13:38:05.064,VIGILE,1,172.12,-5.84,0.262,-3.807,7.211,-4.405,-0.091,0.197,-0.026,75.75,0.0,32.0,16,1,1
13:38:05.564,VIGILE,1,172.17,-6.46,0.226,-3.936,8.164,-3.982,-0.094,0.19,-0.009,75.75,0.0,32.0,16,1,1
13:38:06.064,VIGILE,1,173.28,-4.87,0.258,-3.335,8.262,-4.274,0.066,0.127,-0.108,75.75,0.0,32.0,16,1,1
13:38:06.565,VIGILE,1,174.97,-7.52,0.263,-4.228,8.025,-2.301,-0.111,0.011,-0.039,75.75,0.0,32.0,16,1,1
13:38:07.065,VIGILE,1,170.42,-6.76,0.201,-4.245,7.896,-3.328,-0.071,-0.098,0.095,75.75,0.0,32.0,16,1,1
13:38:07.565,VIGILE,1,173.89,-1.34,0.269,-3.704,7.429,-3.333,-0.226,0.08,-0.108,75.75,0.0,32.0,16,1,1
13:38:08.065,VIGILE,1,175.28,-3.06,0.262,-3.821,7.432,-4.817,0.287,-0.081,0.181,75.75,0.0,32.0,16,1,1
13:38:08.565,VIGILE,1,173.14,-2.26,0.251,-3.797,8.298,-3.539,0.225,0.172,0.042,75.75,0.0,32.0,17,1,1
13:38:09.065,VIGILE,1,174.65,-7.99,0.251,-4.432,7.659,-3.697,-0.056,0.092,-0.053,75.75,0.0,32.0,17,1,1
13:38:09.565,VIGILE,1,173.49,-7.63,0.265,-3.788,7.525,-3.476,-0.003,-0.004,-0.175,75.75,0.0,32.0,17,1,1
13:38:10.065,VIGILE,1,173.72,-9.0,0.229,-3.27,7.827,-2.772,0.34,0.193,0.03,75.75,0.0,32.0,17,1,1
13:38:10.565,VIGILE,1,175.92,-11.79,0.14,-3.728,8.691,-3.249,0.011,0.253,-0.147,75.75,0.0,32.0,17,1,1
13:38:11.065,VIGILE,1,176.97,-11.23,0.267,-4.027,7.254,-4.089,-0.153,0.148,-0.109,75.75,0.0,32.0,16,1,1
13:38:11.565,VIGILE,1,174.91,-7.38,0.265,-4.92,8.126,-3.069,-0.109,0.053,0.017,75.75,0.0,32.0,16,1,1
13:38:12.065,VIGILE,1,174.49,-3.19,0.254,-4.906,7.408,-2.78,-0.77,-0.217,-0.212,75.75,0.0,32.0,16,1,1
13:38:12.565,VIGILE,1,175.27,-6.61,0.272,-5.155,7.853,-2.32,-0.161,0.044,0.026,75.75,0.0,32.0,16,1,1
13:38:13.065,VIGILE,1,169.07,-2.46,0.266,-5.212,7.927,-0.697,-0.061,0.215,0.088,75.75,0.0,32.0,16,1,1
13:38:13.565,VIGILE,1,172.34,8.35,0.287,-4.559,7.168,-0.395,-0.112,-0.079,-0.122,75.75,0.0,32.0,16,1,1
13:38:14.065,VIGILE,1,172.51,8.14,0.277,-3.153,9.292,-1.578,-0.109,0.108,0.093,75.75,0.0,32.0,16,1,1
13:38:14.565,VIGILE,1,174.26,-5.65,0.282,-4.8,7.336,-2.38,-0.155,-0.021,-0.131,75.75,0.0,32.0,16,1,1
13:38:15.066,VIGILE,1,174.86,-1.95,0.252,-4.736,7.604,-2.746,-0.205,0.063,0.207,75.75,0.0,32.0,16,1,1
13:38:15.566,VIGILE,1,177.75,-3.1,0.265,-4.772,7.822,-4.568,-0.07,0.427,0.075,75.75,0.0,32.0,16,1,1
13:38:16.066,VIGILE,1,176.4,-24.85,0.245,-4.166,8.028,-3.352,-0.024,0.0,-0.093,75.75,0.0,32.0,16,1,1
13:38:16.566,VIGILE,1,179.37,-12.12,0.283,-3.809,8.27,-3.208,-0.133,0.189,0.001,75.75,0.0,32.0,16,1,1
13:38:17.066,VIGILE,1,177.57,0.89,0.268,-4.721,8.042,-3.553,-0.123,0.14,0.075,75.75,0.0,32.0,16,1,1
13:38:17.566,VIGILE,1,179.5,-4.73,0.259,-4.125,7.702,-3.512,0.123,-0.157,0.144,75.75,0.0,32.0,16,1,1
13:38:18.066,VIGILE,1,176.58,-3.22,0.212,-4.35,7.762,-3.515,-0.143,-0.041,0.082,75.75,0.0,32.0,16,1,1
13:38:18.566,VIGILE,1,176.68,-1.67,0.129,-4.288,8.717,-4.132,-0.102,0.317,0.004,75.75,0.0,32.0,16,1,1
13:38:19.066,VIGILE,1,-178.78,-5.67,0.19,-3.474,7.796,-2.952,-0.063,0.179,-0.029,75.75,0.0,32.0,16,1,1
13:38:19.566,VIGILE,1,-179.49,-7.25,0.208,-4.542,7.963,-3.766,-0.003,0.612,-0.565,75.75,0.0,32.0,16,1,1
13:38:20.066,VIGILE,1,179.22,-6.44,0.211,-3.462,8.576,-2.057,0.339,0.131,0.323,75.75,0.0,32.0,16,1,1
13:38:20.566,VIGILE,1,177.07,-4.49,0.227,-3.596,8.741,-3.203,-0.317,-0.092,0.246,75.75,0.0,32.0,16,1,1
13:38:21.066,VIGILE,1,176.57,-1.03,0.18,-4.654,7.989,-2.887,-0.132,0.072,-0.178,75.75,0.0,32.0,16,1,1
13:38:21.566,VIGILE,1,178.91,-1.58,0.215,-4.513,7.626,-2.818,-0.072,0.115,-0.091,75.75,0.0,32.0,16,1,1
13:38:22.066,VIGILE,1,177.21,-5.24,0.196,-4.049,7.226,-2.758,-0.059,0.184,-0.187,75.75,0.0,32.0,16,1,1
13:38:22.566,VIGILE,1,175.38,-6.89,0.2,-4.752,8.169,-2.282,-0.189,-0.094,-0.075,75.75,0.0,32.0,16,1,1
13:38:23.067,VIGILE,1,175.52,-5.71,0.206,-4.535,8.179,-2.95,-0.053,0.108,-0.022,75.75,0.0,32.0,16,1,1
13:38:23.567,VIGILE,1,173.8,-4.17,0.216,-4.266,7.357,-2.717,-0.225,0.013,0.028,75.75,0.0,32.0,16,1,1
13:38:24.067,VIGILE,1,176.57,3.92,0.204,-5.684,8.519,-1.611,-0.546,0.227,-0.377,75.75,0.0,32.0,16,1,1
13:38:24.567,VIGILE,1,178.29,-2.13,0.246,-2.701,6.931,-4.626,1.992,0.83,-0.343,75.75,0.0,32.0,16,1,1
13:38:25.067,VIGILE,1,-164.19,-8.56,0.271,-4.36,7.887,-2.789,-0.143,0.229,-0.047,75.75,0.0,32.0,16,1,1
13:38:25.567,VIGILE,1,-156.34,-18.59,0.226,-4.494,8.21,-1.987,-0.117,0.109,-0.149,75.75,0.0,32.0,16,1,1
13:38:26.067,VIGILE,1,-179.58,8.79,0.282,-5.03,8.298,-2.425,-0.127,0.101,0.023,75.75,0.0,32.0,16,1,1
13:38:26.567,VIGILE,1,175.23,7.97,0.247,-4.515,7.384,-1.877,-0.237,-0.196,0.058,75.75,0.0,32.0,16,1,1
13:38:27.067,VIGILE,1,174.85,1.51,0.228,-3.977,7.836,-1.573,-0.125,0.21,-0.071,75.75,0.0,32.0,16,1,1
13:38:27.567,VIGILE,1,170.82,2.51,0.239,-4.293,7.824,-2.871,-0.127,0.134,0.05,75.75,0.0,32.0,16,1,0
13:38:28.067,VIGILE,1,170.65,0.52,0.228,-3.938,7.63,-0.105,-0.296,-0.236,0.17,75.75,0.0,32.0,16,1,0
13:38:28.567,VIGILE,1,171.38,3.13,0.233,-3.565,7.611,-2.636,0.195,-0.111,0.001,75.75,0.0,32.0,16,1,0
13:38:29.067,VIGILE,1,172.17,8.47,0.204,-4.384,7.207,-1.346,-0.345,-0.243,0.096,75.75,0.0,32.0,16,1,0
13:38:29.567,VIGILE,1,172.01,13.3,0.259,-3.804,8.301,-2.231,0.116,0.407,-0.187,75.75,0.0,32.0,16,1,0
13:38:30.067,VIGILE,1,171.91,3.79,0.278,-3.871,8.942,-1.982,-0.007,0.21,0.073,75.75,0.0,32.0,16,1,0
13:38:30.567,VIGILE,1,173.06,-0.05,0.271,-3.814,8.392,-2.976,-0.09,0.083,-0.042,75.75,0.0,32.0,16,1,0
13:38:31.067,EBBREZZA,1,171.08,10.06,0.228,-4.48,7.386,-2.358,-0.266,-0.269,0.089,75.75,0.0,32.0,16,1,0
13:38:31.567,EBBREZZA,1,170.51,4.55,0.265,-5.279,8.248,-2.734,-0.022,-0.104,0.127,75.75,0.0,32.0,16,1,0
13:38:32.067,EBBREZZA,1,170.45,12.07,0.265,-4.508,8.325,-2.866,-0.137,0.181,0.095,75.75,0.0,32.0,16,1,0
13:38:32.568,EBBREZZA,1,169.65,12.58,0.255,-4.654,7.937,-1.911,0.041,0.126,-0.053,75.75,0.0,32.0,16,0,0
13:38:33.068,EBBREZZA,1,170.73,10.96,0.248,-5.313,7.731,-2.112,-0.11,0.002,0.032,75.75,0.0,32.0,16,0,0
13:38:33.568,EBBREZZA,1,172.53,-1.42,0.23,-4.164,8.464,-3.108,0.402,0.268,-0.056,75.75,0.0,32.0,16,0,0
13:38:34.068,EBBREZZA,1,172.43,2.35,0.203,-4.25,7.681,-2.337,0.003,0.108,-0.19,75.75,0.0,32.0,16,0,0
13:38:34.568,EBBREZZA,1,170.36,-2.51,0.275,-4.7,7.635,-2.267,-0.161,-0.064,0.033,75.75,0.0,32.0,16,0,0
13:38:35.068,EBBREZZA,1,173.51,-5.2,0.262,-4.583,7.147,-2.14,-0.165,0.059,-0.031,75.75,0.0,32.0,16,0,0
13:38:35.568,EBBREZZA,1,172.5,2.81,0.257,-4.614,7.683,-3.1,0.027,0.055,-0.024,75.75,0.0,32.0,16,0,0
13:38:36.068,EBBREZZA,1,173.27,8.28,0.244,-3.874,8.155,-1.97,-0.204,-0.078,0.026,75.75,0.0,32.0,16,0,0
13:38:36.568,EBBREZZA,1,170.18,6.38,0.258,-4.427,8.71,-2.061,-0.092,0.035,-0.049,75.75,0.0,32.0,16,0,0
13:38:37.068,EBBREZZA,1,171.62,2.16,0.279,-4.571,8.396,-1.93,-0.174,-0.075,0.167,75.75,0.0,32.0,16,0,0
13:38:37.568,EBBREZZA,1,169.66,1.03,0.245,-4.175,8.083,-2.672,-0.086,0.149,-0.014,75.75,0.0,32.0,16,0,0
13:38:38.068,EBBREZZA,1,171.57,-20.1,0.22,-6.136,7.197,-2.523,-0.375,0.134,0.032,75.75,0.0,32.0,16,0,0
13:38:38.569,EBBREZZA,1,170.41,-13.13,0.247,-5.717,7.432,-2.804,-0.167,0.079,0.13,75.75,0.0,32.0,15,0,0
13:38:39.069,EBBREZZA,1,169.32,-9.65,0.263,-5.289,7.274,-2.294,-0.327,-0.002,0.095,75.75,0.0,32.0,15,0,0
13:38:39.569,EBBREZZA,1,172.18,-6.19,0.276,-3.874,8.466,-1.544,-0.206,-0.05,0.059,75.75,0.0,32.0,15,0,0
13:38:40.069,EBBREZZA,1,170.1,-7.02,0.268,-3.852,8.825,-2.064,-0.089,-0.063,0.029,75.75,0.0,32.0,15,0,0
13:38:40.569,EBBREZZA,1,171.04,-2.92,0.261,-3.132,9.412,-1.554,-0.098,-0.061,0.09,75.75,0.0,32.0,15,0,0
13:38:41.070,EBBREZZA,1,170.65,-8.45,0.257,-2.684,8.186,-1.803,-0.16,-0.135,0.039,75.75,0.0,32.0,15,0,0
13:38:41.570,EBBREZZA,1,173.07,-14.0,0.276,-5.483,6.974,-2.72,-0.248,0.258,-0.178,75.75,0.0,32.0,15,0,0
13:38:42.070,EBBREZZA,1,172.27,-22.17,0.245,-6.577,6.826,-2.466,-0.244,-0.081,-0.131,75.75,0.0,32.0,15,0,0
13:38:42.570,EBBREZZA,1,171.33,-21.14,0.264,-5.909,7.496,-2.775,-0.238,0.141,-0.034,75.75,0.0,32.0,15,0,0
13:38:43.070,EBBREZZA,1,172.68,-0.97,0.278,-4.906,7.333,-2.749,0.056,0.08,-0.027,75.75,0.0,32.0,15,0,0
13:38:43.570,EBBREZZA,1,172.03,4.45,0.273,-3.117,9.165,-1.877,0.129,-0.008,0.055,75.75,0.0,32.0,16,0,0
13:38:44.070,EBBREZZA,1,171.33,4.31,0.264,-3.237,8.856,-1.628,-0.018,-0.047,-0.024,75.75,0.0,32.0,16,0,0
13:38:44.570,EBBREZZA,1,171.12,4.52,0.286,-3.402,8.282,-2.179,-0.073,-0.027,0.126,75.75,0.0,32.0,16,0,0
13:38:45.070,EBBREZZA,1,171.55,-8.25,0.286,-4.171,8.681,-2.006,-0.13,0.046,-0.006,75.75,0.0,32.0,16,0,0
13:38:45.571,EBBREZZA,1,173.91,5.04,0.256,-6.175,6.788,-2.952,-0.152,0.199,-0.064,75.75,0.0,32.0,16,0,0
13:38:46.071,EBBREZZA,1,173.93,-0.86,0.252,-6.203,7.511,-3.144,-0.311,0.181,0.078,75.75,0.0,32.0,16,0,0
13:38:46.571,EBBREZZA,1,174.09,1.52,0.269,-6.009,7.072,-3.421,-0.163,0.217,-0.022,75.75,0.0,32.0,16,0,0
13:38:47.071,EBBREZZA,1,174.74,13.49,0.259,-2.806,9.692,-1.769,-0.017,-0.009,0.142,75.75,0.0,32.0,16,0,0
13:38:47.571,EBBREZZA,1,175.68,10.12,0.261,-3.61,8.543,-2.435,0.07,0.092,-0.146,75.75,0.0,32.0,16,0,0
13:38:48.071,EBBREZZA,1,174.81,8.7,0.269,-3.409,8.373,-2.078,-0.113,0.036,0.079,75.75,0.0,32.0,16,0,0
13:38:48.571,EBBREZZA,1,173.98,-3.85,0.252,-4.585,8.727,-1.729,-0.003,-0.278,-0.199,75.75,0.0,32.0,16,0,0
13:38:49.071,EBBREZZA,1,176.74,0.22,0.247,-5.921,6.826,-2.931,-0.175,0.126,0.001,75.75,0.0,32.0,16,0,0
13:38:49.571,EBBREZZA,1,-176.42,-1.23,0.209,-5.375,7.178,-3.426,-0.187,0.246,-0.041,75.75,0.0,32.0,16,0,0
13:38:50.071,EBBREZZA,1,-176.78,4.49,0.192,-3.95,8.346,-3.05,-0.16,0.155,-0.078,75.75,0.0,32.0,16,0,0
13:38:50.571,EBBREZZA,1,-160.84,2.23,0.168,-4.209,7.657,-3.108,-0.136,-0.001,0.031,75.75,0.0,32.0,16,0,0
13:38:51.071,EBBREZZA,1,-177.79,1.77,0.189,-4.266,7.472,-3.172,-0.087,0.112,-0.116,75.75,0.0,32.0,16,0,0
13:38:51.571,EBBREZZA,1,177.94,8.52,0.117,-4.922,7.515,-2.492,-0.19,-0.166,-0.133,75.75,0.0,32.0,16,0,0
13:38:52.071,EBBREZZA,1,-178.89,3.66,0.181,-4.733,7.652,-2.042,-0.066,0.096,-0.103,75.75,0.0,32.0,16,0,0
13:38:52.571,EBBREZZA,1,174.51,1.38,0.167,-4.992,8.193,-2.1,-0.122,-0.012,-0.08,75.75,0.0,32.0,16,0,0
13:38:53.072,EBBREZZA,1,-177.64,2.42,0.168,-4.563,8.217,-1.958,-0.234,-0.047,0.08,75.75,0.0,32.0,16,1,0
13:38:53.572,EBBREZZA,1,177.34,1.31,0.199,-4.453,7.966,-2.421,-0.137,0.059,0.037,75.75,0.0,32.0,16,1,0
13:38:54.072,EBBREZZA,1,-178.64,-1.36,0.194,-4.762,8.413,-1.051,-0.137,-0.174,-0.051,75.75,0.0,32.0,16,1,0
13:38:54.572,EBBREZZA,1,-166.1,-0.62,0.239,-4.903,7.985,-1.951,-0.049,0.046,-0.211,75.75,0.0,32.0,16,1,0
13:38:55.072,EBBREZZA,1,-178.72,2.85,0.231,-4.104,7.815,-3.457,-0.104,0.299,-0.041,75.75,0.0,32.0,16,1,0
13:38:55.572,EBBREZZA,1,178.06,-2.89,0.225,-4.202,7.851,-2.449,-0.276,0.037,0.038,75.75,0.0,32.0,16,1,0
13:38:56.072,VIGILE,1,-179.84,0.6,0.242,-4.688,7.367,-2.988,-0.073,0.079,-0.14,75.75,0.0,32.0,16,1,0
13:38:56.572,VIGILE,1,177.6,1.05,0.212,-4.939,8.566,-2.614,-0.197,0.035,0.168,75.75,0.0,32.0,16,1,0
13:38:57.072,VIGILE,1,174.66,-0.77,0.217,-4.475,8.282,-3.211,-0.094,0.107,-0.101,75.75,0.0,32.0,16,1,0
13:38:57.572,VIGILE,1,174.38,-0.55,0.188,-3.771,7.827,-1.836,-0.127,-0.164,-0.147,75.75,0.0,32.0,16,1,0
13:38:58.072,VIGILE,1,176.68,3.5,0.211,-4.42,8.174,-3.16,-0.059,0.132,-0.098,75.75,0.0,32.0,16,1,0
13:38:58.572,VIGILE,1,177.25,6.29,0.246,-4.511,7.69,-2.327,-0.27,-0.247,0.302,75.75,0.0,32.1,17,1,0
13:38:59.072,VIGILE,1,175.57,5.24,0.241,-6.361,9.012,-2.55,0.207,0.669,0.147,75.75,0.0,32.1,17,1,0
13:38:59.572,VIGILE,1,171.88,3.7,0.244,-4.755,8.171,-2.167,-0.256,-0.047,0.125,75.75,0.0,32.1,17,1,0
13:39:00.072,VIGILE,1,173.55,5.44,0.256,-5.454,9.299,-1.41,0.336,0.204,0.075,75.75,0.0,32.1,17,1,0
13:39:00.572,VIGILE,1,174.1,1.34,0.255,-4.616,7.922,-2.049,-0.129,-0.026,-0.02,75.75,0.0,32.1,17,1,0
13:39:01.072,VIGILE,1,173.65,5.27,0.261,-4.887,7.307,-1.891,-0.22,-0.156,-0.107,75.75,0.0,32.1,17,1,0
13:39:01.572,VIGILE,1,174.88,1.95,0.241,-4.654,7.796,-1.944,-0.106,0.054,-0.075,75.75,0.0,32.1,17,1,0
13:39:02.073,VIGILE,1,174.45,0.59,0.214,-5.073,7.944,-1.958,-0.061,0.088,-0.035,75.75,0.0,32.1,17,1,0
13:39:02.573,VIGILE,1,171.31,2.34,0.244,-4.654,7.848,-2.205,-0.192,0.015,0.041,75.75,0.0,32.1,17,1,0
13:39:03.073,VIGILE,1,168.72,3.76,0.249,-4.69,7.626,-1.848,0.17,-0.139,0.144,75.75,0.0,32.1,17,1,0
13:39:03.573,VIGILE,1,166.57,4.15,0.258,-6.014,8.413,-0.225,-0.209,-0.041,0.035,75.75,0.0,32.1,16,1,0
13:39:04.073,VIGILE,1,168.15,4.31,0.265,-5.899,8.356,1.156,-0.142,0.055,0.021,75.75,0.0,32.1,16,1,0
13:39:04.573,VIGILE,1,168.76,2.26,0.265,-6.646,7.685,1.207,-0.034,-0.05,-0.05,75.75,0.0,32.1,16,1,0
13:39:05.073,VIGILE,1,169.95,0.1,0.265,-5.935,8.109,-0.503,-0.129,0.017,0.023,75.75,0.0,32.1,16,1,0
13:39:05.573,VIGILE,1,173.1,-3.48,0.261,-4.369,7.709,-2.344,-0.083,0.041,-0.095,75.75,0.0,32.1,16,1,1
13:39:06.073,VIGILE,1,-174.41,-20.5,0.267,-3.68,7.436,-3.773,-0.096,0.026,0.015,75.75,0.0,32.2,16,1,1
13:39:06.573,VIGILE,1,169.35,2.78,0.226,-4.329,7.642,-3.534,-0.034,-0.018,-0.164,75.75,0.0,32.2,16,1,1
13:39:07.073,VIGILE,1,176.17,-5.89,0.285,-3.924,7.75,-3.771,-0.156,0.107,-0.003,75.75,0.0,32.2,16,1,1
13:39:07.573,VIGILE,1,174.36,2.13,0.295,-4.501,8.124,-3.591,-0.132,0.126,-0.003,75.75,0.0,32.2,16,1,1
13:39:08.073,VIGILE,1,174.64,12.64,0.215,-4.678,7.915,-2.813,-0.193,-0.032,-0.008,75.75,0.0,32.2,16,1,1
13:39:08.573,VIGILE,1,178.61,26.76,0.213,-4.535,7.992,-2.313,-0.159,0.132,0.0,75.75,0.0,32.2,16,1,1
13:39:09.073,VIGILE,1,-179.43,26.57,0.203,-4.597,7.537,-2.279,-0.14,0.09,-0.048,75.75,0.0,32.2,16,1,1
13:39:09.573,VIGILE,1,176.23,39.56,0.389,-4.954,7.432,-2.44,-0.177,0.047,-0.095,75.75,0.0,32.2,16,1,1
13:39:10.074,VIGILE,1,178.75,38.72,0.328,-4.609,8.092,-2.545,-0.08,0.316,-0.095,75.75,0.0,32.2,16,1,1
13:39:10.574,VIGILE,1,178.23,38.48,0.356,-4.891,8.143,-2.832,-0.255,0.104,0.167,75.75,0.0,32.2,16,1,1
13:39:11.074,VIGILE,1,175.87,40.1,0.374,-4.822,7.74,-1.69,-0.15,-0.001,-0.048,75.75,0.0,32.2,16,1,1
13:39:11.574,VIGILE,1,172.08,42.54,0.431,-3.175,9.263,-0.699,-0.06,-0.075,0.108,75.75,0.0,32.2,16,1,1
13:39:12.074,VIGILE,1,166.93,45.26,0.53,-2.188,9.811,-0.445,0.073,-0.3,0.136,75.75,0.0,32.2,16,1,1
13:39:12.574,VIGILE,1,170.33,45.52,0.439,-2.114,9.771,0.113,0.172,-0.495,0.066,75.75,0.0,32.2,16,1,1
13:39:13.074,VIGILE,1,173.59,40.06,0.363,-3.007,10.269,-0.328,0.084,-0.617,0.239,75.75,0.0,32.2,16,1,1
13:39:13.574,VIGILE,1,174.71,37.87,0.336,-2.21,8.27,-2.085,0.448,-0.402,0.095,75.75,0.0,32.2,16,1,1
13:39:14.074,VIGILE,1,175.86,28.88,0.26,-1.712,10.537,-2.682,0.233,-0.387,0.438,75.75,0.0,32.2,16,1,1
13:39:14.574,VIGILE,1,178.93,9.61,0.23,-2.756,8.337,-4.35,0.039,-0.122,0.136,75.75,0.0,32.2,16,1,1
13:39:15.074,VIGILE,1,177.63,11.34,0.232,-4.068,6.804,-3.857,-0.593,-0.042,-0.203,75.75,0.0,32.2,16,1,1
13:39:15.574,VIGILE,1,176.78,10.69,0.226,-3.479,7.63,-4.654,-0.146,0.025,-0.071,75.75,0.0,32.2,16,1,1
13:39:16.074,VIGILE,1,179.02,1.21,0.168,-3.065,8.413,-3.735,-0.132,-0.055,-0.035,75.75,0.0,32.2,16,1,1
13:39:16.574,VIGILE,1,179.99,-8.51,0.214,-2.437,7.252,-4.69,-0.096,0.209,-0.156,75.75,0.0,32.2,16,1,1
13:39:17.074,VIGILE,1,-179.23,-18.06,0.262,-4.307,6.907,-3.888,-0.006,-0.129,0.03,75.75,0.0,32.2,16,1,1
13:39:17.574,VIGILE,1,179.91,-24.04,0.261,-4.535,7.578,-3.709,-0.108,0.203,-0.135,75.75,0.0,32.2,16,1,1
13:39:18.075,VIGILE,1,-179.3,-13.71,0.218,-4.831,8.09,-2.066,-0.094,0.059,0.023,75.75,0.0,32.2,16,1,1
13:39:18.575,VIGILE,1,-176.29,-14.92,0.261,-4.07,7.851,-3.448,-0.145,0.215,-0.011,75.75,0.0,32.2,16,1,1
13:39:19.075,VIGILE,1,-173.9,-20.31,0.264,-4.863,8.181,-2.212,-0.872,0.336,-0.339,75.75,0.0,32.2,16,1,1
13:39:19.575,VIGILE,1,-171.69,-33.37,0.276,-5.672,7.168,-3.512,-0.05,0.226,-0.063,75.75,0.0,32.2,16,1,1
13:39:20.075,VIGILE,1,177.75,-33.23,0.26,-6.874,5.83,-3.67,-0.183,0.101,0.008,75.75,0.0,32.2,16,1,1
13:39:20.575,VIGILE,1,176.21,-34.58,0.276,-6.23,7.022,-3.136,-0.139,0.205,-0.025,75.75,0.0,32.2,16,1,1
13:39:21.075,VIGILE,0,0.0,0.0,0.0,-7.039,6.237,-3.304,-0.096,0.475,-0.253,75.75,0.0,32.2,16,1,1
13:39:21.575,VIGILE,1,171.18,-40.06,0.359,-7.975,5.782,-2.835,-0.61,0.47,-0.332,75.75,0.0,32.2,16,1,1
13:39:22.075,VIGILE,1,172.06,-31.76,0.235,-8.234,5.148,-3.069,-0.361,0.411,-0.242,75.75,0.0,32.2,16,1,1
13:39:22.575,VIGILE,1,173.98,-27.06,0.257,-7.554,5.708,-2.957,-0.356,0.133,-0.169,75.75,0.0,32.2,16,1,1
13:39:23.075,VIGILE,1,171.94,-13.22,0.264,-6.534,6.057,-2.595,-0.373,0.478,-0.055,75.75,0.0,32.2,16,1,1
13:39:23.575,VIGILE,1,174.54,30.61,0.283,-5.794,7.283,-2.502,-0.239,0.298,-0.076,75.75,0.0,32.2,16,1,1
13:39:24.075,VIGILE,1,159.28,64.38,0.34,-4.573,8.339,-1.003,-0.185,0.075,0.039,75.75,0.0,32.2,16,1,1
13:39:24.575,VIGILE,0,0.0,0.0,0.0,-2.77,9.56,-0.045,0.074,-0.316,0.04,75.75,0.0,32.2,16,1,1
13:39:25.075,VIGILE,1,155.56,76.81,0.626,-1.578,10.487,0.18,-0.013,-0.374,0.078,75.75,0.0,32.2,16,1,1
13:39:25.575,VIGILE,1,153.36,76.34,0.594,-0.445,10.688,0.555,0.226,-0.461,0.289,75.75,0.0,32.2,16,1,1
13:39:26.076,VIGILE,1,153.7,80.98,0.56,-1.147,11.253,1.429,0.128,-0.626,0.199,75.75,0.0,32.2,15,1,1
13:39:26.576,VIGILE,1,172.1,42.31,0.629,-0.704,12.136,0.967,0.112,-0.511,0.348,75.75,0.0,32.2,15,1,1
13:39:27.076,VIGILE,1,173.73,36.71,0.528,1.211,11.363,-0.376,0.075,-0.51,0.341,75.75,0.0,32.2,15,1,1
13:39:27.576,VIGILE,1,173.8,28.72,0.32,-0.508,10.676,-1.913,0.144,-0.552,0.38,75.75,0.0,32.2,15,1,1
13:39:28.076,VIGILE,1,179.58,17.08,0.263,-1.369,8.384,-3.273,-0.205,-0.291,-0.13,75.75,0.0,32.2,15,1,1
13:39:28.576,VIGILE,1,179.31,6.27,0.282,-3.91,7.441,-6.12,-0.215,0.143,0.018,75.75,0.0,32.1,15,1,1
13:39:29.076,VIGILE,1,178.33,3.32,0.248,-3.256,7.764,-6.325,0.116,-0.076,-0.072,75.75,0.0,32.1,15,1,1
13:39:29.576,VIGILE,1,179.08,10.39,0.251,-3.385,7.42,-5.839,-0.06,0.129,-0.126,75.75,0.0,32.1,15,1,1
13:39:30.076,VIGILE,1,178.44,10.71,0.265,-4.863,7.652,-4.29,-0.807,-0.034,-0.225,75.75,0.0,32.1,15,1,1
13:39:30.576,VIGILE,1,176.88,38.43,0.253,-8.71,9.469,4.741,-0.069,0.053,0.065,75.75,0.0,32.1,15,1,1
13:39:31.076,CRASH,1,179.5,35.9,0.247,-8.89,7.477,5.341,-0.124,0.153,-0.069,75.75,0.0,32.1,15,1,1
13:39:31.576,CRASH,1,-179.38,9.6,0.256,-6.677,7.946,2.121,-0.143,0.082,-0.044,75.75,0.0,32.1,15,1,1
13:39:32.076,CRASH,1,174.46,11.62,0.253,-4.702,8.076,-2.184,-0.185,0.114,0.084,75.75,0.0,32.1,15,1,1
13:39:32.576,CRASH,1,169.23,13.64,0.232,-5.2,6.984,-3.642,0.463,0.067,0.413,75.75,0.0,32.1,15,1,1
13:39:33.076,CRASH,1,170.73,10.4,0.255,-3.747,7.23,-3.603,-0.529,0.116,-0.114,75.75,0.0,32.1,15,1,1
13:39:33.576,CRASH,1,174.97,31.7,0.276,-2.435,7.554,-4.413,-0.133,0.093,-0.079,75.75,0.0,32.1,15,1,1
13:39:34.076,CRASH,1,178.89,31.11,0.285,-4.034,7.724,-4.187,-0.262,-0.152,0.118,75.75,0.0,32.1,15,1,1
13:39:34.577,CRASH,1,179.87,7.46,0.258,-3.476,8.181,-3.654,-0.529,-0.051,-0.207,75.75,0.0,32.1,15,1,1
13:39:35.077,CRASH,1,-176.2,17.47,0.275,-4.695,7.693,-4.932,-0.118,0.085,0.084,75.75,0.0,32.1,15,1,1
13:39:35.577,VIGILE,1,-174.83,28.6,0.283,-5.282,8.447,-2.15,-0.211,0.095,-0.071,75.75,0.0,32.1,15,1,1
13:39:36.077,VIGILE,1,173.89,40.8,0.354,-5.047,8.49,-2.145,-0.071,0.058,0.027,75.75,0.0,32.1,15,1,1
13:39:36.577,VIGILE,1,-178.64,15.3,0.223,-4.307,7.405,-3.718,-0.244,0.014,0.02,75.75,0.0,32.1,15,1,1
13:39:37.077,VIGILE,1,175.02,21.12,0.218,-4.568,7.511,-3.321,-0.125,-0.05,-0.009,75.75,0.0,32.1,15,1,1
13:39:37.577,VIGILE,1,155.49,41.36,0.266,-4.515,8.059,-3.342,-0.115,0.154,-0.06,75.75,0.0,32.1,15,1,1
13:39:38.077,VIGILE,1,161.02,39.33,0.232,-3.97,7.348,-2.883,0.406,0.055,0.248,75.75,0.0,32.1,15,1,1
13:39:38.577,VIGILE,1,170.63,35.97,0.223,-5.16,8.001,-3.598,-0.088,-0.045,0.02,75.75,0.0,32.1,15,1,1
13:39:39.077,VIGILE,1,175.67,21.24,0.214,-4.59,6.421,-3.33,0.246,0.13,0.016,75.75,0.0,32.1,15,1,1
13:39:39.577,VIGILE,1,175.72,14.86,0.198,-3.85,7.257,-3.484,-0.042,-0.289,0.155,75.75,0.0,32.1,15,1,1
13:39:40.078,VIGILE,1,164.99,37.13,0.203,-4.592,9.112,-3.084,-0.26,0.093,-0.019,75.75,0.0,32.1,15,1,1
13:39:40.578,VIGILE,1,173.34,17.55,0.195,-5.385,7.604,-2.643,0.01,0.055,0.0,75.75,0.0,32.1,15,1,1
13:39:41.078,VIGILE,1,172.69,15.96,0.253,-4.877,7.7,-2.016,0.117,-0.008,-0.24,75.75,0.0,32.0,15,1,1
13:39:41.578,VIGILE,1,173.98,12.07,0.167,-4.793,7.992,-1.882,-0.721,0.377,-0.122,75.75,0.0,32.0,15,1,1
13:39:42.078,VIGILE,1,174.64,17.76,0.2,-5.519,8.425,-2.069,0.215,0.262,0.099,75.75,0.0,32.0,15,1,1
13:39:42.578,VIGILE,1,178.92,17.18,0.192,-3.369,8.61,-2.471,0.41,0.262,0.05,75.75,0.0,32.0,15,1,1
13:39:43.078,VIGILE,1,178.89,11.5,0.216,-3.527,8.499,-1.913,-0.101,-0.033,-0.03,75.75,0.0,32.0,15,1,1
13:39:43.578,VIGILE,1,-178.22,6.31,0.211,-4.278,8.734,-2.236,-0.231,0.048,-0.013,75.75,0.0,32.1,16,1,1
13:39:44.078,VIGILE,1,177.6,8.53,0.221,-4.441,8.475,-1.59,-0.163,0.025,-0.152,75.75,0.0,32.1,16,1,1
13:39:44.578,VIGILE,1,179.59,8.43,0.229,-4.281,7.788,-1.808,-0.318,0.08,-0.078,75.75,0.0,32.1,16,1,1
13:39:45.078,VIGILE,1,-179.22,9.35,0.239,-4.108,7.815,-1.504,0.118,-0.272,0.179,75.75,0.0,32.1,16,1,1
13:39:45.578,VIGILE,1,179.66,8.41,0.233,-3.792,7.982,-1.659,-0.197,0.081,-0.2,75.75,0.0,32.1,16,1,1
13:39:46.078,VIGILE,1,177.07,0.19,0.222,-4.314,8.588,-2.016,-0.261,0.214,-0.105,75.75,0.0,32.1,17,1,1
13:39:46.578,VIGILE,1,176.85,7.84,0.233,-4.209,8.179,-2.016,-0.677,-0.02,-0.27,75.75,0.0,32.1,17,1,1
13:39:47.078,VIGILE,1,175.94,-29.89,0.282,-4.31,8.54,-1.561,-0.302,0.002,-0.069,75.75,0.0,32.1,17,1,1
13:39:47.578,VIGILE,1,173.94,-41.62,0.406,-5.049,8.442,-0.441,-0.244,0.016,-0.093,75.75,0.0,32.1,17,1,1
13:39:48.079,VIGILE,1,176.17,-41.72,0.375,-4.243,9.11,-1.276,0.051,-0.08,0.09,75.75,0.0,32.1,17,1,1
13:39:48.579,VIGILE,1,169.05,51.3,0.38,-3.488,9.352,-1.334,-0.093,-0.158,0.038,75.75,0.0,32.1,17,1,1
13:39:49.079,VIGILE,0,0.0,0.0,0.0,-2.84,9.888,-0.634,0.283,-0.171,0.258,75.75,0.0,32.1,17,1,1
13:39:49.579,VIGILE,1,175.64,63.3,0.465,-2.715,9.682,-1.044,0.219,-0.386,0.115,75.75,0.0,32.1,17,1,1
13:39:50.079,VIGILE,1,-176.7,42.26,0.463,-2.729,7.719,-0.644,0.246,-0.397,0.11,75.75,0.0,32.1,17,1,1
13:39:50.579,VIGILE,1,-175.56,38.02,0.328,-3.199,9.019,-2.682,-0.223,-0.359,0.005,75.75,0.0,32.1,17,1,1
13:39:51.079,VIGILE,1,178.63,58.9,0.367,-2.011,9.543,-2.179,0.148,-0.638,0.123,75.75,0.0,32.2,16,1,1
13:39:51.579,VIGILE,1,175.65,31.83,0.232,-3.836,7.53,-1.709,-1.126,0.121,-0.441,75.75,0.0,32.2,16,1,1
13:39:52.079,VIGILE,1,171.77,2.15,0.101,-2.064,9.21,-3.1,0.094,-0.399,-0.02,75.75,0.0,32.2,16,1,1
13:39:52.579,VIGILE,1,178.47,-14.96,0.175,-2.617,8.066,-2.43,0.144,0.224,0.008,75.75,0.0,32.2,16,1,1
13:39:53.079,VIGILE,1,178.53,-19.14,0.084,-2.768,7.039,-4.966,-0.008,0.024,-0.096,75.75,0.0,32.2,16,1,1
13:39:53.579,VIGILE,1,179.47,-24.22,0.191,-3.986,8.554,-3.938,0.12,0.258,-0.12,75.75,0.0,32.2,16,1,1
13:39:54.079,VIGILE,1,179.74,-19.58,0.211,-4.98,8.305,-1.377,-0.505,-0.711,0.755,75.75,0.0,32.2,16,1,1
13:39:54.579,VIGILE,1,178.29,-15.02,0.197,-3.783,7.791,-0.907,-0.618,0.092,-0.312,75.75,0.0,32.2,16,1,1
13:39:55.079,VIGILE,1,177.3,-11.72,0.211,-6.067,7.357,-1.188,-0.943,0.046,-0.504,75.75,0.0,32.2,16,1,1
13:39:55.579,VIGILE,1,178.97,-14.78,0.236,-5.54,6.194,-5.488,1.001,0.143,0.284,75.75,0.0,32.2,16,1,1
13:39:56.080,VIGILE,1,177.83,-10.43,0.199,-6.299,9.397,-2.847,-0.161,-0.415,0.859,75.75,0.0,32.2,16,1,1
13:39:56.580,VIGILE,1,177.26,-26.38,0.234,-2.629,9.685,-1.796,-0.818,1.151,-0.532,75.75,0.0,32.2,16,1,1
13:39:57.080,VIGILE,1,178.9,-24.6,0.243,-5.698,6.728,-2.787,-0.038,0.027,0.161,75.75,0.0,32.2,16,1,1
13:39:57.580,VIGILE,1,175.58,-37.09,0.314,-6.838,6.857,-1.176,-0.342,0.16,-0.096,75.75,0.0,32.2,16,1,1
13:39:58.080,VIGILE,1,179.02,-28.45,0.279,-6.598,6.34,-1.456,-0.536,0.405,0.09,75.75,0.0,32.2,16,1,1
13:39:58.580,VIGILE,1,-166.07,29.97,0.308,-6.977,6.972,-1.132,-0.415,0.264,-0.074,75.75,0.0,32.3,16,1,1
13:39:59.080,VIGILE,0,0.0,0.0,0.0,-6.656,6.141,-1.664,-0.492,0.474,-0.32,75.75,0.0,32.3,16,1,1
13:39:59.580,VIGILE,1,-177.59,-40.99,0.359,-6.764,6.704,-3.615,0.299,0.541,-0.208,75.75,0.0,32.3,16,1,1
13:40:00.080,VIGILE,1,-176.53,-40.13,0.359,-5.03,8.473,-2.38,-1.079,0.557,-0.379,75.75,0.0,32.3,16,1,1
13:40:00.580,VIGILE,1,-177.37,-28.63,0.246,-5.478,6.742,-2.418,-0.246,0.424,-0.11,75.75,0.0,32.3,16,1,1
13:40:01.080,VIGILE,1,179.78,-20.83,0.25,-5.677,7.223,-2.231,-0.383,0.283,-0.163,75.75,0.0,32.4,16,1,1
13:40:01.580,VIGILE,1,179.42,-11.24,0.26,-5.569,8.296,0.175,-0.353,0.263,-0.021,75.75,0.0,32.4,16,1,1
13:40:02.080,VIGILE,1,179.84,4.67,0.229,-5.531,8.14,-0.196,-0.257,0.204,-0.087,75.75,0.0,32.4,16,1,1
13:40:02.580,VIGILE,1,179.02,-3.05,0.281,-3.203,8.83,-2.32,0.037,0.073,0.264,75.75,0.0,32.4,16,1,1
13:40:03.080,VIGILE,1,177.07,-1.71,0.263,-6.27,7.887,-2.772,-0.016,0.051,-0.019,75.75,0.0,32.4,16,1,1
13:40:03.580,VIGILE,1,-177.88,17.13,0.267,-3.773,7.446,-5.033,-0.003,0.155,-0.111,75.75,0.0,32.4,16,1,1
13:40:04.080,VIGILE,1,177.24,14.12,0.284,-4.446,6.819,-3.572,-0.245,0.127,-0.104,75.75,0.0,32.4,16,1,1
13:40:04.581,VIGILE,1,-152.56,56.13,0.462,-2.148,8.957,-2.71,-0.019,0.071,0.071,75.75,0.0,32.4,16,1,1
13:40:05.081,VIGILE,1,-167.42,29.34,0.298,-2.966,8.373,-3.824,-0.174,0.007,0.111,75.75,0.0,32.4,16,1,1
13:40:05.581,VIGILE,1,-173.86,26.0,0.32,-3.982,8.119,-3.352,-0.386,0.111,-0.25,75.75,0.0,32.4,16,1,1
13:40:06.081,VIGILE,1,-171.89,24.16,0.292,-2.698,8.866,-4.417,0.075,-0.071,0.05,75.75,0.0,32.4,16,1,1
13:40:06.581,VIGILE,1,-177.24,16.83,0.302,-5.028,7.702,-3.615,-0.448,0.213,-0.141,75.75,0.0,32.4,16,1,1
13:40:07.081,VIGILE,1,173.75,23.95,0.279,-4.994,7.889,-3.661,0.137,0.08,-0.028,75.75,0.0,32.4,16,1,1
13:40:07.581,VIGILE,1,172.0,21.43,0.269,-4.13,9.692,-2.284,0.108,0.269,-0.212,75.75,0.0,32.4,16,1,1
13:40:08.081,VIGILE,1,171.28,20.75,0.279,-5.435,7.927,-0.196,-0.528,0.323,-0.76,75.75,0.0,32.4,16,1,1
13:40:08.581,VIGILE,1,175.96,12.91,0.265,-4.681,8.808,-2.035,-0.346,-0.083,0.229,75.75,0.0,32.5,15,1,1
13:40:09.081,VIGILE,1,177.66,23.69,0.267,-4.681,8.241,-1.446,-0.533,0.167,-0.088,75.75,0.0,32.5,15,1,1
13:40:09.581,VIGILE,1,-177.84,26.1,0.314,-4.999,7.489,-2.021,-0.279,0.028,0.053,75.75,0.0,32.5,15,1,1
13:40:10.081,VIGILE,1,175.65,28.12,0.298,-4.657,7.719,-1.724,0.082,0.021,0.2,75.75,0.0,32.5,15,1,1
13:40:10.581,VIGILE,1,173.74,34.68,0.329,-5.2,8.401,-0.773,0.581,-0.519,0.736,75.75,0.0,32.5,15,1,1
13:40:11.081,VIGILE,1,178.79,34.3,0.349,-4.599,7.803,-1.611,-0.191,-0.034,0.088,75.75,0.0,32.5,15,1,1
13:40:11.581,VIGILE,1,175.03,36.06,0.374,-5.16,8.047,-0.919,0.45,-0.447,0.299,75.75,0.0,32.5,15,1,1
13:40:12.081,VIGILE,1,-172.48,51.28,0.354,-3.33,8.95,-2.018,-0.181,-0.142,0.062,75.75,0.0,32.5,15,1,1
13:40:12.582,VIGILE,1,177.85,63.08,0.39,-3.589,9.165,-1.549,-0.057,-0.124,0.111,75.75,0.0,32.5,15,1,1