Timestamp,Label_ML,Cam_Face_Det,Cam_Pitch,Cam_Yaw,Cam_EAR,Gyro_Acc_X,Gyro_Acc_Y,Gyro_Acc_Z,Gyro_Rot_X,Gyro_Rot_Y,Gyro_Rot_Z,Audio_dB,Light_Lux,Temp_C,Humidity_Perc,Gas_Pin,Alcohol_Pin
18:25:41.652,VIGILE,1,-144.9,-4.17,0.195,-4.001,8.203,-2.528,-0.155,0.064,-0.003,82.41,0.0,20.1,43,1,1
18:25:42.152,VIGILE,1,-144.92,-7.43,0.201,-4.132,8.279,-2.61,-0.196,0.056,-0.059,81.2,9.33,20.1,43,1,1
18:25:42.652,VIGILE,1,-143.65,-4.67,0.191,-4.065,8.346,-2.72,-0.129,0.064,0.039,80.42,9.33,20.1,43,1,1
18:25:43.152,VIGILE,1,-150.61,31.91,0.217,-4.001,8.291,-2.696,-0.095,0.039,0.043,81.89,9.33,20.1,43,1,1
18:25:43.652,VIGILE,0,0.0,0.0,0.0,-4.314,8.14,-2.801,-0.193,0.05,-0.03,80.91,9.33,20.1,43,1,1
18:25:44.152,VIGILE,0,0.0,0.0,0.0,-4.312,8.334,-2.818,-0.094,0.05,0.017,77.39,9.33,20.1,43,1,1
18:25:44.653,VIGILE,0,0.0,0.0,0.0,-3.982,8.25,-2.545,-0.122,0.094,-0.051,72.54,9.33,20.1,43,1,1
18:25:45.153,VIGILE,0,0.0,0.0,0.0,-3.979,8.162,-2.674,-0.195,0.114,-0.08,76.84,9.17,20.1,43,1,1
18:25:45.653,VIGILE,0,0.0,0.0,0.0,-3.938,8.317,-2.634,-0.087,0.081,-0.003,79.65,9.17,20.1,43,1,1
18:25:46.153,VIGILE,0,0.0,0.0,0.0,-4.149,8.313,-2.83,-0.167,0.054,-0.044,77.65,9.17,20.1,43,1,1
18:25:46.653,VIGILE,0,0.0,0.0,0.0,-3.924,8.186,-2.646,-0.134,0.086,-0.081,78.39,9.17,20.1,43,1,1
18:25:47.153,VIGILE,0,0.0,0.0,0.0,-4.068,8.279,-2.684,-0.118,0.062,0.022,74.96,9.17,20.1,43,1,1
18:25:47.653,VIGILE,0,0.0,0.0,0.0,-3.965,8.356,-2.547,-0.158,0.068,-0.013,85.09,9.17,20.1,43,1,1
18:25:48.153,VIGILE,0,0.0,0.0,0.0,-4.092,8.368,-2.761,-0.138,0.063,0.027,81.9,9.17,20.1,43,1,1
18:25:48.653,VIGILE,0,0.0,0.0,0.0,-3.917,8.279,-2.435,-0.216,0.082,-0.065,81.31,9.27,20.1,43,1,1
18:25:49.153,VIGILE,0,0.0,0.0,0.0,-4.051,8.382,-2.713,-0.096,0.049,0.073,80.91,9.27,20.1,43,1,1
18:25:49.653,VIGILE,0,0.0,0.0,0.0,-3.996,8.329,-2.545,-0.122,0.064,0.013,81.29,9.27,20.1,43,1,1
18:25:50.153,VIGILE,0,0.0,0.0,0.0,-4.18,8.064,-2.744,-0.187,0.085,-0.054,77.22,9.27,20.1,43,1,1
18:25:50.653,VIGILE,0,0.0,0.0,0.0,-4.228,8.241,-2.796,-0.083,0.013,0.037,78.75,9.11,20.1,43,1,1
18:25:51.153,VIGILE,0,0.0,0.0,0.0,-4.003,8.155,-2.619,-0.115,0.077,-0.075,75.01,9.27,20.1,43,1,1
18:25:51.654,VIGILE,0,0.0,0.0,0.0,-4.087,8.131,-2.691,-0.261,0.118,-0.09,72.69,9.11,20.1,43,1,1
18:25:52.154,VIGILE,0,0.0,0.0,0.0,-4.199,8.394,-2.746,-0.175,0.041,0.021,75.79,9.11,20.1,43,1,1
18:25:52.654,VIGILE,0,0.0,0.0,0.0,-4.032,8.186,-2.784,-0.119,0.068,-0.065,82.05,9.11,20.1,43,1,1
18:25:53.154,VIGILE,0,0.0,0.0,0.0,-4.104,8.203,-2.727,-0.095,0.092,-0.05,77.57,9.11,20.1,43,1,1
18:25:53.654,VIGILE,0,0.0,0.0,0.0,-4.029,8.368,-2.703,-0.027,0.035,0.073,81.09,9.11,20.1,43,1,1
18:25:54.154,VIGILE,0,0.0,0.0,0.0,-3.879,8.203,-2.528,-0.165,0.069,-0.035,80.67,9.11,20.1,43,1,1
18:25:54.654,VIGILE,0,0.0,0.0,0.0,-4.175,8.143,-2.756,-0.196,0.079,-0.029,74.03,8.94,20.1,43,1,1
18:25:55.154,VIGILE,0,0.0,0.0,0.0,-4.211,8.284,-2.729,-0.019,0.014,0.069,77.47,8.94,20.1,43,1,1
18:25:55.654,VIGILE,0,0.0,0.0,0.0,-4.044,8.025,-2.504,-0.087,0.068,-0.038,83.39,8.94,20.1,43,1,1
18:25:56.154,VIGILE,0,0.0,0.0,0.0,-4.051,8.08,-2.684,-0.282,0.109,-0.112,82.72,8.94,20.1,43,1,1
18:25:56.654,VIGILE,0,0.0,0.0,0.0,-4.283,8.282,-2.914,-0.166,0.034,0.019,76.7,8.94,20.2,43,1,1
18:25:57.154,VIGILE,0,0.0,0.0,0.0,-4.041,8.274,-2.775,-0.066,0.078,-0.025,78.93,8.94,20.2,43,1,1
18:25:57.655,VIGILE,0,0.0,0.0,0.0,-4.207,8.258,-2.794,-0.085,0.087,-0.043,78.84,8.94,20.2,43,1,1
18:25:58.155,VIGILE,1,-171.43,27.37,0.316,-4.053,8.365,-2.796,-0.094,0.076,-0.027,77.47,8.94,20.2,43,1,1
18:25:58.655,VIGILE,1,-174.83,10.85,0.259,-3.778,8.155,-2.665,-0.091,0.115,-0.055,81.28,8.94,20.2,43,1,1
18:25:59.155,VIGILE,0,0.0,0.0,0.0,-4.049,8.188,-3.036,0.195,-0.105,0.149,86.13,8.78,20.2,43,1,1
18:25:59.655,VIGILE,1,174.32,30.91,0.322,-3.996,8.229,-2.437,-0.236,0.088,-0.056,78.64,9.05,20.2,43,1,1
18:26:00.155,VIGILE,1,-173.88,24.02,0.316,-4.051,8.064,-2.758,-0.197,0.073,-0.047,75.87,9.05,20.2,43,1,1
18:26:00.655,VIGILE,1,177.65,-4.19,0.279,-4.276,8.289,-2.84,-0.024,-0.004,0.07,78.38,9.05,20.2,43,1,1
18:26:01.155,VIGILE,1,-157.9,3.44,0.171,-4.051,8.131,-2.32,-0.192,0.115,-0.122,74.18,9.05,20.2,43,1,1
18:26:01.655,VIGILE,1,179.09,-9.58,0.193,-4.046,8.205,-2.782,-0.116,0.084,-0.033,76.29,9.05,20.2,43,1,1
18:26:02.155,VIGILE,1,179.01,36.43,0.321,-3.948,8.176,-2.612,-0.119,0.058,0.011,78.01,8.78,20.2,43,1,1
18:26:02.655,VIGILE,1,-176.05,50.53,0.341,-4.08,8.109,-2.739,-0.231,0.073,-0.099,72.59,8.94,20.2,43,1,1
18:26:03.155,VIGILE,1,-170.68,37.85,0.325,-4.101,8.183,-2.811,-0.134,0.102,-0.061,74.38,8.94,20.2,43,1,1
18:26:03.655,VIGILE,1,-175.78,10.48,0.315,-3.697,8.54,-2.897,-0.39,0.151,-0.146,77.5,8.94,20.2,43,1,1
18:26:04.155,VIGILE,1,-177.2,-13.34,0.274,-3.541,8.167,-4.075,-0.089,0.077,-0.058,69.65,9.11,20.2,43,1,1
18:26:04.655,VIGILE,0,0.0,0.0,0.0,-4.159,8.001,-3.802,-0.114,0.112,-0.0,78.22,8.84,20.2,43,1,1
18:26:05.155,VIGILE,1,164.34,-48.65,0.218,-4.604,7.788,-2.923,-0.368,0.235,-0.077,78.52,8.84,20.2,43,1,1
18:26:05.655,MALORE,1,171.57,-47.23,0.492,-4.985,7.925,-2.737,-0.12,0.195,-0.079,71.67,9.0,20.2,43,1,1
18:26:06.155,MALORE,1,174.1,-46.39,0.396,-4.568,8.356,-2.406,-0.2,0.286,-0.075,76.91,8.84,20.2,43,1,1
18:26:06.655,MALORE,1,171.01,-66.73,0.442,-4.946,8.339,-2.466,-0.228,0.282,-0.11,81.47,8.53,20.2,43,1,1
18:26:07.156,MALORE,0,0.0,0.0,0.0,-4.654,8.21,-2.282,-0.24,0.29,-0.036,74.62,8.53,20.2,43,1,1
18:26:07.656,MALORE,1,165.89,-80.21,0.475,-4.391,8.222,-2.064,-0.328,0.208,-0.093,80.47,8.69,20.2,43,1,1
18:26:08.156,MALORE,1,176.98,-40.94,0.385,-4.563,7.999,-2.476,-0.246,0.249,-0.13,79.57,8.79,20.2,43,1,1
18:26:08.656,MALORE,1,147.04,-67.81,0.523,-4.384,8.09,-2.385,-0.185,0.135,-0.033,78.13,9.5,20.2,43,1,1
18:26:09.156,MALORE,1,173.62,-45.12,0.478,-4.381,7.75,-3.371,-0.4,0.251,-0.153,78.27,11.2,20.2,43,1,1
18:26:09.656,MALORE,1,-176.46,-39.99,0.393,-4.429,8.112,-2.404,-0.463,0.357,-0.171,81.63,13.6,20.2,43,1,1
18:26:10.156,MALORE,0,0.0,0.0,0.0,-4.458,8.31,-1.64,-0.439,0.279,-0.137,68.64,16.34,20.2,43,1,1
18:26:10.656,MALORE,1,-162.01,58.71,0.266,-4.544,8.485,-2.033,-0.166,0.145,-0.058,82.85,17.44,20.2,43,1,1
18:26:11.156,MALORE,1,-170.12,37.79,0.363,-4.494,7.889,-3.323,0.002,0.021,0.012,73.09,17.6,20.2,43,1,1
18:26:11.656,EBBREZZA,1,-158.4,59.0,0.304,-4.259,8.018,-2.789,-0.067,0.09,-0.024,83.01,17.44,20.2,43,1,1
18:26:12.156,EBBREZZA,1,-179.18,18.41,0.241,-4.276,7.836,-3.079,-0.144,0.095,-0.035,82.95,17.93,20.2,43,1,1
18:26:12.656,EBBREZZA,1,177.92,-36.61,0.309,-4.35,7.736,-4.183,-0.126,0.22,-0.059,71.19,17.6,20.2,43,1,1
18:26:13.156,EBBREZZA,1,-176.95,-40.52,0.345,-4.281,7.29,-4.254,-0.326,0.248,-0.153,83.74,19.13,20.2,43,1,1
18:26:13.656,EBBREZZA,1,-176.75,-34.95,0.329,-3.958,8.03,-2.792,-0.277,0.233,-0.075,76.15,20.33,20.2,43,1,1
18:26:14.156,EBBREZZA,1,178.46,17.2,0.274,-4.527,8.495,-2.5,-0.136,0.133,-0.02,78.2,21.59,20.2,43,1,1
18:26:14.656,EBBREZZA,1,177.1,10.83,0.267,-4.53,8.083,-2.643,-0.146,0.128,-0.021,75.95,22.02,20.2,43,1,1
18:26:15.156,EBBREZZA,1,179.07,12.84,0.279,-4.235,7.882,-2.404,-0.222,0.13,-0.047,74.38,22.55,20.2,43,1,1
18:26:15.657,EBBREZZA,0,0.0,0.0,0.0,-4.515,8.37,-2.535,-0.048,0.071,0.011,76.42,23.0,20.2,43,1,1
18:26:16.157,EBBREZZA,1,-179.73,-47.77,0.41,-4.183,8.109,-2.942,-0.136,0.077,-0.037,73.84,23.66,20.2,43,1,1
18:26:16.657,EBBREZZA,1,175.95,-39.83,0.336,-4.183,7.942,-3.093,-0.06,0.11,-0.059,77.52,23.83,20.2,44,1,1
18:26:17.157,EBBREZZA,1,-177.12,36.85,0.381,-4.183,8.238,-2.902,-0.043,0.047,0.031,82.13,23.66,20.2,44,1,1
18:26:17.657,EBBREZZA,1,-177.11,45.42,0.464,-4.173,8.222,-2.957,-0.185,0.053,-0.005,75.36,23.66,20.2,44,1,1
18:26:18.157,EBBREZZA,1,-176.52,37.94,0.288,-4.053,8.018,-2.892,-0.063,0.069,-0.036,82.05,23.5,20.2,44,1,1
18:26:18.657,EBBREZZA,0,0.0,0.0,0.0,-4.219,7.994,-3.079,-0.184,0.063,-0.059,72.1,23.66,20.2,44,1,1
18:26:19.157,EBBREZZA,1,-149.23,-62.67,0.301,-4.286,7.977,-3.065,-0.105,0.103,-0.044,77.57,23.66,20.2,44,1,1
18:26:19.657,EBBREZZA,0,0.0,0.0,0.0,-4.221,7.98,-2.897,-0.144,0.06,0.028,78.24,23.66,20.2,44,1,1
18:26:20.157,EBBREZZA,1,-173.54,-29.78,0.251,-4.14,8.009,-2.954,-0.172,0.108,-0.037,85.39,23.61,20.2,44,1,1
18:26:20.657,EBBREZZA,0,0.0,0.0,0.0,-4.034,7.884,-4.401,0.037,-0.081,0.081,78.65,23.66,20.2,44,1,1
18:26:21.157,EBBREZZA,1,-173.3,31.62,0.313,-3.376,8.337,-4.319,0.085,0.014,0.087,80.37,24.7,20.2,44,1,1
18:26:21.657,EBBREZZA,1,174.88,78.99,0.499,-2.679,8.464,-4.005,-0.168,-0.054,-0.045,71.98,27.16,20.2,44,1,1
18:26:22.157,EBBREZZA,1,156.27,73.91,0.479,-1.547,9.333,-2.763,0.001,-0.132,0.037,81.05,29.3,20.2,44,1,1
18:26:22.657,EBBREZZA,1,169.29,32.93,0.44,-2.653,8.404,-2.832,0.243,-0.471,0.134,82.52,29.24,20.2,44,1,1
18:26:23.157,EBBREZZA,1,170.63,44.13,0.565,-3.115,8.961,-1.611,-0.245,-0.394,0.045,79.52,30.87,20.2,44,1,1
18:26:23.657,EBBREZZA,1,174.11,38.82,0.448,-4.278,9.086,-2.782,0.02,-0.324,0.128,84.62,32.29,20.2,44,1,1
18:26:24.158,EBBREZZA,1,-179.16,29.2,0.337,-2.871,8.461,-3.017,0.104,-0.246,0.165,76.81,32.34,20.2,44,1,1
18:26:24.658,EBBREZZA,1,179.86,26.37,0.329,-3.524,8.777,-4.53,0.302,-0.266,0.02,81.39,32.83,20.2,44,1,1
18:26:25.158,EBBREZZA,1,172.77,10.21,0.309,-3.321,8.119,-1.626,0.021,-0.319,0.204,84.98,30.31,20.2,44,1,1
18:26:25.658,EBBREZZA,1,179.43,1.82,0.289,-4.767,8.21,-2.461,-0.495,0.298,-0.483,75.6,24.13,20.2,44,1,1
18:26:26.158,EBBREZZA,1,175.23,-5.83,0.243,-4.594,7.573,-3.479,-0.131,-0.005,-0.029,78.17,7.39,20.2,44,1,1
18:26:26.658,EBBREZZA,1,177.35,-6.14,0.297,-3.962,8.322,-2.543,-0.109,0.069,0.031,83.99,8.0,20.2,44,1,1
18:26:27.158,EBBREZZA,1,173.18,-3.84,0.265,-3.187,8.454,-2.677,0.08,-0.016,0.057,84.29,9.11,20.2,44,1,1
18:26:27.658,EBBREZZA,1,175.27,-13.77,0.303,-4.405,8.169,-3.292,-0.101,0.044,-0.065,78.4,12.62,20.2,44,1,1
18:26:28.158,EBBREZZA,1,178.82,-12.09,0.249,-4.08,8.188,-3.472,0.003,0.055,-0.061,79.69,18.65,20.2,44,1,1
18:26:28.658,EBBREZZA,1,176.84,-0.24,0.262,-4.331,8.353,-2.648,-0.028,0.022,0.187,82.85,26.75,20.2,44,1,1
18:26:29.158,EBBREZZA,1,174.73,-1.59,0.274,-4.774,7.894,-2.885,-0.112,-0.01,0.147,82.53,35.58,20.2,44,1,1
18:26:29.658,EBBREZZA,1,178.24,-10.83,0.264,-3.891,8.198,-2.914,-0.061,0.296,-0.122,79.75,36.46,20.2,44,1,1
18:26:30.158,EBBREZZA,1,175.89,-6.95,0.275,-4.053,7.513,-2.801,-0.25,0.192,-0.162,85.2,11.97,20.2,44,1,1
18:26:30.658,EBBREZZA,1,176.64,0.88,0.284,-4.302,7.927,-2.969,-0.027,0.168,-0.323,80.67,11.74,20.2,44,1,1
18:26:31.158,EBBREZZA,1,178.49,-19.22,0.287,-4.86,7.609,-2.437,-0.481,-0.056,-0.207,86.01,12.19,20.2,44,1,1
18:26:31.659,EBBREZZA,1,170.05,-6.4,0.285,-5.511,6.627,-3.345,0.19,0.211,-0.064,85.56,14.38,20.2,44,1,1
18:26:32.159,EBBREZZA,1,178.08,-10.24,0.292,-4.597,7.283,-2.875,-0.201,0.242,-0.418,86.32,18.5,20.2,44,1,1
18:26:32.659,EBBREZZA,1,-176.3,22.86,0.132,-3.745,7.827,-3.033,0.207,0.05,0.285,78.56,19.48,20.2,44,1,1
18:26:33.159,EBBREZZA,1,172.37,15.53,0.275,-4.666,7.132,-3.644,-0.473,0.098,-0.071,78.79,32.42,20.2,44,1,1
18:26:33.659,EBBREZZA,1,173.31,10.23,0.307,-4.846,8.267,-3.871,-0.31,0.35,-0.282,82.45,36.65,20.2,44,1,1
18:26:34.159,EBBREZZA,1,174.58,6.18,0.298,-4.288,7.228,-2.519,-0.655,0.198,-0.346,85.96,10.84,20.2,44,1,1
18:26:34.659,EBBREZZA,1,175.07,5.95,0.311,-3.879,8.04,-1.726,-0.526,0.029,-0.176,75.2,7.83,20.2,44,1,1
18:26:35.159,EBBREZZA,1,-179.8,-8.7,0.258,-3.426,8.861,-3.275,-0.123,0.083,0.0,85.15,7.51,20.2,44,1,1
18:26:35.659,EBBREZZA,1,174.19,-2.77,0.207,-3.251,7.958,-3.874,0.056,-0.066,0.043,84.83,8.66,20.2,44,1,1
18:26:36.159,EBBREZZA,1,175.89,2.78,0.266,-3.661,9.038,-3.582,-0.117,0.11,0.163,86.23,14.0,20.2,44,1,1
18:26:36.659,EBBREZZA,1,175.0,13.59,0.242,-3.048,9.234,-2.37,0.038,-0.008,-0.164,80.85,23.2,20.2,44,1,1
18:26:37.159,EBBREZZA,1,174.1,26.3,0.264,-2.99,8.528,-3.539,-0.012,-0.184,0.318,84.75,41.17,20.2,44,1,1
18:26:37.659,EBBREZZA,0,0.0,0.0,0.0,-4.669,8.557,-2.823,-0.098,0.078,0.038,86.28,33.63,20.2,44,1,1
18:26:38.159,EBBREZZA,1,-174.63,65.29,0.49,-4.69,8.519,-4.492,0.459,-0.047,0.358,87.77,7.51,20.2,44,1,1
18:26:38.659,EBBREZZA,0,0.0,0.0,0.0,-4.887,8.674,-3.206,-0.056,0.094,0.255,81.11,8.11,20.2,44,1,1
18:26:39.159,EBBREZZA,1,178.48,-14.67,0.314,-3.862,8.219,-3.718,0.504,0.044,0.114,82.67,9.94,20.2,44,1,1
18:26:39.660,EBBREZZA,1,177.64,-12.26,0.226,-5.531,7.743,-2.164,-0.075,0.198,-0.32,85.72,15.82,20.2,44,1,1
18:26:40.160,EBBREZZA,1,176.71,-16.75,0.255,-2.67,9.409,-3.79,-0.188,-0.095,-0.081,85.31,27.85,20.2,44,1,1
18:26:40.660,EBBREZZA,1,178.44,-13.08,0.282,-3.998,8.574,-3.227,-0.09,0.022,0.1,81.9,33.66,20.2,44,1,1
18:26:41.160,EBBREZZA,1,176.99,-16.11,0.282,-2.794,7.855,-2.998,-0.135,-0.1,0.178,79.43,27.2,20.2,44,1,1
18:26:41.660,EBBREZZA,1,174.96,-18.25,0.287,-4.283,7.863,-3.5,-0.205,0.257,-0.15,78.64,8.5,20.2,44,1,1
18:26:42.160,EBBREZZA,1,177.12,-13.57,0.25,-4.034,8.004,-2.82,-0.552,0.118,-0.204,85.1,8.72,20.2,44,1,1
18:26:42.660,EBBREZZA,1,179.04,-12.35,0.281,-5.212,7.709,-3.304,-0.615,0.207,-0.391,85.79,10.1,20.2,44,1,1
18:26:43.160,EBBREZZA,1,178.94,-13.47,0.259,-3.28,7.896,-2.16,-0.37,0.139,0.06,86.01,13.89,20.2,44,1,1
18:26:43.660,EBBREZZA,1,177.84,-13.88,0.296,-5.83,7.736,-3.306,-0.313,0.088,-0.082,84.64,26.64,20.2,44,1,0
18:26:44.160,EBBREZZA,1,175.71,-13.49,0.296,-3.031,7.12,-2.921,-0.175,-0.073,-0.27,85.02,34.64,20.2,44,1,1
18:26:44.660,EBBREZZA,1,175.82,-13.0,0.313,-3.63,7.343,-3.045,0.16,-0.014,0.339,86.75,12.1,20.2,44,1,1
18:26:45.160,EBBREZZA,1,175.24,-17.95,0.305,-3.682,8.909,-3.972,0.036,0.202,0.008,87.32,7.95,20.2,44,1,1
18:26:45.660,EBBREZZA,1,175.56,-7.58,0.184,-3.299,8.205,-2.571,-0.215,0.08,-0.156,82.29,9.33,20.2,44,1,1
18:26:46.160,EBBREZZA,1,176.46,-11.86,0.275,-4.235,8.274,-3.146,-0.538,-0.096,0.066,84.71,14.11,20.2,44,1,1
18:26:46.660,EBBREZZA,1,176.0,-14.71,0.221,-4.796,7.705,-3.177,-0.119,-0.14,0.042,85.57,22.76,20.2,44,1,1
18:26:47.160,EBBREZZA,1,175.49,-13.03,0.211,-4.125,7.657,-3.055,0.094,0.163,-0.23,86.73,35.08,20.2,44,1,1
18:26:47.661,EBBREZZA,1,175.83,-18.49,0.193,-3.948,8.516,-4.345,0.572,-0.254,0.57,86.9,11.85,20.2,44,1,1
18:26:48.161,EBBREZZA,1,176.83,-17.18,0.253,-2.6,8.758,-1.788,0.253,0.051,0.008,80.92,8.99,20.2,44,1,1
18:26:48.661,EBBREZZA,1,177.8,-14.58,0.279,-3.211,8.911,-2.145,-0.547,0.266,0.039,87.31,9.27,20.2,44,1,1
18:26:49.161,EBBREZZA,1,175.56,-0.59,0.203,-4.175,6.804,-2.842,-0.028,0.014,-0.495,88.22,14.16,20.3,44,1,1
18:26:49.661,EBBREZZA,1,172.18,-4.45,0.305,-5.856,9.27,-2.207,-0.774,-0.072,-0.092,82.92,29.46,20.3,44,1,1
18:26:50.161,EBBREZZA,1,174.76,2.97,0.265,-5.069,8.478,-1.403,-0.662,0.139,-0.268,87.88,30.41,20.3,44,1,1
18:26:50.661,EBBREZZA,1,173.02,18.6,0.235,-4.432,7.448,-2.993,-0.559,0.228,-0.34,80.53,7.45,20.3,44,1,1
18:26:51.161,EBBREZZA,1,174.33,18.51,0.252,-5.195,9.388,-1.695,-0.437,-0.164,-0.031,85.67,8.11,20.3,44,1,1
18:26:51.661,EBBREZZA,1,176.2,16.0,0.252,-4.87,8.684,-1.566,0.02,-0.122,0.402,87.02,10.71,20.3,44,1,1
18:26:52.161,EBBREZZA,1,178.48,9.26,0.303,-6.333,7.985,-4.63,0.517,0.146,-0.013,86.55,12.95,20.3,44,1,1
18:26:52.661,EBBREZZA,1,175.59,2.72,0.24,-4.954,9.007,-1.994,0.207,0.007,0.04,83.93,14.86,20.3,44,1,1
18:26:53.161,EBBREZZA,1,175.61,0.52,0.269,-4.671,8.839,-3.622,0.855,0.096,0.473,85.16,13.2,20.3,44,1,1
18:26:53.661,EBBREZZA,1,177.1,-1.14,0.279,-2.167,7.994,-1.499,-0.627,-0.051,-0.075,85.76,7.45,20.3,44,1,1
18:26:54.161,EBBREZZA,1,176.94,1.15,0.292,-3.824,8.411,-3.239,0.212,-0.078,0.396,87.28,7.51,20.3,44,1,1
18:26:54.662,EBBREZZA,1,175.92,-2.21,0.262,-3.05,7.25,-1.913,-0.248,0.053,-0.058,84.63,7.73,20.3,44,1,1
18:26:55.162,EBBREZZA,1,174.55,-1.16,0.26,-4.966,6.558,-3.445,-0.407,-0.277,0.24,86.32,8.38,20.3,44,1,1
18:26:55.662,EBBREZZA,1,175.05,6.76,0.269,-3.962,6.847,-1.14,0.183,0.072,0.3,88.4,10.35,20.3,44,1,1
18:26:56.162,EBBREZZA,1,175.5,-1.84,0.284,-5.854,8.964,-5.092,-0.112,0.176,0.144,83.31,7.45,20.3,44,1,1
18:26:56.662,EBBREZZA,1,174.61,0.58,0.257,-3.515,7.108,-2.255,-0.126,0.248,-0.168,85.05,7.23,20.3,44,1,1
18:26:57.162,EBBREZZA,1,175.54,-4.11,0.203,-4.288,8.365,-2.65,-0.016,0.094,-0.149,83.54,8.32,20.3,44,1,1
18:26:57.662,EBBREZZA,1,176.03,-2.91,0.247,-4.76,7.63,-2.272,-0.385,0.171,-0.037,86.14,9.58,20.3,44,1,1
18:26:58.162,EBBREZZA,1,178.27,-8.13,0.29,-7.63,8.626,-2.899,-0.997,0.624,-0.507,84.58,11.84,20.3,44,1,1
18:26:58.662,EBBREZZA,1,179.05,-13.5,0.293,-4.293,6.5,-1.286,0.455,-0.14,0.393,89.26,12.22,20.3,44,1,1
18:26:59.162,EBBREZZA,1,175.93,-15.74,0.241,-4.061,7.238,-4.142,0.028,0.068,-0.092,81.51,9.54,20.3,44,1,1
18:26:59.662,EBBREZZA,1,171.64,-7.78,0.249,-5.052,8.097,-3.718,-0.558,0.041,-0.318,88.64,9.09,20.3,44,1,1
18:27:00.162,EBBREZZA,1,173.09,-5.21,0.29,-5.377,8.614,-3.474,-0.282,0.159,-0.039,83.07,9.91,20.3,44,1,1
18:27:00.662,EBBREZZA,1,172.13,-2.53,0.304,-6.268,8.928,-3.323,0.722,0.245,0.446,86.09,8.53,20.3,44,1,1
18:27:01.162,EBBREZZA,1,172.78,2.75,0.253,-4.492,8.636,-3.206,-0.148,-0.023,0.035,84.47,8.19,20.3,44,1,1
18:27:01.663,EBBREZZA,1,170.52,8.12,0.239,-3.955,7.774,-3.211,0.127,0.023,0.193,82.94,3.14,20.3,44,1,1
18:27:02.163,EBBREZZA,1,172.28,2.83,0.261,-4.168,8.282,-2.892,-0.001,-0.019,0.088,82.67,19.46,20.3,44,1,1
18:27:02.663,EBBREZZA,1,-179.1,38.47,0.134,-4.214,8.384,-2.883,-0.088,0.145,0.06,74.11,3.3,20.3,44,1,1
18:27:03.163,EBBREZZA,1,-179.73,12.24,0.246,-4.472,7.896,-2.21,-0.087,0.077,-0.074,80.3,19.12,20.3,44,1,1
18:27:03.663,EBBREZZA,1,173.84,-5.4,0.261,-3.831,8.796,-2.792,-0.138,0.017,-0.013,84.61,6.33,20.3,44,1,1
18:27:04.163,EBBREZZA,1,175.0,-12.18,0.269,-3.373,8.262,-2.897,-0.09,0.009,0.025,82.32,2.19,20.3,44,1,1
18:27:04.663,EBBREZZA,1,173.91,-15.12,0.265,-3.282,8.772,-2.959,0.016,0.006,-0.002,73.13,11.1,20.3,44,1,1
18:27:05.163,EBBREZZA,1,175.77,-4.94,0.237,-5.04,7.58,-3.371,-0.323,0.195,-0.278,83.21,5.45,20.3,44,1,1
18:27:05.663,EBBREZZA,1,177.63,-17.29,0.307,-5.071,7.805,-4.329,0.418,0.057,0.156,84.47,42.06,20.3,44,1,1
18:27:06.163,EBBREZZA,1,174.24,-15.25,0.262,-5.265,6.519,-3.912,-0.241,0.224,-0.107,80.12,26.26,20.3,44,1,1
18:27:06.663,EBBREZZA,1,176.68,-10.38,0.276,-5.413,7.664,-3.905,-0.279,0.065,0.101,79.29,27.4,20.3,45,1,1
18:27:07.163,EBBREZZA,1,175.31,-12.89,0.252,-4.326,7.441,-3.61,0.458,0.142,0.164,85.21,8.93,20.3,45,1,1
18:27:07.663,EBBREZZA,1,175.86,-11.7,0.29,-5.387,7.594,-4.415,0.306,0.167,-0.086,81.96,13.15,20.3,45,1,1
18:27:08.163,EBBREZZA,1,174.63,-5.72,0.278,-5.48,7.949,-3.97,-0.066,0.186,0.044,81.73,22.12,20.3,45,1,1
18:27:08.663,EBBREZZA,1,172.33,-5.59,0.267,-4.997,7.616,-3.761,-0.257,0.079,0.195,83.89,25.55,20.3,45,1,1
18:27:09.164,EBBREZZA,1,172.41,-1.68,0.292,-5.116,8.15,-2.5,-0.56,-0.105,0.103,84.42,17.89,20.3,45,1,1
18:27:09.664,EBBREZZA,1,172.55,-1.23,0.282,-4.829,7.69,-2.636,-0.518,-0.02,-0.136,81.82,7.06,20.3,45,1,1
18:27:10.164,EBBREZZA,1,174.64,0.38,0.288,-4.76,9.12,-1.496,-0.443,-0.171,0.423,82.08,8.5,20.3,45,1,1
18:27:10.664,EBBREZZA,1,174.71,0.05,0.281,-4.319,8.519,-2.21,-0.238,0.115,0.128,80.38,11.36,20.3,45,1,1
18:27:11.164,EBBREZZA,1,173.75,-0.48,0.265,-4.446,9.189,-3.606,0.981,0.095,0.336,81.33,19.26,20.3,45,1,1
18:27:11.664,EBBREZZA,1,173.62,-1.4,0.257,-3.764,8.004,-2.761,-0.851,0.241,-0.451,88.13,29.62,20.3,45,1,1
18:27:12.164,EBBREZZA,1,177.36,-6.87,0.27,-4.283,8.672,-4.164,-0.381,0.425,-0.434,82.95,30.92,20.3,45,1,1
18:27:12.664,EBBREZZA,1,176.99,-4.94,0.231,-3.802,8.092,-3.749,-0.07,0.059,-0.016,80.5,9.64,20.3,45,1,1
18:27:13.164,EBBREZZA,1,176.98,5.02,0.256,-4.12,6.986,-2.849,-0.128,-0.252,0.296,80.81,7.4,20.3,45,1,1
18:27:13.664,EBBREZZA,1,175.47,-0.14,0.311,-3.97,7.13,-3.706,0.22,0.222,-0.188,79.64,8.62,20.3,45,1,1
18:27:14.164,EBBREZZA,1,174.52,2.16,0.28,-3.934,7.061,-2.825,0.1,-0.043,0.002,82.41,13.3,20.3,45,1,1
18:27:14.664,EBBREZZA,1,174.9,7.87,0.272,-3.778,8.329,-2.516,-0.287,0.094,-0.041,80.73,21.52,20.3,45,1,1
18:27:15.164,EBBREZZA,1,176.51,12.26,0.211,-2.885,8.413,-3.428,0.004,0.136,-0.011,80.1,36.69,20.3,45,1,1
18:27:15.664,EBBREZZA,1,171.2,17.71,0.253,-4.82,9.033,-2.816,-0.552,-0.033,-0.053,85.68,30.81,20.3,45,1,1
18:27:16.165,EBBREZZA,1,176.09,10.0,0.288,-3.888,8.384,-1.319,-0.095,-0.052,0.303,86.97,7.67,20.3,45,1,1
18:27:16.665,EBBREZZA,1,173.55,8.45,0.282,-4.214,8.097,-2.806,0.161,-0.084,0.021,81.43,7.79,20.3,45,1,1
18:27:17.165,EBBREZZA,1,175.42,1.99,0.285,-2.849,9.807,-2.94,-0.848,-0.02,-0.236,88.96,8.72,20.3,45,1,1
18:27:17.665,EBBREZZA,1,172.73,6.94,0.265,-4.645,7.53,-3.218,0.132,0.05,0.096,79.79,10.43,20.3,45,1,1
18:27:18.165,EBBREZZA,1,169.86,5.15,0.064,-4.331,8.056,-2.48,-0.046,-0.106,0.119,81.49,13.76,20.3,45,1,1
18:27:18.665,EBBREZZA,1,171.84,3.38,0.282,-3.694,8.2,-2.325,0.049,-0.064,-0.01,81.83,15.94,20.3,45,1,1
18:27:19.165,EBBREZZA,1,175.77,7.21,0.271,-4.357,8.169,-3.242,-0.595,0.173,-0.226,80.22,16.43,20.3,45,1,1
18:27:19.665,EBBREZZA,1,176.03,10.98,0.26,-4.451,8.006,-2.926,-0.132,0.01,-0.021,72.16,8.44,20.3,45,1,1
18:27:20.165,EBBREZZA,1,174.43,3.02,0.268,-3.558,8.253,-2.306,-0.086,0.116,-0.032,76.03,7.4,20.3,45,1,1
18:27:20.665,EBBREZZA,1,172.27,-2.03,0.26,-3.716,8.219,-3.527,0.087,0.256,-0.053,80.52,8.11,20.3,45,1,1
18:27:21.165,EBBREZZA,1,171.55,-6.82,0.29,-4.092,8.296,-3.663,-0.133,-0.062,-0.008,79.17,10.1,20.3,45,1,1
18:27:21.665,EBBREZZA,1,172.01,-6.3,0.274,-3.991,8.097,-2.995,-0.13,0.071,-0.072,79.74,10.87,20.3,45,1,1
18:27:22.165,EBBREZZA,1,173.75,-5.06,0.273,-4.793,8.449,-2.911,-0.362,0.051,-0.113,82.19,14.65,20.3,45,1,1
18:27:22.665,EBBREZZA,1,173.96,-4.82,0.272,-4.611,7.954,-2.916,-0.241,0.137,-0.106,83.77,23.48,20.3,45,1,1
18:27:23.165,EBBREZZA,1,170.88,-3.65,0.253,-4.434,8.047,-2.557,-0.299,0.085,-0.078,77.22,21.14,20.3,45,1,1
18:27:23.666,EBBREZZA,1,175.37,-1.0,0.298,-3.742,7.891,-2.162,-0.252,0.012,0.054,79.9,8.06,20.3,45,1,1
18:27:24.166,EBBREZZA,1,168.61,-2.58,0.278,-4.633,8.48,-1.298,-0.232,0.173,-0.106,84.09,7.51,20.3,45,1,1
18:27:24.666,EBBREZZA,1,169.54,0.62,0.273,-5.499,8.138,-1.381,-0.095,-0.009,-0.1,81.68,8.28,20.3,45,1,1
18:27:25.166,EBBREZZA,1,170.62,1.19,0.277,-4.925,8.435,-0.536,-0.101,0.143,-0.068,75.03,9.11,20.3,45,1,1
18:27:25.666,EBBREZZA,1,175.22,-5.08,0.278,-4.417,8.049,-2.174,-0.037,0.067,0.049,78.65,10.14,20.3,45,1,1
18:27:26.166,EBBREZZA,1,172.63,-8.84,0.259,-5.133,7.932,-2.145,-0.205,0.077,-0.109,81.69,11.18,20.3,45,1,1
18:27:26.666,EBBREZZA,1,174.17,-8.5,0.269,-4.63,8.107,-2.648,-0.093,0.119,-0.018,79.19,12.61,20.3,45,1,1
18:27:27.166,EBBREZZA,1,177.65,27.97,0.311,-3.917,8.578,-2.447,-0.055,0.022,-0.023,83.91,12.87,20.3,45,1,1
18:27:27.666,EBBREZZA,1,171.33,61.75,0.406,-3.369,9.086,-2.052,-0.019,-0.069,0.1,78.22,14.24,20.3,45,1,1
18:27:28.166,EBBREZZA,1,-179.44,29.11,0.355,-3.041,8.863,-1.891,-0.023,-0.306,0.219,80.93,14.07,20.3,45,1,1
18:27:28.666,EBBREZZA,1,177.59,-34.03,0.235,-2.059,9.625,-3.136,0.17,-0.286,0.393,79.37,7.73,20.3,45,1,1
18:27:29.166,EBBREZZA,0,0.0,0.0,0.0,-0.591,9.922,-2.025,-0.106,-0.175,0.151,80.79,7.95,20.3,45,1,1
18:27:29.666,EBBREZZA,1,-169.96,-12.83,0.336,-1.987,10.788,-5.286,0.105,-0.217,0.316,86.61,9.0,20.3,45,1,1
18:27:30.166,EBBREZZA,1,175.84,-45.43,0.275,-3.424,9.261,-5.748,0.665,0.134,-0.155,80.7,11.03,20.3,45,1,1
18:27:30.667,EBBREZZA,0,0.0,0.0,0.0,-4.523,8.416,-3.955,-0.403,-0.165,0.099,87.33,14.22,20.3,45,1,1
18:27:31.167,EBBREZZA,1,179.14,-2.74,0.284,-5.411,7.664,-2.66,-0.888,0.114,-0.524,82.6,17.44,20.3,45,1,1
18:27:31.667,EBBREZZA,1,177.92,19.35,0.283,-6.503,4.338,-5.289,-0.48,0.043,0.096,84.26,18.95,20.3,45,1,1
18:27:32.167,EBBREZZA,1,174.38,28.06,0.333,-2.78,7.013,-2.811,-1.207,-0.182,0.439,85.15,15.22,20.3,45,1,1
18:27:32.667,EBBREZZA,1,-177.65,30.18,0.312,-0.958,8.497,-3.112,-0.994,0.265,-1.193,89.04,6.62,20.3,45,1,1
18:27:33.167,EBBREZZA,1,-177.14,28.17,0.289,-1.302,9.773,-2.097,-0.308,-0.241,0.054,81.41,6.51,20.3,45,1,1
18:27:33.667,EBBREZZA,1,-179.12,21.35,0.292,-1.197,9.519,-3.06,-0.346,-0.063,0.043,76.42,10.43,20.3,45,1,1
18:27:34.167,EBBREZZA,1,178.86,5.17,0.286,-3.91,7.922,-4.223,0.115,-0.034,-0.029,84.44,14.65,20.3,45,1,1
18:27:34.667,EBBREZZA,1,176.32,11.28,0.28,-4.424,7.307,-5.037,-0.051,-0.05,0.13,84.04,20.6,20.3,45,1,1
18:27:35.167,EBBREZZA,1,174.64,8.89,0.212,-2.95,7.748,-4.7,0.06,0.115,0.326,84.83,20.58,20.3,45,1,1
18:27:35.667,EBBREZZA,1,176.91,11.24,0.289,-2.693,9.828,-2.686,-0.206,-0.188,0.065,76.68,6.62,20.3,45,1,1
18:27:36.167,EBBREZZA,1,174.93,3.56,0.247,-4.46,8.018,-3.017,-0.063,0.035,-0.081,81.47,7.45,20.3,45,1,1
18:27:36.667,EBBREZZA,1,170.34,6.47,0.272,-4.614,7.434,-2.512,-0.215,0.286,-0.1,79.46,11.2,20.3,45,1,1
18:27:37.168,EBBREZZA,1,170.81,3.89,0.289,-4.547,8.519,-2.66,-0.04,0.172,0.092,83.08,17.72,20.3,45,1,1
18:27:37.668,EBBREZZA,1,171.7,5.69,0.295,-4.247,7.57,-2.624,-0.178,0.044,-0.168,74.92,23.81,20.3,45,1,1
18:27:38.168,EBBREZZA,1,172.12,7.17,0.217,-4.693,8.169,-3.335,-0.187,-0.118,-0.032,81.54,9.24,20.3,45,1,1
18:27:38.668,EBBREZZA,1,166.32,0.39,0.288,-5.813,8.088,0.034,-0.224,0.029,-0.034,74.23,6.18,20.3,45,1,1
18:27:39.168,EBBREZZA,1,169.35,-3.11,0.274,-5.013,8.303,-2.277,0.017,0.066,0.116,80.22,6.23,20.4,45,1,1
18:27:39.668,EBBREZZA,1,178.28,26.66,0.283,-4.005,7.977,-3.488,-0.052,0.021,-0.067,76.39,7.12,20.4,45,1,1
18:27:40.168,EBBREZZA,1,178.31,-4.02,0.286,-4.353,8.681,-3.888,-0.137,0.184,-0.112,75.9,9.65,20.4,45,1,1
18:27:40.668,EBBREZZA,1,175.62,-0.93,0.282,-4.056,8.013,-4.18,-0.385,-0.049,0.075,84.48,14.69,20.4,45,1,1
18:27:41.168,EBBREZZA,1,174.5,-1.28,0.301,-3.347,8.018,-5.114,-0.062,0.002,-0.053,84.71,21.62,20.4,45,1,1
18:27:41.668,EBBREZZA,1,175.2,-0.48,0.277,-2.591,8.198,-5.174,0.178,-0.034,0.211,86.61,12.64,20.4,46,1,1
18:27:42.169,EBBREZZA,1,172.34,-1.27,0.249,-3.606,8.071,-4.492,-0.414,0.109,-0.241,86.39,6.07,20.4,46,1,1
18:27:42.669,EBBREZZA,1,168.78,1.08,0.276,-4.185,8.025,-2.382,-0.247,0.021,-0.002,77.93,7.29,20.4,46,1,1
18:27:43.169,EBBREZZA,1,167.9,0.62,0.266,-6.067,8.296,-0.369,-0.406,0.12,-0.075,80.92,12.23,20.4,46,1,1
18:27:43.669,EBBREZZA,1,166.02,-1.97,0.256,-6.483,7.925,0.745,-0.142,-0.013,-0.084,82.37,21.91,20.4,46,1,1
18:27:44.169,EBBREZZA,1,166.87,1.49,0.293,-5.531,8.279,0.417,-0.046,0.112,-0.167,77.93,24.57,20.4,46,1,1
18:27:44.669,EBBREZZA,1,174.25,8.74,0.285,-4.106,8.394,-2.164,-0.021,0.151,-0.03,74.22,8.15,20.4,46,1,1
18:27:45.169,EBBREZZA,1,168.69,4.86,0.271,-4.338,8.66,-2.497,0.024,-0.091,0.244,83.28,5.91,20.4,46,1,1
18:27:45.669,EBBREZZA,1,178.65,6.52,0.282,-1.456,6.199,-5.519,0.391,0.124,0.419,89.29,6.07,20.4,46,1,1
18:27:46.169,EBBREZZA,1,169.13,-0.53,0.266,-2.873,8.171,-4.922,-0.163,0.102,-0.073,83.22,6.35,20.4,46,1,1
18:27:46.669,EBBREZZA,1,173.45,-3.71,0.294,-4.092,8.473,-4.745,-0.194,0.11,-0.058,76.12,8.11,20.4,46,1,1
18:27:47.169,EBBREZZA,1,174.89,-6.06,0.266,-4.271,8.09,-4.444,-0.189,0.005,0.092,73.93,11.57,20.4,46,1,1
18:27:47.669,EBBREZZA,1,171.71,-0.48,0.27,-4.688,7.903,-2.631,0.0,0.014,0.134,80.23,19.28,20.4,46,1,1
18:27:48.170,EBBREZZA,1,176.37,-4.11,0.204,-3.898,7.858,-3.869,-0.303,0.048,0.051,80.17,20.35,20.4,46,1,1
18:27:48.670,EBBREZZA,1,173.92,-1.81,0.281,-3.723,8.274,-5.382,-0.25,-0.166,0.089,81.7,5.41,20.4,46,1,1
18:27:49.170,EBBREZZA,1,171.62,-1.45,0.286,-3.546,7.429,-3.347,-0.208,0.099,-0.138,79.32,5.08,20.4,46,1,1
18:27:49.670,EBBREZZA,1,166.43,-0.48,0.273,-5.516,8.689,-0.132,0.074,0.164,-0.135,79.07,5.41,20.4,46,1,1
18:27:50.170,EBBREZZA,1,166.42,2.12,0.281,-6.297,7.556,0.941,-0.104,0.168,-0.248,80.43,5.85,20.4,46,1,1
18:27:50.670,EBBREZZA,1,168.39,0.34,0.264,-5.538,8.502,-0.354,0.193,0.104,-0.0,80.48,7.55,20.4,46,1,1
18:27:51.170,EBBREZZA,1,165.17,-1.21,0.24,-4.3,7.767,-3.012,0.08,0.075,0.04,79.12,9.2,20.4,46,1,1
18:27:51.670,EBBREZZA,1,168.22,2.03,0.274,-4.788,8.291,-3.081,0.021,0.046,0.086,82.63,13.02,20.4,46,1,1
18:27:52.170,EBBREZZA,1,176.84,-0.75,0.284,-2.708,5.674,-5.923,0.868,0.079,0.411,88.13,14.33,20.4,46,1,1
18:27:52.670,EBBREZZA,1,173.16,-7.06,0.295,-3.067,7.685,-5.265,-0.19,0.087,-0.07,81.82,7.82,20.4,46,1,1
18:27:53.170,EBBREZZA,1,171.84,2.57,0.28,-3.493,8.303,-3.187,-0.171,0.094,0.038,80.89,4.69,20.4,46,1,1
18:27:53.670,EBBREZZA,1,174.42,-2.26,0.288,-4.096,8.009,-2.059,-0.233,-0.008,-0.096,79.78,5.74,20.4,46,1,1
18:27:54.170,EBBREZZA,1,168.43,-2.32,0.133,-4.602,7.453,-0.558,-0.254,0.097,-0.324,81.74,7.73,20.4,46,1,1
18:27:54.671,EBBREZZA,1,173.75,3.44,0.171,-4.448,7.76,-2.325,-0.119,0.063,0.049,78.71,11.12,20.4,46,1,1
18:27:55.171,EBBREZZA,1,175.05,2.49,0.278,-4.458,7.865,-2.547,-0.005,-0.037,0.027,81.37,17.2,20.4,46,1,1
18:27:55.671,EBBREZZA,1,176.06,-1.24,0.286,-4.41,7.468,-2.619,-0.033,0.127,0.056,83.61,21.73,20.4,46,1,1
18:27:56.171,EBBREZZA,1,174.8,0.39,0.295,-4.712,8.121,-2.859,0.05,-0.074,0.006,79.64,21.93,20.4,46,1,1
18:27:56.671,EBBREZZA,1,176.87,1.92,0.278,-4.108,7.475,-3.381,0.03,0.003,-0.011,79.35,5.57,20.4,46,1,1
18:27:57.171,EBBREZZA,1,174.8,0.79,0.299,-4.185,7.982,-3.314,0.14,0.046,0.003,80.86,5.08,20.4,46,1,1
18:27:57.671,EBBREZZA,1,176.74,4.75,0.316,-4.068,8.258,-2.799,-0.021,0.015,0.018,81.47,4.96,20.4,46,1,1
18:27:58.171,EBBREZZA,1,172.88,0.95,0.31,-3.879,7.987,-2.768,-0.343,0.093,-0.031,80.13,4.41,20.4,46,1,1
18:27:58.671,EBBREZZA,1,178.48,13.31,0.175,-4.367,8.121,-3.002,-0.031,0.077,0.039,82.68,4.25,20.4,46,1,1
18:27:59.171,DISTRAZIONE,1,174.95,1.82,0.287,-4.305,8.253,-3.225,-0.082,-0.042,0.022,81.25,5.63,20.4,46,1,1
18:27:59.671,DISTRAZIONE,1,169.66,42.18,0.438,-4.123,7.817,-2.818,-0.014,0.097,-0.017,79.37,7.61,20.4,46,1,1
18:28:00.171,DISTRAZIONE,1,172.89,43.55,0.533,-3.859,7.966,-2.629,-0.201,0.079,-0.136,79.59,9.26,20.4,46,1,1
18:28:00.671,DISTRAZIONE,1,172.82,41.26,0.401,-4.173,8.049,-2.856,0.09,0.176,0.063,83.82,12.92,20.4,46,1,1
18:28:01.171,DISTRAZIONE,1,174.02,39.92,0.415,-4.051,8.327,-2.351,0.092,0.197,0.031,80.64,14.43,20.4,46,1,1
18:28:01.671,DISTRAZIONE,1,174.19,40.97,0.405,-4.029,8.523,-2.588,-0.274,-0.044,-0.02,77.72,12.63,20.4,46,1,1
18:28:02.172,DISTRAZIONE,1,179.25,35.6,0.298,-4.099,8.499,-2.739,-0.254,0.068,-0.066,80.91,5.12,20.4,46,1,1
18:28:02.672,DISTRAZIONE,1,176.29,37.64,0.312,-4.3,8.191,-2.354,-0.155,0.085,-0.066,84.19,4.96,20.4,46,1,1
18:28:03.172,DISTRAZIONE,0,0.0,0.0,0.0,-3.757,7.987,-2.581,-0.14,-0.009,0.066,83.28,5.02,20.4,46,1,1
18:28:03.672,DISTRAZIONE,0,0.0,0.0,0.0,-4.36,7.769,-2.653,-0.265,0.156,0.068,81.78,5.91,20.4,46,1,1
18:28:04.172,DISTRAZIONE,0,0.0,0.0,0.0,-4.501,8.811,-2.777,-0.098,0.06,0.056,83.74,7.34,20.4,46,1,1
18:28:04.672,DISTRAZIONE,1,176.18,33.68,0.41,-3.144,7.154,-3.977,-0.405,0.008,-0.062,80.46,9.54,20.4,46,1,1
18:28:05.172,DISTRAZIONE,1,178.19,65.18,0.43,-3.941,8.432,-2.662,-1.098,0.2,-0.528,82.98,13.7,20.4,46,1,1
18:28:05.672,DISTRAZIONE,1,-164.79,-2.83,0.221,-3.95,8.138,-2.94,-0.619,-0.002,-0.25,83.21,19.5,20.4,46,1,1
18:28:06.172,DISTRAZIONE,1,176.56,33.27,0.343,-3.572,8.114,-2.875,-0.049,0.076,-0.018,76.98,22.44,20.4,46,1,1
18:28:06.672,DISTRAZIONE,1,176.7,32.64,0.403,-4.269,7.827,-2.626,-0.198,0.054,-0.014,78.9,20.9,20.4,46,1,1
18:28:07.172,DISTRAZIONE,1,168.88,37.73,0.502,-3.891,7.855,-3.864,-0.057,0.037,0.019,71.8,6.07,20.4,46,1,1
18:28:07.672,DISTRAZIONE,1,169.15,28.8,0.32,-3.859,7.997,-2.765,-0.128,0.111,-0.056,81.38,6.74,20.4,46,1,1
18:28:08.172,DISTRAZIONE,1,174.43,30.49,0.279,-4.173,7.743,-2.562,-0.121,0.179,-0.217,78.86,8.34,20.4,46,1,1
18:28:08.672,DISTRAZIONE,1,179.17,31.71,0.302,-3.778,8.152,-2.954,0.142,-0.01,0.046,86.52,10.8,20.4,46,1,1
18:28:09.172,DISTRAZIONE,1,-169.71,49.83,0.116,-4.199,7.994,-2.081,-0.143,0.079,-0.108,79.31,14.41,20.4,46,1,1
18:28:09.672,DISTRAZIONE,1,179.91,34.84,0.33,-3.931,8.708,-2.44,-0.115,0.121,-0.109,80.72,18.51,20.4,46,1,1
18:28:10.172,DISTRAZIONE,1,-179.01,33.93,0.331,-2.741,9.304,-1.489,-0.236,-0.076,-0.028,81.5,20.52,20.4,46,1,1
18:28:10.673,DISTRAZIONE,1,-174.64,33.64,0.231,-2.691,9.012,-1.951,0.094,-0.206,0.128,80.39,17.18,20.4,46,1,1
18:28:11.173,DISTRAZIONE,1,-173.1,33.71,0.321,-2.84,9.179,-1.544,0.079,-0.164,0.145,82.79,5.46,20.4,46,1,1
18:28:11.673,DISTRAZIONE,1,-179.25,30.74,0.355,-3.191,9.21,-1.738,-0.017,-0.131,0.072,77.65,5.63,20.4,46,1,1
18:28:12.173,DISTRAZIONE,0,0.0,0.0,0.0,-3.421,8.88,-3.065,-0.02,-0.046,-0.002,74.83,5.85,20.4,46,1,1
18:28:12.673,DISTRAZIONE,1,-173.61,-25.31,0.194,-3.282,8.528,-3.57,-0.073,-0.096,0.066,77.56,5.95,20.4,46,1,1
18:28:13.173,DISTRAZIONE,1,-174.21,23.38,0.076,-3.27,8.135,-4.161,0.001,0.006,0.023,78.87,7.77,20.4,46,1,1
18:28:13.673,DISTRAZIONE,1,-176.5,-3.9,0.316,-3.797,8.167,-4.085,0.018,-0.056,0.04,75.58,11.24,20.4,46,1,1
18:28:14.173,DISTRAZIONE,1,-175.49,-8.39,0.296,-4.345,8.557,-3.797,0.012,0.008,0.039,79.99,13.15,20.4,46,1,1
18:28:14.673,DISTRAZIONE,1,-179.98,-29.09,0.275,-3.388,7.779,-4.039,0.272,-0.046,0.07,81.74,14.18,20.4,46,1,1
18:28:15.173,DISTRAZIONE,1,174.39,-45.99,0.383,-4.235,8.092,-3.304,-0.333,0.251,-0.103,81.04,15.47,20.4,46,1,1
18:28:15.673,DISTRAZIONE,1,177.77,-36.24,0.367,-3.828,7.673,-3.484,-0.132,-0.004,-0.048,78.1,14.21,20.4,46,1,1
18:28:16.173,DISTRAZIONE,1,-170.97,-26.59,0.217,-4.729,8.219,-2.298,-0.249,-0.122,0.006,79.63,7.61,20.4,46,1,1
18:28:16.673,DISTRAZIONE,1,-174.2,41.55,0.203,-2.557,7.908,-3.998,0.078,0.231,-0.317,83.81,13.7,20.4,46,1,1
18:28:17.173,DISTRAZIONE,1,-179.51,-11.01,0.245,-4.283,7.807,-3.632,-0.151,0.084,0.105,87.18,12.28,20.4,46,1,1
18:28:17.673,VIGILE,1,178.32,14.25,0.289,-4.41,7.915,-2.789,-0.001,0.106,0.058,79.29,18.62,20.4,46,1,1
18:28:18.173,VIGILE,1,176.58,-14.02,0.287,-4.458,8.349,-4.106,-2.47,0.332,-1.71,83.77,14.66,20.4,46,1,1
18:28:18.673,VIGILE,1,-176.59,16.58,0.262,-4.049,7.762,-3.196,-0.261,0.164,-0.146,82.16,12.14,20.4,46,1,1
18:28:19.173,VIGILE,1,-171.59,27.66,0.17,-5.456,8.09,-3.175,-0.07,0.192,-0.098,82.57,5.46,20.4,46,1,1
18:28:19.673,VIGILE,1,-164.69,20.42,0.326,-4.348,8.033,-2.878,-0.128,0.151,-0.051,79.98,6.23,20.4,46,1,1
18:28:20.173,VIGILE,0,0.0,0.0,0.0,-4.456,8.265,-2.356,-0.294,0.01,0.011,81.59,7.39,20.4,46,1,1
18:28:20.674,VIGILE,1,-179.55,33.09,0.386,-4.403,7.918,-2.988,-0.187,0.153,-0.124,77.25,9.36,20.4,46,1,1
18:28:21.174,VIGILE,0,0.0,0.0,0.0,-3.579,8.181,-2.993,-0.053,-0.035,0.023,78.51,13.19,20.4,46,1,1
18:28:21.674,VIGILE,1,171.59,-16.0,0.207,-3.44,7.922,-3.663,-0.106,0.089,0.064,75.65,14.6,20.4,46,1,1
18:28:22.174,VIGILE,1,178.12,-15.38,0.291,-3.431,7.989,-2.727,-0.07,0.196,-0.242,84.95,7.92,20.4,46,1,1
18:28:22.674,DISTRAZIONE,1,179.29,-13.66,0.257,-3.67,7.721,-2.751,-0.182,0.109,-0.007,79.64,5.14,20.4,46,1,1
18:28:23.174,DISTRAZIONE,1,179.13,-14.16,0.322,-4.24,7.944,-4.082,-0.18,0.04,0.017,86.12,5.36,20.4,46,1,1
18:28:23.674,DISTRAZIONE,1,-169.48,-6.8,0.222,-4.051,7.19,-2.215,-0.223,0.005,0.079,86.4,6.07,20.4,46,1,1
18:28:24.174,VIGILE,1,-171.87,1.76,0.116,-4.705,8.25,-2.485,-0.082,0.1,-0.121,82.55,8.26,20.4,46,1,1
18:28:24.674,VIGILE,1,-171.97,-13.18,0.168,-4.175,8.765,-1.884,0.097,0.014,0.067,84.05,12.48,20.4,46,1,1
18:28:25.174,VIGILE,1,174.41,-10.04,0.263,-4.427,7.333,-2.909,-0.287,0.033,-0.135,86.79,16.84,20.4,46,1,1
18:28:25.674,VIGILE,1,174.63,-12.95,0.218,-3.646,8.27,-3.888,-0.24,0.103,-0.187,80.28,14.81,20.4,46,1,1
18:28:26.174,VIGILE,1,173.93,-11.95,0.278,-3.498,7.927,-3.519,-0.075,0.019,0.077,85.6,4.69,20.4,46,1,1
18:28:26.674,VIGILE,1,178.03,20.34,0.155,-4.501,8.559,-3.934,-0.206,-0.099,0.003,84.38,5.18,20.4,46,1,1
18:28:27.174,VIGILE,1,175.18,7.84,0.28,-3.469,8.497,-0.86,0.329,0.073,-0.407,89.41,6.01,20.4,46,1,1
18:28:27.674,VIGILE,1,171.05,-11.27,0.274,-3.989,8.526,-2.708,-0.038,0.147,0.004,85.8,8.26,20.4,46,1,1
18:28:28.174,VIGILE,1,174.16,-12.7,0.285,-4.458,7.954,-2.907,-0.012,0.094,0.096,78.75,13.84,20.4,46,1,1
18:28:28.674,VIGILE,1,179.06,-16.92,0.282,-4.367,8.351,-3.278,-0.127,0.114,-0.049,88.32,16.56,20.4,46,1,1
18:28:29.174,VIGILE,1,175.43,-15.68,0.235,-4.602,8.145,-2.763,-0.246,0.073,0.062,79.72,13.06,20.4,46,1,1
18:28:29.675,VIGILE,1,176.75,-11.81,0.287,-5.071,7.307,-3.79,-0.253,0.087,0.138,87.18,5.85,20.4,46,1,1
18:28:30.175,VIGILE,1,176.49,-17.35,0.274,-4.554,7.151,-3.081,-0.14,0.07,0.021,85.05,11.12,20.4,46,1,1
18:28:30.675,VIGILE,1,174.35,-18.04,0.266,-4.29,7.975,-3.074,-0.037,0.127,-0.104,82.81,7.77,20.4,46,1,1
18:28:31.175,VIGILE,1,173.99,-17.69,0.271,-3.838,7.408,-3.232,-0.132,0.144,0.094,86.53,11.27,20.4,46,1,1
18:28:31.675,VIGILE,1,174.28,-13.56,0.267,-4.444,8.068,-3.132,-0.219,0.064,0.022,81.81,16.51,20.4,46,1,1
18:28:32.175,VIGILE,1,174.77,-11.83,0.186,-3.922,8.025,-2.78,-0.107,0.128,-0.148,80.46,13.71,20.4,46,1,1
18:28:32.675,VIGILE,1,175.49,-7.8,0.254,-4.015,7.805,-2.444,-0.007,0.094,-0.039,77.01,4.41,20.4,46,1,1
18:28:33.175,VIGILE,1,176.75,-20.64,0.29,-3.821,8.284,-3.201,-0.102,0.092,0.043,79.25,5.02,20.4,46,1,1
18:28:33.675,VIGILE,1,177.67,10.12,0.279,-3.814,8.483,-2.931,-0.165,0.068,-0.045,83.34,6.56,20.4,46,1,1
18:28:34.175,VIGILE,1,-177.88,20.75,0.087,-4.357,8.358,-2.751,-0.165,0.12,-0.101,87.51,9.79,20.4,46,1,1
18:28:34.675,VIGILE,1,173.73,-16.2,0.277,-3.802,7.717,-2.904,-0.11,0.173,-0.062,80.48,14.6,20.4,46,1,1
18:28:35.175,VIGILE,1,170.58,-20.85,0.258,-4.082,8.133,-2.995,-0.085,0.081,0.005,82.49,15.68,20.4,46,1,1
18:28:35.675,VIGILE,1,173.67,-24.07,0.253,-4.379,7.549,-3.309,-0.244,0.128,-0.171,83.17,4.63,20.4,46,1,1
18:28:36.175,VIGILE,1,176.01,-23.22,0.293,-4.669,7.537,-3.56,-0.177,0.181,-0.063,81.98,5.08,20.4,46,1,1
18:28:36.675,VIGILE,1,174.74,-21.24,0.281,-4.918,7.671,-3.077,-0.167,0.121,0.057,82.34,6.34,20.4,46,1,1
18:28:37.175,VIGILE,1,173.09,-17.87,0.203,-4.178,8.803,-3.912,-0.055,0.338,0.208,75.04,8.81,20.4,46,1,1
18:28:37.675,VIGILE,1,174.56,-13.25,0.269,-3.946,7.369,-4.549,-0.502,0.001,0.047,80.19,13.51,20.4,46,1,1
18:28:38.176,VIGILE,1,172.25,-15.29,0.228,-4.527,8.399,-2.112,-0.276,0.046,-0.148,83.81,14.21,20.4,46,1,1
18:28:38.676,VIGILE,1,175.15,-18.05,0.266,-4.417,8.507,-2.437,-0.135,0.165,-0.031,74.16,5.02,20.4,46,1,1
18:28:39.176,VIGILE,1,173.69,-14.63,0.218,-4.448,8.169,-2.897,0.061,0.186,-0.104,76.78,4.69,20.4,46,1,1
18:28:39.676,VIGILE,1,178.78,-20.69,0.286,-3.759,7.417,-3.649,-0.085,0.127,0.086,86.41,4.92,20.4,46,1,1
18:28:40.176,VIGILE,1,172.48,-12.06,0.269,-3.723,8.052,-3.029,-0.169,-0.005,0.04,77.47,8.32,20.4,46,1,1
18:28:40.676,VIGILE,1,171.18,-9.62,0.265,-3.529,8.435,-3.318,-0.194,0.026,0.035,86.27,14.52,20.4,46,1,1
18:28:41.176,VIGILE,1,170.17,-7.77,0.245,-4.515,7.901,-3.833,-0.253,-0.045,0.127,80.07,27.01,20.4,46,1,1
18:28:41.676,VIGILE,1,173.68,-3.66,0.273,-3.409,9.134,-3.608,-0.072,0.132,-0.112,84.58,3.97,20.4,46,1,1
18:28:42.176,VIGILE,1,179.93,-14.94,0.291,-4.36,8.602,-2.04,-0.119,0.057,0.124,84.45,3.81,20.4,46,1,1
18:28:42.676,VIGILE,1,176.95,-10.93,0.24,-3.747,8.689,-2.188,-0.28,0.086,0.003,79.03,4.69,20.4,46,1,1
18:28:43.176,VIGILE,1,177.82,-18.99,0.27,-4.7,8.061,-2.667,-0.094,0.135,-0.053,80.44,10.35,20.4,46,1,1
18:28:43.676,VIGILE,1,178.95,-21.97,0.28,-5.03,8.461,-2.543,-0.363,0.009,-0.178,85.54,22.48,20.4,46,1,1
18:28:44.176,VIGILE,1,-177.73,-19.68,0.282,-3.994,8.215,-3.024,-0.112,0.063,0.067,83.89,18.63,20.4,46,1,1
18:28:44.676,VIGILE,1,179.93,-13.14,0.26,-3.73,8.004,-2.772,-0.028,0.176,-0.05,85.64,4.09,20.4,46,1,1
18:28:45.176,VIGILE,1,174.28,-4.71,0.249,-3.721,7.403,-3.072,-0.179,0.149,-0.413,80.26,4.25,20.4,46,1,1
18:28:45.676,VIGILE,1,174.6,-2.13,0.254,-3.917,7.511,-2.861,-0.218,0.098,-0.155,82.72,6.62,20.4,46,1,1
18:28:46.176,VIGILE,1,173.85,-0.32,0.247,-3.9,8.353,-2.466,-0.22,-0.086,0.247,75.33,12.93,20.4,46,1,1
18:28:46.676,VIGILE,1,174.43,6.58,0.285,-3.773,7.274,-2.648,-0.078,0.121,-0.354,82.98,23.74,20.4,46,1,1
18:28:47.176,VIGILE,1,174.04,3.88,0.273,-4.243,8.452,-2.751,-0.17,0.034,0.092,82.73,16.23,20.4,46,1,1
18:28:47.676,VIGILE,1,176.06,10.03,0.231,-4.726,8.595,-2.775,-0.148,0.045,0.043,78.47,4.86,20.4,46,1,1
18:28:48.176,VIGILE,1,177.66,9.11,0.236,-4.456,8.114,-2.03,-0.132,-0.059,0.063,82.84,5.08,20.4,46,1,1
18:28:48.677,VIGILE,1,174.18,14.37,0.18,-3.845,8.464,-2.009,-0.333,-0.051,0.139,81.53,6.9,20.4,46,1,1
18:28:49.177,VIGILE,1,176.11,10.19,0.287,-2.981,9.852,-3.278,-0.329,-0.039,0.261,78.12,12.32,20.4,46,1,1
18:28:49.677,VIGILE,1,177.72,6.95,0.283,-3.61,9.11,-2.009,-0.101,0.001,-0.006,80.38,24.29,20.4,46,1,1
18:28:50.177,VIGILE,1,174.28,-13.16,0.298,-3.632,8.61,-1.851,-0.044,-0.076,-0.07,86.47,23.61,20.4,46,1,1
18:28:50.677,VIGILE,1,172.98,-39.45,0.324,-2.914,8.526,-0.184,0.123,-0.142,0.086,85.94,4.86,20.4,46,1,1
18:28:51.177,VIGILE,1,-179.06,31.17,0.35,-2.607,9.38,-0.85,0.01,-0.051,0.04,82.11,4.86,20.4,46,1,1
18:28:51.677,VIGILE,1,-176.95,31.6,0.346,-2.373,9.024,-1.575,-0.058,-0.006,-0.175,81.14,5.14,20.4,46,1,1
18:28:52.177,VIGILE,1,177.99,33.14,0.359,-4.606,10.206,-0.795,-0.014,-0.141,0.423,80.18,7.06,20.4,46,1,1
18:28:52.677,VIGILE,1,173.68,35.67,0.398,-2.219,10.053,-1.068,-0.121,-0.067,-0.062,88.63,13.05,20.4,46,1,1
18:28:53.177,VIGILE,1,173.61,34.48,0.391,-2.404,9.941,-1.022,-0.093,-0.212,0.169,81.09,22.14,20.4,46,1,1
18:28:53.678,VIGILE,1,176.1,31.57,0.337,-1.788,9.725,-0.455,0.131,-0.322,0.16,82.32,34.4,20.4,46,1,1
18:28:54.178,VIGILE,1,173.74,32.66,0.337,-2.083,9.993,-1.099,-0.016,-0.343,0.155,77.1,7.75,20.4,46,1,1
18:28:54.678,VIGILE,1,171.91,51.47,0.335,-1.065,10.163,-1.528,0.42,-0.209,0.141,83.26,13.75,20.4,46,1,1
18:28:55.178,VIGILE,1,178.19,25.76,0.231,-1.211,10.087,-1.487,0.398,-0.292,0.343,77.79,3.36,20.4,46,1,1
18:28:55.678,VIGILE,1,174.27,25.84,0.317,-0.833,10.036,-3.227,0.257,-0.211,0.119,79.31,1.87,20.4,46,1,1
18:28:56.178,VIGILE,1,176.62,17.85,0.295,-2.433,9.12,-3.158,0.097,-0.238,0.002,78.73,0.99,20.4,46,1,1
18:28:56.678,VIGILE,1,174.53,-10.34,0.286,-2.617,8.215,-5.164,-0.018,0.125,0.077,84.15,13.7,20.4,46,1,1
18:28:57.178,VIGILE,1,175.22,-7.7,0.283,-4.379,7.12,-4.839,-0.203,0.141,-0.014,79.86,34.12,20.4,46,1,1
18:28:57.678,VIGILE,1,177.89,-10.62,0.307,-2.921,8.475,-5.057,-0.17,0.188,-0.091,83.41,0.65,20.4,46,1,1
18:28:58.179,VIGILE,1,176.29,-11.81,0.274,-4.128,8.004,-2.99,-0.188,0.143,-0.257,82.11,10.41,20.4,46,1,1
18:28:58.679,VIGILE,1,174.06,-10.37,0.301,-3.742,8.643,-3.974,0.159,0.498,-0.07,85.38,23.27,20.4,46,1,1
18:28:59.179,VIGILE,1,175.33,-8.96,0.271,-3.843,8.377,-2.885,-0.171,0.097,0.045,82.09,6.44,20.4,46,1,1
18:28:59.679,VIGILE,1,172.34,-3.88,0.237,-3.553,8.277,-3.383,-0.162,0.033,-0.056,78.97,7.38,20.4,46,1,1
18:29:00.179,VIGILE,1,173.93,-1.84,0.253,-3.34,9.081,-3.163,0.023,0.094,0.048,77.23,7.48,20.4,46,1,1
18:29:00.679,VIGILE,1,172.68,9.01,0.253,-3.247,8.332,-1.757,-0.34,-0.069,0.08,78.39,9.42,20.4,46,1,1
18:29:01.179,VIGILE,1,174.34,-14.77,0.265,-4.618,7.884,-3.165,-0.232,-0.085,0.075,80.94,14.41,20.4,46,1,1
18:29:01.679,VIGILE,1,174.3,-12.59,0.299,-3.316,8.203,-3.338,0.253,0.187,0.048,82.51,24.96,20.4,46,1,1
18:29:02.179,VIGILE,1,177.5,-16.07,0.226,-3.929,7.633,-2.974,-0.189,0.046,0.035,86.26,27.45,20.4,46,1,1
18:29:02.679,VIGILE,1,177.68,-15.05,0.285,-3.033,6.835,-4.08,-0.384,0.001,-0.23,71.35,8.28,20.4,46,1,1
18:29:03.179,VIGILE,1,169.81,-8.03,0.285,-3.108,11.121,-5.988,0.65,0.777,-0.193,84.55,17.94,20.4,46,1,1
18:29:03.679,VIGILE,1,172.96,-19.04,0.288,-2.914,8.155,-3.033,-0.218,-0.023,0.087,85.67,34.4,20.4,46,1,1
18:29:04.179,VIGILE,1,173.52,-16.91,0.274,-3.436,7.034,-3.867,-0.405,-0.084,-0.316,84.6,37.65,20.4,46,1,1
18:29:04.679,VIGILE,1,176.34,-18.29,0.31,-5.976,5.873,-3.206,-0.264,-0.072,0.083,88.62,7.82,20.4,46,1,1
18:29:05.179,VIGILE,1,175.23,-20.19,0.298,-3.172,8.1,-3.551,-0.714,0.034,-0.379,83.09,5.46,20.4,46,1,1
18:29:05.679,VIGILE,1,171.45,-19.78,0.288,-4.063,7.973,-3.019,-0.036,0.149,0.2,85.38,4.86,20.4,46,1,1
18:29:06.179,VIGILE,1,174.5,-24.22,0.295,-4.35,7.539,-2.598,-0.065,0.068,-0.056,75.38,4.63,20.4,46,1,1
18:29:06.680,VIGILE,1,175.15,-24.13,0.294,-4.855,8.938,-2.729,-0.253,0.22,-0.365,82.98,4.69,20.4,46,1,1
18:29:07.180,VIGILE,1,175.72,-20.8,0.247,-6.404,8.203,-4.81,0.834,0.163,0.054,84.29,4.47,20.4,46,1,1
18:29:07.680,VIGILE,1,172.46,-16.59,0.275,-5.667,6.845,-3.433,-0.067,0.052,0.052,87.43,5.3,20.4,46,1,1
18:29:08.180,VIGILE,1,174.05,-5.74,0.267,-4.573,7.271,-3.431,-0.598,0.061,-0.087,84.28,10.2,20.4,46,1,1
18:29:08.680,VIGILE,1,173.78,-6.99,0.29,-4.231,8.298,-1.343,-0.484,0.177,-0.496,88.02,22.72,20.4,46,1,1
18:29:09.180,VIGILE,1,172.76,-13.69,0.272,-4.774,8.011,-4.417,0.144,0.026,0.206,87.65,22.41,20.4,46,1,1
18:29:09.680,VIGILE,1,174.68,-13.68,0.28,-3.16,8.368,-3.565,-0.076,0.215,0.011,86.63,4.25,20.4,46,1,1
18:29:10.180,VIGILE,1,175.03,-11.82,0.274,-3.864,8.282,-2.665,-0.16,-0.048,-0.011,84.37,4.8,20.4,46,1,1
18:29:10.680,VIGILE,1,173.38,-14.97,0.268,-3.721,7.594,-3.206,-0.154,0.023,-0.043,81.54,9.26,20.4,46,1,1
18:29:11.180,VIGILE,1,175.07,-14.61,0.278,-4.389,8.545,-3.345,0.086,0.285,0.246,80.9,20.57,20.4,46,1,1
18:29:11.680,VIGILE,1,-179.67,12.5,0.136,-3.445,8.744,-3.148,0.081,0.371,-0.067,80.18,9.72,20.4,46,1,1
18:29:12.180,VIGILE,1,176.89,-4.68,0.281,-4.408,8.164,-2.437,-0.155,-0.007,0.021,84.79,5.18,20.4,46,1,1
18:29:12.680,VIGILE,1,177.2,-15.55,0.27,-4.274,8.188,-2.926,-0.083,0.086,0.038,87.87,7.67,20.4,46,1,1
18:29:13.180,VIGILE,1,173.21,-16.09,0.277,-3.735,8.533,-2.899,-0.111,0.143,-0.088,85.59,13.3,20.4,46,1,1
18:29:13.680,VIGILE,1,173.3,-5.27,0.264,-3.982,8.543,-2.959,-0.118,0.037,0.038,87.88,23.66,20.4,46,1,1
18:29:14.180,VIGILE,1,173.8,-11.09,0.21,-3.589,7.851,-3.294,-0.2,0.381,-0.108,88.58,3.97,20.4,46,1,1
18:29:14.680,VIGILE,1,173.37,-7.15,0.226,-3.778,8.502,-2.607,-0.59,-0.052,0.09,88.64,5.63,20.4,46,1,1
18:29:15.180,VIGILE,1,175.03,-11.3,0.301,-3.369,7.817,-3.282,-0.042,0.128,-0.088,82.9,11.12,20.4,46,1,1
18:29:15.681,VIGILE,1,175.03,-15.46,0.288,-3.373,9.584,-3.711,0.744,0.102,1.188,88.46,25.32,20.4,46,1,1
18:29:16.181,VIGILE,1,168.63,-15.36,0.29,-3.766,8.442,-3.208,-0.178,0.073,-0.065,82.75,4.47,20.4,46,1,1
18:29:16.681,VIGILE,1,170.05,-10.87,0.249,-4.223,8.238,-3.254,-0.14,0.147,0.032,81.28,6.4,20.4,46,1,1
18:29:17.181,VIGILE,1,173.71,-14.45,0.293,-4.18,8.126,-3.27,-0.339,0.051,-0.095,80.76,11.67,20.4,46,1,1
18:29:17.681,VIGILE,1,172.42,-13.65,0.296,-4.839,7.717,-3.045,-0.186,0.253,-0.127,81.09,26.29,20.4,46,1,1
18:29:18.181,VIGILE,1,175.84,-17.81,0.255,-5.533,8.334,-2.646,-0.107,0.027,-0.078,86.14,3.58,20.4,46,1,1
18:29:18.681,VIGILE,1,175.69,-15.25,0.299,-4.391,7.642,-2.306,-0.146,-0.059,0.092,84.32,3.81,20.4,46,1,1
18:29:19.181,VIGILE,1,179.81,-19.57,0.247,-3.917,8.581,-2.995,-0.044,0.282,-0.104,84.78,7.88,20.4,46,1,1
18:29:19.681,DISTRAZIONE,1,-177.73,29.5,0.156,-4.865,7.827,-2.454,-0.3,0.038,-0.054,84.76,20.47,20.4,46,1,1
18:29:20.181,DISTRAZIONE,1,-178.54,15.57,0.278,-4.788,7.985,-2.382,-0.152,-0.067,-0.144,84.84,19.77,20.4,46,1,1
18:29:20.681,DISTRAZIONE,1,-173.08,27.48,0.107,-4.111,7.922,-1.963,-0.239,-0.05,0.017,84.31,3.97,20.4,46,1,1
18:29:21.181,DISTRAZIONE,1,-176.57,27.45,0.149,-4.714,8.207,-1.149,-0.071,0.046,-0.097,87.4,5.18,20.4,46,1,1
18:29:21.681,DISTRAZIONE,1,-174.39,28.8,0.331,-6.244,8.533,0.211,-0.176,0.112,-0.056,87.09,12.16,20.4,46,1,1
18:29:22.181,DISTRAZIONE,1,-170.25,31.1,0.152,-5.241,8.15,-1.322,-0.118,0.117,0.136,87.57,24.72,20.4,46,1,1
18:29:22.681,DISTRAZIONE,1,-170.33,45.21,0.288,-5.042,8.004,-1.966,-0.258,0.174,-0.211,77.27,22.78,20.4,46,1,1
18:29:23.181,DISTRAZIONE,1,-172.02,33.71,0.215,-5.112,7.977,-0.965,-0.196,-0.129,0.081,82.03,3.64,20.4,46,1,1
18:29:23.682,DISTRAZIONE,1,-177.89,34.74,0.25,-4.602,8.2,-2.306,-0.058,0.109,-0.091,84.09,3.26,20.4,46,1,1
18:29:24.182,DISTRAZIONE,1,-176.56,31.58,0.207,-4.434,8.32,-2.842,-0.121,0.105,0.083,84.52,3.32,20.4,46,1,1
18:29:24.682,DISTRAZIONE,1,-174.89,28.14,0.184,-4.551,8.124,-1.913,-0.134,0.024,-0.007,80.87,5.52,20.4,46,1,1
18:29:25.182,DISTRAZIONE,1,-175.78,28.9,0.196,-5.227,7.966,-1.46,-0.171,0.026,-0.058,80.5,9.09,20.4,46,1,1
18:29:25.682,DISTRAZIONE,1,-177.19,47.81,0.313,-5.291,8.255,-1.001,-0.084,0.178,-0.071,78.38,15.56,20.4,46,1,1
18:29:26.182,DISTRAZIONE,1,-174.07,31.45,0.227,-4.848,8.327,-2.547,-0.097,0.126,-0.021,80.85,24.96,20.4,46,1,1
18:29:26.682,DISTRAZIONE,1,-175.92,50.04,0.33,-4.913,8.27,-2.057,-0.116,0.149,0.001,77.47,30.07,20.4,46,1,1
18:29:27.182,DISTRAZIONE,1,-177.95,46.37,0.322,-4.585,8.286,-1.336,-0.193,-0.088,-0.055,79.49,28.04,20.4,46,1,1
18:29:27.682,DISTRAZIONE,1,-171.52,25.0,0.174,-5.581,8.176,-0.065,-0.176,0.045,-0.051,84.1,25.63,20.4,46,1,1
18:29:28.182,DISTRAZIONE,1,-172.56,26.5,0.133,-5.859,8.095,-0.268,-0.123,0.081,-0.024,83.31,7.48,20.4,46,1,1
18:29:28.682,DISTRAZIONE,1,-170.86,27.91,0.169,-4.07,8.188,-3.448,-0.112,0.052,0.035,74.81,5.41,20.4,46,1,1
18:29:29.182,DISTRAZIONE,1,-170.31,28.63,0.132,-4.298,8.083,-2.674,-0.13,0.079,-0.038,72.51,5.41,20.4,46,1,1
18:29:29.682,DISTRAZIONE,1,-171.69,28.7,0.175,-4.317,8.174,-3.002,-0.136,0.063,0.013,76.65,5.41,20.4,46,1,1
18:29:30.182,DISTRAZIONE,1,-171.12,25.57,0.141,-4.219,8.27,-2.658,-0.117,0.071,-0.04,77.41,5.41,20.4,46,1,1
18:29:30.682,DISTRAZIONE,1,-170.87,22.99,0.131,-4.355,8.023,-2.978,-0.099,0.061,-0.057,77.51,5.41,20.4,46,1,1
18:29:31.182,DISTRAZIONE,1,-170.7,23.86,0.129,-4.199,8.047,-3.053,-0.127,0.074,-0.029,72.43,5.41,20.4,46,1,1
18:29:31.682,DISTRAZIONE,1,-170.89,30.59,0.29,-4.283,8.056,-3.139,-0.151,-0.012,0.042,75.93,5.41,20.4,46,1,1
18:29:32.183,DISTRAZIONE,1,-171.07,32.47,0.338,-4.259,8.217,-2.974,-0.132,0.05,0.053,71.29,5.41,20.4,46,1,1
18:29:32.683,DISTRAZIONE,1,-178.61,38.84,0.427,-4.334,8.045,-2.88,-0.127,0.058,-0.066,79.24,5.41,20.4,46,1,1
18:29:33.183,DISTRAZIONE,1,-161.18,1.18,0.236,-4.341,8.339,-2.871,-0.114,0.078,0.041,86.06,5.41,20.4,46,1,1
18:29:33.683,DISTRAZIONE,1,-166.67,-28.8,0.248,-4.154,7.922,-2.962,-0.124,0.079,-0.074,79.78,5.41,20.4,46,1,1
18:29:34.183,DISTRAZIONE,1,-165.56,32.34,0.33,-3.948,8.121,-2.856,-0.159,0.092,-0.014,87.13,5.51,20.4,46,1,1
18:29:34.683,DISTRAZIONE,1,-167.23,16.2,0.14,-4.135,7.994,-3.12,-0.115,0.094,-0.062,87.66,5.51,20.4,46,1,1
18:29:35.183,DISTRAZIONE,1,-163.43,35.07,0.123,-4.132,8.21,-3.005,-0.144,0.117,0.018,81.01,5.51,20.4,46,1,1
18:29:35.683,DISTRAZIONE,1,-166.13,38.3,0.144,-4.049,7.827,-2.854,-0.168,0.056,-0.061,82.0,5.51,20.4,46,1,1
18:29:36.183,DISTRAZIONE,1,-166.99,39.63,0.14,-3.996,8.025,-2.804,-0.127,0.082,-0.023,75.2,5.51,20.4,46,1,1
18:29:36.683,MALORE,1,-168.56,39.95,0.139,-4.36,8.162,-2.837,-0.126,0.067,0.067,81.52,5.51,20.3,46,1,1
18:29:37.183,MALORE,0,0.0,0.0,0.0,-4.369,8.325,-2.926,-0.126,0.06,0.065,79.66,5.51,20.3,46,1,1
18:29:37.683,MALORE,1,146.9,3.18,0.194,-4.073,8.066,-2.919,-0.131,0.073,-0.091,81.27,5.51,20.3,46,1,1
18:29:38.183,MALORE,1,151.8,6.62,0.182,-4.192,8.047,-2.825,-0.187,0.047,0.042,77.42,5.35,20.3,46,1,1
18:29:38.683,MALORE,1,152.31,7.88,0.137,-4.286,8.083,-3.055,-0.122,0.066,-0.04,72.57,5.35,20.3,46,1,1
18:29:39.183,MALORE,1,152.35,8.13,0.145,-4.235,8.162,-2.945,-0.124,0.113,-0.027,73.91,5.35,20.3,46,1,1
18:29:39.683,MALORE,1,152.26,9.94,0.176,-4.104,8.047,-2.758,-0.137,0.058,-0.019,77.37,5.35,20.3,46,1,1
18:29:40.184,MALORE,1,151.9,8.55,0.142,-4.214,8.217,-3.017,-0.107,0.077,0.016,70.92,5.35,20.3,46,1,1
18:29:40.684,MALORE,1,152.59,10.33,0.137,-4.037,7.913,-3.012,-0.127,0.075,-0.084,82.1,5.35,20.3,46,1,1
18:29:41.184,MALORE,1,153.63,8.78,0.138,-4.183,8.119,-2.907,-0.167,0.05,0.028,78.52,5.35,20.3,46,1,1
18:29:41.684,MALORE,1,151.69,9.14,0.118,-4.159,8.102,-2.887,-0.115,0.078,-0.035,78.0,5.35,20.3,46,1,1
18:29:42.184,MALORE,1,153.45,10.75,0.126,-4.271,7.975,-3.211,-0.13,0.062,-0.026,81.22,5.35,20.3,46,1,1
18:29:42.684,MALORE,1,152.67,9.26,0.134,-4.144,8.195,-3.084,-0.16,0.109,0.024,79.65,5.35,20.3,46,1,1
18:29:43.184,MALORE,1,153.89,10.73,0.152,-3.96,7.954,-3.055,-0.172,0.088,-0.04,78.77,5.35,20.3,46,1,1
18:29:43.684,MALORE,1,153.45,10.62,0.147,-3.996,8.167,-2.861,-0.131,0.099,-0.022,75.41,5.35,20.3,46,1,1
18:29:44.184,MALORE,1,154.3,9.65,0.138,-4.422,8.2,-3.021,-0.112,0.06,0.038,76.51,5.18,20.3,46,1,1
18:29:44.684,MALORE,1,151.6,10.78,0.149,-4.13,7.982,-2.99,-0.153,0.074,-0.07,80.0,5.18,20.3,46,1,1
18:29:45.184,MALORE,1,151.95,10.83,0.123,-4.207,8.035,-3.096,-0.148,0.079,0.002,74.26,5.18,20.3,46,1,1
18:29:45.684,MALORE,1,153.96,12.39,0.147,-4.231,8.296,-2.866,-0.154,0.069,0.029,72.04,5.18,20.3,46,1,1
18:29:46.184,MALORE,1,152.34,9.84,0.136,-4.159,8.133,-2.835,-0.115,0.077,-0.044,74.18,5.18,20.3,46,1,1
18:29:46.684,MALORE,1,151.43,10.81,0.13,-4.159,7.98,-3.141,-0.114,0.092,-0.072,75.72,5.18,20.3,46,1,1
18:29:47.184,MALORE,1,152.39,10.29,0.137,-4.31,8.229,-2.928,-0.14,0.067,0.054,78.98,5.18,20.3,46,1,1
18:29:47.684,MALORE,1,152.82,10.23,0.136,-4.314,7.994,-2.911,-0.125,0.058,-0.031,78.98,5.18,20.3,46,1,1
18:29:48.185,MALORE,1,152.96,11.63,0.145,-3.974,7.939,-2.993,-0.134,0.083,-0.017,78.98,5.18,20.3,46,1,1
18:29:48.685,MALORE,1,153.78,10.5,0.186,-4.357,8.349,-2.89,-0.119,0.061,0.025,78.98,5.02,20.3,46,1,1
18:29:49.185,MALORE,1,151.95,9.29,0.195,-4.544,8.226,-2.88,-0.148,0.025,-0.043,78.98,5.18,20.3,46,1,1
18:29:49.685,MALORE,1,157.06,29.45,0.263,-4.216,7.994,-3.1,-0.114,0.09,-0.046,78.98,5.18,20.3,46,1,1
18:29:50.185,MALORE,1,152.8,26.0,0.231,-4.137,8.121,-2.935,-0.176,0.079,0.047,78.98,5.18,20.3,46,1,1
18:29:50.685,MALORE,1,154.8,28.8,0.228,-3.994,8.215,-2.847,-0.135,0.118,-0.015,78.98,5.18,20.3,46,1,1
18:29:51.185,MALORE,1,165.58,56.89,0.356,-4.29,7.985,-2.954,-0.117,0.057,-0.084,78.98,5.18,20.3,46,1,1
18:29:51.685,MALORE,0,0.0,0.0,0.0,-4.434,8.042,-2.945,-0.145,-0.002,0.042,78.98,5.18,20.3,46,1,1
18:29:52.185,MALORE,1,-166.14,72.08,0.374,-4.274,8.066,-3.062,-0.127,0.094,-0.015,78.98,5.18,20.3,46,1,1
18:29:52.686,MALORE,1,-170.28,73.04,0.415,-4.02,8.045,-2.923,-0.143,0.092,-0.027,78.98,5.18,20.3,46,1,1
18:29:53.186,MALORE,1,-170.18,32.4,0.342,-4.317,8.353,-3.017,-0.12,0.082,0.026,78.98,5.18,20.3,46,1,1
18:29:53.686,MALORE,0,0.0,0.0,0.0,-4.164,8.073,-2.928,-0.144,0.065,-0.076,78.98,5.18,20.3,46,1,1
18:29:54.186,MALORE,1,-179.17,-17.84,0.309,-4.202,8.054,-3.098,-0.115,0.032,-0.006,78.98,5.18,20.3,46,1,1
18:29:54.686,MALORE,1,-175.57,3.66,0.185,-3.689,8.207,-3.812,-0.165,0.336,-0.106,78.98,5.18,20.3,46,1,1
18:29:55.186,VIGILE,1,-177.67,16.81,0.288,-3.4,7.748,-4.855,-0.165,-0.119,0.049,78.98,5.02,20.3,46,1,1
18:29:55.686,VIGILE,1,-177.58,23.34,0.127,-2.909,8.009,-4.769,-0.037,0.283,0.002,78.98,5.02,20.3,46,1,1
18:29:56.187,VIGILE,1,176.86,7.89,0.316,-3.953,8.068,-3.682,-0.118,0.167,-0.056,78.98,5.51,20.3,46,1,1
18:29:56.687,VIGILE,1,173.51,-16.84,0.254,-4.101,8.435,-2.088,-0.153,0.093,-0.113,78.98,8.53,20.3,46,1,1
18:29:57.187,VIGILE,1,175.73,-21.35,0.3,-4.503,8.344,-2.777,-0.15,0.095,-0.074,78.98,10.28,20.3,46,1,1
18:29:57.687,VIGILE,1,174.03,-23.2,0.276,-4.575,8.215,-2.945,-0.12,0.081,0.051,78.98,11.32,20.3,46,1,1
18:29:58.187,VIGILE,1,171.62,-21.43,0.271,-4.484,7.898,-2.531,-0.126,0.094,-0.018,78.98,12.68,20.3,46,1,1
18:29:58.687,VIGILE,1,172.16,-18.4,0.281,-4.681,8.315,-1.755,-0.097,0.099,-0.033,78.98,13.13,20.3,46,1,1
18:29:59.187,VIGILE,1,175.5,-17.18,0.272,-4.719,7.97,-1.8,-0.101,0.139,-0.054,78.98,13.84,20.3,46,1,1
18:29:59.687,VIGILE,1,177.3,-19.49,0.298,-4.456,8.267,-2.227,-0.059,0.098,0.033,78.98,14.55,20.3,46,1,1
18:30:00.187,VIGILE,1,177.25,-20.73,0.272,-4.288,8.356,-2.794,-0.128,0.06,0.037,78.98,14.82,20.3,46,1,1
18:30:00.687,VIGILE,1,178.8,-22.5,0.291,-4.223,8.152,-2.686,-0.152,0.079,0.032,78.98,15.04,20.3,46,1,1
18:30:01.187,VIGILE,1,175.64,-23.76,0.299,-3.91,8.195,-2.83,-0.12,0.122,-0.033,78.98,15.37,20.3,46,1,1
18:30:01.687,VIGILE,1,177.76,-25.42,0.282,-3.994,7.932,-5.148,-0.052,0.145,-0.039,78.98,15.26,20.3,46,1,1
18:30:02.187,VIGILE,1,177.98,-30.99,0.296,-4.113,8.035,-6.098,-0.179,0.801,-0.171,78.98,15.75,20.3,46,1,1
18:30:02.687,VIGILE,1,-178.7,-36.76,0.216,-6.163,6.419,-3.886,-0.537,0.328,-0.191,78.98,16.58,20.3,46,1,1
18:30:03.187,VIGILE,1,-176.48,-43.87,0.283,-5.389,6.124,-4.52,-0.526,0.61,0.029,78.98,16.09,20.3,46,1,1
18:30:03.688,VIGILE,1,-176.88,-39.85,0.231,-5.234,5.586,-4.829,-0.485,0.489,-0.185,78.98,15.99,20.3,46,1,1
18:30:04.190,VIGILE,1,179.0,-50.38,0.351,-6.419,6.033,-4.075,-0.482,0.501,-0.216,78.98,17.91,20.3,46,1,1
18:30:04.690,VIGILE,1,179.05,-32.27,0.28,-5.691,7.41,-3.141,-0.31,0.425,-0.092,78.98,19.44,20.3,46,1,1
18:30:05.190,VIGILE,1,177.17,-27.24,0.285,-5.353,7.597,-2.751,-0.347,0.131,0.008,78.98,20.69,20.3,46,1,1
18:30:05.690,VIGILE,1,176.43,-22.78,0.297,-3.287,7.592,-4.913,-0.025,0.429,-0.023,78.98,21.93,20.3,46,1,1
18:30:06.190,VIGILE,1,174.2,-14.02,0.205,-3.967,7.238,-3.273,-0.308,-0.11,-0.222,78.98,21.49,20.3,46,1,1
18:30:06.690,VIGILE,1,174.76,3.11,0.282,-4.362,7.475,-2.938,-0.48,0.12,-0.139,78.98,18.91,20.3,46,1,1
18:30:07.190,VIGILE,1,175.74,-1.9,0.285,-3.163,8.186,-4.001,-0.253,0.167,0.035,78.98,3.36,20.3,46,1,1
18:30:07.690,VIGILE,1,175.03,-1.76,0.309,-3.139,8.121,-4.8,-0.193,0.22,0.001,78.98,2.81,20.3,46,1,1
18:30:08.190,VIGILE,1,176.54,-1.03,0.308,-3.285,7.872,-4.283,-0.109,-0.037,-0.248,78.98,2.81,20.3,46,1,1
18:30:08.690,VIGILE,1,173.69,-8.49,0.257,-4.168,8.375,-2.181,-0.285,-0.034,0.1,78.98,3.36,20.3,46,1,1
18:30:09.190,VIGILE,1,172.53,1.78,0.29,-4.312,8.547,-2.373,-0.114,0.08,0.171,78.98,3.81,20.3,46,1,1
18:30:09.690,VIGILE,1,172.84,-7.91,0.268,-4.029,8.291,-3.898,-0.223,0.035,-0.001,78.98,4.13,20.3,46,1,1
18:30:10.191,VIGILE,1,174.35,-6.01,0.278,-4.106,8.159,-3.297,-0.156,0.092,-0.011,78.98,4.8,20.3,46,1,1
18:30:10.691,VIGILE,1,174.18,-11.6,0.283,-3.704,7.626,-3.361,-0.233,-0.084,-0.155,78.98,6.56,20.3,46,1,1
18:30:11.191,VIGILE,1,172.67,-9.02,0.262,-3.759,8.061,-3.187,-0.223,-0.154,0.004,78.98,9.69,20.3,46,1,1
18:30:11.691,VIGILE,1,173.08,-7.59,0.278,-4.329,8.315,-3.642,-0.276,0.023,0.02,78.98,15.6,20.3,46,1,1
18:30:12.191,VIGILE,1,170.66,-11.25,0.275,-3.414,8.047,-3.201,-0.19,0.043,0.11,78.98,21.11,20.3,46,1,1
18:30:12.691,VIGILE,1,170.39,-2.82,0.273,-3.759,7.807,-3.761,-0.12,0.232,-0.149,78.98,18.41,20.3,46,1,1
18:30:13.191,VIGILE,1,172.03,-9.75,0.237,-3.211,7.705,-3.433,-0.104,0.022,-0.055,78.98,2.92,20.3,46,1,1
18:30:13.691,VIGILE,1,170.92,-7.88,0.232,-4.331,7.74,-3.191,-0.164,-0.113,-0.027,78.98,3.26,20.3,46,1,1
18:30:14.191,VIGILE,1,171.7,-7.72,0.271,-3.785,8.282,-3.764,-0.03,0.098,-0.045,78.98,5.12,20.3,46,1,1
18:30:14.691,VIGILE,1,170.79,2.06,0.231,-2.957,8.04,-2.169,-0.183,0.131,-0.032,78.98,8.9,20.3,46,1,1
18:30:15.191,VIGILE,1,172.3,5.28,0.196,-4.659,8.827,-6.335,0.22,0.406,0.076,78.98,12.61,20.3,46,1,1
18:30:15.691,VIGILE,1,172.73,13.36,0.281,-4.64,9.323,-2.935,-0.321,0.176,-0.328,78.98,11.68,20.3,46,1,1
18:30:16.191,VIGILE,1,174.49,-9.71,0.261,-4.355,7.298,-2.717,0.277,-0.193,0.27,78.98,3.69,20.3,46,1,1
18:30:16.691,VIGILE,1,175.75,5.94,0.25,-4.36,8.564,-2.796,-0.518,0.3,-0.603,78.98,1.32,20.3,46,1,1
18:30:17.191,VIGILE,1,174.84,13.94,0.255,-4.223,8.085,-1.336,-0.87,0.05,-0.327,78.98,1.32,20.3,46,1,1
18:30:17.691,VIGILE,1,172.34,7.95,0.248,-4.906,8.768,-2.617,-0.417,0.068,-0.282,78.98,1.38,20.3,46,1,1
18:30:18.192,VIGILE,1,173.44,7.6,0.273,-2.5,6.886,-3.057,-0.369,0.205,-0.457,78.98,16.15,20.3,46,1,1
18:30:18.692,VIGILE,1,172.95,-10.16,0.28,-2.428,9.699,-4.056,-0.167,0.403,-0.438,78.98,23.36,20.3,46,1,1
18:30:19.192,VIGILE,1,173.27,-7.25,0.267,-3.278,8.071,-4.377,1.113,-0.16,0.994,78.98,23.83,20.3,46,1,1
18:30:19.692,VIGILE,1,164.48,-4.95,0.205,-4.484,8.588,-2.677,-0.393,0.295,0.175,78.98,17.87,20.3,46,1,1
18:30:20.192,VIGILE,1,168.81,-1.25,0.212,-5.521,8.983,-0.989,-0.567,-0.628,0.18,78.98,4.96,20.3,46,1,1
18:30:20.692,VIGILE,1,170.13,-17.46,0.241,-4.973,8.808,-2.495,-0.4,0.167,-0.152,78.98,6.89,20.3,46,1,1
18:30:21.192,VIGILE,1,170.33,-23.51,0.237,-4.14,7.721,-3.419,-1.126,0.718,-1.358,78.98,11.17,20.3,46,1,1
18:30:21.692,VIGILE,1,170.81,-17.09,0.187,-3.594,7.645,-1.975,-0.184,-0.106,-0.094,78.98,14.67,20.3,46,1,1
18:30:22.192,VIGILE,1,171.47,-6.83,0.237,-3.816,7.992,-2.576,0.163,0.047,-0.001,78.98,22.65,20.3,46,1,1
18:30:22.692,VIGILE,1,169.55,-8.65,0.236,-4.396,8.413,-2.691,-0.243,0.185,-0.242,78.98,25.42,20.3,46,1,1
18:30:23.192,VIGILE,1,169.64,0.91,0.274,-4.602,8.203,-2.641,-0.562,0.009,-0.054,78.98,19.3,20.3,46,1,1
18:30:23.692,VIGILE,1,173.2,-2.54,0.261,-3.757,8.006,-3.22,-0.152,-0.065,-0.07,78.98,5.67,20.3,46,1,1
18:30:24.192,VIGILE,1,169.81,-6.92,0.289,-4.544,7.956,-2.892,-0.09,-0.03,-0.064,78.98,6.67,20.3,46,1,1
18:30:24.692,VIGILE,1,171.87,-7.5,0.274,-4.664,8.284,-2.394,-0.126,0.043,-0.038,78.98,10.46,20.3,46,1,1
18:30:25.192,VIGILE,1,171.5,-12.07,0.282,-4.982,7.915,-2.859,-0.154,0.026,-0.005,78.98,15.66,20.3,46,1,1
18:30:25.692,VIGILE,1,171.21,-12.64,0.267,-3.613,8.363,-1.93,-0.165,0.144,-0.14,78.98,19.1,20.3,46,1,1
18:30:26.192,VIGILE,1,173.8,-13.61,0.292,-4.489,8.167,-2.923,0.227,-0.041,0.142,78.98,25.54,20.3,46,1,1
18:30:26.692,VIGILE,1,169.61,-11.06,0.283,-3.8,8.461,-1.614,0.149,0.175,-0.208,78.98,23.89,20.3,46,1,1
18:30:27.192,VIGILE,1,171.13,-5.49,0.25,-4.19,8.6,-2.562,-0.038,-0.015,0.126,78.98,5.07,20.3,46,1,1
18:30:27.694,VIGILE,1,174.59,-8.97,0.252,-3.721,8.859,-3.237,0.384,0.103,0.085,78.98,4.96,20.3,46,1,1
18:30:28.194,VIGILE,1,173.57,-8.88,0.275,-4.281,8.497,-3.115,-0.279,0.271,-0.137,78.98,5.57,20.3,46,1,1
18:30:28.694,VIGILE,1,171.12,-11.4,0.275,-3.859,8.255,-3.62,0.041,0.051,-0.219,78.98,7.76,20.3,46,1,1
18:30:29.194,VIGILE,1,174.43,-10.89,0.278,-4.039,8.301,-2.801,-0.121,0.095,0.053,78.98,11.88,20.3,46,1,1
18:30:29.694,VIGILE,1,172.82,-7.86,0.262,-3.768,7.755,-3.041,-0.212,0.046,-0.22,78.98,14.56,20.3,46,1,1
18:30:30.194,VIGILE,1,172.98,-4.99,0.276,-4.314,8.413,-3.129,-0.31,0.152,-0.114,78.98,22.1,20.3,46,1,1
18:30:30.694,VIGILE,1,172.48,-7.61,0.28,-3.709,8.42,-3.666,0.532,0.026,0.089,78.98,25.42,20.3,46,1,1
18:30:31.195,VIGILE,1,176.09,-11.27,0.28,-4.389,8.2,-3.108,-0.194,0.032,-0.251,78.98,17.38,20.3,46,1,1
18:30:31.695,VIGILE,1,174.35,-8.61,0.264,-4.422,8.171,-3.548,-0.33,0.138,-0.089,78.98,4.74,20.3,46,1,1
18:30:32.195,VIGILE,1,174.78,-11.28,0.28,-3.905,8.325,-3.115,-0.015,0.095,0.099,78.98,5.67,20.3,46,1,1
18:30:32.695,VIGILE,1,175.14,-6.09,0.284,-0.357,6.788,-2.018,-0.506,0.378,-0.581,78.98,9.24,20.3,46,1,1
18:30:33.195,VIGILE,1,178.62,-13.1,0.296,-3.857,9.328,-2.521,-1.346,0.513,-0.459,78.98,13.9,20.3,46,1,1
18:30:33.695,VIGILE,1,173.7,-12.4,0.244,-2.512,10.575,-0.725,0.794,0.012,0.371,78.98,20.84,20.3,46,1,1
18:30:34.195,VIGILE,1,178.3,-14.74,0.261,-2.545,7.135,-2.763,0.231,-0.325,0.768,78.98,25.14,20.3,46,1,1
18:30:34.695,VIGILE,1,170.82,-9.18,0.273,-4.527,7.982,-4.381,0.631,-0.205,0.536,78.98,9.38,20.3,46,1,1
18:30:35.195,VIGILE,1,175.9,-7.89,0.271,-5.157,7.592,-3.8,-0.339,-0.01,0.274,78.98,3.58,20.3,46,1,1
18:30:35.695,VIGILE,1,172.34,-5.46,0.288,-4.211,8.485,-3.201,-0.137,0.709,-0.782,78.98,4.68,20.3,46,1,1
18:30:36.195,VIGILE,1,176.13,-9.24,0.297,-3.577,7.561,-3.644,0.151,0.23,-0.199,78.98,6.83,20.3,46,1,1
18:30:36.695,VIGILE,1,175.92,-8.54,0.29,-3.768,8.813,-2.634,-0.277,0.086,-0.061,78.98,11.76,20.3,46,1,1
18:30:37.195,VIGILE,1,172.55,-7.97,0.265,-4.616,8.351,-2.667,0.039,-0.093,0.07,78.98,21.55,20.3,46,1,1
18:30:37.695,VIGILE,1,176.59,-6.22,0.263,-4.436,8.442,-1.911,0.05,0.137,-0.181,78.98,24.55,20.3,46,1,1
18:30:38.195,VIGILE,1,175.38,-8.96,0.277,-3.919,8.629,-1.839,-0.674,0.217,-0.059,78.98,16.61,20.3,46,1,1
18:30:38.695,VIGILE,1,174.29,-5.42,0.304,-4.738,8.586,-2.267,-0.534,0.067,-0.365,78.98,4.74,20.3,46,1,1
18:30:39.195,VIGILE,1,174.08,2.84,0.276,-4.35,8.073,-3.012,-0.145,0.139,0.016,78.98,7.49,20.3,46,1,1
18:30:39.695,VIGILE,1,173.11,-7.27,0.284,-4.829,8.384,-3.718,-0.286,0.061,-0.221,78.98,10.9,20.3,46,1,1
18:30:40.196,VIGILE,1,173.06,-5.87,0.273,-4.638,8.928,-3.062,-0.528,0.257,-0.411,78.98,14.18,20.3,46,1,1
18:30:40.696,VIGILE,1,175.41,-3.26,0.269,-5.516,8.08,-3.867,0.209,0.048,0.196,78.98,20.24,20.3,46,1,1
18:30:41.196,VIGILE,1,170.92,-5.55,0.218,-4.288,8.361,-2.057,-0.089,0.122,0.049,78.98,21.0,20.3,46,1,1
18:30:41.696,VIGILE,1,170.71,-5.56,0.279,-5.294,8.097,-1.061,-0.108,0.047,-0.079,78.98,17.23,20.3,46,1,1
18:30:42.196,VIGILE,1,172.05,-1.19,0.251,-5.215,8.65,-0.5,-0.106,0.066,-0.03,78.98,7.92,20.3,46,1,1
18:30:42.696,VIGILE,1,176.38,-15.62,0.266,-4.223,8.442,-1.518,0.044,-0.047,0.077,78.98,10.89,20.3,46,1,1
18:30:43.196,VIGILE,1,175.16,-2.05,0.272,-5.157,8.583,-0.646,-0.088,-0.03,0.066,78.98,15.75,20.3,46,1,1
18:30:43.696,VIGILE,1,-174.07,23.77,0.275,-4.125,8.332,-1.264,0.176,-0.189,0.311,78.98,28.06,20.3,46,1,1
18:30:44.196,VIGILE,0,0.0,0.0,0.0,-3.294,9.218,-0.656,-0.354,0.03,-0.203,78.98,34.77,20.3,46,1,1
18:30:44.696,VIGILE,1,178.09,-29.03,0.272,-2.911,9.72,-1.571,0.198,-0.107,0.178,78.98,37.5,20.3,46,1,1
18:30:45.196,VIGILE,1,179.06,18.82,0.303,-1.973,10.017,-0.797,0.03,-0.229,-0.036,78.98,33.03,20.3,46,1,1
18:30:45.696,VIGILE,1,-175.52,32.9,0.389,-3.529,8.768,-1.068,-0.225,-0.068,-0.003,78.98,34.46,20.3,46,1,1
18:30:46.196,VIGILE,1,-178.07,22.17,0.349,-4.714,8.064,-1.607,-0.137,-0.043,0.027,78.98,28.89,20.3,46,1,1
18:30:46.696,VIGILE,1,176.76,31.52,0.287,-5.387,9.256,-1.568,-0.679,0.155,-0.29,78.98,22.6,20.3,46,1,1
18:30:47.196,VIGILE,1,170.15,50.36,0.399,-3.541,8.854,-2.373,0.283,0.041,0.213,78.98,22.93,20.3,46,1,1
18:30:47.697,VIGILE,1,177.61,41.36,0.387,-3.342,8.619,-1.465,0.172,-0.22,0.176,78.98,20.57,20.3,46,1,1
18:30:48.197,VIGILE,1,173.62,40.84,0.403,-2.399,9.488,-1.346,0.129,-0.208,0.022,78.98,19.86,20.3,46,1,1
18:30:48.697,VIGILE,1,170.5,41.29,0.388,-3.412,8.952,-1.204,-0.053,-0.319,0.072,78.98,18.66,20.3,46,1,1
18:30:49.197,VIGILE,1,171.6,42.31,0.378,-4.369,8.904,-1.563,0.086,-0.157,0.057,78.98,17.84,20.3,46,1,1
18:30:49.697,VIGILE,1,172.24,42.69,0.346,-4.714,8.353,-0.613,-0.0,-0.277,0.063,78.98,17.84,20.3,46,1,1
18:30:50.197,VIGILE,1,173.51,41.42,0.386,-4.906,7.877,-1.817,0.124,-0.195,0.08,78.98,19.0,20.3,46,1,1
18:30:50.697,VIGILE,1,170.19,39.78,0.42,-5.124,8.112,-2.054,0.008,-0.086,0.071,78.98,20.7,20.3,46,1,1
18:30:51.198,VIGILE,1,171.14,34.1,0.3,-4.463,7.93,-2.267,-0.111,0.048,-0.065,78.98,20.32,20.3,46,1,1
18:30:51.698,VIGILE,1,171.28,34.59,0.336,-4.954,7.908,-2.076,-0.144,0.096,-0.029,78.98,20.7,20.3,46,1,1
18:30:52.198,VIGILE,1,178.88,31.47,0.152,-4.087,8.045,-2.938,-0.058,0.045,0.011,78.98,20.37,20.3,46,1,1
18:30:52.698,VIGILE,1,177.21,32.63,0.236,-4.125,8.169,-2.643,-0.079,0.053,-0.003,78.98,20.21,20.3,46,1,1
18:30:53.198,SONNOLENZA,1,176.19,32.8,0.182,-4.216,8.126,-3.086,-0.162,0.084,-0.028,78.98,20.37,20.3,46,1,1
18:30:53.698,SONNOLENZA,1,176.71,31.06,0.189,-4.221,8.226,-2.837,-0.037,0.09,-0.015,78.98,20.37,20.3,46,1,1
18:30:54.198,SONNOLENZA,1,169.63,13.55,0.13,-4.111,8.107,-2.816,-0.201,0.093,0.013,78.98,20.21,20.3,46,1,1
18:30:54.699,SONNOLENZA,1,168.55,11.74,0.133,-4.161,8.303,-2.875,-0.039,0.06,-0.028,78.98,20.37,20.3,46,1,1
18:30:55.199,SONNOLENZA,1,169.95,11.52,0.147,-4.051,7.982,-2.849,-0.282,0.114,-0.124,78.98,20.37,20.3,46,1,1
18:30:55.699,SONNOLENZA,1,171.17,11.67,0.25,-4.379,8.169,-2.909,-0.166,0.031,-0.005,78.98,20.37,20.3,46,1,1
18:30:56.199,SONNOLENZA,1,169.91,9.15,0.227,-4.142,8.092,-2.612,-0.125,0.058,0.003,78.98,20.21,20.3,46,1,1
18:30:56.699,SONNOLENZA,1,171.58,8.98,0.17,-3.934,8.073,-3.01,-0.09,0.084,-0.045,78.98,20.21,20.3,46,1,1
18:30:57.199,SONNOLENZA,1,170.34,7.48,0.153,-4.092,8.229,-2.813,-0.024,0.082,-0.026,78.98,20.48,20.3,46,1,1
18:30:57.699,SONNOLENZA,1,171.36,7.41,0.129,-4.254,8.056,-2.95,-0.304,0.123,-0.051,78.98,20.48,20.3,46,1,1
18:30:58.199,SONNOLENZA,1,172.51,14.64,0.136,-4.259,8.167,-2.82,-0.033,0.029,0.05,78.98,20.48,20.3,46,1,1
18:30:58.699,SONNOLENZA,1,172.41,11.63,0.273,-4.013,8.09,-2.887,-0.23,0.071,-0.089,78.98,20.48,20.3,46,1,1
18:30:59.199,SONNOLENZA,1,168.85,8.12,0.236,-4.19,8.164,-3.017,-0.105,0.035,-0.01,78.98,20.32,20.3,46,1,1
18:30:59.699,SONNOLENZA,1,168.12,6.49,0.159,-4.051,8.119,-2.698,-0.089,0.066,-0.045,78.98,20.48,20.3,46,1,1
18:31:00.199,SONNOLENZA,1,171.71,8.22,0.144,-4.187,8.013,-2.945,-0.185,0.072,-0.017,78.98,20.48,20.3,46,1,1
18:31:00.699,SONNOLENZA,1,177.91,10.44,0.142,-4.369,8.394,-2.935,-0.063,0.087,-0.002,78.98,20.21,20.3,46,1,1
18:31:01.199,SONNOLENZA,1,178.16,9.01,0.298,-4.231,8.054,-2.899,-0.331,0.119,-0.042,78.98,20.48,20.3,46,1,1
18:31:01.699,SONNOLENZA,1,175.11,8.54,0.143,-4.19,8.219,-2.772,0.02,0.041,0.038,78.98,20.21,20.3,46,1,1
18:31:02.199,SONNOLENZA,1,176.14,4.6,0.146,-4.08,7.997,-2.804,-0.168,0.068,-0.027,78.98,20.21,20.3,46,1,1
18:31:02.700,SONNOLENZA,1,175.94,4.25,0.191,-4.044,8.212,-2.909,-0.092,0.049,-0.062,78.98,20.21,20.3,46,1,1
18:31:03.200,SONNOLENZA,1,178.19,12.88,0.238,-4.235,8.143,-2.672,-0.15,0.08,-0.003,78.98,20.21,20.3,46,1,1
18:31:03.700,SONNOLENZA,1,173.24,4.66,0.247,-4.266,8.071,-3.014,-0.108,0.077,0.019,78.98,20.21,20.3,46,1,1
18:31:04.200,SONNOLENZA,1,172.8,0.91,0.126,-4.199,8.265,-2.878,-0.062,0.096,-0.037,78.98,20.48,20.3,46,1,1
18:31:04.700,SONNOLENZA,1,-177.67,29.89,0.116,-4.053,8.088,-2.88,-0.276,0.126,-0.071,78.98,20.48,20.3,46,1,1
18:31:05.200,VIGILE,1,173.59,25.24,0.278,-4.403,8.279,-2.986,-0.106,0.072,0.005,78.98,20.32,20.3,46,1,1
18:31:05.700,VIGILE,1,175.38,16.87,0.273,-4.106,7.999,-2.875,-0.188,0.104,-0.043,78.98,20.32,20.3,46,1,1
18:31:06.200,VIGILE,1,176.24,17.17,0.263,-4.089,8.231,-2.875,-0.132,0.092,0.001,78.98,20.15,20.3,46,1,1
18:31:06.700,VIGILE,1,175.63,12.06,0.275,-4.269,8.217,-2.713,-0.024,0.044,0.028,78.98,20.32,20.3,46,1,1
18:31:07.200,VIGILE,1,176.11,-1.42,0.261,-3.098,7.884,-4.106,-0.111,0.154,-0.008,78.98,20.32,20.3,46,1,1
18:31:07.700,VIGILE,1,176.57,-0.05,0.256,-3.613,7.97,-4.252,-0.205,-0.09,-0.026,78.98,19.28,20.3,46,1,1
18:31:08.200,VIGILE,1,176.52,11.34,0.275,-4.42,8.064,-2.777,-0.219,0.031,0.028,78.98,20.39,20.3,46,1,1
18:31:08.700,VIGILE,1,176.27,10.5,0.273,-4.025,8.593,-3.089,-0.039,0.07,-0.044,78.98,20.65,20.3,46,1,1
18:31:09.200,VIGILE,1,176.16,7.13,0.272,-4.094,8.21,-3.055,-0.023,0.004,0.055,78.98,20.39,20.3,46,1,1
18:31:09.700,VIGILE,1,174.44,8.83,0.201,-3.749,8.2,-4.489,0.218,0.003,0.138,78.98,20.33,20.3,46,1,1
18:31:10.200,VIGILE,1,177.31,9.88,0.287,-3.321,8.478,-6.148,0.001,0.495,-0.121,78.98,19.88,20.3,46,1,1
18:31:10.701,VIGILE,1,171.73,1.68,0.201,-3.366,7.53,-4.044,-0.242,-0.066,-0.033,78.98,18.12,20.3,46,1,1
18:31:11.201,VIGILE,1,178.01,5.09,0.304,-3.543,7.52,-4.293,-0.163,-0.171,0.164,78.98,18.19,20.3,46,1,1
18:31:11.701,VIGILE,1,173.09,-0.62,0.17,-1.81,7.975,-5.239,-0.011,0.145,-0.192,78.98,12.64,20.3,46,1,1
18:31:12.201,VIGILE,1,170.97,-3.63,0.202,-2.689,8.973,-4.235,-0.252,0.187,-0.15,78.98,14.88,20.3,46,1,1
18:31:12.701,VIGILE,1,171.89,-6.53,0.27,-3.579,8.023,-2.832,0.111,-0.063,-0.034,78.98,16.18,20.3,46,1,1
18:31:13.201,VIGILE,1,174.53,-4.93,0.254,-2.497,8.562,-3.687,-0.147,0.06,-0.163,78.98,15.37,20.3,46,1,1
18:31:13.701,VIGILE,1,174.71,-4.89,0.278,-3.903,7.944,-3.479,0.018,0.02,0.105,78.98,12.48,20.3,46,1,1
18:31:14.201,VIGILE,1,177.53,-9.27,0.294,-3.996,7.944,-3.826,0.229,-0.122,0.017,78.98,6.78,20.3,46,1,1
18:31:14.701,VIGILE,1,177.11,-7.97,0.257,-2.899,8.253,-4.436,0.017,0.062,0.147,78.98,9.03,20.3,46,1,1
18:31:15.201,VIGILE,1,174.31,-7.86,0.298,-3.551,8.308,-3.97,-0.23,-0.067,-0.054,78.98,11.06,20.3,46,1,1
18:31:15.701,VIGILE,1,175.6,-6.48,0.274,-2.251,8.382,-3.747,0.248,-0.052,0.045,78.98,11.11,20.3,46,1,1
18:31:16.201,VIGILE,1,173.62,-9.65,0.28,-5.04,8.358,-3.086,-0.639,0.047,-0.114,78.98,15.04,20.3,46,1,1
18:31:16.701,VIGILE,1,174.69,-3.02,0.259,-3.5,8.65,-3.836,0.655,-0.202,0.857,78.98,19.03,20.3,46,1,1
18:31:17.201,VIGILE,1,174.77,-7.86,0.272,-3.531,7.635,-3.39,0.003,-0.027,0.123,78.98,15.37,20.3,46,1,1
18:31:17.701,VIGILE,1,174.64,-5.43,0.281,-3.831,7.582,-4.575,-0.789,0.123,-0.293,78.98,7.05,20.3,46,1,1
18:31:18.201,VIGILE,1,172.24,-3.31,0.27,-4.345,7.891,-4.724,-0.394,0.218,-0.198,78.98,8.75,20.3,46,1,1
18:31:18.701,VIGILE,1,174.22,-2.55,0.281,-2.981,9.237,-3.591,-0.033,0.216,0.086,78.98,13.13,20.3,46,1,1
18:31:19.202,VIGILE,1,175.17,-12.49,0.229,-3.096,6.984,-4.508,0.374,0.369,-0.465,78.98,17.66,20.3,46,1,1
18:31:19.702,VIGILE,1,178.02,-9.11,0.272,-3.194,8.179,-4.738,0.12,-0.1,0.333,78.98,8.09,20.3,46,1,1
18:31:20.202,VIGILE,1,172.79,-12.98,0.275,-3.608,7.326,-2.856,-0.096,0.18,-0.025,78.98,8.37,20.3,46,1,1
18:31:20.702,VIGILE,1,174.23,-12.37,0.247,-4.599,8.317,-1.994,-0.553,0.468,-0.563,78.98,12.64,20.3,46,1,1
18:31:21.202,VIGILE,1,173.3,-8.25,0.22,-4.633,9.404,-3.378,0.191,0.242,-0.017,78.98,17.44,20.3,46,1,1
18:31:21.702,VIGILE,1,171.4,0.44,0.172,-4.487,7.774,-3.991,0.155,0.225,0.084,78.98,5.73,20.3,46,1,1
18:31:22.202,VIGILE,1,174.25,-2.35,0.279,-3.8,7.331,-3.409,-0.49,0.192,-0.18,78.98,5.73,20.3,46,1,1
18:31:22.702,VIGILE,1,175.41,13.39,0.157,-4.331,8.839,-3.187,-0.025,0.148,-0.063,78.98,8.8,20.3,46,1,1
18:31:23.202,VIGILE,1,175.26,-6.38,0.263,-3.584,7.98,-4.113,-0.076,-0.117,0.228,78.98,15.09,20.3,46,1,1
18:31:23.702,VIGILE,1,173.82,-11.84,0.288,-3.364,7.506,-3.881,0.001,0.039,-0.167,78.98,10.77,20.3,46,1,1
18:31:24.202,VIGILE,1,172.54,-5.2,0.261,-4.348,8.665,-3.352,-0.168,0.202,0.016,78.98,7.44,20.3,47,1,1
18:31:24.702,VIGILE,1,171.49,-7.59,0.254,-4.424,8.619,-2.825,-0.355,0.011,-0.043,78.98,13.07,20.3,47,1,1
18:31:25.202,VIGILE,1,173.09,-6.23,0.284,-3.33,7.92,-3.692,-0.193,0.076,-0.3,78.98,18.91,20.3,47,1,1
18:31:25.702,VIGILE,1,171.89,1.1,0.287,-4.331,8.284,-4.98,-0.038,0.121,-0.412,78.98,6.77,20.3,47,1,1
18:31:26.203,VIGILE,1,173.5,5.73,0.266,-4.597,7.805,-1.499,-0.357,-0.058,-0.063,78.98,9.73,20.3,47,1,1
18:31:26.703,VIGILE,1,171.66,-1.93,0.245,-3.747,8.167,-3.065,-0.054,0.335,-0.153,78.98,19.73,20.3,47,1,1
18:31:27.203,VIGILE,1,174.46,-5.83,0.152,-3.871,8.109,-2.581,-0.034,-0.078,0.229,78.98,9.62,20.3,47,1,1
18:31:27.703,VIGILE,1,175.89,3.7,0.29,-3.656,8.26,-3.594,-0.338,0.083,-0.232,78.98,8.09,20.3,47,1,1
18:31:28.203,VIGILE,1,173.8,15.44,0.29,-4.401,8.009,-3.091,0.089,0.071,0.058,78.98,13.07,20.3,47,1,1
18:31:28.703,VIGILE,1,174.59,13.13,0.243,-5.011,8.502,-2.229,0.236,0.009,0.105,78.98,19.95,20.3,47,1,1
18:31:29.203,VIGILE,1,173.15,8.47,0.296,-3.984,9.249,-3.345,0.295,-0.021,0.47,78.98,6.06,20.3,47,1,1
18:31:29.703,VIGILE,1,172.23,13.84,0.279,-4.266,8.669,-2.971,-0.293,0.264,-0.147,78.98,9.18,20.3,47,1,1
18:31:30.203,VIGILE,1,171.74,9.64,0.299,-4.341,8.164,-1.731,-0.364,0.111,-0.242,78.98,16.57,20.3,47,1,1
18:31:30.703,VIGILE,1,172.57,13.34,0.284,-4.197,8.641,-3.273,0.144,-0.022,0.104,78.98,16.61,20.3,47,1,1
18:31:31.203,VIGILE,1,174.49,15.84,0.325,-4.226,7.908,-2.796,0.88,-0.403,0.597,78.98,7.32,20.3,47,1,1
18:31:31.703,VIGILE,1,173.31,16.71,0.313,-3.934,9.905,-2.986,0.022,0.268,-0.226,78.98,14.21,20.3,47,1,1
18:31:32.203,VIGILE,1,171.93,15.02,0.313,-3.982,8.435,-0.855,-1.01,0.003,-0.11,78.98,20.05,20.3,47,1,1
18:31:32.704,VIGILE,1,175.05,15.21,0.318,-3.529,8.734,-2.186,-0.124,-0.105,-0.069,78.98,5.23,20.3,47,1,1
18:31:33.204,VIGILE,1,175.58,17.6,0.281,-3.472,9.603,-3.132,0.403,-0.013,0.114,78.98,8.9,20.3,47,1,1
18:31:33.704,VIGILE,1,175.68,13.31,0.27,-3.144,8.806,-2.102,0.076,0.019,0.105,78.98,18.63,20.3,47,1,1
18:31:34.204,VIGILE,1,169.67,2.64,0.18,-2.61,10.118,-1.98,0.334,-0.009,0.171,78.98,16.93,20.3,47,1,1
18:31:34.704,VIGILE,1,172.02,-11.29,0.261,-2.902,9.019,-1.8,-0.189,0.095,0.236,78.98,10.05,20.3,47,1,1
18:31:35.204,VIGILE,1,174.54,-18.8,0.266,-3.443,8.25,-1.618,-0.28,-0.39,-0.042,78.98,25.56,20.3,47,1,1
18:31:35.704,VIGILE,1,177.18,-19.29,0.263,-4.724,8.045,-2.392,-0.177,0.226,-0.153,78.98,7.14,20.3,47,1,1
18:31:36.204,VIGILE,1,179.06,32.1,0.137,-3.002,8.808,-0.984,0.05,-0.22,0.853,78.98,7.48,20.3,47,1,1
18:31:36.704,NERVOSO,1,-179.3,-20.27,0.26,-6.546,7.87,-3.381,-1.063,-0.102,-0.052,78.98,12.51,20.3,47,1,1
18:31:37.204,NERVOSO,1,176.95,-27.22,0.309,-4.738,6.756,-3.383,0.252,0.139,-0.045,78.98,10.05,20.3,47,1,1
18:31:37.704,NERVOSO,1,176.08,-24.88,0.282,-5.59,1.743,-3.723,-0.161,-0.276,-0.369,78.98,7.32,20.3,47,1,1
18:31:38.204,NERVOSO,1,172.11,-16.55,0.284,-6.519,5.583,-5.543,0.122,0.371,0.252,78.98,14.27,20.3,47,1,1
18:31:38.704,NERVOSO,1,173.88,-9.1,0.294,-6.522,6.62,-5.025,-0.737,-0.024,0.143,78.98,8.85,20.3,47,1,1
18:31:39.204,NERVOSO,1,179.26,12.92,0.298,-3.247,7.743,-5.377,-0.026,0.094,0.023,78.98,5.02,20.3,47,1,1
18:31:39.704,NERVOSO,1,177.87,24.4,0.324,0.259,7.602,-2.509,-0.697,0.023,0.374,78.98,7.38,20.3,47,1,1
18:31:40.205,NERVOSO,1,-179.83,26.13,0.371,-1.065,8.073,-3.139,1.503,0.223,-1.227,78.98,13.07,20.3,47,1,1
18:31:40.705,NERVOSO,1,179.19,23.09,0.347,-1.386,7.214,-2.263,0.508,-0.169,0.321,78.98,16.56,20.3,47,1,1
18:31:41.205,NERVOSO,1,-179.12,24.68,0.306,0.467,10.69,-3.929,-0.66,-0.154,0.084,78.98,6.87,20.3,47,1,1
18:31:41.705,NERVOSO,1,179.75,19.93,0.319,2.251,11.384,-1.202,-1.441,-0.094,0.345,78.98,18.04,20.3,47,1,1
18:31:42.205,NERVOSO,1,178.52,13.09,0.335,-0.474,8.444,-6.639,1.659,0.039,0.719,78.98,5.73,20.3,47,1,1
18:31:42.705,NERVOSO,1,179.93,-7.42,0.308,-7.173,7.695,-5.341,-0.268,-0.092,0.48,78.98,8.31,20.3,47,1,1
18:31:43.205,NERVOSO,1,178.27,17.05,0.29,-4.606,7.154,-6.211,-0.661,0.635,-0.346,78.98,20.6,20.3,47,1,1
18:31:43.705,NERVOSO,1,177.4,4.1,0.276,-4.219,8.806,-2.6,0.009,0.054,0.118,78.98,6.28,20.3,47,1,1
18:31:44.205,NERVOSO,1,173.55,12.06,0.257,-3.239,7.793,-2.409,-0.606,-0.214,-0.004,78.98,12.74,20.3,47,1,1
18:31:44.705,NERVOSO,1,176.6,18.08,0.278,-2.327,9.816,-2.442,0.93,-0.127,0.848,78.98,15.53,20.3,47,1,1
18:31:45.205,NERVOSO,1,177.27,10.38,0.236,-1.829,10.116,-1.463,0.115,-0.175,0.272,78.98,14.76,20.3,47,1,1
18:31:45.705,NERVOSO,1,174.46,6.06,0.313,-1.784,9.234,-1.283,0.798,-0.078,0.234,78.98,9.34,20.3,47,1,1
18:31:46.205,NERVOSO,1,179.51,15.78,0.263,-5.08,4.427,-3.072,-0.061,-0.147,0.237,78.98,5.29,20.3,47,1,1
18:31:46.705,NERVOSO,1,179.07,4.51,0.274,-1.267,10.779,-0.457,-0.371,-0.201,0.078,78.98,9.29,20.3,47,1,1
18:31:47.205,NERVOSO,1,175.75,10.31,0.29,-3.053,8.44,-3.864,-0.203,0.535,-0.54,78.98,10.55,20.3,47,1,1
18:31:47.705,NERVOSO,1,175.51,10.6,0.278,-5.15,9.031,-2.184,-0.367,0.197,-0.185,78.98,11.75,20.3,47,1,1
18:31:48.206,NERVOSO,1,175.52,2.44,0.293,-4.022,7.791,-1.822,0.622,0.368,-0.184,78.98,6.5,20.3,47,1,1
18:31:48.706,NERVOSO,1,176.42,14.19,0.296,-3.663,8.437,-2.093,-0.779,0.436,-1.135,78.98,18.38,20.3,47,1,1
18:31:49.206,NERVOSO,1,174.33,6.97,0.23,-5.648,10.625,-3.402,-0.286,0.477,-0.207,78.98,10.4,20.3,47,1,1
18:31:49.706,NERVOSO,1,177.14,10.98,0.23,-2.969,7.051,-2.164,-0.189,-0.253,-0.087,78.98,23.46,20.3,47,1,1
18:31:50.206,NERVOSO,1,-179.99,24.68,0.15,-4.575,7.875,-1.302,-0.382,0.113,-0.153,78.98,9.79,20.3,47,1,1
18:31:50.706,VIGILE,1,170.65,7.89,0.302,-5.26,8.614,-2.497,-0.211,-0.147,0.289,78.98,21.64,20.3,47,1,1
18:31:51.206,VIGILE,1,173.9,4.81,0.196,-2.284,9.074,-6.445,1.85,0.423,0.021,78.98,4.8,20.3,47,1,1
18:31:51.706,VIGILE,1,176.08,3.2,0.299,-9.929,11.138,-3.067,-1.312,-0.555,1.237,78.98,8.98,20.3,47,1,1
18:31:52.206,VIGILE,1,178.52,12.61,0.276,-2.674,8.365,-2.234,-0.931,0.44,-0.491,78.98,19.69,20.3,47,1,1
18:31:52.706,VIGILE,1,172.15,7.23,0.293,-3.467,10.276,-0.048,-0.4,-0.268,0.489,78.98,10.5,20.3,47,1,1
18:31:53.206,VIGILE,1,175.62,11.55,0.245,-4.214,9.096,-1.585,-0.08,0.018,-0.049,78.98,16.73,20.3,47,1,1
18:31:53.706,VIGILE,1,177.56,-1.43,0.279,-1.796,10.06,-0.96,0.656,-0.508,0.788,78.98,17.77,20.3,47,1,1
18:31:54.206,VIGILE,1,175.76,-5.37,0.257,-2.411,8.588,-1.343,0.599,0.095,0.113,78.98,12.74,20.3,47,1,1
18:31:54.706,VIGILE,1,174.31,-2.4,0.291,-3.862,9.474,-1.07,-0.226,-0.163,0.345,78.98,21.2,20.3,47,1,1
18:31:55.206,VIGILE,1,175.61,-8.03,0.322,-2.851,8.284,-1.077,-0.622,-0.026,-0.268,78.98,4.96,20.3,47,1,1
18:31:55.706,VIGILE,1,176.69,-7.32,0.323,-2.622,8.689,-1.805,-0.391,0.101,-0.254,78.98,8.95,20.3,47,1,1
18:31:56.207,VIGILE,1,173.38,-7.62,0.289,-4.542,8.964,-3.34,-0.752,0.18,-0.227,78.98,6.12,20.3,47,1,1
18:31:56.707,VIGILE,1,173.82,-3.89,0.293,-3.759,10.726,-2.349,0.454,0.207,0.225,78.98,13.29,20.3,47,1,1
18:31:57.207,VIGILE,1,175.55,-7.26,0.313,-3.606,9.115,-1.918,0.483,0.033,-0.025,78.98,19.46,20.3,47,1,1
18:31:57.707,VIGILE,1,174.37,2.91,0.306,-2.591,9.594,-1.867,0.1,-0.05,-0.055,78.98,8.64,20.3,47,1,1
18:31:58.207,VIGILE,1,175.94,0.26,0.307,-4.231,7.98,-3.515,0.302,0.054,0.098,78.98,18.81,20.3,47,1,1
18:31:58.707,VIGILE,1,171.7,-0.41,0.306,-4.784,9.182,-2.243,-0.377,-0.001,-0.06,78.98,9.9,20.3,47,1,1
18:31:59.207,VIGILE,1,174.05,-5.13,0.27,-4.008,9.754,-2.636,0.16,0.208,-0.08,78.98,12.68,20.3,47,1,1
18:31:59.707,VIGILE,1,173.65,-1.0,0.276,-4.307,9.29,-2.574,0.114,0.154,-0.046,78.98,18.97,20.3,47,1,1
18:32:00.207,VIGILE,1,173.9,-2.58,0.266,-3.8,7.812,-2.677,0.454,-0.021,0.279,78.98,7.6,20.3,47,1,1
18:32:00.707,VIGILE,1,174.11,3.04,0.221,-3.96,7.183,-2.521,0.409,-0.091,0.162,78.98,16.51,20.3,47,1,1
18:32:01.207,VIGILE,1,172.88,2.42,0.244,-3.663,8.99,-2.775,0.41,0.021,0.295,78.98,14.7,20.3,47,1,1
18:32:01.707,VIGILE,1,163.89,49.29,0.255,-4.128,8.655,-2.236,0.193,-0.003,0.269,78.98,6.83,20.3,47,1,1
18:32:02.207,VIGILE,0,0.0,0.0,0.0,-4.056,8.181,-2.631,-0.106,-0.095,0.198,78.98,14.66,20.3,47,1,1
18:32:02.707,VIGILE,1,174.82,19.37,0.215,-4.42,8.701,-2.411,-0.136,0.177,-0.102,78.98,20.5,20.3,47,1,1
18:32:03.207,VIGILE,1,172.31,-6.3,0.271,-3.608,8.078,-2.188,-0.099,-0.023,-0.091,78.98,9.03,20.3,47,1,1
18:32:03.707,VIGILE,1,175.03,-8.79,0.279,-4.219,8.176,-2.15,0.27,-0.184,0.463,78.98,10.44,20.3,47,1,1
18:32:04.208,VIGILE,1,171.89,-12.77,0.266,-3.998,8.332,-2.239,-0.318,0.047,-0.046,78.98,19.62,20.3,47,1,1
18:32:04.708,VIGILE,1,172.56,-6.73,0.275,-4.597,8.61,-1.848,-0.463,-0.058,-0.053,78.98,11.69,20.3,47,1,1
18:32:05.208,VIGILE,1,174.26,12.15,0.214,-4.465,8.114,-1.721,-0.031,-0.093,0.318,78.98,6.34,20.3,47,1,1
18:32:05.708,VIGILE,1,173.65,-3.2,0.282,-4.429,8.894,-0.905,-0.163,-0.089,0.078,78.98,11.97,20.3,47,1,1
18:32:06.208,DISTRAZIONE,1,174.9,-10.14,0.262,-4.171,8.21,-2.272,-0.058,0.018,-0.155,78.98,18.53,20.3,47,1,1
18:32:06.708,DISTRAZIONE,0,0.0,0.0,0.0,-4.863,8.533,-2.54,0.054,0.023,0.059,78.98,4.52,20.3,47,1,1
18:32:07.208,DISTRAZIONE,1,169.99,75.23,0.632,-4.587,8.832,-3.014,0.081,0.16,0.067,78.98,5.95,20.3,47,1,1
18:32:07.708,DISTRAZIONE,0,0.0,0.0,0.0,-4.379,7.563,-1.927,-0.066,-0.107,0.012,78.98,12.09,20.3,47,1,1
18:32:08.208,DISTRAZIONE,1,165.1,-62.25,0.378,-4.717,8.42,-1.721,-0.041,0.048,0.096,78.98,19.24,20.3,47,1,1
18:32:08.708,DISTRAZIONE,1,169.25,-58.62,0.361,-4.005,8.198,-1.92,-0.317,-0.086,0.043,78.98,15.32,20.3,47,1,1
18:32:09.208,DISTRAZIONE,1,174.58,-41.05,0.339,-3.886,7.932,-1.803,-0.6,-0.073,-0.045,78.98,10.84,20.3,47,1,1
18:32:09.708,DISTRAZIONE,1,173.5,-38.93,0.365,-4.424,7.791,-1.221,-0.229,-0.305,0.109,78.98,17.93,20.3,47,1,1
18:32:10.208,DISTRAZIONE,1,175.49,-31.79,0.262,-3.915,7.326,-1.506,-0.648,-0.003,-0.181,78.98,24.81,20.3,47,1,1
18:32:10.708,DISTRAZIONE,1,-177.57,22.84,0.321,-3.996,7.769,-2.49,-0.001,0.092,-0.116,78.98,16.99,20.3,47,1,1
18:32:11.208,DISTRAZIONE,1,178.94,36.37,0.376,-4.053,7.74,-2.6,-0.095,0.04,-0.086,78.98,10.07,20.3,47,1,1
18:32:11.708,DISTRAZIONE,1,174.0,37.39,0.388,-4.439,7.144,-1.686,-0.81,0.027,-0.273,78.98,17.5,20.3,48,1,1
18:32:12.209,DISTRAZIONE,1,167.72,45.88,0.547,-4.123,7.875,-3.16,-0.103,-0.032,-0.057,78.98,21.05,20.3,48,1,1
18:32:12.709,DISTRAZIONE,1,160.94,73.98,0.657,-4.039,8.507,-2.085,0.068,0.216,0.052,78.98,5.57,20.3,48,1,1
18:32:13.209,DISTRAZIONE,1,167.64,46.37,0.578,-4.544,9.122,-2.995,0.303,0.114,-0.039,78.98,7.21,20.3,48,1,1
18:32:13.709,DISTRAZIONE,1,175.2,40.56,0.448,-4.52,7.812,-1.987,-0.574,0.05,-0.09,78.98,12.36,20.3,48,1,1
18:32:14.209,DISTRAZIONE,0,0.0,0.0,0.0,-4.482,8.459,-2.258,0.091,0.043,0.001,78.98,19.4,20.3,48,1,1
18:32:14.709,DISTRAZIONE,1,173.69,-44.17,0.457,-4.125,7.903,-2.224,-0.234,0.055,-0.081,78.98,12.63,20.3,48,1,1
18:32:15.209,DISTRAZIONE,1,174.0,-45.27,0.407,-4.235,8.152,-2.294,-0.071,0.076,-0.075,78.98,6.67,20.3,48,1,1
18:32:15.709,DISTRAZIONE,1,174.21,-45.26,0.369,-4.499,8.128,-2.303,-0.217,0.047,0.061,78.98,9.57,20.3,48,1,1
18:32:16.209,DISTRAZIONE,1,174.12,-41.64,0.178,-4.094,8.092,-2.832,0.025,0.174,-0.12,78.98,17.22,20.3,48,1,1
18:32:16.709,DISTRAZIONE,1,174.41,-38.96,0.412,-3.687,8.595,-1.729,-0.151,0.199,-0.072,78.98,17.76,20.3,48,1,1
18:32:17.209,DISTRAZIONE,1,171.18,-44.33,0.373,-4.302,8.672,-2.784,-0.093,0.155,0.029,78.98,4.8,20.3,48,1,1
18:32:17.709,DISTRAZIONE,1,175.59,-23.05,0.204,-4.451,8.056,-2.301,-0.213,0.001,0.045,78.98,5.89,20.3,48,1,1
18:32:18.209,DISTRAZIONE,1,168.96,-43.89,0.348,-3.905,8.42,-1.642,0.736,0.142,0.35,78.98,7.7,20.3,48,1,1
18:32:18.709,VIGILE,1,174.37,-21.52,0.271,-3.883,8.504,-2.399,-0.443,0.128,-0.162,78.98,12.09,20.3,48,1,1
18:32:19.209,VIGILE,1,176.08,14.17,0.222,-3.536,8.736,-2.253,-0.659,0.195,-0.393,78.98,18.04,20.3,48,1,1
18:32:19.709,VIGILE,1,174.9,17.13,0.29,-4.147,9.052,-2.095,-0.055,0.09,0.08,78.98,13.28,20.3,48,1,1
18:32:20.210,VIGILE,1,173.23,10.49,0.299,-4.451,8.401,-2.143,-0.348,0.252,-0.275,78.98,6.44,20.3,48,1,1
18:32:20.710,VIGILE,1,171.46,5.38,0.255,-4.197,8.001,-2.5,-0.072,0.054,0.006,78.98,8.15,20.3,48,1,1
18:32:21.210,VIGILE,1,173.23,1.12,0.268,-3.812,8.645,-2.351,-0.303,0.163,-0.047,78.98,13.01,20.3,48,1,1
18:32:21.710,VIGILE,1,171.18,8.62,0.229,-3.795,8.744,-2.715,-0.193,-0.046,0.094,78.98,19.73,20.3,48,1,1
18:32:22.210,VIGILE,1,172.51,7.72,0.254,-4.259,8.322,-1.992,-0.362,0.157,0.054,78.98,15.09,20.3,48,1,1
18:32:22.710,VIGILE,1,173.27,-2.08,0.245,-3.682,8.341,-2.009,-0.019,-0.014,0.11,78.98,6.34,20.3,48,1,1
18:32:23.210,VIGILE,1,174.17,-10.45,0.274,-4.238,8.322,-1.405,-0.44,0.076,-0.241,78.98,9.14,20.3,48,1,1
18:32:23.710,VIGILE,1,166.92,1.73,0.235,-3.622,9.091,-0.141,-0.319,0.092,-0.061,78.98,14.56,20.3,48,1,1
18:32:24.210,VIGILE,1,167.65,-3.59,0.243,-4.475,8.662,0.065,-0.048,-0.074,0.03,78.98,21.95,20.3,48,1,1
18:32:24.710,VIGILE,1,168.4,-4.66,0.242,-4.879,8.492,-0.163,0.0,0.008,0.03,78.98,28.98,20.3,48,1,1
18:32:25.210,VIGILE,1,177.53,-16.47,0.283,-3.946,8.408,-0.479,0.066,-0.012,0.054,78.98,32.73,20.3,48,1,1
18:32:25.710,VIGILE,1,175.41,-25.2,0.287,-4.767,9.476,-1.092,0.074,-0.006,-0.061,78.98,27.05,20.3,48,1,1
18:32:26.210,VIGILE,1,177.64,-41.87,0.359,-3.761,9.306,-1.774,-0.079,0.066,0.058,78.98,14.64,20.3,48,1,1
18:32:26.711,VIGILE,1,176.68,-26.5,0.283,-3.943,8.808,-2.653,-0.136,0.032,-0.026,78.98,5.29,20.3,48,1,1
18:32:27.211,VIGILE,1,174.6,-9.01,0.23,-3.78,8.291,-3.158,0.005,0.038,0.02,78.98,6.22,20.3,48,1,1
18:32:27.711,VIGILE,1,173.67,-13.99,0.29,-3.479,8.55,-3.397,-0.182,-0.026,-0.029,78.98,8.03,20.3,48,1,1
18:32:28.211,VIGILE,1,173.96,-16.31,0.293,-3.376,8.667,-3.215,-0.164,0.087,-0.152,78.98,10.06,20.3,48,1,1
18:32:28.711,VIGILE,1,175.16,-14.21,0.282,-4.022,8.327,-2.923,-0.048,-0.042,0.144,78.98,13.5,20.3,48,1,1
18:32:29.211,VIGILE,1,174.54,-15.06,0.282,-3.342,8.315,-3.1,0.146,-0.03,0.176,78.98,19.24,20.3,48,1,1
18:32:29.711,VIGILE,1,173.64,-9.62,0.306,-3.783,8.274,-2.397,-0.291,-0.006,-0.157,78.98,22.13,20.3,48,1,1
18:32:30.211,VIGILE,1,170.76,-12.53,0.217,-3.768,8.327,-2.559,-0.376,-0.001,-0.186,78.98,19.51,20.3,48,1,1
18:32:30.711,VIGILE,1,172.53,-3.96,0.286,-5.009,7.436,-1.741,0.063,0.031,0.537,78.98,10.82,20.3,48,1,1
18:32:31.211,VIGILE,1,177.76,-19.27,0.318,-2.928,8.65,-3.515,0.004,0.137,-0.052,78.98,6.22,20.3,48,1,1
18:32:31.711,VIGILE,1,176.05,-19.35,0.298,-4.037,8.021,-3.218,-0.423,0.193,-0.155,78.98,7.1,20.3,48,1,1
18:32:32.211,VIGILE,1,176.09,-22.36,0.282,-4.312,7.458,-4.082,-0.006,0.202,-0.046,78.98,8.85,20.3,48,1,1
18:32:32.711,VIGILE,1,174.48,-27.71,0.262,-5.301,7.654,-4.274,-0.364,0.266,-0.096,78.98,10.65,20.3,48,1,1
18:32:33.211,VIGILE,1,172.36,-24.64,0.274,-4.87,6.984,-3.598,-0.225,0.228,-0.141,78.98,10.54,20.3,48,1,1
18:32:33.712,VIGILE,1,174.03,-26.68,0.275,-6.692,7.293,-4.293,-0.926,0.478,-0.458,78.98,3.64,20.3,48,1,1
18:32:34.212,VIGILE,1,177.07,-25.23,0.281,-5.44,8.473,-4.128,-0.521,0.195,-0.353,78.98,4.52,20.3,48,1,1
18:32:34.712,VIGILE,1,175.95,-24.74,0.283,-5.856,8.102,-2.902,0.175,0.234,0.312,78.98,5.73,20.3,48,1,1
18:32:35.212,VIGILE,1,175.73,-21.55,0.246,-5.363,6.68,-3.524,-0.267,-0.066,0.326,78.98,8.92,20.3,48,1,1
18:32:35.712,VIGILE,1,168.73,-13.99,0.22,-5.416,8.124,-4.697,0.418,0.516,0.046,78.98,11.44,20.3,48,1,1
18:32:36.212,VIGILE,1,172.29,1.9,0.264,-4.506,7.278,-3.548,-0.065,0.032,0.038,78.98,13.5,20.3,48,1,1
18:32:36.712,VIGILE,1,164.57,40.97,0.484,-4.008,8.255,-3.065,-0.358,0.126,-0.113,78.98,12.73,20.3,48,1,1
18:32:37.212,VIGILE,1,154.43,41.39,0.371,-4.187,7.884,-2.813,0.058,0.134,0.003,78.98,9.72,20.3,48,1,1
18:32:37.712,VIGILE,1,157.85,44.13,0.363,-4.252,8.562,-2.394,-0.174,0.114,-0.185,78.98,4.96,20.3,48,1,1
18:32:38.212,VIGILE,1,169.53,29.14,0.302,-4.705,7.879,-2.049,-0.067,0.173,-0.056,78.98,6.89,20.3,48,1,1
18:32:38.712,VIGILE,1,170.36,21.31,0.2,-4.099,8.375,-1.532,-0.236,-0.197,0.299,78.98,9.41,20.3,48,1,1
18:32:39.212,VIGILE,1,167.76,7.55,0.299,-4.532,8.595,-2.555,0.058,0.173,-0.216,78.98,14.22,20.3,48,1,1
18:32:39.712,VIGILE,1,173.92,6.94,0.313,-3.639,8.741,-1.772,-0.106,-0.047,0.037,78.98,16.35,20.3,48,1,1
18:32:40.212,VIGILE,1,170.99,0.14,0.3,-3.78,8.102,-2.124,-0.144,-0.04,-0.026,78.98,14.54,20.3,48,1,1
18:32:40.712,VIGILE,1,172.7,-2.63,0.282,-3.78,7.853,-2.545,0.362,-0.195,0.232,78.98,4.74,20.3,48,1,1
18:32:41.212,VIGILE,1,169.02,-1.82,0.302,-3.788,8.059,-2.27,0.023,0.13,-0.072,78.98,5.35,20.3,48,1,1
18:32:41.713,VIGILE,1,168.14,-4.72,0.254,-4.187,8.006,-2.502,-0.17,0.042,0.063,78.98,6.5,20.3,48,1,1
18:32:42.213,VIGILE,1,165.6,-5.93,0.291,-4.135,8.492,-1.647,-0.489,0.186,-0.284,78.98,8.58,20.3,48,1,1
18:32:42.713,VIGILE,1,170.53,-2.75,0.281,-4.424,8.092,-1.171,-0.508,0.046,-0.07,78.98,10.77,20.3,48,1,1
18:32:43.213,VIGILE,1,170.36,-4.46,0.273,-4.803,8.595,-0.529,-0.006,-0.092,0.064,78.98,14.43,20.3,48,1,1
18:32:43.713,VIGILE,1,171.64,-7.49,0.281,-4.556,8.183,-0.675,-0.203,0.095,-0.104,78.98,15.96,20.3,48,1,1
18:32:44.213,VIGILE,1,166.16,-4.51,0.292,-5.459,8.1,-1.307,-0.136,0.072,-0.035,78.98,15.96,20.3,48,1,1
18:32:44.713,VIGILE,1,173.91,-6.7,0.284,-5.535,8.442,-0.081,-0.259,0.016,-0.009,78.98,14.6,20.3,48,1,1
18:32:45.213,VIGILE,1,171.94,-9.02,0.274,-5.157,8.188,-0.611,-0.133,0.098,0.009,78.98,11.97,20.3,48,1,1
18:32:45.713,VIGILE,1,169.7,-7.97,0.254,-5.478,8.384,-0.601,-0.066,-0.023,0.002,78.98,4.75,20.3,48,1,1
18:32:46.213,VIGILE,1,172.64,-3.86,0.25,-5.768,8.011,0.328,-0.15,0.081,-0.023,78.98,4.92,20.3,48,1,1
18:32:46.713,VIGILE,1,178.85,-8.21,0.283,-3.917,8.128,-3.436,-0.144,0.084,-0.05,78.98,4.92,20.3,48,1,1
18:32:47.213,VIGILE,1,174.62,-12.62,0.271,-4.149,8.37,-2.828,-0.092,0.022,0.072,78.98,4.92,20.3,48,1,1
18:32:47.713,VIGILE,1,177.71,16.59,0.223,-4.13,7.97,-2.863,-0.313,0.103,-0.064,78.98,4.92,20.3,48,1,1
18:32:48.214,VIGILE,1,173.98,42.51,0.356,-4.187,8.305,-2.547,-0.015,0.038,0.035,78.98,4.92,20.3,48,1,1
18:32:48.714,DISTRAZIONE,0,0.0,0.0,0.0,-4.223,8.253,-2.854,-0.14,0.06,-0.021,78.98,4.75,20.3,48,1,1
18:32:49.214,DISTRAZIONE,1,-159.72,67.26,0.304,-4.147,8.088,-2.806,-0.071,0.078,-0.021,78.98,4.69,20.3,48,1,1
18:32:49.714,DISTRAZIONE,1,-164.56,74.61,0.544,-4.219,8.198,-2.796,-0.176,0.038,0.015,78.98,4.58,20.3,48,1,1
18:32:50.214,DISTRAZIONE,1,-170.84,80.1,0.598,-4.154,8.284,-2.526,-0.124,0.075,-0.003,78.98,4.58,20.3,48,1,1
18:32:50.714,DISTRAZIONE,0,0.0,0.0,0.0,-4.221,8.126,-2.859,-0.132,0.108,-0.064,78.98,4.58,20.3,48,1,1
18:32:51.214,DISTRAZIONE,0,0.0,0.0,0.0,-3.876,8.444,-2.933,-0.25,0.042,-0.033,78.98,4.41,20.3,48,1,1
18:32:51.714,DISTRAZIONE,0,0.0,0.0,0.0,-4.252,8.145,-2.777,-0.093,0.058,-0.022,78.98,4.41,20.3,48,1,1
18:32:52.214,DISTRAZIONE,1,-177.87,6.67,0.231,-3.297,8.483,-4.903,0.113,0.189,0.062,78.98,4.52,20.3,48,1,1
18:32:52.714,VIGILE,1,-176.53,-19.93,0.297,-3.158,7.554,-5.624,-0.392,0.031,-0.028,78.98,4.52,20.3,48,1,1
18:32:53.214,VIGILE,1,177.63,-12.4,0.293,-3.541,7.728,-4.149,-0.193,-0.065,-0.011,78.98,4.74,20.3,48,1,1
18:32:53.714,VIGILE,1,-177.58,22.16,0.153,-3.237,7.92,-5.31,-0.273,0.239,-0.039,78.98,4.96,20.3,48,1,1
18:32:54.214,VIGILE,1,174.8,6.24,0.28,-2.574,7.875,-5.021,-0.015,0.01,-0.038,78.98,5.35,20.3,48,1,1
18:32:54.714,VIGILE,1,173.93,2.36,0.274,-3.294,7.738,-4.81,-0.396,0.13,-0.025,78.98,6.0,20.3,48,1,1
18:32:55.214,VIGILE,1,171.52,-0.1,0.283,-4.456,7.824,-2.102,-0.437,0.31,-0.412,78.98,7.21,20.3,48,1,1
18:32:55.715,VIGILE,1,170.75,-8.98,0.288,-4.061,7.901,-1.891,0.055,0.015,-0.085,78.98,9.41,20.3,48,1,1
18:32:56.215,VIGILE,1,170.82,-6.04,0.278,-3.879,8.236,-2.447,-0.193,0.01,0.019,78.98,12.09,20.3,48,1,1
18:32:56.715,VIGILE,1,176.87,10.54,0.297,-3.405,8.471,-3.855,-0.125,0.063,0.112,78.98,15.75,20.3,48,1,1
18:32:57.215,VIGILE,1,174.5,18.95,0.269,-3.534,8.377,-3.184,-0.369,0.051,-0.098,78.98,15.8,20.3,48,1,1
18:32:57.715,VIGILE,1,170.66,23.17,0.183,-3.776,8.03,-2.94,-0.059,0.012,0.019,78.98,15.09,20.3,48,1,1
18:32:58.215,VIGILE,1,175.15,6.31,0.264,-3.405,7.793,-3.654,0.187,-0.047,0.07,78.98,6.77,20.3,48,1,1
18:32:58.715,VIGILE,1,170.44,-1.21,0.282,-3.625,8.143,-3.565,-0.115,0.041,-0.074,78.98,6.44,20.3,48,1,1
18:32:59.215,VIGILE,1,173.92,-5.42,0.285,-3.984,8.337,-2.653,-0.087,0.014,0.057,78.98,8.25,20.3,48,1,1
18:32:59.715,VIGILE,1,171.81,-7.48,0.266,-4.015,8.011,-3.093,-0.236,0.03,-0.003,78.98,8.74,20.3,48,1,1
18:33:00.215,VIGILE,1,173.75,-11.05,0.259,-4.214,8.734,-3.699,0.141,0.07,0.2,78.98,11.69,20.3,48,1,1
18:33:00.715,VIGILE,1,174.65,-17.55,0.25,-3.984,8.466,-3.637,0.017,0.205,-0.048,78.98,12.57,20.3,48,1,1
18:33:01.215,VIGILE,1,174.14,-16.17,0.23,-3.481,8.48,-3.424,-0.103,0.163,0.051,78.98,11.91,20.3,48,1,1
18:33:01.715,VIGILE,1,173.49,-15.27,0.266,-4.068,7.872,-3.247,-0.374,-0.025,-0.072,78.98,6.93,20.3,48,1,1
18:33:02.215,VIGILE,1,174.05,-18.32,0.269,-3.651,8.629,-3.479,-0.089,0.019,0.052,78.98,7.15,20.3,48,1,1
18:33:02.715,VIGILE,1,168.72,-20.77,0.28,-3.232,8.38,-3.452,-0.015,0.041,-0.099,78.98,8.58,20.3,48,1,1
18:33:03.215,VIGILE,1,171.16,-22.01,0.259,-3.211,8.399,-3.467,0.083,-0.041,0.014,78.98,11.75,20.3,48,1,1
18:33:03.716,VIGILE,1,174.04,-17.13,0.153,-3.373,7.963,-3.876,-0.297,0.075,-0.061,78.98,15.3,20.3,48,1,1
18:33:04.216,VIGILE,1,171.53,9.41,0.275,-3.203,7.872,-3.077,-0.153,0.194,-0.217,78.98,10.59,20.3,48,1,1
18:33:04.716,VIGILE,1,174.06,1.45,0.265,-3.519,9.019,-3.67,-0.339,0.025,0.078,78.98,4.58,20.3,48,1,1
18:33:05.216,VIGILE,1,175.13,-11.06,0.258,-3.021,8.317,-3.23,-0.285,0.033,0.014,78.98,6.28,20.3,48,1,1
18:33:05.716,VIGILE,1,172.28,-15.84,0.268,-3.51,8.643,-3.443,-0.197,0.055,-0.187,78.98,10.16,20.3,48,1,1
18:33:06.216,VIGILE,1,173.76,-23.57,0.262,-4.492,9.378,-2.363,-0.372,0.093,-0.377,78.98,15.8,20.3,48,1,1
18:33:06.716,VIGILE,1,178.01,-24.18,0.32,-2.361,8.724,-2.772,-3.343,1.222,-2.448,78.98,14.82,20.3,48,1,1
18:33:07.216,VIGILE,1,169.16,-20.29,0.259,-4.245,8.648,-2.641,-0.127,0.075,0.104,78.98,8.03,20.3,48,1,1
18:33:07.716,VIGILE,1,179.45,-18.18,0.299,-5.069,7.74,-2.911,0.245,0.022,0.238,78.98,13.89,20.3,48,1,1
18:33:08.216,VIGILE,1,177.6,-19.51,0.286,-4.48,8.116,-3.915,0.005,0.239,0.03,78.98,16.88,20.3,48,1,1
18:33:08.716,VIGILE,1,172.66,-21.87,0.258,-4.939,7.721,-3.685,0.003,0.215,-0.049,78.98,5.01,20.3,48,1,1
18:33:09.216,VIGILE,1,177.17,-21.07,0.296,-4.547,7.113,-4.156,-0.279,0.284,-0.1,78.98,5.35,20.3,48,1,1
18:33:09.716,VIGILE,1,171.78,-18.23,0.264,-5.588,7.365,-3.948,0.072,0.329,-0.049,78.98,7.64,20.3,48,1,1
18:33:10.216,VIGILE,1,176.17,-17.71,0.274,-5.191,6.79,-4.185,0.052,0.209,0.099,78.98,12.57,20.3,48,1,1
18:33:10.716,VIGILE,1,174.09,-12.8,0.138,-5.306,8.061,-4.489,-0.21,0.215,-0.115,78.98,15.24,20.3,48,1,1
18:33:11.217,VIGILE,1,174.23,-10.96,0.252,-4.76,7.386,-3.455,0.081,0.047,0.128,78.98,3.2,20.3,48,1,1
18:33:11.717,VIGILE,1,175.37,-13.53,0.289,-4.992,7.74,-3.924,-0.204,0.27,-0.144,78.98,4.19,20.3,48,1,1
18:33:12.217,VIGILE,1,174.89,1.38,0.275,-3.745,8.133,-3.314,-0.102,0.089,0.058,78.98,7.32,20.3,48,1,1
18:33:12.717,VIGILE,1,176.65,8.5,0.292,-2.976,8.351,-2.325,-0.276,0.105,-0.112,78.98,9.56,20.3,48,1,1
18:33:13.217,VIGILE,1,174.79,2.16,0.263,-4.3,9.256,-2.492,0.548,0.197,0.384,78.98,13.44,20.3,48,1,1
18:33:13.717,VIGILE,1,174.85,4.56,0.273,-3.886,8.748,-3.086,-0.781,0.044,-0.269,78.98,3.91,20.3,48,1,1
18:33:14.217,VIGILE,1,175.46,-9.41,0.22,-3.563,9.084,-3.764,-0.034,-0.295,0.535,78.98,6.55,20.3,48,1,1
18:33:14.717,VIGILE,1,175.78,-11.26,0.306,-2.849,9.153,-2.483,0.095,0.097,0.122,78.98,10.11,20.3,48,1,1
18:33:15.217,VIGILE,1,176.42,-13.0,0.285,-3.328,8.394,-2.488,-0.136,-0.142,0.147,78.98,16.76,20.3,48,1,1
18:33:15.717,VIGILE,1,176.47,-13.63,0.272,-3.263,9.33,-2.691,-0.111,0.028,0.04,78.98,2.98,20.3,48,1,1
18:33:16.217,VIGILE,1,179.45,-21.57,0.301,-3.364,8.645,-1.659,-1.118,0.147,-0.268,78.98,4.13,20.3,48,1,1
18:33:16.717,VIGILE,1,174.17,-11.91,0.255,-4.108,8.763,-3.436,0.022,-0.06,-0.161,78.98,6.33,20.3,48,1,1
18:33:17.217,VIGILE,1,174.63,-12.36,0.275,-3.982,7.98,-3.405,0.128,-0.043,0.117,78.98,9.66,20.3,48,1,1
18:33:17.717,VIGILE,1,172.18,-13.13,0.183,-3.79,8.701,-3.419,-0.078,0.143,0.08,78.98,3.81,20.3,48,1,1
18:33:18.217,VIGILE,1,172.65,-11.42,0.286,-3.814,8.095,-3.711,0.114,0.107,0.053,78.98,6.06,20.3,48,1,1
18:33:18.718,VIGILE,1,171.01,-9.45,0.261,-3.929,8.377,-2.971,-0.227,-0.095,0.044,78.98,10.33,20.3,48,1,1
18:33:19.218,VIGILE,1,173.15,-15.69,0.297,-4.626,8.684,-3.115,0.026,0.241,-0.06,78.98,9.17,20.3,48,1,1
18:33:19.718,VIGILE,1,173.18,1.14,0.289,-4.087,8.217,-3.311,-0.099,-0.076,0.18,78.98,4.68,20.3,48,1,1
18:33:20.218,VIGILE,1,171.53,49.55,0.36,-3.95,8.746,-2.519,-0.11,0.129,0.007,78.98,7.97,20.3,48,1,1
18:33:20.718,VIGILE,1,172.74,15.36,0.305,-3.651,8.432,-2.919,-0.379,-0.011,0.083,78.98,11.31,20.3,48,1,1
18:33:21.218,VIGILE,1,176.72,25.53,0.164,-3.689,8.969,-2.693,0.035,-0.067,0.212,78.98,3.75,20.3,48,1,1
18:33:21.718,VIGILE,1,169.77,7.33,0.277,-3.677,9.036,-3.203,-0.063,0.165,-0.047,78.98,6.38,20.3,48,1,1
18:33:22.218,VIGILE,1,171.71,4.58,0.255,-3.508,8.157,-2.909,0.159,-0.006,0.006,78.98,12.79,20.3,48,1,1
18:33:22.718,VIGILE,1,171.22,-5.56,0.248,-3.634,8.43,-2.796,-0.236,0.118,-0.133,78.98,11.47,20.3,48,1,1
18:33:23.218,VIGILE,1,172.9,-5.34,0.277,-3.78,8.662,-2.701,-0.493,-0.004,-0.142,78.98,3.97,20.3,48,1,1
18:33:23.718,VIGILE,1,171.79,-3.07,0.281,-3.359,9.108,-3.069,0.066,0.096,0.072,78.98,6.71,20.3,48,1,1
18:33:24.218,VIGILE,1,170.36,-8.26,0.247,-4.149,8.03,-2.109,-0.546,0.205,-0.191,78.98,10.92,20.3,48,1,1
18:33:24.718,VIGILE,1,174.34,8.85,0.283,-4.142,8.083,-3.316,-0.202,0.153,-0.048,78.98,2.98,20.3,48,1,1
18:33:25.218,VIGILE,1,173.53,22.97,0.137,-4.08,8.193,-3.486,0.117,0.112,0.068,78.98,4.19,20.3,48,1,1
18:33:25.718,VIGILE,1,168.07,2.14,0.277,-3.17,7.199,-3.326,0.309,0.033,0.164,78.98,7.26,20.3,48,1,1
18:33:26.218,MALORE,1,177.7,5.17,0.195,-3.646,8.825,-3.266,0.365,0.223,0.019,78.98,11.47,20.3,48,1,1
18:33:26.719,MALORE,0,0.0,0.0,0.0,-4.587,8.226,-2.811,-0.362,0.172,-0.238,78.98,3.3,20.3,48,1,1
18:33:27.219,MALORE,0,0.0,0.0,0.0,-4.345,7.302,-2.191,-0.254,0.009,0.137,78.98,3.97,20.3,48,1,1
18:33:27.719,MALORE,0,0.0,0.0,0.0,-4.25,8.241,-2.014,-0.325,0.112,-0.175,78.98,5.5,20.3,48,1,1
18:33:28.219,MALORE,1,-178.53,24.72,0.394,-4.101,7.927,-3.302,0.149,0.29,-0.366,78.98,4.95,20.3,48,1,1
18:33:28.719,MALORE,1,179.5,30.52,0.221,-4.621,8.157,-1.214,0.186,0.205,0.137,78.98,3.26,20.3,48,1,1
18:33:29.219,VIGILE,1,172.57,16.93,0.303,-5.133,8.619,-2.763,-1.179,0.077,-0.062,78.98,5.12,20.3,48,1,1
18:33:29.719,VIGILE,1,169.75,12.65,0.282,-4.307,8.073,-2.514,-0.099,0.116,-0.066,78.98,9.07,20.3,48,1,1
18:33:30.219,VIGILE,1,171.52,22.34,0.142,-4.513,8.011,-2.009,-0.52,0.103,-0.154,78.98,9.88,20.3,48,1,1
18:33:30.719,VIGILE,1,169.13,7.56,0.296,-4.702,9.031,-3.215,-0.059,-0.058,0.107,78.98,4.58,20.3,48,1,1
18:33:31.219,VIGILE,1,172.87,12.48,0.324,-4.068,8.203,-2.303,-0.039,-0.065,0.205,78.98,7.15,20.3,48,1,1
18:33:31.719,VIGILE,1,177.68,7.94,0.263,-4.159,8.267,-2.476,-0.08,-0.057,0.023,78.98,10.21,20.3,48,1,1
18:33:32.219,VIGILE,1,173.98,0.98,0.285,-3.953,7.391,-2.768,-0.253,-0.004,0.085,78.98,3.42,20.3,48,1,1
18:33:32.719,VIGILE,1,170.36,-3.35,0.258,-3.967,8.286,-2.634,-0.006,-0.01,-0.058,78.98,4.52,20.3,48,1,1
18:33:33.219,VIGILE,1,170.07,-7.08,0.24,-3.759,8.028,-2.409,-0.351,0.026,0.007,78.98,6.04,20.3,48,1,1
18:33:33.719,VIGILE,1,169.77,-0.74,0.256,-4.259,8.018,-2.394,-0.088,-0.17,0.05,78.98,5.94,20.3,48,1,1
18:33:34.220,VIGILE,1,173.55,-3.55,0.28,-3.709,9.266,-3.582,-0.442,-0.01,0.167,78.98,5.29,20.3,48,1,1
18:33:34.720,VIGILE,1,173.38,13.89,0.239,-4.231,8.408,-2.437,-0.264,0.046,0.023,78.98,7.64,20.3,48,1,1
18:33:35.220,VIGILE,1,171.87,19.22,0.134,-4.494,7.853,-1.889,-0.856,0.014,-0.459,78.98,9.66,20.3,48,1,1
18:33:35.720,VIGILE,1,169.36,-0.5,0.276,-5.176,8.792,-3.294,0.018,0.026,0.499,78.98,2.43,20.3,48,1,1
18:33:36.220,VIGILE,1,171.28,-6.3,0.273,-3.931,8.971,-2.473,0.147,0.007,0.234,78.98,2.75,20.3,48,1,1
18:33:36.720,VIGILE,1,165.97,-8.55,0.227,-3.989,7.233,-2.258,0.373,0.018,0.08,78.98,3.04,20.3,48,1,1
18:33:37.220,VIGILE,1,165.89,0.86,0.223,-3.237,7.156,-1.671,-0.669,0.149,-0.445,78.98,5.12,20.3,48,1,1
18:33:37.720,VIGILE,1,171.42,15.86,0.232,-5.37,8.382,-1.966,-0.239,0.098,-0.063,78.98,9.23,20.3,48,1,1
18:33:38.220,VIGILE,1,164.19,-1.69,0.225,-5.892,8.423,-0.63,-0.274,-0.021,0.013,78.98,13.0,20.3,48,1,1
18:33:38.720,VIGILE,1,167.65,-6.04,0.272,-5.523,8.686,-0.211,0.188,-0.161,0.177,78.98,4.24,20.3,48,1,1
18:33:39.220,VIGILE,1,168.46,-12.41,0.217,-4.956,8.373,-1.511,-0.061,0.241,-0.117,78.98,4.74,20.3,48,1,1
18:33:39.720,VIGILE,1,170.9,-16.6,0.271,-5.15,8.171,-1.477,-0.037,0.141,0.014,78.98,7.42,20.3,48,1,1
18:33:40.220,VIGILE,1,175.99,-21.72,0.26,-5.26,8.224,-1.35,-0.097,0.057,0.042,78.98,12.18,20.3,48,1,1
18:33:40.720,VIGILE,1,172.53,-25.49,0.287,-5.109,7.987,-0.304,-0.318,0.246,-0.142,78.98,13.0,20.3,48,1,1
18:33:41.221,VIGILE,1,171.64,-31.66,0.299,-5.847,8.219,-0.213,-0.159,0.11,-0.053,78.98,4.3,20.3,48,1,1
18:33:41.721,VIGILE,1,173.14,-37.97,0.359,-5.504,7.472,0.019,0.068,-0.195,0.232,78.98,6.71,20.3,48,1,1
18:33:42.221,VIGILE,1,-175.28,-32.7,0.33,-1.039,7.4,-2.928,0.246,-0.045,0.479,78.98,15.1,20.3,48,1,1
18:33:42.721,VIGILE,1,173.69,-39.09,0.299,-2.662,7.836,-1.547,0.327,0.211,0.011,78.98,10.27,20.3,48,1,1
18:33:43.221,VIGILE,1,168.21,-58.67,0.38,-5.571,10.13,-1.343,0.241,0.242,-0.093,78.98,14.58,20.3,48,1,1
18:33:43.721,VIGILE,1,177.45,-42.0,0.419,-3.972,8.423,-1.214,-0.206,0.078,-0.141,78.98,14.04,20.3,48,1,1
18:33:44.221,VIGILE,1,176.76,10.17,0.299,-3.371,8.514,-1.757,0.137,-0.036,0.095,78.98,9.82,20.3,48,1,1
18:33:44.721,VIGILE,1,176.61,-6.47,0.3,-2.756,9.299,-2.404,-0.178,0.078,-0.139,78.98,4.07,20.3,48,1,1
18:33:45.221,VIGILE,1,178.65,14.77,0.312,-3.089,8.313,-2.804,-0.005,-0.155,0.138,78.98,5.61,20.3,48,1,1
18:33:45.721,VIGILE,1,179.04,19.26,0.313,-3.8,8.236,-3.294,-0.537,-0.079,-0.176,78.98,9.78,20.3,48,1,1
18:33:46.221,VIGILE,1,173.82,5.95,0.289,-2.454,9.352,-2.849,-0.207,-0.081,0.053,78.98,15.52,20.3,48,1,1
18:33:46.721,VIGILE,1,172.6,-17.85,0.26,-4.214,8.021,-2.851,-0.222,0.021,-0.078,78.98,16.76,20.3,48,1,1
18:33:47.221,VIGILE,1,169.08,38.5,0.439,-4.223,8.392,-2.71,-0.184,0.241,-0.025,78.98,11.9,20.3,48,1,1
18:33:47.721,VIGILE,1,170.61,-15.3,0.245,-5.59,7.192,-3.421,-0.043,0.174,-0.018,78.98,3.26,20.3,48,1,1
18:33:48.222,VIGILE,1,173.42,-27.11,0.219,-6.203,6.574,-4.063,0.105,0.237,0.331,78.98,4.13,20.3,48,1,1
18:33:48.722,VIGILE,1,169.99,-27.04,0.237,-6.266,5.93,-4.882,-0.38,0.315,0.021,78.98,3.81,20.3,48,1,1
18:33:49.222,VIGILE,1,-179.15,-31.12,0.297,-5.691,6.144,-3.551,-1.168,0.221,-0.409,78.98,3.2,20.3,48,1,1
18:33:49.722,VIGILE,1,174.65,-23.69,0.272,-6.206,6.378,-4.571,-0.902,0.452,-0.314,78.98,3.2,20.3,48,1,1
18:33:50.222,VIGILE,1,174.85,-16.74,0.279,-5.205,8.073,-4.13,-0.101,0.377,-0.121,78.98,5.07,20.3,48,1,1
18:33:50.722,VIGILE,1,172.39,3.85,0.33,-3.984,7.649,-2.921,-0.723,0.256,-0.219,78.98,9.5,20.3,48,1,1
18:33:51.222,VIGILE,1,169.62,11.74,0.277,-3.357,8.988,-2.861,-0.249,0.116,0.05,78.98,13.49,20.3,48,1,1
18:33:51.723,VIGILE,1,166.08,17.12,0.264,-3.881,8.401,-2.332,-0.285,0.083,-0.219,78.98,8.67,20.3,48,1,1
18:33:52.223,VIGILE,1,160.92,15.04,0.286,-3.579,8.392,-2.418,0.229,-0.168,0.318,78.98,2.81,20.3,48,1,1
18:33:52.723,VIGILE,1,165.1,16.65,0.284,-2.655,9.512,-2.866,0.242,-0.241,0.308,78.98,4.46,20.3,48,1,1
18:33:53.223,VIGILE,1,175.48,12.6,0.29,-2.04,8.394,-1.341,0.842,-0.01,0.128,78.98,17.01,20.3,48,1,1
18:33:53.723,VIGILE,1,158.58,12.83,0.214,-3.182,11.1,-3.541,1.218,-0.343,0.986,78.98,65.14,20.3,48,1,1
18:33:54.223,VIGILE,1,173.04,12.46,0.288,-1.523,8.988,-3.342,0.09,-0.171,0.203,78.98,21.74,20.3,48,1,1
18:33:54.723,VIGILE,1,163.43,3.82,0.263,-1.978,9.61,-3.893,0.265,-0.241,-0.135,78.98,15.68,20.3,48,1,1
18:33:55.223,VIGILE,1,171.53,2.15,0.237,-2.746,6.381,0.065,-1.689,0.392,-1.296,78.98,6.61,20.3,48,1,1
18:33:55.723,VIGILE,1,174.56,-9.28,0.248,-3.558,7.058,-4.231,0.017,0.099,-0.176,78.98,16.18,20.3,48,1,1
18:33:56.223,VIGILE,1,171.26,-3.52,0.263,-3.405,7.424,-3.584,0.004,-0.204,0.114,78.98,19.02,20.3,48,1,1
18:33:56.723,VIGILE,1,165.83,-0.74,0.264,-3.886,7.913,-4.41,-0.054,0.15,0.174,78.98,5.61,20.3,48,1,1
18:33:57.223,VIGILE,1,169.38,-7.69,0.227,-3.438,7.408,-3.27,-0.182,0.249,-0.192,78.98,10.33,20.3,48,1,1
18:33:57.723,VIGILE,1,170.27,-7.68,0.268,-4.056,8.114,-2.78,-0.045,0.009,0.079,78.98,20.93,20.3,48,1,1
18:33:58.223,VIGILE,1,167.23,-8.51,0.262,-3.941,8.633,-2.409,-0.42,0.066,-0.116,78.98,5.07,20.3,48,1,1
18:33:58.723,VIGILE,1,176.23,-14.38,0.275,-4.204,8.061,-2.789,-0.026,-0.037,0.071,78.98,8.9,20.3,48,1,1
18:33:59.224,VIGILE,1,173.83,-13.42,0.283,-3.68,8.428,-3.17,0.188,0.061,0.075,78.98,20.44,20.3,48,1,1
18:33:59.724,VIGILE,1,173.11,-12.86,0.137,-3.735,8.157,-3.007,-0.125,0.119,-0.076,78.98,12.79,20.3,48,1,1
18:34:00.224,VIGILE,1,171.04,-13.08,0.272,-4.24,8.212,-2.507,-0.423,0.22,-0.087,78.98,8.52,20.3,48,1,1
18:34:00.724,VIGILE,1,171.88,-13.29,0.218,-3.903,8.164,-2.933,-0.105,0.036,0.072,78.98,17.43,20.3,48,1,1
18:34:01.224,VIGILE,1,170.02,-14.8,0.271,-3.795,8.483,-3.263,0.292,0.074,0.118,78.98,14.36,20.3,48,1,1
18:34:01.724,VIGILE,1,174.48,-15.73,0.15,-4.614,8.001,-2.507,-0.304,0.137,-0.203,78.98,3.42,20.3,48,1,1
18:34:02.224,VIGILE,1,175.97,-18.94,0.271,-4.384,8.2,-3.898,0.409,-0.012,0.183,78.98,5.67,20.3,48,1,1
18:34:02.724,VIGILE,1,172.1,-19.15,0.278,-4.487,7.884,-3.577,0.205,0.047,0.104,78.98,11.2,20.3,48,1,1
18:34:03.224,VIGILE,1,174.74,-20.48,0.276,-4.738,6.788,-3.689,-0.185,0.17,0.048,78.98,18.57,20.3,48,1,1
18:34:03.724,VIGILE,1,172.58,-19.56,0.275,-4.915,8.27,-3.136,-0.122,0.091,0.185,78.98,2.81,20.3,48,1,1
18:34:04.224,VIGILE,1,173.8,-12.52,0.274,-4.772,7.001,-3.591,-0.261,0.095,-0.359,78.98,4.58,20.3,48,1,1
18:34:04.724,VIGILE,1,171.41,-16.41,0.266,-4.156,8.191,-2.883,0.055,0.11,-0.038,78.98,7.87,20.3,48,1,1
18:34:05.224,VIGILE,1,175.89,-15.54,0.225,-4.779,7.434,-3.479,-0.032,0.019,-0.08,78.98,17.81,20.3,48,1,1
18:34:05.724,VIGILE,1,172.23,-20.38,0.172,-4.125,8.277,-3.077,-0.29,0.045,0.008,78.98,5.23,20.3,48,1,1
18:34:06.224,VIGILE,1,176.15,-21.86,0.259,-3.759,8.732,-2.842,-0.129,0.033,0.037,78.98,7.32,20.3,48,1,1
18:34:06.724,VIGILE,1,171.29,-16.45,0.256,-4.037,8.222,-2.612,-0.154,-0.021,-0.109,78.98,16.73,20.3,48,1,1
18:34:07.225,VIGILE,1,175.8,-15.66,0.274,-4.195,8.006,-3.285,-0.056,0.205,-0.048,78.98,17.04,20.3,48,1,1
18:34:07.725,VIGILE,1,177.19,-19.99,0.291,-3.098,6.972,-3.206,-0.215,0.063,0.134,78.98,4.84,20.3,48,1,1
18:34:08.225,VIGILE,1,175.98,-16.52,0.278,-4.899,8.478,-2.844,-0.547,0.277,-0.2,78.98,10.49,20.3,48,1,1
18:34:08.725,VIGILE,1,175.1,-14.26,0.261,-4.417,8.452,-2.811,0.185,0.072,0.033,78.98,18.25,20.3,48,1,1
18:34:09.225,VIGILE,1,175.07,13.9,0.141,-4.82,7.638,-2.198,-0.396,0.149,-0.025,78.98,2.75,20.3,48,1,1
18:34:09.725,VIGILE,1,175.06,-2.19,0.278,-4.264,7.137,-2.552,-0.224,0.104,-0.166,78.98,4.68,20.3,48,1,1
18:34:10.225,VIGILE,1,175.35,-13.9,0.287,-4.13,8.037,-2.212,-0.245,0.102,-0.12,78.98,7.81,20.3,48,1,1
18:34:10.725,VIGILE,1,176.01,-14.71,0.218,-4.156,8.918,-2.16,-1.134,0.076,-0.415,78.98,12.63,20.3,48,1,1
18:34:11.225,VIGILE,1,175.46,-16.87,0.268,-4.697,6.91,-3.062,0.156,-0.071,0.132,78.98,16.11,20.3,48,1,1
18:34:11.725,VIGILE,1,176.42,-17.02,0.284,-4.64,7.381,-3.297,-0.167,0.052,-0.137,78.98,2.98,20.3,48,1,1
18:34:12.225,VIGILE,1,173.84,-11.14,0.297,-6.601,8.27,-1.968,-0.345,-0.151,0.342,78.98,4.9,20.3,48,1,1
18:34:12.725,VIGILE,1,174.64,21.2,0.196,-5.461,8.327,-2.851,-0.056,0.27,-0.291,78.98,9.62,20.3,48,1,1
18:34:13.225,SONNOLENZA,1,175.7,24.01,0.156,-4.721,7.685,-2.085,-0.212,0.053,-0.082,78.98,19.28,20.3,48,1,1
18:34:13.725,SONNOLENZA,1,176.14,12.62,0.173,-4.899,7.865,-2.423,-0.095,0.107,-0.033,78.98,2.43,20.3,48,1,1
18:34:14.225,SONNOLENZA,1,-176.59,-2.84,0.109,-4.001,7.621,-2.95,0.033,0.087,0.0,78.98,2.81,20.3,48,1,1
18:34:14.725,SONNOLENZA,1,-162.08,16.53,0.145,-5.042,7.705,-2.31,-0.531,0.098,-0.019,78.98,4.07,20.3,48,1,1
18:34:15.226,SONNOLENZA,1,-175.55,4.56,0.275,-4.848,7.669,-2.698,-0.056,0.15,-0.173,78.98,7.59,20.3,48,1,1
18:34:15.726,SONNOLENZA,1,177.09,-7.58,0.15,-5.176,8.064,-2.741,-0.04,0.119,0.038,78.98,13.81,20.3,48,1,1
18:34:16.226,SONNOLENZA,1,171.15,-8.29,0.136,-5.617,7.946,-2.33,-0.077,-0.022,0.05,78.98,14.14,20.3,48,1,1
18:34:16.726,SONNOLENZA,1,166.03,-5.1,0.184,-5.193,7.664,-2.579,-0.415,0.107,-0.168,78.98,3.36,20.3,48,1,1
18:34:17.226,SONNOLENZA,1,168.05,-3.75,0.205,-5.203,7.695,-2.399,0.282,0.013,0.237,78.98,5.23,20.3,48,1,1
18:34:17.726,SONNOLENZA,1,162.83,-5.37,0.131,-5.605,7.98,-1.815,0.018,0.022,0.009,78.98,9.94,20.3,48,1,1
18:34:18.226,SONNOLENZA,1,162.64,-1.27,0.162,-5.133,7.695,0.429,-1.104,0.152,-0.481,78.98,15.56,20.3,48,1,1
18:34:18.726,SONNOLENZA,1,165.45,5.15,0.158,-4.743,6.941,-1.92,-0.214,0.036,-0.007,78.98,15.24,20.3,48,1,1
18:34:19.226,SONNOLENZA,1,169.82,32.36,0.176,-4.436,8.054,-2.373,-0.344,0.054,-0.117,78.98,4.47,20.3,48,1,1
18:34:19.726,SONNOLENZA,1,166.22,9.02,0.074,-4.326,8.377,-1.322,-0.053,-0.062,-0.003,78.98,7.59,20.3,48,1,1
18:34:20.226,SONNOLENZA,1,-177.64,12.27,0.215,-3.757,9.021,-0.266,0.018,-0.125,0.201,78.98,13.55,20.3,48,1,1
18:34:20.726,SONNOLENZA,1,178.54,12.62,0.16,-2.528,9.27,-2.109,0.197,-0.216,0.202,78.98,17.03,20.3,48,1,1
18:34:21.226,SONNOLENZA,1,173.91,-43.82,0.246,-2.186,9.007,-1.832,-0.116,-0.112,0.039,78.98,14.51,20.3,48,1,1
18:34:21.726,SONNOLENZA,1,-179.22,-24.53,0.237,-1.879,9.67,-1.219,-0.441,-0.144,-0.1,78.98,3.3,20.3,48,1,1
18:34:22.226,SONNOLENZA,1,175.76,25.15,0.213,-1.846,9.409,-1.595,0.16,-0.249,0.2,78.98,7.04,20.3,48,1,1
18:34:22.727,SONNOLENZA,1,169.56,27.87,0.078,-2.181,9.665,-1.293,-0.123,-0.197,0.104,78.98,18.21,20.3,48,1,1
18:34:23.227,SONNOLENZA,1,168.44,28.32,0.18,1.341,13.159,-7.041,2.735,0.478,1.034,78.98,111.93,20.3,48,1,1
18:34:23.727,SONNOLENZA,1,172.56,32.27,0.217,-1.817,10.072,-1.377,-0.498,-0.332,0.039,78.98,16.11,20.3,48,1,1
18:34:24.227,SONNOLENZA,1,171.57,25.97,0.231,-1.932,8.43,-2.078,-1.428,0.026,-0.727,78.98,16.39,20.3,48,1,1
18:34:24.727,SONNOLENZA,1,175.82,18.8,0.269,-1.733,9.306,-2.636,0.022,-0.343,0.154,78.98,9.11,20.3,48,1,1
18:34:25.227,SONNOLENZA,1,176.05,14.31,0.288,-4.017,10.242,-3.498,0.426,0.125,-0.393,78.98,6.65,20.3,48,1,1
18:34:25.727,SONNOLENZA,1,173.89,-0.83,0.219,-5.31,7.819,-5.308,0.755,-0.207,-0.058,78.98,7.75,20.3,48,1,1
18:34:26.227,SONNOLENZA,1,170.33,-2.02,0.234,-3.187,8.432,-1.59,-0.247,0.147,-0.32,78.98,4.84,20.3,48,1,1
18:34:26.727,SONNOLENZA,1,174.3,-8.11,0.236,-2.962,8.061,-0.948,-0.031,-0.067,0.371,78.98,6.43,20.3,48,1,1
18:34:27.227,SONNOLENZA,1,170.35,-6.62,0.14,-4.578,8.188,-2.727,-0.232,-0.03,-0.298,78.98,8.45,20.3,48,1,1
18:34:27.727,SONNOLENZA,1,174.56,-9.22,0.14,-3.733,7.482,-2.55,0.443,-0.143,0.05,78.98,8.61,20.3,48,1,1
18:34:28.227,SONNOLENZA,1,177.16,-10.59,0.12,-3.953,8.145,-2.394,-0.357,0.172,-0.204,78.98,6.31,20.3,48,1,1
18:34:28.727,SONNOLENZA,1,176.57,-14.32,0.151,-3.596,8.21,-2.461,0.935,-0.207,0.265,78.98,2.21,20.3,48,1,1
18:34:29.228,SONNOLENZA,1,172.71,-12.1,0.271,-4.35,8.143,-2.478,-0.07,0.161,-0.124,78.98,2.59,20.3,48,1,1
18:34:29.728,SONNOLENZA,1,174.07,-10.27,0.278,-3.745,7.829,-2.514,-0.268,0.052,-0.031,78.98,3.58,20.3,48,1,1
18:34:30.228,SONNOLENZA,1,170.69,-10.18,0.161,-4.748,8.54,-2.686,0.04,0.113,0.042,78.98,5.72,20.3,48,1,1
18:34:30.728,SONNOLENZA,1,171.22,-11.24,0.165,-3.658,8.004,-2.37,-0.008,0.179,-0.106,78.98,7.69,20.3,48,1,1
18:34:31.228,SONNOLENZA,1,170.9,-9.83,0.17,-4.192,8.009,-2.641,-0.041,0.084,-0.092,78.98,8.83,20.3,48,1,1
18:34:31.728,SONNOLENZA,1,169.16,-11.58,0.155,-4.171,8.504,-2.382,0.361,0.131,0.052,78.98,8.77,20.3,48,1,1
18:34:32.228,SONNOLENZA,1,168.33,-8.49,0.195,-4.278,7.966,-2.545,-0.109,0.128,0.006,78.98,2.37,20.3,48,1,1
18:34:32.728,SONNOLENZA,1,165.99,-9.67,0.191,-4.123,8.102,-2.322,-0.059,0.008,-0.014,78.98,2.43,20.3,48,1,1
18:34:33.228,SONNOLENZA,1,172.31,-8.68,0.27,-4.374,8.442,-2.741,-0.359,0.031,-0.067,78.98,3.2,20.3,48,1,1
18:34:33.728,SONNOLENZA,1,172.5,-10.94,0.275,-3.508,8.432,-3.191,-0.136,-0.169,-0.121,78.98,4.84,20.3,48,1,1
18:34:34.228,SONNOLENZA,1,174.07,-12.14,0.168,-4.142,7.896,-2.136,-0.101,-0.036,0.044,78.98,7.3,20.3,48,1,1
18:34:34.728,SONNOLENZA,1,168.28,-10.32,0.143,-4.7,7.966,-2.459,-0.174,-0.048,0.117,78.98,8.94,20.3,48,1,1
18:34:35.228,SONNOLENZA,1,172.04,-10.28,0.126,-4.475,7.891,-2.342,-0.15,0.011,0.075,78.98,9.04,20.3,48,1,1
18:34:35.728,SONNOLENZA,1,170.39,-8.66,0.125,-3.859,7.954,-2.368,-0.14,0.015,0.041,78.98,7.13,20.3,48,1,1
18:34:36.228,SONNOLENZA,1,171.77,-16.49,0.244,-4.93,7.812,-2.488,-0.504,0.055,-0.113,78.98,2.37,20.3,48,1,1
18:34:36.728,SONNOLENZA,1,173.37,-13.96,0.243,-4.331,7.989,-2.43,-0.018,0.035,0.029,78.98,2.59,20.3,48,1,1
18:34:37.228,SONNOLENZA,1,173.68,-13.13,0.157,-5.291,7.875,-1.87,-0.208,-0.101,-0.102,78.98,3.36,20.3,48,1,1
18:34:37.728,SONNOLENZA,1,174.85,-11.53,0.117,-4.123,7.757,-1.98,-0.407,0.023,-0.151,78.98,4.68,20.3,48,1,1
18:34:38.229,SONNOLENZA,1,169.56,-9.59,0.103,-3.977,8.401,-2.368,-0.125,0.057,0.006,78.98,7.14,20.3,48,1,1
18:34:38.729,SONNOLENZA,1,174.04,-12.93,0.171,-4.221,8.77,-2.883,0.082,0.027,0.104,78.98,8.77,20.3,48,1,1
18:34:39.229,SONNOLENZA,1,172.78,15.65,0.221,-7.465,8.191,9.227,-2.435,2.344,-1.452,78.98,9.75,20.3,48,1,1
18:34:39.729,SONNOLENZA,1,170.16,12.82,0.207,-4.415,9.076,-3.948,1.108,0.109,0.484,78.98,9.1,20.3,48,1,1
18:34:40.229,SONNOLENZA,1,169.7,2.39,0.242,-4.906,7.91,-0.273,-1.469,0.383,-0.881,78.98,2.15,20.3,48,1,1
18:34:40.729,VIGILE,1,169.09,13.34,0.223,-4.635,8.756,-2.449,0.187,-0.028,0.261,78.98,2.04,20.3,48,1,1
18:34:41.229,VIGILE,1,174.03,-6.16,0.293,-3.809,8.179,-2.471,0.028,0.125,0.079,78.98,2.21,20.3,48,1,1
18:34:41.729,VIGILE,1,170.01,-0.27,0.297,-4.231,8.08,-2.145,0.116,-0.11,0.406,78.98,2.59,20.3,49,1,1
18:34:42.229,VIGILE,1,172.05,2.97,0.206,-4.029,8.641,-2.413,-0.052,0.113,-0.029,78.98,3.36,20.3,49,1,1
18:34:42.729,VIGILE,1,170.73,5.48,0.266,-3.778,8.428,-1.798,-0.132,0.075,-0.208,78.98,4.68,20.3,49,1,1
18:34:43.229,VIGILE,1,170.58,4.27,0.273,-4.113,9.357,-1.456,-0.031,-0.051,0.035,78.98,6.59,20.3,49,1,1
18:34:43.729,VIGILE,1,174.21,11.1,0.28,-4.645,9.103,-2.157,0.624,-0.072,0.414,78.98,8.67,20.3,49,1,1
18:34:44.229,VIGILE,1,175.01,38.04,0.304,-4.64,7.752,-0.749,-1.534,-0.033,-0.811,78.98,9.49,20.3,49,1,1
18:34:44.729,VIGILE,1,-176.08,-30.52,0.217,-6.361,6.771,-2.787,-0.29,0.227,0.009,78.98,9.97,20.3,49,1,1
18:34:45.229,VIGILE,0,0.0,0.0,0.0,-6.019,6.598,-3.127,-0.246,0.508,-0.209,78.98,9.97,20.3,49,1,1
18:34:45.729,VIGILE,1,174.7,-41.19,0.312,-5.672,6.5,-3.67,-0.366,0.411,-0.172,78.98,9.65,20.3,49,1,1
18:34:46.229,VIGILE,1,178.36,-38.47,0.346,-6.096,6.97,-3.56,-0.546,0.508,-0.306,78.98,9.05,20.3,49,1,1
18:34:46.729,VIGILE,1,-179.78,-37.66,0.33,-5.392,8.418,-4.171,0.213,0.226,0.003,78.98,6.1,20.3,49,1,1
18:34:47.230,VIGILE,1,179.15,-29.59,0.236,-5.897,6.041,-5.962,-1.131,0.234,-0.567,78.98,6.98,20.3,49,1,1
18:34:47.730,VIGILE,1,176.1,-29.05,0.213,-4.942,7.032,-4.348,-0.099,0.31,-0.193,78.98,6.37,20.3,49,1,1
18:34:48.230,VIGILE,1,173.62,-26.91,0.281,-4.664,7.489,-4.669,-0.311,0.143,-0.063,78.98,2.21,20.3,49,1,1
18:34:48.730,VIGILE,1,175.74,-25.14,0.294,-4.834,7.762,-4.834,-0.164,0.225,-0.228,78.98,2.92,20.3,49,1,1
18:34:49.230,VIGILE,1,176.25,-18.47,0.25,-4.848,7.537,-2.126,-0.201,0.038,-0.01,78.98,3.75,20.3,49,1,1
18:34:49.730,VIGILE,1,175.59,-24.89,0.256,-4.908,9.251,-2.919,-0.639,0.18,-0.285,78.98,6.16,20.3,49,1,1
18:34:50.230,VIGILE,1,171.8,-19.31,0.216,-4.518,7.784,-3.615,-0.251,0.168,-0.088,78.98,8.89,20.3,49,1,1
18:34:50.730,VIGILE,1,172.41,-13.79,0.212,-4.697,7.973,-3.615,-0.332,0.137,-0.161,78.98,9.54,20.3,49,1,1
18:34:51.230,VIGILE,1,174.22,-8.47,0.259,-3.472,7.661,-4.278,0.687,-0.147,0.657,78.98,7.41,20.3,49,1,1
18:34:51.730,VIGILE,1,167.97,0.79,0.159,-4.166,7.985,-4.116,0.174,0.1,0.107,78.98,3.14,20.3,49,1,1
18:34:52.230,VIGILE,1,169.65,1.41,0.142,-3.603,8.545,-3.905,0.481,0.156,0.027,78.98,4.68,20.3,49,1,1
18:34:52.730,VIGILE,1,172.43,9.67,0.27,-4.154,8.31,-3.323,-0.391,-0.051,0.056,78.98,7.36,20.3,49,1,1
18:34:53.230,VIGILE,1,170.99,16.15,0.163,-4.286,8.559,-3.158,-0.213,0.04,0.091,78.98,8.83,20.3,49,1,1
18:34:53.730,VIGILE,1,171.27,11.55,0.103,-3.747,8.717,-3.065,0.014,0.123,0.054,78.98,7.08,20.3,49,1,1
18:34:54.230,VIGILE,1,174.48,7.72,0.292,-3.618,8.128,-2.488,-0.373,-0.024,-0.132,78.98,2.27,20.3,49,1,1
18:34:54.730,VIGILE,1,173.81,16.25,0.186,-3.68,9.122,-3.22,-0.195,0.214,-0.27,78.98,3.53,20.3,49,1,1
18:34:55.230,VIGILE,1,173.87,13.78,0.201,-4.508,8.777,-2.251,-0.251,0.038,-0.112,78.98,5.33,20.3,49,1,1
18:34:55.731,VIGILE,1,172.48,12.97,0.259,-4.393,8.217,-3.239,-0.389,0.131,-0.1,78.98,8.12,20.3,49,1,1
18:34:56.231,VIGILE,1,176.47,20.58,0.163,-5.215,8.255,-2.428,-0.44,0.046,-0.138,78.98,9.65,20.3,49,1,1
18:34:56.731,VIGILE,1,173.6,3.6,0.284,-3.776,7.824,-2.447,-0.325,0.111,-0.013,78.98,1.98,20.3,49,1,1
18:34:57.231,VIGILE,1,176.75,14.55,0.183,-3.967,7.721,-2.107,-0.528,0.168,-0.295,78.98,1.93,20.3,49,1,1
18:34:57.731,VIGILE,1,177.32,9.32,0.302,-4.185,7.87,-2.076,-0.48,0.047,-0.108,78.98,1.76,20.3,49,1,1
18:34:58.231,VIGILE,1,172.89,-4.47,0.295,-4.341,8.394,-3.086,-0.322,-0.014,-0.044,78.98,2.15,20.3,49,1,1
18:34:58.731,VIGILE,1,173.02,-6.7,0.27,-3.527,7.597,-2.796,0.228,-0.098,-0.023,78.98,2.31,20.3,49,1,1
18:34:59.231,VIGILE,1,173.18,-9.71,0.279,-3.733,8.373,-1.937,-0.075,-0.399,0.736,78.98,2.53,20.3,49,1,1
18:34:59.731,VIGILE,1,172.64,-7.35,0.283,-4.681,8.576,-2.102,-0.144,0.058,-0.019,78.98,2.21,20.3,49,1,1
18:35:00.231,VIGILE,1,177.54,-28.5,0.291,-3.23,6.56,-1.906,-0.47,0.182,-0.581,78.98,3.14,20.3,49,1,1
18:35:00.731,VIGILE,1,175.27,14.45,0.176,-4.367,10.07,-1.482,0.459,0.314,-0.068,78.98,5.33,20.3,49,1,1
18:35:01.231,DISTRAZIONE,1,173.08,5.68,0.178,-4.573,8.413,-2.545,-0.672,0.215,-0.456,78.98,5.94,20.3,49,1,1
18:35:01.731,DISTRAZIONE,1,175.98,-23.31,0.282,-4.02,8.059,-2.049,0.166,0.153,0.034,78.98,6.27,20.3,49,1,1
18:35:02.231,DISTRAZIONE,1,178.91,-40.65,0.358,-3.541,8.076,-2.816,-0.325,-0.064,0.09,78.98,2.98,20.3,49,1,1
18:35:02.731,DISTRAZIONE,1,173.97,-42.68,0.357,-4.456,8.435,-2.957,-0.122,0.08,0.014,78.98,4.3,20.3,49,1,1
18:35:03.231,DISTRAZIONE,1,173.76,-43.71,0.405,-3.326,8.171,-2.911,0.299,0.135,-0.01,78.98,5.39,20.3,49,1,1
18:35:03.731,DISTRAZIONE,1,177.67,-34.16,0.405,-4.384,8.315,-1.422,-1.419,0.023,-0.709,78.98,6.59,20.3,49,1,1
18:35:04.231,DISTRAZIONE,1,174.05,-43.76,0.431,-4.096,8.492,-2.133,-0.048,0.285,-0.122,78.98,6.04,20.3,49,1,1
18:35:04.732,DISTRAZIONE,1,172.93,-43.95,0.356,-3.967,8.535,-2.531,0.137,0.052,0.147,78.98,3.36,20.3,49,1,1
18:35:05.232,DISTRAZIONE,1,175.48,-37.65,0.229,-4.168,8.313,-2.947,-0.086,0.069,-0.14,78.98,4.84,20.3,49,1,1
18:35:05.732,DISTRAZIONE,1,174.38,-34.77,0.364,-3.699,8.267,-3.199,-0.068,-0.047,0.041,78.98,8.02,20.3,49,1,1
18:35:06.232,DISTRAZIONE,1,173.51,-44.07,0.37,-3.747,8.356,-3.024,0.22,-0.008,0.096,78.98,10.09,20.3,49,1,1
18:35:06.732,DISTRAZIONE,1,172.63,-43.87,0.362,-4.228,8.981,-2.677,0.119,0.034,-0.013,78.98,9.71,20.3,49,1,1
18:35:07.232,DISTRAZIONE,1,177.16,-40.65,0.449,-4.329,9.206,-2.143,0.112,-0.147,0.078,78.98,2.31,20.3,49,1,1
18:35:07.732,DISTRAZIONE,0,0.0,0.0,0.0,-4.944,7.791,-2.971,-0.26,-0.244,0.139,78.98,2.59,20.3,49,1,1
18:35:08.232,DISTRAZIONE,1,-167.59,50.13,0.301,-3.948,8.93,-0.397,-1.297,0.536,-0.734,78.98,4.07,20.3,49,1,1
18:35:08.732,DISTRAZIONE,0,0.0,0.0,0.0,-4.082,8.521,-2.646,-0.111,0.007,0.165,78.98,6.98,20.3,49,1,1
18:35:09.232,DISTRAZIONE,1,177.85,23.1,0.296,-3.33,8.286,-1.152,-0.086,0.013,-0.041,78.98,9.05,20.3,49,1,1
18:35:09.732,DISTRAZIONE,0,0.0,0.0,0.0,-4.005,7.918,-1.628,-0.026,0.023,0.056,78.98,10.26,20.3,49,1,1
18:35:10.232,DISTRAZIONE,1,-168.35,59.55,0.3,-4.113,7.865,-2.227,0.332,0.2,0.012,78.98,6.43,20.3,49,1,1
18:35:10.732,DISTRAZIONE,1,170.34,32.17,0.399,-4.209,8.653,-2.265,0.148,-0.063,0.14,78.98,6.49,20.3,49,1,1
18:35:11.232,DISTRAZIONE,0,0.0,0.0,0.0,-3.539,8.459,-2.43,-0.27,0.115,0.006,78.98,8.73,20.3,49,1,1
18:35:11.732,DISTRAZIONE,1,171.66,47.38,0.562,-3.886,8.243,-2.061,0.052,0.098,-0.066,78.98,9.54,20.3,49,1,1
18:35:12.232,DISTRAZIONE,1,175.27,39.44,0.345,-3.747,8.246,-2.09,-0.196,0.088,0.023,78.98,8.28,20.3,49,1,1
18:35:12.732,DISTRAZIONE,1,163.57,55.46,0.324,-3.005,8.724,-1.492,-0.011,0.132,-0.013,78.98,2.7,20.3,49,1,1
18:35:13.233,DISTRAZIONE,0,0.0,0.0,0.0,-3.349,8.906,-2.631,0.052,0.037,0.033,78.98,3.47,20.3,49,1,1
18:35:13.733,DISTRAZIONE,1,143.81,84.42,0.706,-3.68,8.222,-1.92,-0.27,0.028,0.005,78.98,5.17,20.3,49,1,1
18:35:14.233,DISTRAZIONE,0,0.0,0.0,0.0,-3.654,8.689,-2.15,-0.064,0.065,0.021,78.98,7.53,20.3,49,1,1
18:35:14.733,DISTRAZIONE,0,0.0,0.0,0.0,-3.984,8.313,-1.748,-0.422,0.077,-0.066,78.98,9.49,20.3,49,1,1
18:35:15.233,DISTRAZIONE,0,0.0,0.0,0.0,-4.154,8.643,-2.27,-0.235,0.092,0.025,78.98,9.32,20.3,49,1,1
18:35:15.733,DISTRAZIONE,1,179.46,-10.74,0.267,-3.601,8.78,-2.825,-0.062,0.093,-0.064,78.98,7.41,20.3,49,1,1
18:35:16.233,DISTRAZIONE,1,176.97,-16.76,0.314,-3.053,8.222,-2.77,-0.427,-0.08,-0.157,78.98,2.75,20.3,49,1,1
18:35:16.733,DISTRAZIONE,0,0.0,0.0,0.0,-3.577,8.557,-2.581,-0.025,0.114,-0.042,78.98,3.91,20.3,49,1,1
18:35:17.233,DISTRAZIONE,1,-178.34,82.72,0.65,-3.903,8.49,-2.169,-0.14,0.033,-0.018,78.98,5.56,20.3,49,1,1
18:35:17.733,DISTRAZIONE,1,152.47,66.09,0.337,-4.195,8.669,-1.724,-0.229,0.031,-0.14,78.98,8.02,20.3,49,1,1
18:35:18.233,DISTRAZIONE,0,0.0,0.0,0.0,-4.041,8.717,-2.33,-0.423,0.201,-0.256,78.98,9.54,20.3,49,1,1
18:35:18.733,DISTRAZIONE,1,177.63,-11.77,0.105,-4.343,8.274,-2.16,-0.051,0.072,-0.043,78.98,9.71,20.3,49,1,1
18:35:19.233,DISTRAZIONE,1,174.44,-10.68,0.265,-4.757,8.554,-2.667,-0.081,0.098,-0.075,78.98,7.41,20.3,49,1,1
18:35:19.733,DISTRAZIONE,1,170.26,47.7,0.267,-4.887,8.169,-1.408,-0.22,0.12,-0.037,78.98,2.75,20.3,49,1,1
18:35:20.233,DISTRAZIONE,0,0.0,0.0,0.0,-5.617,8.162,-0.158,-0.236,0.143,-0.088,78.98,3.85,20.3,49,1,1
18:35:20.733,DISTRAZIONE,0,0.0,0.0,0.0,-5.571,8.411,0.335,-0.053,-0.007,0.012,78.98,5.01,20.3,49,1,1
18:35:21.233,DISTRAZIONE,1,-143.87,9.58,0.499,-4.602,8.365,-1.616,-0.067,0.126,-0.035,78.98,6.1,20.3,49,1,1
18:35:21.733,DISTRAZIONE,0,0.0,0.0,0.0,-4.472,8.157,-1.915,0.223,0.074,0.189,78.98,7.53,20.3,49,1,1
18:35:22.234,DISTRAZIONE,0,0.0,0.0,0.0,-3.728,8.186,-1.877,-0.062,0.147,-0.115,78.98,8.68,20.3,49,1,1
18:35:22.734,DISTRAZIONE,0,0.0,0.0,0.0,-4.348,8.155,-2.593,0.006,0.083,-0.136,78.98,10.05,20.3,49,1,1
18:35:23.234,DISTRAZIONE,0,0.0,0.0,0.0,-4.415,8.315,-2.863,-0.106,0.083,-0.001,78.98,11.08,20.3,49,1,1
18:35:23.734,DISTRAZIONE,1,176.31,-25.9,0.251,-3.45,8.126,-3.84,-0.267,0.287,-0.243,78.98,12.73,20.3,49,1,1
18:35:24.234,DISTRAZIONE,1,174.89,-17.03,0.255,-3.529,7.966,-3.297,-0.506,0.233,-0.239,78.98,15.86,20.3,49,1,1
18:35:24.734,DISTRAZIONE,1,-178.48,54.81,0.381,-4.657,8.265,-2.921,-0.098,0.088,-0.001,78.98,24.63,20.3,49,1,1
18:35:25.234,DISTRAZIONE,1,177.6,40.22,0.309,-4.185,7.503,-2.674,-0.139,0.1,0.006,78.98,35.51,20.3,49,1,1
18:35:25.734,DISTRAZIONE,0,0.0,0.0,0.0,-5.241,8.198,-1.724,-0.568,-0.026,-0.292,78.98,55.1,20.3,49,1,1
18:35:26.234,DISTRAZIONE,1,-178.34,63.93,0.473,-3.428,8.77,-2.784,0.045,-0.019,0.121,78.98,64.86,20.3,49,1,1
18:35:26.734,DISTRAZIONE,0,0.0,0.0,0.0,-3.165,9.014,-2.476,-0.256,-0.004,-0.19,78.98,8.47,20.3,49,1,1
18:35:27.234,DISTRAZIONE,0,0.0,0.0,0.0,-3.563,8.392,-2.411,0.487,-0.152,0.215,78.98,11.76,20.3,49,1,1
18:35:27.734,DISTRAZIONE,1,174.31,67.66,0.513,-4.085,8.578,-2.289,-0.156,-0.192,-0.032,78.98,15.6,20.3,49,1,1
18:35:28.234,DISTRAZIONE,0,0.0,0.0,0.0,-3.445,8.176,-2.617,0.103,-0.282,0.221,78.98,18.66,20.3,49,1,1
18:35:28.734,DISTRAZIONE,1,-178.3,73.05,0.668,-3.912,9.141,-1.875,0.031,-0.043,-0.011,78.98,27.08,20.3,49,1,1
18:35:29.234,DISTRAZIONE,1,-179.89,33.97,0.253,-3.385,9.333,-2.112,0.048,-0.189,0.126,78.98,37.87,20.3,49,1,1
18:35:29.734,DISTRAZIONE,1,-179.75,71.24,0.47,-4.25,8.485,-2.076,-0.074,-0.229,0.136,78.98,56.06,20.3,49,1,1
18:35:30.234,DISTRAZIONE,1,-176.99,17.28,0.269,-3.06,8.042,-1.911,-0.132,-0.222,-0.081,78.98,66.99,20.3,49,1,1
18:35:30.735,DISTRAZIONE,0,0.0,0.0,0.0,-3.941,9.06,-2.425,-0.537,-0.201,-0.024,78.98,72.19,20.3,49,1,1
18:35:31.235,DISTRAZIONE,1,-164.89,68.85,0.54,-3.673,8.317,-2.634,0.049,-0.181,0.22,78.98,20.39,20.3,49,1,1
18:35:31.735,DISTRAZIONE,1,166.47,58.98,0.37,-4.008,7.87,-2.665,-0.212,-0.114,0.054,78.98,11.44,20.3,49,1,1
18:35:32.235,DISTRAZIONE,1,175.98,65.38,0.478,-3.838,7.044,-1.669,-0.16,0.021,-0.089,78.98,15.38,20.3,49,1,1
18:35:32.735,DISTRAZIONE,1,177.23,11.72,0.193,-3.637,8.93,-2.88,0.093,-0.045,0.037,78.98,18.72,20.3,49,1,1
18:35:33.235,DISTRAZIONE,0,0.0,0.0,0.0,-3.97,8.083,-3.445,-0.069,0.112,-0.065,78.98,23.03,20.3,49,1,1
18:35:33.735,DISTRAZIONE,1,-174.04,78.19,0.447,-4.022,8.428,-3.096,-0.058,0.043,-0.038,78.98,26.69,20.3,49,1,1
18:35:34.235,DISTRAZIONE,1,173.19,78.17,0.528,-4.204,8.15,-2.662,-0.132,0.047,-0.009,78.98,22.36,20.3,49,1,1
18:35:34.735,DISTRAZIONE,0,0.0,0.0,0.0,-4.108,8.243,-3.136,-0.214,0.027,-0.047,78.98,16.35,20.3,49,1,1
18:35:35.235,DISTRAZIONE,1,-178.63,26.65,0.168,-3.704,8.358,-4.135,0.216,-0.078,0.168,78.98,2.43,20.3,49,1,1
18:35:35.735,VIGILE,1,172.67,9.54,0.296,-3.158,8.712,-4.219,0.023,0.135,0.157,78.98,2.49,20.3,49,1,1
18:35:36.235,VIGILE,0,0.0,0.0,0.0,-3.905,7.676,-2.37,-0.468,0.013,-0.119,78.98,3.42,20.3,49,1,1
18:35:36.735,VIGILE,1,178.27,30.75,0.314,-4.391,8.408,-2.911,-0.115,0.137,0.038,78.98,3.97,20.3,49,1,1
18:35:37.235,VIGILE,0,0.0,0.0,0.0,-3.156,8.612,-2.512,-0.316,0.019,-0.176,78.98,4.41,20.3,49,1,1
18:35:37.735,VIGILE,0,0.0,0.0,0.0,-3.778,8.77,-2.923,0.038,0.029,-0.08,78.98,5.67,20.3,49,1,1
18:35:38.235,VIGILE,0,0.0,0.0,0.0,-3.687,8.471,-1.992,-0.072,-0.081,0.113,78.98,7.21,20.3,49,1,1
18:35:38.735,VIGILE,0,0.0,0.0,0.0,-4.487,8.159,-2.114,-0.202,0.027,-0.095,78.98,10.44,20.3,49,1,1
18:35:39.236,VIGILE,1,173.65,20.2,0.249,-4.243,8.028,-2.272,0.059,-0.044,0.075,78.98,14.49,20.3,49,1,1
18:35:39.736,VIGILE,0,0.0,0.0,0.0,-4.185,8.729,-2.705,0.267,-0.04,0.122,78.98,18.1,20.3,49,1,1
18:35:40.236,VIGILE,0,0.0,0.0,0.0,-4.12,7.791,-2.952,-0.181,0.062,-0.002,78.98,16.84,20.3,49,1,1
18:35:40.736,VIGILE,1,168.38,66.99,0.383,-4.017,8.279,-2.456,-0.024,0.135,-0.051,78.98,3.69,20.3,49,1,1
18:35:41.236,VIGILE,1,173.95,14.78,0.321,-4.396,8.071,-2.186,-0.392,-0.024,-0.002,78.98,3.81,20.3,49,1,1
18:35:41.736,VIGILE,0,0.0,0.0,0.0,-4.334,8.207,-2.646,-0.086,0.099,-0.082,78.98,4.74,20.3,49,1,1
18:35:42.236,VIGILE,0,0.0,0.0,0.0,-4.848,8.363,-2.152,-0.23,0.146,-0.116,78.98,5.35,20.3,49,1,1
18:35:42.736,VIGILE,1,176.58,15.95,0.313,-3.879,8.365,-2.38,-0.215,0.097,-0.044,78.98,8.53,20.3,49,1,1
18:35:43.236,VIGILE,1,175.32,37.21,0.276,-3.431,8.155,-3.112,-0.213,0.144,-0.116,78.98,12.21,20.3,49,1,1
18:35:43.736,VIGILE,0,0.0,0.0,0.0,-4.039,7.879,-2.576,-0.124,0.101,-0.02,78.98,18.92,20.3,49,1,1
18:35:44.236,VIGILE,1,-179.27,34.47,0.333,-4.405,8.011,-2.552,0.061,0.166,-0.129,78.98,27.73,20.3,49,1,1
18:35:44.736,VIGILE,0,0.0,0.0,0.0,-4.25,8.301,-2.406,-0.063,0.036,0.027,78.98,21.98,20.3,49,1,1
18:35:45.236,VIGILE,1,-175.0,19.7,0.139,-4.377,7.927,-3.326,-0.18,0.047,0.022,78.98,6.21,20.3,49,1,1
18:35:45.736,DISTRAZIONE,1,179.98,19.59,0.316,-4.269,7.707,-2.691,-0.014,0.078,-0.005,78.98,3.04,20.3,49,1,1
18:35:46.236,DISTRAZIONE,0,0.0,0.0,0.0,-3.974,7.98,-2.727,-0.1,-0.019,0.068,78.98,4.19,20.3,49,1,1
18:35:46.736,DISTRAZIONE,0,0.0,0.0,0.0,-3.809,7.74,-2.789,-0.104,0.133,-0.124,78.98,6.67,20.3,49,1,1
18:35:47.236,DISTRAZIONE,0,0.0,0.0,0.0,-4.915,8.169,-2.78,-0.278,0.061,-0.147,78.98,9.13,20.3,49,1,1
18:35:47.737,DISTRAZIONE,1,177.51,29.16,0.261,-4.154,8.021,-2.485,-0.537,0.069,-0.03,78.98,15.75,20.3,49,1,1
18:35:48.237,DISTRAZIONE,1,170.91,34.63,0.305,-4.31,7.81,-2.444,-0.2,-0.01,0.011,78.98,23.3,20.3,49,1,1
18:35:48.737,DISTRAZIONE,0,0.0,0.0,0.0,-4.568,8.557,-2.33,0.084,0.043,0.011,78.98,21.21,20.3,49,1,1
18:35:49.237,DISTRAZIONE,1,126.97,67.9,0.199,-4.355,7.922,-2.279,-0.138,0.035,-0.017,78.98,14.43,20.3,49,1,1
18:35:49.737,DISTRAZIONE,0,0.0,0.0,0.0,-4.274,7.992,-2.689,0.029,0.048,0.121,78.98,3.64,20.3,49,1,1
18:35:50.237,DISTRAZIONE,1,167.63,80.51,0.664,-3.843,8.064,-3.0,-0.211,0.017,0.017,78.98,4.41,20.3,49,1,1
18:35:50.737,DISTRAZIONE,1,132.59,84.45,0.522,-4.642,8.298,-2.914,-0.19,0.083,-0.047,78.98,6.5,20.3,49,1,1
18:35:51.237,DISTRAZIONE,1,99.3,79.72,0.483,-5.227,9.768,-2.373,0.197,-0.006,0.128,78.98,9.52,20.3,49,1,1
18:35:51.737,DISTRAZIONE,0,0.0,0.0,0.0,-3.548,7.896,-4.709,0.387,0.017,-0.107,78.98,14.95,20.3,49,1,1
18:35:52.237,DISTRAZIONE,1,-178.45,26.56,0.293,-3.658,7.058,-3.424,-0.201,0.031,-0.173,78.98,26.05,20.3,49,1,1
18:35:52.737,DISTRAZIONE,1,176.84,23.51,0.296,-6.797,9.634,-2.66,0.053,0.071,0.198,78.98,31.66,20.3,49,1,1
18:35:53.237,DISTRAZIONE,0,0.0,0.0,0.0,-4.987,8.04,-2.349,-0.538,0.062,-0.101,78.98,27.67,20.3,49,1,1
18:35:53.737,DISTRAZIONE,1,133.81,-74.78,0.404,-4.424,7.829,-3.122,0.1,0.092,0.022,78.98,5.61,20.3,49,1,1
18:35:54.237,DISTRAZIONE,1,147.14,69.34,0.479,-4.377,8.171,-2.521,0.2,0.006,0.167,78.98,4.58,20.3,49,1,1
18:35:54.737,DISTRAZIONE,1,176.73,44.99,0.211,-4.204,8.188,-2.947,0.025,0.047,-0.014,78.98,6.83,20.3,49,1,1
18:35:55.237,VIGILE,1,179.63,15.55,0.288,-4.025,7.891,-3.512,-0.073,-0.139,0.111,78.98,10.28,20.3,49,1,1
18:35:55.737,VIGILE,1,170.59,-8.13,0.31,-3.572,8.365,-3.575,0.008,0.149,-0.115,78.98,17.51,20.3,49,1,1
18:35:56.238,VIGILE,1,175.5,-19.06,0.236,-3.967,8.392,-3.132,-0.259,0.011,-0.076,78.98,27.84,20.3,49,1,1
18:35:56.738,VIGILE,1,171.56,-19.86,0.074,-3.821,8.456,-3.132,0.021,0.053,0.088,78.98,25.09,20.3,49,1,1
18:35:57.238,VIGILE,1,173.46,-22.92,0.273,-4.288,7.946,-2.581,-0.023,0.137,-0.059,78.98,7.36,20.3,49,1,1
18:35:57.738,VIGILE,1,174.2,-24.81,0.256,-4.022,8.025,-2.523,-0.016,0.07,0.094,78.98,3.97,20.3,49,1,1
18:35:58.238,VIGILE,1,175.07,-28.55,0.286,-3.833,8.27,-2.112,0.024,-0.076,0.07,78.98,6.44,20.3,49,1,1
18:35:58.738,VIGILE,1,-177.42,-35.68,0.26,-4.235,8.365,-2.418,0.132,-0.023,-0.019,78.98,10.61,20.3,49,1,1
18:35:59.238,VIGILE,1,179.81,-29.46,0.28,-4.058,8.066,-2.555,-0.199,-0.004,-0.119,78.98,19.59,20.3,49,1,1
18:35:59.738,VIGILE,1,177.07,-24.2,0.3,-3.891,7.956,-3.9,-0.195,0.118,-0.01,78.98,32.48,20.3,49,1,1
18:36:00.238,VIGILE,1,177.56,-24.48,0.244,-3.962,7.408,-3.606,-0.148,-0.106,0.013,78.98,27.6,20.3,49,1,1
18:36:00.738,VIGILE,1,173.6,-22.55,0.217,-4.238,7.441,-4.039,-0.565,0.102,-0.206,78.98,3.58,20.3,49,1,1
18:36:01.238,VIGILE,1,171.3,-19.88,0.233,-4.029,7.8,-2.981,-0.01,0.039,0.037,78.98,4.58,20.3,49,1,1
18:36:01.738,VIGILE,1,172.78,-20.01,0.282,-6.163,6.922,-3.275,-0.675,0.058,-0.018,78.98,5.51,20.3,49,1,1
18:36:02.238,VIGILE,1,171.82,-25.23,0.269,-5.102,7.061,-3.531,-0.311,0.328,-0.06,78.98,5.23,20.3,49,1,1
18:36:02.738,VIGILE,1,176.11,-20.86,0.258,-5.016,8.265,-3.338,-0.337,0.226,-0.23,78.98,8.46,20.3,49,1,1
18:36:03.238,VIGILE,1,177.1,3.58,0.281,-2.679,8.126,-2.646,-0.045,0.125,-0.111,78.98,12.08,20.3,49,1,1
18:36:03.738,VIGILE,1,173.03,-0.87,0.274,-3.852,9.014,-3.1,0.177,-0.137,0.197,78.98,24.29,20.3,49,1,1
18:36:04.238,VIGILE,1,175.56,-2.89,0.25,-3.953,8.504,-3.955,0.11,-0.003,0.101,78.98,35.64,20.3,49,1,1
18:36:04.739,VIGILE,1,173.42,6.61,0.29,-3.958,8.435,-3.249,-0.365,0.064,-0.139,78.98,5.84,20.3,49,1,1
18:36:05.239,VIGILE,1,171.8,0.9,0.216,-3.721,8.492,-2.933,-0.679,0.047,-0.056,78.98,8.96,20.3,49,1,1
18:36:05.739,VIGILE,1,167.49,0.08,0.094,-3.893,8.466,-3.445,-0.259,0.08,-0.123,78.98,19.15,20.3,49,1,1
18:36:06.239,VIGILE,1,170.65,-2.51,0.296,-3.974,8.552,-2.315,-0.787,0.072,-0.321,78.98,33.12,20.3,49,1,1
18:36:06.739,VIGILE,1,171.3,-6.15,0.248,-4.401,8.452,-2.6,-0.369,0.178,-0.277,78.98,3.53,20.3,49,1,1
18:36:07.239,VIGILE,1,175.91,-11.92,0.277,-4.877,8.358,-3.129,0.255,0.031,0.052,78.98,6.06,20.3,49,1,1
18:36:07.739,VIGILE,1,175.33,-6.01,0.284,-3.642,8.428,-2.27,0.764,-0.043,0.302,78.98,9.02,20.3,49,1,1
18:36:08.239,VIGILE,1,175.34,-12.93,0.276,-3.931,8.215,-2.26,-0.215,-0.071,0.31,78.98,14.67,20.3,49,1,1
18:36:08.739,VIGILE,1,173.32,-8.69,0.267,-3.924,7.872,-2.684,-0.374,-0.027,-0.062,78.98,26.53,20.3,49,1,1
18:36:09.239,VIGILE,1,177.66,-9.84,0.271,-4.707,7.894,-3.239,-0.191,0.092,-0.028,78.98,25.32,20.3,49,1,1
18:36:09.739,VIGILE,1,175.87,31.88,0.328,-4.051,8.533,-2.327,-0.003,0.022,0.003,78.98,5.67,20.3,49,1,1
18:36:10.239,VIGILE,1,174.49,13.22,0.28,-3.929,7.453,-1.97,-0.08,-0.144,0.121,78.98,8.96,20.3,49,1,1
18:36:10.739,VIGILE,1,176.7,18.76,0.242,-4.64,8.684,-2.526,-0.238,0.138,0.001,78.98,11.99,20.3,49,1,1
18:36:11.239,VIGILE,1,178.24,5.81,0.209,-4.252,8.478,-2.993,-0.098,0.153,-0.061,78.98,18.61,20.3,49,1,1
18:36:11.739,VIGILE,0,0.0,0.0,0.0,-4.286,8.576,-2.492,-0.281,0.037,0.086,78.98,28.34,20.3,49,1,1
18:36:12.239,VIGILE,1,-178.84,16.27,0.267,-4.604,7.784,-2.636,-0.364,0.028,-0.249,78.98,17.01,20.3,49,1,1
18:36:12.739,VIGILE,1,175.98,-9.63,0.237,-4.005,7.925,-3.053,-0.13,0.058,0.126,78.98,8.47,20.3,49,1,1
18:36:13.240,VIGILE,1,175.86,-2.27,0.212,-4.14,8.286,-3.498,0.504,-0.1,0.313,78.98,10.06,20.3,49,1,1
18:36:13.740,VIGILE,1,173.91,6.78,0.255,-3.575,8.009,-3.1,0.304,0.108,-0.054,78.98,9.73,20.3,49,1,1
18:36:14.240,VIGILE,1,169.8,-33.72,0.265,-4.724,8.313,-2.895,0.088,0.26,-0.052,78.98,11.1,20.3,49,1,1
18:36:14.740,VIGILE,1,175.0,-2.96,0.15,-4.621,8.222,-2.507,-0.279,0.143,-0.086,78.98,20.07,20.3,49,1,1
18:36:15.240,VIGILE,1,172.16,-1.12,0.259,-4.41,8.147,-3.385,0.274,0.056,0.059,78.98,17.04,20.3,49,1,1
18:36:15.740,VIGILE,1,165.96,-6.56,0.25,-4.424,8.277,-3.443,-0.259,0.234,-0.145,78.98,2.7,20.3,49,1,1
18:36:16.240,VIGILE,1,173.06,-5.37,0.278,-4.02,7.93,-3.345,0.029,0.112,0.085,78.98,4.07,20.3,49,1,1
18:36:16.740,VIGILE,1,173.36,4.85,0.273,-4.391,8.284,-3.055,0.414,-0.029,0.25,78.98,5.23,20.3,49,1,1
18:36:17.240,VIGILE,1,173.35,-8.26,0.271,-3.867,9.079,-2.15,-0.339,0.159,-0.076,78.98,10.99,20.3,49,1,1
18:36:17.740,VIGILE,1,176.34,-12.04,0.246,-3.864,8.365,-2.794,-0.14,0.079,-0.045,78.98,20.07,20.3,49,1,1
18:36:18.240,VIGILE,1,174.92,-1.74,0.227,-4.796,7.879,-2.449,0.226,0.002,0.171,78.98,33.27,20.3,49,1,1
18:36:18.740,VIGILE,1,173.09,4.5,0.175,-3.838,7.985,-2.059,0.326,0.137,0.093,78.98,1.98,20.3,49,1,1
18:36:19.240,EBBREZZA,1,172.91,-5.81,0.288,-4.357,8.313,-2.782,-0.238,0.072,0.003,78.98,2.81,20.3,49,1,1
18:36:19.740,EBBREZZA,1,171.02,0.23,0.236,-4.712,8.428,-2.234,-0.386,-0.169,-0.089,78.98,4.03,20.3,49,1,1
18:36:20.240,EBBREZZA,1,169.63,4.86,0.214,-4.63,8.246,-2.373,-0.2,0.215,-0.314,78.98,6.93,20.3,49,1,1
18:36:20.740,EBBREZZA,1,173.1,28.23,0.153,-5.16,9.038,-2.15,-0.05,0.151,0.054,78.98,14.55,20.3,49,1,1
18:36:21.240,EBBREZZA,1,171.53,12.93,0.223,-4.322,7.977,-2.763,0.078,-0.04,0.059,78.98,28.92,20.3,49,1,1
18:36:21.741,EBBREZZA,1,171.02,-2.29,0.221,-3.979,8.679,-2.32,-0.254,0.127,0.024,78.98,23.23,20.3,49,1,1
18:36:22.241,EBBREZZA,1,170.51,0.34,0.221,-4.154,8.538,-2.243,-0.214,0.046,-0.169,78.98,3.36,20.3,49,1,1
18:36:22.741,EBBREZZA,1,165.31,-8.07,0.196,-5.219,8.669,-2.935,-0.232,0.004,-0.024,78.98,4.13,20.3,49,1,1
18:36:23.241,EBBREZZA,1,164.14,0.1,0.232,-3.953,8.186,-2.557,-0.128,0.11,-0.105,78.98,5.18,20.3,49,1,1
18:36:23.741,EBBREZZA,1,169.37,-6.56,0.246,-3.649,8.207,-2.174,-0.752,0.195,-0.225,78.98,7.15,20.3,49,1,1
18:36:24.241,EBBREZZA,1,172.77,-1.0,0.253,-3.244,7.767,-3.292,-0.341,0.107,-0.092,78.98,12.31,20.3,49,1,1
18:36:24.741,EBBREZZA,1,170.56,-3.61,0.234,-3.328,8.095,-3.419,-0.466,0.089,-0.115,78.98,23.85,20.3,49,1,1
18:36:25.241,EBBREZZA,1,171.48,-14.86,0.239,-3.979,8.191,-3.254,0.123,-0.11,0.157,78.98,24.26,20.3,49,1,1
18:36:25.741,EBBREZZA,1,168.09,-14.19,0.109,-3.378,8.076,-3.96,0.238,0.178,0.091,78.98,5.05,20.3,49,1,1
18:36:26.241,EBBREZZA,1,168.78,-9.36,0.207,-4.343,8.607,-2.792,-0.1,0.107,0.103,78.98,2.75,20.3,49,1,1
18:36:26.741,EBBREZZA,1,170.44,3.98,0.243,-4.108,7.954,-1.99,-0.411,0.112,-0.044,78.98,4.3,20.3,49,1,1
18:36:27.241,EBBREZZA,1,172.68,-7.43,0.153,-4.068,8.377,-2.476,-0.321,0.121,-0.091,78.98,7.7,20.3,49,1,1
18:36:27.741,EBBREZZA,1,170.47,-8.32,0.136,-4.147,7.803,-2.2,-0.345,0.079,-0.013,78.98,16.63,20.3,49,1,1
18:36:28.241,EBBREZZA,1,169.02,-13.58,0.097,-3.747,9.56,-1.829,0.502,0.135,0.344,78.98,30.56,20.3,49,1,1
18:36:28.741,EBBREZZA,1,171.01,-9.97,0.132,-3.96,7.887,-3.017,0.411,-0.271,0.357,78.98,20.28,20.3,49,1,1
18:36:29.241,EBBREZZA,1,169.93,-10.84,0.166,-4.503,8.186,-2.418,-0.33,0.01,0.006,78.98,4.62,20.3,49,1,1
18:36:29.742,EBBREZZA,1,170.61,-19.24,0.149,-4.049,9.0,-2.045,-0.197,0.06,-0.028,78.98,5.07,20.3,49,1,1
18:36:30.242,EBBREZZA,1,169.41,-17.98,0.181,-4.113,7.987,-2.461,-0.278,-0.001,-0.013,78.98,6.93,20.3,49,1,1
18:36:30.742,EBBREZZA,1,172.06,-5.0,0.174,-4.896,8.653,-2.306,0.045,-0.103,0.069,78.98,12.03,20.3,49,1,1
18:36:31.242,EBBREZZA,1,171.59,-8.57,0.187,-3.845,8.004,-2.562,0.065,0.08,0.067,78.98,25.48,20.3,49,1,1
18:36:31.742,EBBREZZA,1,172.27,-8.93,0.213,-3.558,8.583,-2.294,-0.514,0.055,-0.069,78.98,26.99,20.3,49,1,1
18:36:32.242,EBBREZZA,1,173.16,-13.36,0.188,-4.166,8.425,-2.152,0.039,0.037,-0.07,78.98,4.83,20.3,49,1,1
18:36:32.742,EBBREZZA,1,169.13,-11.33,0.235,-4.166,8.224,-2.442,-0.071,0.147,-0.12,78.98,2.59,20.3,49,1,1
18:36:33.242,EBBREZZA,1,173.38,-3.16,0.207,-3.891,8.396,-2.069,0.118,-0.032,0.2,78.98,4.07,20.3,49,1,1
18:36:33.742,EBBREZZA,1,175.29,-15.48,0.18,-4.331,8.37,-2.507,-0.167,0.144,-0.082,78.98,5.67,20.3,49,1,1
18:36:34.242,EBBREZZA,1,169.36,-16.76,0.067,-4.393,8.176,-3.184,-0.307,0.09,-0.173,78.98,9.29,20.3,49,1,1
18:36:34.742,EBBREZZA,1,170.76,-13.56,0.107,-4.786,8.349,-2.883,0.038,-0.029,0.083,78.98,20.88,20.3,49,1,1
18:36:35.242,EBBREZZA,1,175.91,6.72,0.082,-4.573,8.162,-2.82,-0.247,0.053,0.032,78.98,30.66,20.3,49,1,1
18:36:35.742,EBBREZZA,1,-176.46,22.35,0.347,-4.525,8.593,-2.629,-0.006,-0.015,0.032,78.98,19.88,20.3,49,1,1
18:36:36.242,EBBREZZA,1,170.56,21.09,0.194,-3.998,8.638,-2.521,0.105,-0.082,0.194,78.98,1.76,20.3,49,1,1
18:36:36.742,EBBREZZA,1,163.61,12.22,0.197,-4.331,8.363,-2.454,-0.319,0.034,-0.065,78.98,1.98,20.3,49,1,1
18:36:37.242,EBBREZZA,1,166.05,11.73,0.195,-4.147,8.011,-2.006,-0.23,0.029,0.124,78.98,2.81,20.3,49,1,1
18:36:37.743,EBBREZZA,1,170.81,5.12,0.225,-3.527,7.776,-1.954,-0.152,0.029,-0.09,78.98,4.46,20.3,49,1,1
18:36:38.243,EBBREZZA,1,167.71,-1.79,0.176,-3.795,8.72,-2.157,-0.081,0.242,-0.056,78.98,7.75,20.3,49,1,1
18:36:38.743,EBBREZZA,1,171.6,-2.49,0.231,-4.094,8.734,-2.363,-0.29,0.103,-0.08,78.98,19.47,20.3,49,1,1
18:36:39.243,EBBREZZA,1,169.18,-6.55,0.222,-3.285,8.562,-2.095,-0.068,-0.119,0.106,78.98,31.38,20.3,49,1,1
18:36:39.743,EBBREZZA,1,167.74,-7.36,0.231,-4.286,8.325,-1.796,-0.067,-0.042,-0.062,78.98,27.22,20.3,49,1,1
18:36:40.243,EBBREZZA,1,167.14,-3.94,0.212,-4.724,7.906,-2.612,0.005,0.078,-0.056,78.98,3.47,20.3,49,1,1
18:36:40.743,EBBREZZA,1,172.36,-7.96,0.229,-4.776,7.74,-2.011,-0.072,0.088,0.07,78.98,3.2,20.3,49,1,1
18:36:41.243,EBBREZZA,1,169.18,-2.95,0.243,-5.435,8.09,-1.915,-0.434,0.158,-0.16,78.98,4.52,20.3,49,1,1
18:36:41.743,EBBREZZA,1,172.51,6.77,0.238,-4.185,8.835,-0.85,-0.192,0.11,-0.126,78.98,5.67,20.3,49,1,1
18:36:42.243,EBBREZZA,1,174.19,-4.98,0.279,-5.255,8.219,-0.632,-0.134,0.097,0.039,78.98,7.87,20.3,49,1,1
18:36:42.743,EBBREZZA,1,168.38,5.99,0.228,-4.925,8.425,-0.941,-0.027,0.098,0.03,78.98,10.39,20.3,49,1,1
18:36:43.243,EBBREZZA,1,169.39,9.09,0.256,-5.107,8.44,-0.893,0.004,0.056,0.04,78.98,14.0,20.3,49,1,1
18:36:43.743,EBBREZZA,1,175.47,0.44,0.26,-5.27,8.279,-0.57,-0.131,0.092,-0.022,78.98,17.28,20.3,49,1,1
18:36:44.243,EBBREZZA,1,172.72,1.45,0.251,-4.999,8.056,-1.089,-0.084,0.029,0.002,78.98,19.47,20.3,50,1,1
18:36:44.743,EBBREZZA,1,179.79,27.59,0.246,-3.955,7.922,-3.124,-0.186,0.093,-0.05,78.98,19.96,20.3,50,1,1
18:36:45.243,EBBREZZA,1,178.74,29.74,0.251,-4.219,8.2,-2.646,-0.064,0.077,-0.021,78.98,19.86,20.3,50,1,1
18:36:45.744,EBBREZZA,1,174.09,19.69,0.258,-4.341,8.095,-2.696,-0.235,0.031,-0.009,78.98,19.86,20.3,50,1,1
18:36:46.244,EBBREZZA,1,175.33,-6.1,0.205,-4.432,8.286,-2.689,-0.024,0.059,-0.015,78.98,19.86,20.3,50,1,1
18:36:46.744,EBBREZZA,1,177.45,-25.9,0.274,-4.271,8.088,-2.634,-0.294,0.129,-0.046,78.98,19.8,20.3,50,1,1
18:36:47.244,EBBREZZA,1,173.09,-40.06,0.264,-4.331,8.258,-2.749,0.023,0.052,0.014,78.98,19.64,20.3,50,1,1
18:36:47.744,EBBREZZA,1,177.34,-21.02,0.242,-4.221,8.116,-2.631,-0.239,0.086,-0.062,78.98,19.64,20.3,50,1,1
18:36:48.244,EBBREZZA,1,174.27,21.68,0.253,-4.401,8.186,-2.756,-0.087,0.072,-0.026,78.98,19.64,20.3,50,1,1
18:36:48.744,EBBREZZA,1,174.94,19.71,0.269,-4.216,8.234,-2.468,-0.176,0.056,-0.006,78.98,19.64,20.3,50,1,1
18:36:49.244,EBBREZZA,1,175.18,18.3,0.252,-4.348,8.116,-2.926,-0.179,0.078,-0.019,78.98,19.64,20.3,50,1,1
18:36:49.744,EBBREZZA,1,175.19,12.89,0.236,-4.384,8.104,-2.772,-0.048,0.044,-0.006,78.98,19.8,20.3,50,1,1
18:36:50.244,EBBREZZA,1,175.95,20.36,0.251,-4.226,8.104,-2.533,-0.165,0.064,-0.011,78.98,19.8,20.3,50,1,1
18:36:50.744,EBBREZZA,1,175.73,14.46,0.268,-4.465,8.291,-2.741,-0.104,0.067,-0.018,78.98,19.96,20.3,50,1,1
18:36:51.244,EBBREZZA,1,-163.59,2.72,0.177,-4.269,8.08,-2.643,-0.088,0.088,-0.027,78.98,19.64,20.3,50,1,1
18:36:51.744,EBBREZZA,1,-170.11,-9.63,0.296,-4.331,8.181,-2.586,-0.215,0.082,0.027,78.98,19.64,20.3,50,1,1
18:36:52.244,EBBREZZA,1,171.62,-2.7,0.265,-4.185,8.119,-2.54,-0.076,0.081,-0.065,78.98,19.64,20.3,50,1,1
18:36:52.744,EBBREZZA,1,179.33,-15.8,0.27,-4.278,8.176,-2.619,-0.223,0.052,0.0,78.98,19.64,20.3,50,1,1
18:36:53.244,EBBREZZA,1,179.57,-9.28,0.154,-4.295,8.013,-2.744,-0.113,0.048,-0.034,78.98,19.64,20.3,50,1,1
18:36:53.744,EBBREZZA,1,178.57,-4.82,0.287,-4.192,8.114,-2.502,-0.154,0.071,-0.013,78.98,19.64,20.3,50,1,1
18:36:54.245,EBBREZZA,1,179.23,-9.12,0.173,-4.432,8.262,-2.861,-0.089,0.084,-0.015,78.98,19.64,20.3,50,1,1
18:36:54.745,DISTRAZIONE,1,-179.69,-5.94,0.189,-4.3,8.066,-2.66,-0.18,0.111,-0.062,78.98,19.9,20.3,50,1,1
18:36:55.245,DISTRAZIONE,1,178.96,14.9,0.254,-4.365,8.164,-2.682,-0.127,0.029,0.042,78.98,19.9,20.3,50,1,1
18:36:55.745,DISTRAZIONE,0,0.0,0.0,0.0,-4.228,8.176,-2.468,-0.084,0.048,-0.031,78.98,19.64,20.3,50,1,1
18:36:56.245,DISTRAZIONE,1,-176.68,49.82,0.28,-4.336,7.922,-2.708,-0.218,0.04,0.004,78.98,19.64,20.3,50,1,1
18:36:56.745,DISTRAZIONE,0,0.0,0.0,0.0,-4.367,8.31,-2.784,0.018,0.054,-0.005,78.98,19.9,20.3,50,1,1
18:36:57.245,DISTRAZIONE,1,175.83,71.55,0.321,-4.211,8.162,-2.519,-0.222,0.079,-0.013,78.98,19.64,20.3,50,1,1
18:36:57.745,DISTRAZIONE,0,0.0,0.0,0.0,-4.381,8.384,-2.612,-0.01,0.05,0.045,78.98,19.64,20.3,50,1,1
18:36:58.245,DISTRAZIONE,0,0.0,0.0,0.0,-4.403,8.159,-2.768,-0.241,0.081,-0.05,78.98,19.9,20.3,50,1,1
18:36:58.745,DISTRAZIONE,0,0.0,0.0,0.0,-4.305,8.176,-2.787,-0.11,0.095,-0.043,78.98,19.9,20.3,50,1,1
18:36:59.245,DISTRAZIONE,0,0.0,0.0,0.0,-4.252,8.298,-2.488,-0.151,0.071,0.038,78.98,19.74,20.3,50,1,1
18:36:59.745,DISTRAZIONE,0,0.0,0.0,0.0,-4.338,7.997,-2.698,-0.078,0.089,-0.053,78.98,19.9,20.3,50,1,1
18:37:00.245,DISTRAZIONE,0,0.0,0.0,0.0,-4.427,8.195,-2.507,-0.069,0.055,0.016,78.98,19.74,20.3,50,1,1
18:37:00.745,DISTRAZIONE,0,0.0,0.0,0.0,-4.269,8.001,-2.756,-0.24,0.093,-0.05,78.98,19.74,20.3,50,1,1
18:37:01.245,DISTRAZIONE,0,0.0,0.0,0.0,-4.233,8.313,-2.588,-0.022,0.039,0.029,78.98,19.52,20.3,50,1,1
18:37:01.745,DISTRAZIONE,0,0.0,0.0,0.0,-4.429,8.021,-2.667,-0.233,0.065,-0.032,78.98,19.52,20.2,50,1,1
18:37:02.245,DISTRAZIONE,1,178.82,45.82,0.298,-4.305,8.001,-2.765,-0.017,0.037,0.01,78.98,19.52,20.2,50,1,1
18:37:02.746,DISTRAZIONE,0,0.0,0.0,0.0,-4.29,8.25,-2.552,-0.178,0.068,0.014,78.98,19.52,20.2,50,1,1
18:37:03.246,DISTRAZIONE,0,0.0,0.0,0.0,-4.331,8.08,-2.792,-0.087,0.081,-0.061,78.98,19.52,20.2,50,1,1
18:37:03.746,DISTRAZIONE,1,172.31,42.63,0.26,-4.472,8.152,-2.416,-0.156,0.053,0.011,78.98,19.52,20.2,50,1,1
18:37:04.246,DISTRAZIONE,1,-171.25,31.05,0.291,-4.362,8.049,-2.796,-0.094,0.062,-0.035,78.98,19.46,20.2,50,1,1
18:37:04.746,DISTRAZIONE,1,-165.39,-8.1,0.185,-4.451,8.42,-2.591,-0.069,-0.007,0.022,78.98,19.85,20.2,50,1,1
18:37:05.246,VIGILE,1,-178.73,-13.7,0.328,-3.953,8.037,-4.118,0.069,0.085,0.059,78.98,20.01,20.2,50,1,1
18:37:05.746,VIGILE,1,-175.77,-9.7,0.131,-3.371,7.841,-4.334,-0.054,-0.063,0.041,78.98,20.88,20.2,50,1,1
18:37:06.246,VIGILE,1,172.77,-6.35,0.274,-3.68,7.954,-4.98,-0.014,0.007,-0.013,78.98,23.73,20.2,50,1,1
18:37:06.746,VIGILE,1,172.65,-28.45,0.307,-4.015,7.769,-3.587,-0.212,0.132,0.031,78.98,29.41,20.2,50,1,1
18:37:07.246,VIGILE,1,178.84,-19.63,0.271,-3.838,8.088,-3.864,-0.147,0.183,-0.042,78.98,34.2,20.2,50,1,1
18:37:07.746,VIGILE,1,176.51,-3.07,0.301,-4.274,8.018,-2.454,-0.231,-0.044,-0.04,78.98,32.94,20.2,50,1,1
18:37:08.246,VIGILE,1,175.05,-10.18,0.275,-4.017,8.248,-3.373,-0.3,0.094,-0.013,78.98,1.98,20.2,50,1,1
18:37:08.746,VIGILE,1,169.81,-8.03,0.248,-3.974,8.085,-3.496,-0.249,0.139,-0.006,78.98,1.66,20.2,50,1,1
18:37:09.246,VIGILE,1,171.72,-12.76,0.246,-3.883,8.155,-3.689,-0.146,0.171,-0.038,78.98,1.66,20.2,50,1,1
18:37:09.746,VIGILE,1,170.78,-11.39,0.241,-4.549,8.191,-2.828,-0.353,0.105,-0.036,78.98,1.88,20.2,50,1,1
18:37:10.246,VIGILE,1,170.4,-5.55,0.269,-4.604,7.86,-2.626,-0.003,0.14,0.04,78.98,2.59,20.2,50,1,1
18:37:10.746,VIGILE,1,175.59,-8.07,0.272,-4.298,8.226,-2.095,-0.261,0.227,-0.115,78.98,3.64,20.2,50,1,1
18:37:11.247,VIGILE,1,176.18,1.86,0.248,-3.886,8.487,-3.553,-0.211,0.223,-0.023,78.98,4.41,20.2,50,1,1
18:37:11.747,VIGILE,1,174.71,1.74,0.264,-3.558,7.973,-3.551,-0.082,0.006,0.022,78.98,5.51,20.2,50,1,1
18:37:12.247,VIGILE,1,170.03,-1.98,0.283,-4.499,8.358,-2.725,-0.076,0.058,-0.057,78.98,7.38,20.2,50,1,1
18:37:12.747,VIGILE,1,174.87,0.64,0.292,-3.905,8.157,-2.612,-0.054,0.142,-0.114,78.98,11.26,20.2,50,1,1
18:37:13.247,VIGILE,1,176.4,12.37,0.282,-3.682,8.047,-3.582,-0.028,0.032,0.108,78.98,19.74,20.2,50,1,1
18:37:13.747,VIGILE,1,172.87,8.06,0.278,-4.001,7.939,-2.746,-0.065,0.06,-0.003,78.98,29.25,20.2,50,1,1
18:37:14.247,VIGILE,1,175.7,2.76,0.25,-4.207,8.543,-2.191,-0.077,0.179,-0.079,78.98,35.07,20.2,50,1,1
18:37:14.747,VIGILE,1,177.96,-3.89,0.283,-4.439,8.406,-2.148,0.001,0.127,-0.03,78.98,2.27,20.2,50,1,1
18:37:15.247,VIGILE,1,174.56,7.11,0.285,-4.211,8.375,-2.195,-0.047,-0.056,0.048,78.98,1.78,20.2,50,1,1
18:37:15.747,VIGILE,1,175.54,28.66,0.292,-3.347,8.164,-3.311,-0.001,0.043,0.012,78.98,2.1,20.2,50,1,1
18:37:16.247,VIGILE,1,177.23,33.01,0.313,-2.95,8.868,-2.813,-0.411,-0.104,0.0,78.98,2.49,20.2,50,1,1
18:37:16.747,VIGILE,1,174.87,34.91,0.323,-2.713,8.971,-2.459,0.119,-0.23,0.085,78.98,3.53,20.2,50,1,1
18:37:17.247,VIGILE,1,174.41,36.91,0.306,-3.579,8.614,-1.762,-0.176,-0.229,0.032,78.98,4.3,20.2,50,1,1
18:37:17.747,VIGILE,1,169.36,51.01,0.363,-3.211,8.643,-2.248,0.132,-0.185,0.013,78.98,4.01,20.2,50,1,1
18:37:18.247,VIGILE,1,172.96,35.66,0.35,-3.414,9.098,-1.908,0.101,-0.292,0.158,78.98,4.3,20.2,50,1,1
18:37:18.747,VIGILE,1,177.98,28.36,0.312,-3.117,9.673,-1.7,0.005,-0.285,0.066,78.98,5.05,20.2,50,1,1
18:37:19.248,VIGILE,1,179.65,18.4,0.311,-3.11,9.395,-1.417,0.083,-0.207,0.16,78.98,5.99,20.2,50,1,1
18:37:19.748,VIGILE,1,177.09,23.06,0.308,-3.627,8.622,-1.729,-0.123,-0.072,-0.034,78.98,6.86,20.2,50,1,1
18:37:20.248,VIGILE,1,174.78,13.08,0.212,-4.324,8.557,-1.954,0.116,-0.099,0.065,78.98,7.68,20.2,50,1,1
18:37:20.748,VIGILE,1,176.27,12.39,0.275,-4.338,7.805,-2.14,-0.212,0.128,-0.106,78.98,8.33,20.2,50,1,1
18:37:21.248,VIGILE,1,174.02,9.22,0.293,-4.738,8.25,-2.751,-0.131,0.023,-0.019,78.98,8.66,20.2,50,1,1
18:37:21.748,VIGILE,1,174.06,3.6,0.289,-3.651,8.638,-4.08,0.284,-0.177,0.196,78.98,8.33,20.2,50,1,1
18:37:22.248,VIGILE,1,175.64,7.94,0.283,-2.658,8.143,-3.584,0.476,0.015,0.377,78.98,7.84,20.2,50,1,1
18:37:22.748,VIGILE,1,175.6,7.37,0.235,-2.277,10.276,-2.306,0.037,0.242,0.205,78.98,3.79,20.2,50,1,1
18:37:23.248,VIGILE,1,177.8,-3.0,0.218,-3.282,8.274,-4.197,-0.057,0.203,-0.112,78.98,1.68,20.2,50,1,1
18:37:23.748,VIGILE,1,179.01,0.39,0.291,-3.893,11.296,-1.36,-0.324,0.402,-0.217,78.98,1.98,20.2,50,1,1
18:37:24.248,VIGILE,1,177.33,-12.17,0.301,-3.953,9.019,-4.125,-0.889,0.236,-0.497,78.98,2.37,20.2,50,1,1
18:37:24.748,VIGILE,1,176.81,-12.78,0.281,-3.915,7.661,-1.499,-0.281,0.168,-0.211,78.98,3.08,20.2,50,1,1
18:37:25.248,VIGILE,1,177.0,-10.89,0.283,-3.543,8.207,-3.711,-0.797,0.069,-0.214,78.98,4.34,20.2,50,1,1
18:37:25.748,VIGILE,1,171.97,1.27,0.313,-6.847,8.435,-3.053,-0.519,0.267,-0.122,78.98,6.31,20.2,50,1,1
18:37:26.248,VIGILE,1,175.3,5.58,0.272,-3.709,8.095,-3.321,-0.344,0.04,-0.09,78.98,7.78,20.2,50,1,1
18:37:26.748,VIGILE,1,179.75,18.38,0.377,-4.001,7.274,-3.4,-0.368,1.127,-1.552,78.98,8.11,20.2,50,1,1
18:37:27.249,VIGILE,1,174.59,13.12,0.284,-4.717,8.018,-3.421,-0.066,0.049,-0.235,78.98,1.87,20.2,50,1,1
18:37:27.749,VIGILE,1,176.98,-7.39,0.293,-4.348,7.944,-4.946,0.35,-0.344,0.352,78.98,1.98,20.2,50,1,1
18:37:28.249,VIGILE,1,177.59,18.49,0.146,-3.589,8.272,-2.986,-0.061,-0.118,0.126,78.98,4.07,20.2,50,1,1
18:37:28.749,VIGILE,1,-179.76,26.83,0.127,-3.61,5.93,-3.867,-1.313,0.27,-0.327,78.98,6.92,20.2,50,1,1
18:37:29.249,VIGILE,1,177.77,14.59,0.311,-4.7,8.49,-2.782,-0.382,0.152,0.002,78.98,8.61,20.1,50,1,1
18:37:29.749,VIGILE,1,176.24,10.61,0.309,-3.91,8.198,-2.033,-0.346,-0.005,0.027,78.98,8.17,20.1,50,1,1
18:37:30.249,VIGILE,1,175.72,10.28,0.314,-3.745,7.963,-3.215,-0.284,0.173,-0.25,78.98,7.23,20.1,50,1,1
18:37:30.749,VIGILE,1,175.19,8.63,0.276,-2.82,8.468,-2.713,0.67,0.108,-0.063,78.98,1.38,20.1,50,1,1
18:37:31.249,VIGILE,1,176.32,12.86,0.294,-4.013,7.678,-2.131,0.285,-0.073,0.256,78.98,1.93,20.1,50,1,1
18:37:31.749,VIGILE,1,177.69,-2.43,0.299,-3.828,8.368,-2.028,-0.156,0.03,-0.029,78.98,2.53,20.1,50,1,1
18:37:32.249,VIGILE,1,176.95,-2.37,0.282,-4.578,8.305,-2.686,0.284,-0.022,0.278,78.98,4.01,20.1,50,1,1
18:37:32.749,VIGILE,1,171.88,-5.74,0.296,-4.149,8.284,-2.248,-0.082,0.095,0.042,78.98,6.31,20.1,50,1,1
18:37:33.249,VIGILE,1,169.89,-1.91,0.259,-3.699,8.308,-2.195,0.075,0.174,-0.149,78.98,7.72,20.1,50,1,1
18:37:33.749,VIGILE,1,171.77,-5.84,0.3,-4.053,7.961,-2.531,-0.066,0.113,-0.061,78.98,7.34,20.1,50,1,1
18:37:34.249,VIGILE,1,173.22,-3.65,0.288,-4.448,8.358,-2.368,-0.023,0.065,0.105,78.98,1.54,20.1,50,1,1
18:37:34.749,VIGILE,1,171.2,-1.36,0.308,-4.075,8.705,-2.456,-0.014,-0.032,0.068,78.98,1.38,20.1,50,1,1
18:37:35.249,VIGILE,1,169.35,3.22,0.298,-6.122,7.74,2.042,-0.062,-0.108,0.021,78.98,1.93,20.1,50,1,1
18:37:35.750,VIGILE,1,173.5,35.02,0.218,-7.092,7.934,3.974,-0.116,0.05,-0.043,78.98,2.53,20.1,50,1,1
18:37:36.250,CRASH,1,-171.83,42.38,0.188,-4.492,8.523,-1.911,0.01,0.053,0.075,78.98,3.19,20.1,50,1,1
18:37:36.750,CRASH,1,-179.47,26.75,0.273,-4.044,8.207,-2.184,-0.094,0.035,-0.017,78.98,3.41,20.1,50,1,1
18:37:37.250,CRASH,1,179.64,27.19,0.285,-4.305,8.253,-2.186,-0.04,-0.005,0.09,78.98,3.63,20.1,50,1,1
18:37:37.750,CRASH,1,178.57,29.45,0.295,-4.187,8.21,-2.461,-0.154,0.067,-0.022,78.98,4.18,20.1,50,1,1
18:37:38.250,CRASH,1,172.16,15.74,0.281,-4.037,7.956,-2.176,-0.044,0.071,-0.008,78.98,4.5,20.1,50,1,1
18:37:38.750,VIGILE,1,174.25,4.12,0.31,-4.14,8.219,-2.612,-0.108,0.043,0.033,78.98,5.05,20.1,50,1,1
18:37:39.250,VIGILE,1,178.45,8.12,0.337,-3.974,8.052,-2.523,-0.079,0.075,-0.006,78.98,5.44,20.1,50,1,1
18:37:39.750,VIGILE,1,-175.63,3.48,0.305,-3.97,8.27,-3.072,-0.121,0.047,0.027,78.98,6.25,20.1,50,1,1
18:37:40.250,VIGILE,1,-176.82,-8.56,0.28,-3.859,8.308,-3.716,-0.045,0.075,0.031,78.98,6.48,20.1,50,1,1
18:37:40.750,VIGILE,1,178.25,0.14,0.295,-3.467,8.533,-3.68,-0.104,-0.03,-0.006,78.98,7.13,20.1,50,1,1
18:37:41.250,VIGILE,1,174.4,-0.25,0.303,-4.269,8.38,-2.466,-0.099,0.077,-0.002,78.98,7.62,20.1,50,1,1
18:37:41.750,VIGILE,1,173.67,28.35,0.197,-4.25,8.32,-2.294,-0.226,0.019,-0.04,78.98,8.11,20.1,50,1,1
18:37:42.250,VIGILE,1,170.46,9.57,0.275,-4.096,8.38,-2.322,-0.285,0.09,-0.056,78.98,8.43,20.1,50,1,1
18:37:42.750,VIGILE,1,170.66,4.12,0.275,-4.592,8.531,-1.932,-0.138,0.053,-0.019,78.98,8.43,20.1,50,1,1
18:37:43.250,VIGILE,1,168.3,-4.74,0.274,-4.283,8.186,-1.738,-0.239,0.123,-0.067,78.98,8.05,20.1,50,1,1
18:37:43.751,VIGILE,1,167.63,-2.0,0.268,-4.563,8.08,-1.784,-0.052,0.059,0.005,78.98,7.56,20.1,50,1,1
18:37:44.251,VIGILE,1,162.35,-3.32,0.245,-5.294,8.119,-0.668,-0.227,0.127,-0.083,78.98,7.56,20.1,50,1,1
18:37:44.751,VIGILE,1,174.95,-3.03,0.291,-5.392,8.27,-0.34,-0.115,0.049,-0.011,78.98,7.07,20.1,50,1,1
18:37:45.251,VIGILE,1,179.39,26.19,0.34,-4.307,8.411,-2.715,-0.048,0.068,0.028,78.98,6.91,20.1,50,1,1
18:37:45.751,VIGILE,1,176.75,3.87,0.293,-4.092,8.361,-2.433,-0.185,0.103,-0.053,78.98,6.91,20.1,50,1,1
18:37:46.251,VIGILE,1,178.42,-17.74,0.299,-4.262,8.198,-2.677,-0.15,0.076,-0.023,78.98,7.07,20.1,50,1,1
18:37:46.751,VIGILE,1,174.39,-13.43,0.293,-4.319,8.284,-2.389,-0.054,0.03,0.069,78.98,7.07,20.1,50,1,1
18:37:47.251,VIGILE,1,172.83,-12.01,0.244,-4.278,8.339,-2.67,-0.022,0.051,0.012,78.98,7.07,20.1,50,1,1
18:37:47.751,VIGILE,1,173.01,-5.01,0.277,-4.108,8.155,-2.658,-0.243,0.094,-0.072,78.98,7.07,20.1,50,1,1
18:37:48.251,VIGILE,1,172.89,-6.13,0.142,-4.065,8.056,-2.442,-0.198,0.074,-0.03,78.98,7.23,20.1,50,1,1
18:37:48.751,VIGILE,1,176.65,-12.44,0.277,-4.29,8.346,-2.619,0.028,0.047,0.011,78.98,7.23,20.1,50,1,1
18:37:49.251,VIGILE,1,176.37,-16.76,0.25,-4.187,8.124,-2.567,-0.217,0.101,-0.065,78.98,7.23,20.1,50,1,1
18:37:49.751,VIGILE,1,177.1,-17.48,0.286,-4.144,8.231,-2.772,-0.104,0.055,0.005,78.98,7.23,20.1,50,1,1
18:37:50.251,VIGILE,1,177.64,-15.65,0.216,-4.19,8.317,-2.413,-0.192,0.083,-0.056,78.98,7.23,20.1,50,1,1
18:37:50.751,VIGILE,1,179.25,-16.48,0.264,-4.211,8.124,-2.796,-0.161,0.034,0.018,78.98,7.07,20.1,50,1,1
18:37:51.251,VIGILE,1,178.26,-11.39,0.261,-4.192,8.205,-2.746,-0.099,0.046,-0.042,78.98,7.07,20.1,50,1,1
18:37:51.752,VIGILE,1,176.58,34.14,0.319,-4.044,8.224,-2.428,-0.172,0.076,-0.004,78.98,7.07,20.1,50,1,1
18:37:52.252,VIGILE,1,179.08,-17.53,0.252,-4.247,8.317,-2.593,0.02,0.042,0.003,78.98,7.07,20.1,50,1,1
18:37:52.752,VIGILE,1,176.29,10.32,0.257,-4.185,8.104,-2.519,-0.207,0.077,-0.043,78.98,7.23,20.1,50,1,1
18:37:53.252,VIGILE,1,177.96,-11.87,0.271,-4.247,8.226,-2.756,-0.155,0.05,-0.0,78.98,7.23,20.1,50,1,1
18:37:53.752,VIGILE,1,172.96,-16.1,0.168,-4.099,8.248,-2.428,-0.165,0.074,-0.069,78.98,7.07,20.1,50,1,1
18:37:54.252,VIGILE,1,174.96,-10.53,0.27,-4.254,8.248,-2.794,-0.172,0.052,0.027,78.98,7.07,20.1,50,1,1
18:37:54.752,VIGILE,1,176.1,-9.54,0.275,-4.295,8.138,-2.634,-0.149,0.054,-0.062,78.98,7.07,20.1,50,1,1
18:37:55.252,VIGILE,1,177.31,-14.08,0.278,-4.384,8.238,-2.401,-0.147,0.037,0.018,78.98,7.07,20.1,50,1,1
18:37:55.752,VIGILE,1,174.21,-14.4,0.293,-4.499,8.2,-2.703,-0.164,0.054,-0.029,78.98,7.07,20.1,50,1,1
18:37:56.252,VIGILE,1,172.62,-15.6,0.27,-4.065,8.176,-2.672,0.035,0.029,0.082,78.98,7.07,20.1,50,1,1
18:37:56.752,VIGILE,1,179.03,-17.15,0.289,-4.199,8.44,-4.345,-0.005,-0.089,0.123,78.98,7.07,20.1,50,1,1
18:37:57.252,VIGILE,1,-178.19,-21.13,0.251,-2.854,8.42,-6.117,0.205,0.351,-0.016,78.98,7.01,20.1,50,1,1
18:37:57.752,VIGILE,1,179.34,-21.43,0.322,-2.789,7.647,-3.464,-0.415,0.159,-0.15,78.98,5.1,20.1,50,1,1
18:37:58.252,VIGILE,1,179.45,-17.15,0.232,-3.512,7.757,-4.448,-0.064,0.01,0.035,78.98,1.38,20.1,50,1,1
18:37:58.752,VIGILE,1,176.82,-16.72,0.253,-3.208,8.483,-4.022,-0.384,-0.023,0.076,78.98,1.54,20.1,50,1,1
18:37:59.252,VIGILE,1,174.02,-10.32,0.053,-3.29,7.585,-4.413,-0.033,-0.059,0.122,78.98,1.7,20.1,50,1,1
18:37:59.753,VIGILE,1,176.23,18.61,0.244,-3.797,8.042,-3.218,-0.277,0.149,-0.124,78.98,2.09,20.1,50,1,1
18:38:00.253,VIGILE,1,174.35,17.19,0.186,-4.343,8.181,-2.523,-0.309,0.188,-0.099,78.98,2.47,20.1,50,1,1
18:38:00.753,VIGILE,1,178.25,-17.5,0.27,-3.668,8.21,-4.537,-0.005,0.063,0.185,78.98,3.24,20.1,50,1,1
18:38:01.253,VIGILE,1,179.23,-15.09,0.292,-3.498,7.815,-3.452,-0.002,0.064,-0.041,78.98,4.18,20.1,50,1,1
18:38:01.753,VIGILE,1,177.67,-19.01,0.297,-3.898,8.191,-3.63,0.05,0.173,-0.002,78.98,5.93,20.1,50,1,1
18:38:02.253,VIGILE,1,178.57,-21.15,0.233,-3.97,7.755,-3.144,0.133,0.092,0.069,78.98,7.68,20.1,50,1,1
18:38:02.753,VIGILE,1,175.5,-32.1,0.286,-4.571,7.824,-3.333,-0.455,0.099,-0.027,78.98,9.86,20.1,50,1,1
18:38:03.253,VIGILE,1,177.01,-21.64,0.274,-4.736,7.863,-3.788,-0.133,0.059,0.017,78.98,10.57,20.1,50,1,1
18:38:03.753,VIGILE,1,174.98,-21.42,0.272,-4.113,8.31,-2.67,-0.335,0.172,-0.158,78.98,7.35,20.1,50,1,1
18:38:04.253,VIGILE,1,179.05,-16.43,0.276,-4.096,8.092,-3.144,-0.227,0.073,0.054,78.98,5.44,20.1,50,1,1
18:38:04.753,VIGILE,1,177.91,-16.77,0.298,-5.143,8.432,-1.592,-0.303,0.169,-0.142,78.98,6.42,20.1,50,1,1
18:38:05.253,VIGILE,1,176.95,-14.33,0.31,-5.145,7.956,-2.318,-0.19,0.049,0.03,78.98,5.93,20.1,50,1,1
18:38:05.753,VIGILE,1,177.62,-14.91,0.304,-4.515,7.915,-2.531,-0.075,0.149,-0.062,78.98,1.7,20.1,50,1,1
18:38:06.253,VIGILE,1,176.14,-5.05,0.308,-5.109,7.652,-2.306,-0.353,0.13,-0.12,78.98,1.1,20.1,50,1,1
18:38:06.753,VIGILE,1,176.92,-0.66,0.267,-4.554,8.121,-2.495,-0.223,0.106,-0.023,78.98,1.1,20.0,50,1,1
18:38:07.254,VIGILE,1,175.45,-6.07,0.296,-4.381,7.843,-2.239,-0.117,-0.029,0.021,78.98,1.16,20.0,50,1,1
18:38:07.754,VIGILE,1,176.08,-8.31,0.289,-4.082,7.92,-1.99,-0.309,0.123,-0.076,78.98,1.81,20.0,50,1,1
18:38:08.254,VIGILE,1,173.58,-7.7,0.249,-4.559,8.499,-2.234,-0.204,0.109,-0.104,78.98,4.0,20.0,50,1,1
18:38:08.754,VIGILE,1,174.2,-1.91,0.282,-4.408,8.186,-2.018,-0.14,0.076,-0.027,78.98,4.55,20.0,50,1,1
18:38:09.254,VIGILE,1,172.66,0.64,0.298,-4.762,8.226,-1.532,-0.278,0.093,-0.005,78.98,4.45,20.0,50,1,1
18:38:09.754,VIGILE,1,172.41,0.83,0.226,-4.633,8.507,-2.148,-0.18,0.109,0.002,78.98,1.7,20.0,50,1,1
18:38:10.254,VIGILE,1,173.63,4.16,0.307,-4.594,8.31,-1.554,-0.082,0.006,0.062,78.98,1.93,20.0,50,1,1
18:38:10.754,VIGILE,1,173.11,-1.57,0.275,-4.982,8.006,-2.298,-0.212,0.04,-0.038,78.98,2.15,20.0,50,1,1
18:38:11.254,VIGILE,1,176.3,7.73,0.26,-4.185,8.236,-2.294,-0.013,0.087,0.015,78.98,2.86,20.0,50,1,1
18:38:11.754,VIGILE,1,175.1,4.18,0.271,-4.345,8.109,-2.004,-0.146,0.091,-0.051,78.98,3.57,20.0,50,1,1
18:38:12.254,VIGILE,1,173.73,-1.44,0.28,-4.647,8.222,-2.203,-0.007,0.04,-0.041,78.98,4.18,20.0,50,1,1
18:38:12.754,VIGILE,1,175.32,-3.88,0.276,-5.052,8.315,-1.087,-0.023,0.014,0.031,78.98,5.27,20.0,50,1,1
18:38:13.254,VIGILE,1,176.48,-0.55,0.303,-5.21,8.329,-0.994,-0.139,0.042,-0.065,78.98,6.48,20.0,50,1,1
18:38:13.754,VIGILE,1,177.65,0.16,0.243,-4.973,8.145,-1.683,-0.12,0.114,0.011,78.98,6.86,20.0,50,1,1
18:38:14.254,VIGILE,1,175.42,-0.4,0.244,-4.805,8.234,-2.509,-0.207,0.024,0.059,78.98,7.68,20.0,50,1,1
18:38:14.754,VIGILE,1,173.59,1.23,0.3,-4.549,8.27,-2.2,-0.096,0.061,-0.034,78.98,8.28,20.0,50,1,1
18:38:15.255,VIGILE,1,176.4,-3.78,0.297,-4.973,8.2,-1.087,-0.217,0.144,-0.086,78.98,9.16,20.0,50,1,1
18:38:15.755,VIGILE,1,173.66,21.55,0.2,-5.768,8.437,-0.115,-0.033,-0.012,0.039,78.98,9.87,20.0,50,1,1
18:38:16.255,VIGILE,1,174.4,-20.92,0.261,-4.477,8.164,-1.985,-0.182,0.108,-0.052,78.98,10.26,20.0,50,1,1
18:38:16.755,VIGILE,1,172.43,-43.44,0.327,-4.456,8.361,-2.387,-0.137,0.076,-0.002,78.98,10.26,20.0,50,1,1
18:38:17.255,VIGILE,1,176.02,-44.89,0.369,-4.221,8.061,-2.65,-0.124,0.076,-0.054,78.98,10.58,20.0,50,1,1
18:38:17.755,VIGILE,1,-174.52,-52.39,0.332,-3.519,7.951,-4.171,0.038,-0.024,0.033,78.98,10.31,20.0,50,1,1
18:38:18.255,VIGILE,1,-179.39,-40.56,0.35,-3.395,8.286,-5.095,-0.12,-0.032,-0.007,78.98,10.64,20.0,50,1,1
18:38:18.755,VIGILE,1,172.59,-34.45,0.277,-3.455,8.193,-4.468,-0.3,0.077,-0.072,78.98,11.35,20.0,50,1,1
18:38:19.255,VIGILE,1,173.78,-40.75,0.336,-3.998,8.444,-3.115,-0.142,0.097,-0.039,78.98,18.75,20.0,50,1,1
18:38:19.758,VIGILE,1,173.37,-53.75,0.261,-4.875,8.674,-1.899,-0.233,0.2,-0.207,78.98,51.67,20.0,50,1,1
18:38:20.258,VIGILE,1,174.65,-39.94,0.339,-4.381,7.889,-1.97,-0.118,-0.031,0.021,78.98,80.9,20.0,50,1,1
18:38:20.758,VIGILE,1,177.45,-45.3,0.345,-4.901,8.26,-1.398,-0.22,0.019,-0.094,78.98,47.71,20.0,50,1,1
18:38:21.258,VIGILE,1,170.31,-68.16,0.441,-4.693,8.576,-1.171,-0.089,0.075,-0.034,78.98,9.43,20.0,50,1,1
18:38:21.758,VIGILE,1,167.36,-50.21,0.653,-4.786,8.104,-1.307,-0.184,0.108,-0.017,78.98,10.69,20.0,50,1,1
18:38:22.258,VIGILE,1,171.01,-70.83,0.497,-4.202,8.25,-2.361,-0.138,0.065,-0.058,78.98,11.72,20.0,50,1,1
18:38:22.758,VIGILE,1,176.88,-46.45,0.399,-4.65,8.277,-2.164,-0.092,0.054,0.0,78.98,12.76,20.0,50,1,1
18:38:23.258,VIGILE,1,179.95,-43.03,0.333,-4.693,8.411,-2.315,-0.103,0.048,-0.047,78.98,14.13,20.0,50,1,1
18:38:23.758,VIGILE,1,-178.26,-4.26,0.294,-3.259,8.473,-3.757,0.339,-0.11,0.408,78.98,14.19,20.0,50,1,1
18:38:24.258,VIGILE,1,179.99,-4.6,0.306,-3.603,8.248,-2.878,-0.034,0.027,0.005,78.98,14.67,20.0,50,1,1
18:38:24.758,VIGILE,1,-177.78,-22.14,0.289,-2.835,8.028,-4.087,-0.228,0.044,-0.137,78.98,14.51,20.0,50,1,1
18:38:25.259,VIGILE,1,179.87,-11.42,0.277,-3.347,8.025,-4.226,-0.134,0.029,-0.044,78.98,13.42,20.0,50,1,1
18:38:25.759,VIGILE,1,177.75,-23.83,0.258,-3.103,7.669,-5.234,0.189,0.12,-0.022,78.98,11.18,20.0,50,1,1
18:38:26.259,VIGILE,1,178.1,-25.54,0.314,-5.277,6.991,-2.796,-0.362,0.103,-0.012,78.98,3.96,20.0,50,1,1
18:38:26.759,VIGILE,1,176.93,-33.12,0.256,-5.526,7.377,-2.974,-0.228,0.378,-0.03,78.98,4.89,20.0,50,1,1
18:38:27.259,VIGILE,1,178.55,-21.26,0.314,-6.512,7.374,-3.139,-0.483,0.433,-0.153,78.98,6.31,20.0,50,1,1
18:38:27.759,VIGILE,1,175.21,-11.36,0.184,-5.677,7.192,-3.591,-0.336,0.42,-0.002,78.98,7.41,20.0,50,1,1
18:38:28.259,VIGILE,1,173.78,-22.37,0.191,-6.043,7.518,-3.349,-0.409,0.531,-0.212,78.98,4.62,20.0,50,1,1
18:38:28.759,VIGILE,1,176.68,-22.95,0.192,-5.816,8.021,-4.559,-0.513,0.533,-0.51,78.98,6.43,20.0,50,1,1
18:38:29.259,VIGILE,1,177.34,-24.63,0.268,-5.114,7.252,-4.35,-0.17,0.608,-0.642,78.98,8.46,20.0,50,1,1
18:38:29.759,VIGILE,1,178.84,-25.44,0.296,-3.795,7.851,-4.056,-0.173,0.088,0.085,78.98,8.3,20.0,50,1,1
18:38:30.259,VIGILE,1,174.34,-27.23,0.292,-4.029,8.48,-3.136,0.146,0.075,0.098,78.98,3.24,20.0,50,1,1
18:38:30.759,VIGILE,1,172.41,-34.12,0.291,-4.156,8.076,-2.648,-0.051,0.184,-0.142,78.98,4.67,20.0,50,1,1
18:38:31.259,VIGILE,1,170.65,-36.81,0.34,-6.153,6.268,-3.227,-0.185,0.277,-0.184,78.98,7.02,20.0,50,1,1
18:38:31.759,VIGILE,1,176.74,-38.27,0.301,-7.41,6.761,-3.529,-0.225,0.319,-0.059,78.98,9.71,20.0,50,1,1
18:38:32.259,VIGILE,1,178.43,-21.21,0.287,-7.386,5.878,-4.068,-0.398,0.525,-0.181,78.98,8.73,20.0,50,1,1
18:38:32.760,VIGILE,1,177.09,-10.91,0.298,-6.984,6.354,-3.917,-0.388,0.511,-0.119,78.98,4.24,20.0,50,1,1
18:38:33.260,VIGILE,1,175.83,3.91,0.255,-5.914,6.697,-3.069,-0.287,0.305,-0.082,78.98,7.74,20.0,50,1,1
18:38:33.760,VIGILE,1,173.03,22.16,0.3,-5.215,7.209,-2.67,-0.025,0.151,0.051,78.98,11.5,20.0,50,1,1
18:38:34.260,VIGILE,1,169.87,24.06,0.205,-4.278,9.433,-1.906,0.264,-0.034,0.204,78.98,11.34,20.0,50,1,1
18:38:34.760,VIGILE,1,176.75,22.45,0.259,-3.869,8.961,-1.736,0.279,-0.127,0.09,78.98,9.59,20.0,50,1,1
18:38:35.260,VIGILE,1,175.47,36.69,0.291,-2.406,8.215,-2.875,-0.337,0.414,-0.446,78.98,4.56,20.0,50,1,1
18:38:35.760,VIGILE,1,-176.35,4.25,0.228,-2.665,7.482,-2.263,0.355,-0.291,0.342,78.98,5.05,20.0,50,1,1
18:38:36.260,VIGILE,1,-172.64,-20.44,0.296,-1.559,8.454,-4.341,0.161,0.085,0.199,78.98,6.53,20.0,50,1,1
18:38:36.760,VIGILE,1,177.32,-12.84,0.254,-3.819,10.151,-2.217,-0.139,-0.012,0.213,78.98,5.99,20.0,50,1,1
18:38:37.260,VIGILE,1,-177.97,-10.96,0.211,-3.378,9.076,-2.756,0.219,-0.19,0.317,78.98,3.3,20.0,50,1,1
18:38:37.760,VIGILE,1,-177.25,32.03,0.284,-3.12,8.571,-3.199,-0.003,-0.087,0.015,78.98,5.27,20.0,50,1,1
18:38:38.260,VIGILE,1,176.4,13.18,0.279,-2.95,8.411,-2.976,-0.333,0.056,-0.118,78.98,10.15,20.0,50,1,1
18:38:38.760,VIGILE,1,174.58,9.22,0.306,-3.239,8.068,-2.155,-0.388,-0.04,-0.155,78.98,15.18,20.0,50,1,1
18:38:39.260,VIGILE,1,172.39,-2.39,0.305,-1.405,8.95,-4.051,2.169,-0.731,0.63,78.98,19.09,20.0,50,1,1
18:38:39.760,VIGILE,1,172.1,38.51,0.24,-4.156,8.133,-2.99,0.629,-0.154,0.655,78.98,12.2,20.0,50,1,1
18:38:40.260,VIGILE,1,174.35,20.0,0.255,-4.168,8.32,-2.701,-0.238,-0.07,0.02,78.98,0.99,20.0,50,1,1
18:38:40.761,SONNOLENZA,1,170.62,16.92,0.18,-3.481,8.191,-2.282,-0.264,0.079,-0.037,78.98,0.99,20.0,50,1,1
18:38:41.261,SONNOLENZA,1,174.35,9.48,0.213,-3.539,8.77,-2.624,-0.266,0.12,-0.047,78.98,1.16,20.0,50,1,1
18:38:41.761,SONNOLENZA,1,168.81,4.24,0.148,-4.341,6.907,-2.643,-0.045,0.217,-0.151,78.98,1.38,20.0,50,1,1
18:38:42.262,SONNOLENZA,1,173.29,9.39,0.159,-4.492,8.459,-1.116,-0.888,0.29,-0.278,78.98,2.31,20.0,50,1,1
18:38:42.762,SONNOLENZA,1,174.03,6.26,0.187,-4.932,8.203,-2.164,-0.241,0.12,-0.114,78.98,3.96,20.0,50,1,1
18:38:43.262,SONNOLENZA,1,174.47,8.18,0.223,-3.996,8.222,-2.588,-0.197,0.167,-0.048,78.98,7.69,20.0,50,1,1
18:38:43.762,SONNOLENZA,1,165.06,2.04,0.182,-5.43,9.828,-3.199,0.315,0.191,0.068,78.98,14.69,20.0,50,1,1
18:38:44.262,SONNOLENZA,1,164.81,-3.85,0.236,-4.769,8.011,-2.55,-0.074,0.168,-0.268,78.98,19.48,20.0,50,1,1
18:38:44.762,SONNOLENZA,1,164.89,2.74,0.223,-4.448,8.344,-2.78,-0.34,-0.136,-0.136,78.98,18.49,20.0,50,1,1
18:38:45.262,SONNOLENZA,1,169.31,1.64,0.236,-4.429,7.877,-2.404,-0.246,0.012,-0.13,78.98,0.99,20.0,50,1,1
18:38:45.763,SONNOLENZA,1,164.43,-0.15,0.132,-4.204,8.574,-1.932,0.151,-0.118,0.233,78.98,0.99,20.0,50,1,1
18:38:46.263,SONNOLENZA,1,155.36,1.42,0.218,-3.991,8.394,-3.081,-0.037,0.068,0.074,78.98,1.16,20.0,50,1,1
18:38:46.763,SONNOLENZA,1,164.28,-0.37,0.158,-4.286,8.389,-2.411,-0.151,0.114,-0.169,78.98,1.38,20.0,51,1,1
18:38:47.263,SONNOLENZA,1,173.91,-6.94,0.161,-4.824,8.083,-2.579,-0.31,0.126,-0.179,78.98,1.87,20.0,51,1,1
18:38:47.763,SONNOLENZA,1,173.66,-6.08,0.172,-3.771,7.719,-0.539,-0.159,0.13,-0.027,78.98,3.02,20.0,51,1,1
18:38:48.263,SONNOLENZA,1,-164.52,-14.8,0.171,-3.359,8.569,-5.471,0.124,-0.144,0.198,78.98,4.89,20.0,51,1,1
18:38:48.763,SONNOLENZA,1,-168.47,-26.62,0.305,-4.752,8.145,-2.198,-0.09,0.038,0.139,78.98,7.85,20.0,51,1,1
18:38:49.263,SONNOLENZA,1,-173.24,-28.33,0.21,-4.669,7.858,-2.528,0.08,-0.013,0.133,78.98,13.75,20.0,51,1,1
18:38:49.763,SONNOLENZA,1,-174.7,-9.8,0.133,-4.659,7.894,-3.314,0.076,0.341,0.229,78.98,18.28,20.0,51,1,1
18:38:50.263,SONNOLENZA,1,178.83,-3.52,0.22,-4.209,8.064,-3.512,0.282,0.027,-0.25,78.98,17.67,20.0,51,1,1
18:38:50.763,SONNOLENZA,1,173.36,9.62,0.117,-4.41,7.709,-2.976,-0.173,-0.039,-0.028,78.98,1.32,20.0,51,1,1
18:38:51.263,SONNOLENZA,1,169.65,14.31,0.162,-4.118,7.977,-2.768,-0.022,0.085,-0.024,78.98,0.99,20.0,51,1,1
18:38:51.763,SONNOLENZA,1,166.84,13.92,0.124,-3.053,7.554,-2.595,-0.452,0.114,0.025,78.98,0.99,20.0,51,1,1
18:38:52.263,SONNOLENZA,1,163.49,13.82,0.148,-2.648,8.054,-2.655,0.406,-0.399,0.504,78.98,1.38,20.0,51,1,1
18:38:52.763,SONNOLENZA,1,159.92,12.5,0.22,-4.243,8.55,-3.235,0.049,0.075,0.029,78.98,1.93,20.0,51,1,1
18:38:53.263,SONNOLENZA,1,169.57,12.81,0.15,-3.97,8.428,-2.784,-0.219,0.015,0.032,78.98,3.41,20.0,51,1,1
18:38:53.764,SONNOLENZA,1,-179.07,40.35,0.186,-2.849,7.743,-1.477,-0.298,0.082,-0.059,78.98,6.37,20.0,51,1,1
18:38:54.264,SONNOLENZA,1,171.99,17.55,0.276,-4.381,8.001,-2.753,0.256,0.139,-0.039,78.98,11.52,20.0,51,1,1
18:38:54.764,SONNOLENZA,1,171.69,15.18,0.249,-3.364,8.296,-1.556,-0.766,0.087,-0.219,78.98,15.71,20.0,51,1,1
18:38:55.264,SONNOLENZA,1,174.28,12.86,0.152,-4.786,7.803,-2.88,-1.259,0.282,-0.69,78.98,17.34,20.0,51,1,1
18:38:55.764,SONNOLENZA,1,174.02,8.43,0.176,-6.11,9.34,-0.891,-0.896,0.169,-0.245,78.98,9.8,20.0,51,1,1
18:38:56.264,SONNOLENZA,1,168.55,-4.77,0.182,-4.726,7.027,-0.089,-1.532,0.107,-1.344,78.98,1.16,20.0,51,1,1
18:38:56.764,SONNOLENZA,1,175.57,-14.23,0.154,-4.029,8.411,-3.316,-0.642,0.26,-0.478,78.98,1.32,20.0,51,1,1
18:38:57.264,SONNOLENZA,1,168.18,-11.67,0.156,-4.259,8.176,-2.413,-0.255,0.143,-0.15,78.98,1.38,20.0,51,1,1
18:38:57.764,SONNOLENZA,1,169.88,-13.32,0.19,-4.029,7.836,-2.444,-0.078,0.166,0.052,78.98,1.6,20.0,51,1,1
18:38:58.264,SONNOLENZA,1,168.61,-14.69,0.118,-4.439,8.837,-3.002,-0.086,0.061,-0.064,78.98,2.31,20.0,51,1,1
18:38:58.764,SONNOLENZA,1,162.04,-4.88,0.126,-4.101,8.291,-3.338,0.319,-0.106,0.273,78.98,3.79,20.0,51,1,1
18:38:59.264,SONNOLENZA,1,164.16,-4.24,0.229,-3.67,8.495,-2.911,-0.188,0.124,-0.035,78.98,6.27,20.0,51,1,1
18:38:59.764,SONNOLENZA,1,168.73,-9.13,0.248,-4.908,8.681,-3.259,0.063,-0.169,0.375,78.98,10.11,20.0,51,1,1
18:39:00.264,SONNOLENZA,1,178.39,-19.24,0.123,-3.522,7.798,-2.72,-1.049,0.0,-0.222,78.98,16.72,20.0,51,1,1
18:39:00.764,SONNOLENZA,1,174.32,-13.47,0.251,-4.096,7.898,-2.562,-0.305,0.16,-0.096,78.98,22.55,20.0,51,1,1
18:39:01.264,SONNOLENZA,1,170.95,-12.79,0.148,-4.322,8.722,-2.571,0.151,0.002,0.045,78.98,19.81,20.0,51,1,1
18:39:01.765,SONNOLENZA,1,175.35,-16.68,0.09,-4.032,8.083,-2.629,-0.315,0.142,-0.145,78.98,4.71,20.0,51,1,1
18:39:02.265,SONNOLENZA,1,174.39,-18.34,0.148,-3.721,8.071,-2.658,-0.162,0.143,-0.151,78.98,1.54,20.0,51,1,1
18:39:02.765,SONNOLENZA,1,173.88,-16.27,0.241,-4.817,7.475,-3.124,-0.28,0.155,-0.099,78.98,1.76,20.0,51,1,1
18:39:03.265,SONNOLENZA,1,172.7,-13.98,0.265,-4.362,8.119,-2.796,0.214,0.021,0.033,78.98,2.37,20.0,51,1,1
18:39:03.765,SONNOLENZA,1,173.82,-13.97,0.253,-4.384,8.119,-2.65,-0.071,-0.101,0.163,78.98,3.47,20.0,51,1,1
18:39:04.265,SONNOLENZA,1,175.72,-17.82,0.209,-4.166,7.827,-2.495,-0.201,0.229,-0.029,78.98,5.17,20.0,51,1,1
18:39:04.765,SONNOLENZA,1,176.15,-39.28,0.251,-3.654,8.792,-3.261,0.615,-0.423,0.591,78.98,8.08,20.0,51,1,1
18:39:05.265,SONNOLENZA,1,-179.37,-27.41,0.284,-4.863,8.516,-2.073,-0.13,0.014,0.204,78.98,10.59,20.0,51,1,1
18:39:05.765,SONNOLENZA,1,-177.69,-19.61,0.166,-4.788,8.301,-2.222,-0.125,0.054,0.045,78.98,13.92,20.0,51,1,1
18:39:06.265,SONNOLENZA,1,-176.12,-12.3,0.129,-4.223,8.138,-2.497,0.047,0.072,-0.027,78.98,16.04,20.0,51,1,1
18:39:06.765,SONNOLENZA,1,178.07,-14.56,0.112,-4.396,8.428,-2.595,-0.293,0.12,-0.047,78.98,15.16,20.0,51,1,1
18:39:07.265,SONNOLENZA,1,167.26,-4.34,0.172,-4.166,8.559,-2.875,0.066,0.183,0.032,78.98,12.05,20.0,51,1,1
18:39:07.765,SONNOLENZA,1,167.37,2.0,0.052,-4.424,8.107,-2.928,-0.154,0.086,0.002,78.98,1.32,20.0,51,1,1
18:39:08.265,SONNOLENZA,1,177.79,0.18,0.06,-3.869,7.963,-2.789,-0.621,0.182,-0.18,78.98,1.16,20.0,51,1,1
18:39:08.765,SONNOLENZA,1,173.63,-6.59,0.054,-4.544,8.272,-2.818,-0.407,0.022,-0.069,78.98,1.7,20.0,51,1,1
18:39:09.265,SONNOLENZA,1,-178.75,-22.23,0.212,-4.487,8.179,-2.859,-0.512,0.231,-0.762,78.98,2.09,20.0,51,1,1
18:39:09.766,SONNOLENZA,1,-178.5,27.77,0.238,-4.345,8.042,-3.062,0.074,0.031,0.125,78.98,3.08,20.0,51,1,1
18:39:10.266,SONNOLENZA,1,174.65,7.99,0.24,-3.915,8.396,-2.787,-0.098,0.003,-0.084,78.98,4.46,20.0,51,1,1
18:39:10.766,SONNOLENZA,1,171.78,5.55,0.266,-3.646,7.81,-3.1,-0.173,0.147,-0.06,78.98,7.69,20.0,51,1,1
18:39:11.266,SONNOLENZA,1,165.68,-0.24,0.169,-2.638,8.176,-2.116,-0.039,0.116,-0.088,78.98,10.92,20.0,51,1,1
18:39:11.766,SONNOLENZA,1,168.58,-4.67,0.125,-4.075,8.128,-2.454,-0.157,0.071,-0.005,78.98,13.75,19.9,51,1,1
18:39:12.266,SONNOLENZA,1,170.21,3.18,0.131,-6.12,7.57,-3.364,-0.273,0.178,-0.285,78.98,14.84,19.9,51,1,1
18:39:12.766,SONNOLENZA,1,169.23,-0.6,0.137,-3.728,8.818,-2.337,0.194,0.184,-0.041,78.98,12.93,19.9,51,1,1
18:39:13.266,SONNOLENZA,1,171.35,9.68,0.153,-5.595,9.464,-2.107,0.49,-0.126,0.476,78.98,1.48,19.9,51,1,1
18:39:13.766,SONNOLENZA,1,-175.86,23.12,0.111,-4.642,8.38,-1.997,-0.429,0.12,-0.152,78.98,1.48,19.9,51,1,1
18:39:14.266,SONNOLENZA,1,-178.47,11.03,0.237,-3.962,8.43,-2.265,-0.363,0.201,-0.237,78.98,1.54,19.9,51,1,1
18:39:14.766,SONNOLENZA,1,174.85,13.12,0.208,-4.369,7.999,-2.251,-0.034,0.145,-0.047,78.98,2.09,19.9,51,1,1
18:39:15.266,SONNOLENZA,1,-174.11,42.83,0.09,-4.216,8.38,-2.291,-0.121,0.144,-0.077,78.98,2.37,19.9,51,1,1
18:39:15.766,SONNOLENZA,1,179.89,20.99,0.278,-3.905,7.575,-3.16,-0.393,0.226,-0.112,78.98,3.79,19.9,51,1,1
18:39:16.266,SONNOLENZA,1,170.27,3.83,0.134,-3.74,7.855,-2.746,-0.153,0.178,-0.131,78.98,5.82,19.9,51,1,1
18:39:16.766,SONNOLENZA,1,167.7,-1.64,0.111,-3.682,7.927,-3.819,-0.036,0.079,0.114,78.98,9.82,19.9,51,1,1
18:39:17.267,SONNOLENZA,1,165.25,-0.22,0.062,-3.97,8.064,-2.43,0.344,-0.21,0.361,78.98,14.47,19.9,51,1,1
18:39:17.767,SONNOLENZA,1,167.02,1.01,0.179,-3.859,8.435,-2.851,0.059,0.135,-0.127,78.98,19.48,19.9,51,1,1
18:39:18.267,SONNOLENZA,1,165.49,-3.95,0.106,-3.891,8.622,-2.938,-0.316,0.175,-0.163,78.98,16.53,19.9,51,1,1
18:39:18.767,SONNOLENZA,1,160.11,-5.18,0.112,-3.977,7.999,-2.435,-0.095,0.018,-0.069,78.98,1.16,19.9,51,1,1
18:39:19.267,SONNOLENZA,1,151.82,-4.75,0.181,-4.008,8.59,-2.377,-0.351,0.144,-0.056,78.98,1.48,19.9,51,1,1
18:39:19.767,SONNOLENZA,1,153.03,-4.98,0.17,-3.941,7.276,-2.806,-0.352,0.123,-0.07,78.98,1.54,19.9,51,1,1
18:39:20.267,SONNOLENZA,1,157.57,-1.27,0.16,-4.094,8.842,-2.878,-0.047,0.087,0.099,78.98,1.98,19.9,51,1,1
18:39:20.767,SONNOLENZA,1,158.23,-3.75,0.145,-4.31,8.375,-2.169,-0.112,0.012,0.032,78.98,2.92,19.9,51,1,1
18:39:21.267,SONNOLENZA,1,159.64,-2.5,0.101,-4.281,8.121,-2.734,-0.197,0.121,-0.157,78.98,4.24,19.9,51,1,1
18:39:21.767,SONNOLENZA,1,166.94,-4.83,0.19,-4.29,8.253,-1.961,-0.21,0.017,-0.055,78.98,7.14,19.9,51,1,1
18:39:22.267,SONNOLENZA,1,168.82,-6.09,0.181,-4.073,8.346,-2.492,-0.238,0.06,-0.087,78.98,12.12,19.9,51,1,1
18:39:22.767,SONNOLENZA,1,175.04,-10.17,0.273,-4.345,8.578,-2.485,-0.098,0.084,-0.036,78.98,17.25,19.9,51,1,1
18:39:23.267,SONNOLENZA,1,174.48,-7.03,0.206,-3.804,10.42,-0.836,-0.056,-0.29,0.358,78.98,19.43,19.9,51,1,1
18:39:23.767,VIGILE,1,173.23,-9.23,0.312,-2.861,9.677,-2.832,-0.153,0.018,-0.284,78.98,17.03,19.9,51,1,1
18:39:24.267,VIGILE,1,173.11,-7.97,0.302,-4.288,8.351,-2.411,-0.026,0.031,-0.033,78.98,3.24,19.9,51,1,1
18:39:24.768,VIGILE,1,174.37,8.51,0.122,-3.936,8.205,-2.356,-0.202,0.062,-0.043,78.98,4.07,19.9,51,1,1
18:39:25.268,VIGILE,1,176.25,-10.14,0.272,-3.737,7.661,-3.656,-0.447,0.226,-0.176,78.98,5.66,19.9,51,1,1
18:39:25.768,VIGILE,1,-179.76,-38.49,0.41,-4.175,8.356,-2.093,-0.084,0.031,-0.028,78.98,8.4,19.9,51,1,1
18:39:26.268,VIGILE,1,178.99,-36.49,0.408,-3.721,9.017,-3.335,0.839,-0.23,0.575,78.98,12.51,19.9,51,1,1
18:39:26.768,VIGILE,1,179.65,-27.21,0.266,-5.411,9.096,-2.952,-0.055,-0.161,0.028,78.98,16.22,19.9,51,1,1
18:39:27.268,VIGILE,1,-179.74,-27.49,0.334,-3.543,8.705,-2.873,-0.05,0.213,0.307,78.98,18.62,19.9,51,1,1
18:39:27.768,VIGILE,1,166.44,-15.65,0.285,-3.488,8.26,-2.883,-0.136,0.159,-0.03,78.98,17.42,19.9,51,1,1
18:39:28.268,VIGILE,1,171.27,-16.62,0.258,-4.154,7.812,-3.282,-0.236,0.179,-0.045,78.98,3.53,19.9,51,1,1
18:39:28.768,VIGILE,1,169.14,-12.93,0.281,-3.711,6.986,-2.77,-0.41,0.093,-0.02,78.98,5.45,19.9,51,1,1
18:39:29.268,VIGILE,1,169.88,-9.54,0.27,-3.421,7.87,-2.828,-0.296,0.086,0.069,78.98,7.42,19.9,51,1,1
18:39:29.768,VIGILE,1,172.18,-13.51,0.289,-3.96,8.461,-2.962,-0.255,0.153,-0.039,78.98,10.33,19.9,51,1,1
18:39:30.268,VIGILE,1,172.11,-15.08,0.165,-4.961,8.274,-2.55,-0.157,0.084,-0.069,78.98,14.58,19.9,51,1,1
18:39:30.768,VIGILE,1,171.97,-11.31,0.259,-4.087,8.423,-2.579,-0.035,0.149,-0.076,78.98,18.07,19.9,51,1,1
18:39:31.268,VIGILE,1,171.33,-9.99,0.247,-4.693,8.152,-2.064,-0.133,0.075,0.038,78.98,18.23,19.9,51,1,1
18:39:31.768,VIGILE,1,168.88,-0.6,0.233,-4.501,7.882,-1.839,-0.36,0.148,0.011,78.98,14.14,19.9,51,1,1
18:39:32.268,VIGILE,1,166.87,1.23,0.247,-4.305,8.219,-1.729,-0.304,0.111,0.05,78.98,3.26,19.9,51,1,1
18:39:32.768,VIGILE,1,166.38,1.72,0.258,-4.762,8.334,-1.003,-0.019,-0.039,0.062,78.98,3.81,19.9,51,1,1
18:39:33.269,VIGILE,1,169.36,-0.37,0.276,-4.843,8.258,-1.537,0.01,0.029,0.072,78.98,4.84,19.9,51,1,1
18:39:33.769,VIGILE,1,172.99,-9.28,0.216,-4.183,8.586,-2.265,-0.374,0.197,-0.16,78.98,6.16,19.9,51,1,1
18:39:34.269,VIGILE,1,169.66,-1.49,0.27,-4.8,8.622,-1.595,0.019,-0.013,0.092,78.98,8.62,19.9,51,1,1
18:39:34.769,VIGILE,1,170.22,-0.74,0.274,-4.046,8.691,-2.485,0.098,0.067,0.052,78.98,10.92,19.9,51,1,1
18:39:35.269,VIGILE,1,172.87,-6.26,0.287,-3.996,8.758,-3.017,0.048,0.034,0.06,78.98,13.65,19.9,51,1,1
18:39:35.769,VIGILE,1,172.56,-0.44,0.268,-3.508,8.27,-3.33,-0.108,0.139,0.001,78.98,15.18,19.9,51,1,1
18:39:36.269,VIGILE,1,175.67,-10.98,0.262,-3.053,8.018,-3.745,-0.138,0.197,-0.023,78.98,16.32,19.9,51,1,1
18:39:36.769,VIGILE,1,175.26,-11.18,0.26,-3.859,8.028,-3.591,-0.262,-0.037,0.047,78.98,15.71,19.9,51,1,1
18:39:37.269,VIGILE,1,176.32,-12.17,0.261,-4.3,8.126,-3.615,-0.254,-0.001,-0.051,78.98,13.47,19.9,51,1,1
18:39:37.769,VIGILE,1,175.73,24.68,0.335,-3.838,8.317,-3.405,-0.271,-0.009,0.002,78.98,1.6,19.9,51,1,1
18:39:38.269,VIGILE,1,167.82,41.99,0.46,-4.125,7.93,-4.003,-0.643,0.172,-0.293,78.98,1.98,19.9,51,1,1
18:39:38.769,VIGILE,1,175.26,16.99,0.254,-3.63,8.502,-4.642,-0.667,0.021,-0.193,78.98,2.86,19.9,51,1,1
18:39:39.269,VIGILE,1,177.93,-15.79,0.291,-3.807,7.448,-3.986,-0.14,0.103,-0.063,78.98,3.69,19.8,51,1,1
18:39:39.769,VIGILE,1,173.72,-13.08,0.153,-4.065,7.875,-3.529,-0.031,-0.102,0.153,78.98,5.56,19.8,51,1,1
18:39:40.269,VIGILE,1,175.76,-17.17,0.251,-4.338,7.86,-2.322,-0.274,-0.072,-0.085,78.98,11.14,19.8,51,1,1
18:39:40.769,VIGILE,1,169.43,-7.95,0.262,-4.293,7.515,-2.983,-0.102,0.026,0.065,78.98,16.71,19.8,51,1,1
18:39:41.270,VIGILE,1,166.82,-7.08,0.262,-5.332,8.088,-2.227,-0.832,0.275,-0.375,78.98,16.91,19.8,51,1,1
18:39:41.770,VIGILE,1,170.12,-0.24,0.259,-4.774,8.128,-2.72,-0.299,0.078,-0.072,78.98,1.16,19.8,51,1,1
18:39:42.270,VIGILE,1,168.14,-8.68,0.247,-4.47,7.867,-2.205,-0.01,-0.027,0.175,78.98,1.32,19.8,51,1,1
18:39:42.770,VIGILE,1,168.2,-3.94,0.232,-4.482,8.03,-2.401,0.075,0.115,0.08,78.98,1.54,19.8,51,1,1
18:39:43.270,VIGILE,1,171.55,1.59,0.265,-4.096,8.459,-2.66,-0.206,0.128,-0.046,78.98,2.31,19.8,51,1,1
18:39:43.770,VIGILE,1,172.1,-1.88,0.249,-4.523,8.104,-2.682,-0.422,0.133,-0.102,78.98,3.53,19.8,51,1,1
18:39:44.270,VIGILE,1,170.32,0.46,0.24,-3.824,8.289,-2.502,-0.038,0.093,0.072,78.98,6.49,19.8,51,1,1
18:39:44.770,VIGILE,1,168.53,-0.54,0.141,-4.523,8.049,-2.236,-0.326,0.118,-0.048,78.98,10.98,19.8,51,1,1
18:39:45.270,VIGILE,1,172.07,-1.99,0.249,-4.693,7.807,-2.045,-0.091,0.005,-0.016,78.98,15.56,19.8,51,1,1
18:39:45.770,VIGILE,1,174.38,14.27,0.196,-3.931,8.473,-3.575,0.597,-0.054,0.291,78.98,16.93,19.8,51,1,1
18:39:46.270,VIGILE,1,-179.31,24.07,0.301,-4.46,8.516,-2.057,-0.17,0.151,-0.079,78.98,14.42,19.8,51,1,1
18:39:46.770,VIGILE,1,-177.72,4.62,0.259,-4.657,8.571,-2.342,-0.24,0.143,-0.097,78.98,5.23,19.8,51,1,1
18:39:47.270,VIGILE,1,175.82,5.01,0.236,-4.391,7.432,-2.598,-0.172,0.09,0.023,78.98,6.49,19.8,51,1,1
18:39:47.770,VIGILE,1,175.27,-11.59,0.275,-3.716,8.147,-2.775,0.183,0.037,0.011,78.98,10.43,19.8,51,1,1
18:39:48.270,VIGILE,1,172.32,-2.36,0.259,-5.009,8.171,-2.198,-0.466,0.076,0.068,78.98,14.36,19.8,51,1,1
18:39:48.770,VIGILE,1,174.55,-8.74,0.267,-4.585,7.937,-2.318,-0.294,0.11,-0.039,78.98,17.19,19.8,51,1,1
18:39:49.271,VIGILE,1,177.2,-7.42,0.243,-4.07,7.717,-2.672,-0.07,0.144,0.008,78.98,15.18,19.8,51,1,1
18:39:49.771,VIGILE,1,177.62,4.01,0.301,-5.796,7.748,-3.426,0.558,0.391,0.209,78.98,4.4,19.8,51,1,1
18:39:50.271,VIGILE,1,-175.09,-27.49,0.306,-1.757,8.119,-3.043,0.857,-0.419,0.809,78.98,6.76,19.8,51,1,1
18:39:50.771,VIGILE,1,174.93,0.76,0.239,-4.216,9.067,-3.129,-0.543,-0.065,-0.246,78.98,12.06,19.8,51,1,1
18:39:51.271,VIGILE,1,-174.47,-29.13,0.248,-3.318,9.115,-3.687,0.037,0.159,-0.002,78.98,15.61,19.8,51,1,1
18:39:51.771,VIGILE,1,176.48,1.14,0.161,-4.135,8.602,-3.144,-0.226,0.071,-0.141,78.98,16.26,19.8,51,1,1
18:39:52.271,VIGILE,1,179.37,-7.65,0.273,-3.833,8.392,-2.516,-0.338,0.109,-0.022,78.98,11.01,19.8,51,1,1
18:39:52.771,VIGILE,1,178.44,-3.87,0.189,-3.797,8.454,-3.007,-0.494,0.076,-0.096,78.98,2.92,19.8,51,1,1
18:39:53.271,VIGILE,1,-176.66,17.95,0.193,-3.845,8.205,-3.021,-0.204,0.173,0.02,78.98,4.84,19.8,51,1,1
18:39:53.771,VIGILE,1,179.75,-15.52,0.119,-4.594,8.04,-3.081,-0.377,-0.091,0.019,78.98,8.13,19.8,51,1,1
18:39:54.271,VIGILE,1,174.11,0.28,0.205,-4.841,7.693,-3.673,0.063,0.008,0.112,78.98,12.73,19.8,51,1,1
18:39:54.771,VIGILE,1,176.0,9.78,0.203,-3.005,8.049,-2.784,-0.235,0.059,0.015,78.98,18.84,19.8,51,1,1
18:39:55.271,VIGILE,1,-179.68,-20.33,0.235,-4.343,8.576,-2.107,-0.43,0.11,-0.082,78.98,17.3,19.8,51,1,1
18:39:55.771,VIGILE,1,176.32,-7.84,0.272,-3.165,7.271,-3.314,-0.172,0.011,0.205,78.98,1.16,19.8,51,1,1
18:39:56.271,VIGILE,1,175.17,2.76,0.158,-3.282,7.968,-4.669,0.158,0.169,0.002,78.98,2.42,19.8,51,1,1
18:39:56.771,VIGILE,1,177.19,0.41,0.306,-3.915,7.973,-1.729,0.469,0.102,-0.044,78.98,6.53,19.8,51,1,1
18:39:57.272,VIGILE,1,172.19,-0.42,0.22,-4.527,8.265,-2.693,0.116,0.116,0.129,78.98,13.8,19.8,51,1,1
18:39:57.772,VIGILE,1,174.11,-3.01,0.223,-4.19,7.853,-2.351,-0.007,0.122,-0.052,78.98,11.67,19.8,51,1,1
18:39:58.272,VIGILE,1,175.34,-6.49,0.261,-4.247,8.104,-1.607,-0.467,0.184,-0.115,78.98,1.93,19.8,51,1,1
18:39:58.772,VIGILE,1,171.26,-5.11,0.142,-4.173,8.155,-1.923,-0.115,-0.018,0.173,78.98,22.42,19.8,51,1,1
18:39:59.272,VIGILE,1,170.61,-0.55,0.176,-4.192,8.483,-1.772,-0.028,0.034,0.127,78.98,75.29,19.8,51,1,1
18:39:59.772,VIGILE,1,170.31,-1.91,0.27,-4.824,8.15,-2.399,0.394,0.062,0.236,78.98,78.96,19.8,51,1,1
18:40:00.272,VIGILE,1,172.79,-4.66,0.239,-5.145,7.745,-2.121,-0.645,0.082,-0.207,78.98,72.11,19.8,51,1,1
18:40:00.772,VIGILE,1,173.08,-8.1,0.234,-4.357,8.135,-1.377,-0.725,0.275,-0.414,78.98,85.04,19.8,51,1,1
18:40:01.272,VIGILE,1,173.75,1.03,0.264,-3.881,8.435,-2.581,-0.055,0.267,-0.055,78.98,69.11,19.8,51,1,1
18:40:01.772,VIGILE,1,174.12,-5.24,0.212,-4.001,8.131,-2.411,0.538,0.299,0.165,78.98,75.84,19.8,51,1,1
18:40:02.272,VIGILE,1,170.42,-6.47,0.15,-4.532,7.764,-2.902,0.031,0.05,0.05,78.98,80.33,19.8,51,1,1
18:40:02.772,VIGILE,1,171.0,1.27,0.242,-4.307,8.294,-2.696,0.074,0.148,-0.052,78.98,44.23,19.8,51,1,1
18:40:03.272,VIGILE,1,172.19,-8.42,0.266,-3.745,7.309,-2.277,-0.126,-0.012,-0.16,78.98,7.48,19.8,51,1,1
18:40:03.772,VIGILE,1,170.37,-2.58,0.046,-5.614,8.171,-3.031,-0.221,0.071,-0.245,78.98,13.22,19.8,51,1,1
18:40:04.272,VIGILE,1,174.33,-2.59,0.258,-4.156,8.674,-3.512,-0.209,0.197,-0.123,78.98,17.04,19.8,51,1,1
18:40:04.772,VIGILE,1,174.31,-9.32,0.249,-4.496,8.025,-2.526,-0.287,0.249,-0.241,78.98,17.76,19.8,51,1,1
18:40:05.273,VIGILE,1,168.12,-5.26,0.214,-6.352,8.447,-2.792,-0.736,0.166,-0.421,78.98,5.11,19.8,51,1,1
18:40:05.773,VIGILE,1,173.19,-9.56,0.271,-4.401,7.882,-3.091,-0.043,0.171,-0.079,78.98,8.79,19.8,51,1,1
18:40:06.273,VIGILE,1,162.2,-2.05,0.262,-6.268,8.724,-2.356,-0.477,-0.093,-0.432,78.98,13.59,19.8,51,1,1
18:40:06.773,VIGILE,1,175.16,-1.4,0.283,-2.598,8.011,-2.318,0.331,-0.441,0.976,78.98,17.52,19.8,51,1,1
18:40:07.273,VIGILE,1,170.18,2.03,0.272,-5.181,7.671,-1.863,0.945,-0.374,0.723,78.98,15.34,19.8,51,1,1
18:40:07.773,VIGILE,1,175.05,-0.85,0.255,-4.106,7.834,-2.073,0.068,-0.018,0.044,78.98,5.39,19.8,51,1,1
18:40:08.273,VIGILE,1,171.37,-2.63,0.26,-3.977,8.715,-3.014,0.216,-0.13,0.072,78.98,9.34,19.8,51,1,1
18:40:08.773,VIGILE,1,168.79,-3.13,0.222,-3.244,8.231,-1.666,-0.59,-0.18,0.167,78.98,14.2,19.8,51,1,1
18:40:09.273,VIGILE,1,168.79,-3.78,0.235,-5.32,8.033,-2.579,-0.086,0.131,-0.067,78.98,17.58,19.8,52,1,1
18:40:09.773,VIGILE,1,171.18,-7.92,0.245,-4.36,8.255,-1.568,-0.324,0.183,-0.283,78.98,15.18,19.8,52,1,1
18:40:10.273,VIGILE,1,172.28,-4.36,0.261,-4.824,8.236,-3.369,-0.056,0.169,-0.123,78.98,2.21,19.8,52,1,1
18:40:10.773,VIGILE,1,177.46,-10.35,0.242,-2.547,5.054,-3.668,0.156,0.152,-0.03,78.98,2.21,19.8,52,1,1
18:40:11.273,VIGILE,1,170.76,-7.2,0.271,-4.312,6.017,-4.13,-0.368,0.276,-0.338,78.98,2.65,19.8,52,1,1
18:40:11.773,VIGILE,1,-177.0,-1.3,0.271,-3.16,7.982,-5.564,0.016,0.017,0.448,78.98,4.01,19.8,52,1,1
18:40:12.273,VIGILE,1,174.87,-6.06,0.263,-4.149,7.415,-3.388,-0.129,0.086,0.121,78.98,6.43,19.8,52,1,1
18:40:12.773,VIGILE,1,171.54,-9.39,0.265,-3.879,6.845,-4.001,0.261,-0.204,0.548,78.98,12.61,19.8,52,1,1
18:40:13.274,VIGILE,1,173.64,-6.61,0.278,-5.124,8.545,-2.816,-1.052,0.464,-0.352,78.98,19.21,19.8,52,1,1
18:40:13.774,VIGILE,1,176.76,-16.47,0.24,-0.998,8.253,3.342,-1.569,-0.216,-0.603,78.98,17.29,19.8,52,1,1
18:40:14.274,VIGILE,1,175.05,-12.48,0.26,-4.432,8.107,-3.127,-0.063,0.029,0.096,78.98,1.32,19.8,52,1,1
18:40:14.774,VIGILE,1,172.39,-14.44,0.234,-4.243,8.226,-3.259,-0.147,0.1,0.038,78.98,1.21,19.8,52,1,1
18:40:15.274,VIGILE,1,171.38,-14.16,0.244,-3.79,7.499,-3.534,-0.735,0.055,-0.344,78.98,2.09,19.8,52,1,1
18:40:15.774,VIGILE,1,169.02,-9.84,0.247,-4.831,7.549,-2.739,-0.373,0.044,-0.257,78.98,3.14,19.8,52,1,1
18:40:16.274,VIGILE,1,172.56,-10.84,0.255,-4.408,8.215,-2.413,-0.118,0.067,0.24,78.98,5.66,19.8,52,1,1
18:40:16.774,VIGILE,1,171.65,-12.27,0.24,-4.671,8.301,-2.358,-0.05,0.062,0.01,78.98,12.06,19.8,52,1,1
18:40:17.274,VIGILE,1,169.26,-10.03,0.274,-3.826,8.404,-2.195,0.051,0.003,0.089,78.98,17.46,19.8,52,1,1
18:40:17.774,VIGILE,1,172.96,-10.94,0.105,-4.288,8.384,-2.715,0.099,0.022,0.116,78.98,14.51,19.8,52,1,1
18:40:18.274,VIGILE,1,172.8,-12.5,0.243,-4.659,7.982,-3.194,-0.215,0.153,0.103,78.98,1.21,19.8,52,1,1
18:40:18.774,VIGILE,1,169.31,-10.64,0.29,-5.337,8.396,-2.38,-0.134,-0.163,0.323,78.98,1.54,19.8,52,1,1
18:40:19.274,VIGILE,1,172.68,-16.87,0.277,-4.772,8.633,-1.583,-0.891,-0.011,0.333,78.98,1.98,19.8,52,1,1
18:40:19.774,VIGILE,1,173.0,-10.73,0.303,-4.35,8.205,-2.507,-0.385,0.103,-0.133,78.98,2.98,19.8,52,1,1
18:40:20.274,VIGILE,1,172.0,8.05,0.275,-4.748,7.468,-2.497,0.091,0.121,0.535,78.98,5.17,19.8,52,1,1
18:40:20.774,VIGILE,1,173.45,-18.78,0.169,-2.988,8.461,-2.902,1.105,-0.084,0.445,78.98,11.35,19.8,52,1,1
18:40:21.275,VIGILE,1,170.69,-2.24,0.233,-3.345,8.495,-2.246,-0.084,0.243,-0.132,78.98,18.28,19.8,52,1,1
18:40:21.775,VIGILE,1,170.14,-15.8,0.084,-4.681,7.956,-2.495,-0.175,-0.106,0.202,78.98,13.85,19.8,52,1,1
18:40:22.275,VIGILE,1,172.83,-13.01,0.228,-4.424,8.866,-2.045,0.094,0.052,0.274,78.98,1.16,19.8,52,1,1
18:40:22.775,VIGILE,1,173.77,-5.75,0.268,-4.001,8.076,-2.679,-0.047,0.122,-0.004,78.98,1.32,19.8,52,1,1
18:40:23.275,VIGILE,1,170.46,-11.72,0.267,-5.131,9.232,-1.851,0.483,0.288,-0.118,78.98,1.6,19.8,52,1,1
18:40:23.775,VIGILE,1,172.26,-10.14,0.285,-4.53,7.958,-3.591,0.052,0.263,-0.211,78.98,2.7,19.8,52,1,1
18:40:24.275,VIGILE,1,174.81,-14.5,0.259,-4.149,8.076,-2.576,-0.094,0.053,0.074,78.98,4.4,19.8,52,1,1
18:40:24.775,VIGILE,1,171.48,-7.96,0.234,-4.463,8.068,-3.139,-0.191,0.103,-0.055,78.98,9.28,19.8,52,1,1
18:40:25.275,VIGILE,1,169.24,-4.42,0.237,-4.111,8.32,-3.06,-0.165,0.084,0.007,78.98,17.91,19.8,52,1,1
18:40:25.775,VIGILE,1,168.62,-6.96,0.113,-3.859,8.365,-2.873,0.196,-0.047,0.092,78.98,20.74,19.8,52,1,1
18:40:26.275,VIGILE,1,172.43,-10.16,0.263,-4.448,8.499,-3.091,0.039,-0.05,0.092,78.98,14.29,19.8,52,1,1
18:40:26.775,VIGILE,1,172.28,-8.7,0.245,-4.583,8.246,-3.203,-0.471,0.054,-0.111,78.98,1.38,19.7,52,1,1
18:40:27.275,VIGILE,1,175.88,-16.83,0.251,-4.36,6.134,-6.541,0.913,-0.524,0.998,78.98,1.38,19.7,52,1,1
18:40:27.775,VIGILE,1,170.93,-1.95,0.295,-4.231,7.98,-2.26,-0.074,0.14,-0.107,78.98,1.76,19.7,52,1,1
18:40:28.278,VIGILE,1,171.86,-7.65,0.268,-4.499,8.145,-2.485,-0.209,-0.002,0.058,78.98,2.53,19.7,52,1,1
18:40:28.778,VIGILE,1,170.39,-6.57,0.263,-4.298,7.7,-2.392,-0.199,0.13,-0.13,78.98,4.56,19.7,52,1,1
18:40:29.278,VIGILE,1,170.08,-5.35,0.104,-6.354,7.408,-1.942,-0.21,0.1,0.08,78.98,8.62,19.7,52,1,1
18:40:29.778,VIGILE,1,168.94,-3.82,0.287,-3.958,8.698,-2.856,0.331,0.063,0.106,78.98,15.5,19.7,52,1,1
18:40:30.278,VIGILE,1,175.04,-12.55,0.287,-4.281,8.059,-3.266,-0.309,0.123,-0.137,78.98,19.54,19.7,52,1,1
18:40:30.778,VIGILE,1,169.59,-11.43,0.186,-4.161,7.764,-2.217,-0.552,0.121,0.084,78.98,16.86,19.7,52,1,1
18:40:31.278,VIGILE,1,170.81,-9.2,0.237,-4.444,8.109,-3.201,0.038,0.061,0.125,78.98,0.99,19.7,52,1,1
18:40:31.779,VIGILE,1,172.12,-10.17,0.242,-4.863,7.736,-2.205,-0.411,0.059,-0.179,78.98,0.99,19.7,52,1,1
18:40:32.279,VIGILE,1,173.59,-7.92,0.251,-5.528,8.746,-2.919,-0.075,0.085,0.103,78.98,1.05,19.7,52,1,1
18:40:32.779,VIGILE,1,175.79,-8.11,0.18,-4.293,8.638,-2.286,0.307,0.06,0.121,78.98,1.54,19.7,52,1,1
18:40:33.279,VIGILE,1,175.45,-1.97,0.218,-4.219,8.866,-2.555,0.517,0.157,0.345,78.98,2.32,19.7,52,1,1
18:40:33.779,VIGILE,1,171.96,-0.78,0.3,-3.136,9.275,-1.324,0.023,-0.05,0.146,78.98,3.08,19.7,52,1,1
18:40:34.279,VIGILE,1,178.44,2.14,0.109,-3.888,6.912,-2.82,0.025,-0.004,0.017,78.98,5.11,19.7,52,1,1
18:40:34.779,VIGILE,1,-164.97,5.77,0.287,0.565,7.274,-2.025,-0.743,0.11,-0.609,78.98,7.85,19.7,52,1,1
18:40:35.279,VIGILE,1,165.82,7.63,0.244,-4.245,8.061,-3.428,0.123,0.153,-0.245,78.98,13.81,19.7,52,1,1
18:40:35.779,VIGILE,1,173.02,-2.55,0.269,-7.46,11.708,-4.729,0.24,0.435,-0.138,78.98,19.05,19.7,52,1,1
18:40:36.279,VIGILE,1,175.68,17.74,0.101,-3.579,8.052,-1.968,0.098,-0.212,0.327,78.98,17.73,19.7,52,1,1
18:40:36.779,VIGILE,1,174.45,10.26,0.263,-4.015,7.652,-2.413,-0.348,0.052,0.036,78.98,12.38,19.7,52,1,1
18:40:37.279,VIGILE,1,-179.71,13.62,0.113,-4.429,7.709,-3.007,-0.25,0.073,-0.084,78.98,1.21,19.7,52,1,1
18:40:37.779,VIGILE,1,171.41,9.27,0.266,-4.501,8.159,-2.986,-0.151,-0.004,-0.028,78.98,1.54,19.7,52,1,1
18:40:38.279,VIGILE,1,-176.34,18.84,0.141,-3.129,8.562,-2.43,-0.211,0.146,-0.009,78.98,1.82,19.7,52,1,1
18:40:38.779,VIGILE,1,173.28,6.11,0.314,-3.783,8.653,-3.376,0.167,0.007,0.159,78.98,2.92,19.7,52,1,1
18:40:39.280,VIGILE,1,171.24,-0.27,0.273,-4.005,8.863,-2.892,-0.034,0.153,-0.097,78.98,4.4,19.7,52,1,1
18:40:39.780,VIGILE,1,175.74,1.86,0.255,-5.109,7.803,-2.983,-0.389,0.123,-0.205,78.98,8.24,19.7,52,1,1
18:40:40.280,DISTRAZIONE,1,-174.24,12.09,0.149,-3.893,8.052,-2.708,-0.53,0.185,-0.275,78.98,14.36,19.7,52,1,1
18:40:40.780,DISTRAZIONE,1,-173.45,10.88,0.148,-4.329,8.135,-2.66,0.094,0.165,-0.052,78.98,18.5,19.7,52,1,1
18:40:41.280,DISTRAZIONE,1,-178.28,10.32,0.298,-4.494,7.772,-2.224,-0.196,0.101,-0.008,78.98,15.82,19.7,52,1,1
18:40:41.780,DISTRAZIONE,1,-163.15,19.47,0.155,-4.527,7.46,-2.162,-0.253,-0.056,-0.043,78.98,1.32,19.7,52,1,1
18:40:42.280,DISTRAZIONE,1,-172.0,10.22,0.146,-4.341,8.059,-2.097,-0.131,0.079,0.023,78.98,1.05,19.7,52,1,1
18:40:42.780,DISTRAZIONE,1,-173.05,34.94,0.311,-4.597,7.671,-8.509,1.281,0.312,0.426,78.98,1.38,19.7,52,1,1
18:40:43.280,DISTRAZIONE,1,-167.95,24.24,0.097,-6.055,7.717,-3.373,-0.797,0.043,-0.329,78.98,1.66,19.7,52,1,1
18:40:43.780,DISTRAZIONE,1,-166.32,21.95,0.347,-3.785,7.477,-3.232,-0.035,0.275,-0.09,78.98,2.37,19.7,52,1,1
18:40:44.280,DISTRAZIONE,1,-158.91,18.65,0.139,-4.334,7.786,-2.883,-0.337,0.173,-0.048,78.98,4.01,19.7,52,1,1
18:40:44.780,DISTRAZIONE,1,-164.64,23.61,0.126,-4.52,7.784,-3.598,-0.081,0.108,-0.178,78.98,6.76,19.7,52,1,1
18:40:45.280,DISTRAZIONE,1,-164.98,21.41,0.135,-4.638,9.136,-3.74,-0.284,0.18,-0.185,78.98,13.21,19.7,52,1,1
18:40:45.780,DISTRAZIONE,1,-168.31,26.59,0.309,-4.288,8.653,-2.804,-0.061,0.205,-0.116,78.98,20.19,19.7,52,1,1
18:40:46.280,DISTRAZIONE,1,-148.83,7.0,0.143,-3.711,8.004,-3.23,-0.107,0.087,0.071,78.98,5.2,19.7,52,1,1
18:40:46.780,DISTRAZIONE,1,-164.8,23.96,0.317,-3.821,8.464,-3.326,0.035,0.036,-0.026,78.98,1.1,19.6,52,1,1
18:40:47.280,DISTRAZIONE,0,0.0,0.0,0.0,-3.91,8.806,-3.089,-0.254,0.16,-0.083,78.98,0.77,19.6,52,1,1
18:40:47.781,DISTRAZIONE,0,0.0,0.0,0.0,-4.357,8.526,-2.382,-0.324,0.059,-0.112,78.98,0.93,19.6,52,1,1
18:40:48.281,DISTRAZIONE,1,173.84,54.34,0.375,-4.034,8.152,-3.065,-0.452,0.019,0.007,78.98,0.99,19.6,52,1,1
18:40:48.781,DISTRAZIONE,0,0.0,0.0,0.0,-3.563,9.055,-3.084,0.066,0.196,-0.07,78.98,1.54,19.6,52,1,1
18:40:49.281,DISTRAZIONE,1,-158.05,60.99,0.283,-4.039,8.418,-2.849,-0.039,-0.046,0.014,78.98,3.57,19.6,52,1,1
18:40:49.781,DISTRAZIONE,0,0.0,0.0,0.0,-3.716,8.246,-3.536,-0.125,0.072,0.009,78.98,2.96,19.6,52,1,1
18:40:50.281,DISTRAZIONE,1,-175.15,-4.81,0.325,-4.262,8.305,-2.928,-0.414,-0.08,-0.016,78.98,3.62,19.6,52,1,1
18:40:50.781,DISTRAZIONE,1,-174.01,27.09,0.317,-4.032,8.243,-3.239,-0.015,0.181,-0.056,78.98,1.81,19.6,52,1,1
18:40:51.281,DISTRAZIONE,1,-144.37,20.21,0.158,-4.068,8.191,-2.559,-0.079,-0.078,0.034,78.98,0.83,19.6,52,1,1
18:40:51.781,DISTRAZIONE,1,-162.11,23.34,0.313,-4.424,8.531,-2.322,0.292,-0.061,0.222,78.98,0.99,19.6,52,1,1
18:40:52.281,DISTRAZIONE,1,-160.43,12.82,0.212,-4.618,8.267,-2.155,0.024,0.044,-0.032,78.98,1.1,19.6,52,1,1
18:40:52.781,DISTRAZIONE,1,-150.23,12.04,0.162,-3.991,8.576,-2.66,-0.278,0.062,-0.061,78.98,1.1,19.6,52,1,1
18:40:53.281,DISTRAZIONE,1,-153.41,16.17,0.174,-4.108,8.396,-2.758,0.218,-0.032,0.03,78.98,1.65,19.6,52,1,1
18:40:53.781,DISTRAZIONE,1,-163.19,25.07,0.251,-3.589,8.334,-2.595,-0.107,0.039,-0.019,78.98,4.94,19.6,52,1,1
18:40:54.282,DISTRAZIONE,1,-154.63,17.6,0.163,-4.216,8.222,-2.21,-0.145,0.032,0.017,78.98,1.1,19.6,52,1,1
18:40:54.782,DISTRAZIONE,1,-166.97,27.49,0.356,-4.391,8.334,-2.377,0.019,0.008,0.038,78.98,1.54,19.6,52,1,1
18:40:55.282,DISTRAZIONE,1,-160.94,25.68,0.152,-4.326,7.963,-2.519,-0.281,0.075,-0.003,78.98,1.21,19.6,52,1,1
18:40:55.782,DISTRAZIONE,1,-160.75,23.91,0.137,-4.314,8.468,-2.476,-0.197,0.087,-0.076,78.98,1.38,19.6,52,1,1
18:40:56.282,VIGILE,1,-158.14,22.02,0.192,-4.511,8.447,-2.804,-0.131,0.048,-0.017,78.98,2.92,19.6,52,1,1
18:40:56.782,VIGILE,0,0.0,0.0,0.0,-4.518,8.052,-2.174,-0.25,0.218,-0.056,78.98,4.62,19.6,52,1,1
18:40:57.282,VIGILE,1,167.82,-1.54,0.258,-4.492,7.58,-2.236,-0.25,0.074,0.019,78.98,6.65,19.6,52,1,1
18:40:57.782,VIGILE,1,168.73,-3.65,0.271,-4.331,8.37,-2.737,-0.028,-0.004,-0.022,78.98,8.95,19.6,52,1,1
18:40:58.282,VIGILE,1,169.34,1.99,0.278,-4.384,8.181,-2.464,-0.144,0.085,-0.017,78.98,10.86,19.6,52,1,1
18:40:58.782,VIGILE,1,171.49,5.88,0.261,-4.111,8.327,-1.906,-0.104,0.003,-0.029,78.98,11.25,19.6,52,1,1
18:40:59.282,VIGILE,1,170.44,10.98,0.276,-4.731,8.042,-1.693,-0.201,0.052,-0.084,78.98,10.43,19.6,52,1,1
18:40:59.782,VIGILE,1,165.41,9.38,0.243,-4.764,8.394,-1.549,-0.018,0.103,-0.03,78.98,5.23,19.6,52,1,1
18:41:00.282,VIGILE,1,170.15,7.8,0.271,-5.399,8.689,-1.12,-0.165,0.133,-0.034,78.98,7.3,19.6,52,1,1
18:41:00.782,VIGILE,1,170.14,7.59,0.278,-4.422,8.15,-2.488,-0.109,0.045,-0.003,78.98,8.24,19.6,52,1,1
18:41:01.282,VIGILE,1,169.47,6.54,0.205,-4.417,7.968,-1.882,-0.224,0.057,-0.129,78.98,9.28,19.6,52,1,1
18:41:01.782,VIGILE,1,172.69,4.65,0.281,-4.307,8.126,-1.65,-0.162,0.09,-0.08,78.98,10.48,19.6,52,1,1
18:41:02.283,VIGILE,1,178.58,10.83,0.292,-3.668,8.282,-2.37,-0.238,0.056,-0.033,78.98,10.8,19.6,52,1,1
18:41:02.783,VIGILE,1,176.41,14.32,0.254,-3.929,9.254,-2.16,-0.029,0.04,-0.037,78.98,11.03,19.6,52,1,1
18:41:03.283,VIGILE,1,178.91,-38.81,0.266,-3.081,8.866,-2.787,0.112,-0.152,0.088,78.98,10.09,19.6,52,1,1
18:41:03.783,VIGILE,1,175.18,38.46,0.219,-2.899,9.124,-2.715,0.063,-0.03,-0.132,78.98,8.51,19.6,52,1,1
18:41:04.283,VIGILE,1,174.7,36.17,0.348,-2.523,8.902,-1.997,-0.493,-0.077,0.042,78.98,2.64,19.6,52,1,1
18:41:04.783,VIGILE,1,176.03,53.02,0.331,-2.236,8.796,-2.658,0.113,-0.472,0.271,78.98,1.7,19.6,52,1,1
18:41:05.283,VIGILE,1,175.57,36.88,0.395,-1.542,9.208,-2.191,0.096,-0.446,0.135,78.98,2.53,19.6,52,1,1
18:41:05.783,VIGILE,1,176.56,34.5,0.357,-2.116,10.068,-2.21,0.142,-0.241,0.044,78.98,3.63,19.6,52,1,1
18:41:06.283,VIGILE,1,177.94,30.82,0.355,-3.014,8.598,-2.993,-0.078,-0.261,0.062,78.98,6.86,19.6,52,1,1
18:41:06.783,VIGILE,1,-179.37,31.21,0.342,-2.251,10.704,-2.162,-0.08,-0.15,-0.031,78.98,11.4,19.5,52,1,1
18:41:07.283,VIGILE,1,176.39,41.93,0.296,-1.815,10.058,-2.89,-0.092,-0.203,0.149,78.98,14.67,19.5,52,1,1
18:41:07.783,VIGILE,1,173.22,15.09,0.298,-3.112,9.122,-4.034,0.531,-0.285,0.199,78.98,13.9,19.5,52,1,1
18:41:08.283,VIGILE,1,172.42,6.35,0.225,-2.82,9.194,-4.104,0.064,-0.072,0.064,78.98,1.65,19.5,52,1,1
18:41:08.783,VIGILE,1,171.29,7.89,0.231,-4.748,8.55,-2.03,-0.459,0.249,-0.213,78.98,1.16,19.5,52,1,1
18:41:09.283,VIGILE,1,172.63,-3.63,0.189,-3.749,8.327,-3.74,0.086,-0.056,0.159,78.98,1.38,19.5,52,1,1
18:41:09.784,VIGILE,1,171.92,3.04,0.277,-4.094,8.143,-3.462,-0.233,0.016,-0.09,78.98,2.25,19.5,52,1,1
18:41:10.284,VIGILE,1,175.04,7.25,0.247,-5.073,7.511,-3.017,-0.476,-0.15,0.115,78.98,3.57,19.5,52,1,1
18:41:10.784,VIGILE,1,172.03,5.65,0.279,-3.63,8.533,-3.062,-0.205,0.137,-0.07,78.98,6.97,19.5,52,1,1
18:41:11.284,VIGILE,1,171.53,3.78,0.27,-3.539,8.138,-3.328,-0.307,0.181,-0.043,78.98,9.47,19.5,52,1,1
18:41:11.784,VIGILE,1,169.36,0.51,0.148,-3.689,8.238,-3.469,-0.049,0.068,0.038,78.98,8.66,19.5,52,1,1
18:41:12.284,VIGILE,1,167.94,7.77,0.267,-3.44,7.843,-3.342,-0.246,0.224,-0.054,78.98,2.7,19.5,52,1,1
18:41:12.784,VIGILE,1,174.74,6.89,0.238,-4.135,7.424,-2.686,-0.234,0.09,-0.06,78.98,5.05,19.5,52,1,1
18:41:13.284,VIGILE,1,173.78,-7.7,0.255,-4.135,7.793,-2.32,-0.091,0.037,0.029,78.98,8.17,19.5,52,1,1
18:41:13.784,VIGILE,1,172.9,-10.21,0.291,-3.656,8.315,-1.97,-0.062,-0.028,0.012,78.98,8.76,19.5,52,1,1
18:41:14.284,VIGILE,1,171.42,0.53,0.271,-4.118,8.349,-2.109,-0.304,0.155,-0.124,78.98,2.15,19.5,52,1,1
18:41:14.784,VIGILE,1,172.08,3.57,0.261,-4.331,8.179,-2.176,-0.314,-0.032,-0.131,78.98,4.45,19.5,52,1,1
18:41:15.284,VIGILE,1,171.54,2.54,0.273,-4.116,8.064,-3.443,0.305,-0.136,0.411,78.98,6.8,19.5,52,1,1
18:41:15.784,VIGILE,1,171.97,-1.8,0.316,-3.682,8.507,-1.951,-0.417,0.116,-0.168,78.98,8.49,19.5,52,1,1
18:41:16.284,VIGILE,1,179.22,-34.29,0.308,-3.1,8.009,-1.729,-0.156,-0.032,-0.054,78.98,6.2,19.5,52,1,1
18:41:16.784,VIGILE,1,178.51,-34.46,0.283,-3.826,8.394,-1.659,-0.289,0.05,-0.106,78.98,3.57,19.5,52,1,1
18:41:17.284,VIGILE,1,178.19,16.48,0.323,-3.5,8.964,-2.085,0.001,-0.006,-0.018,78.98,5.6,19.5,52,1,1
18:41:17.785,VIGILE,1,176.92,9.36,0.294,-3.74,9.141,-1.044,-0.195,0.016,0.165,78.98,8.66,19.5,52,1,1
18:41:18.285,VIGILE,1,175.45,5.21,0.3,-2.073,9.974,-0.46,-0.068,-0.112,-0.097,78.98,10.57,19.5,52,1,1
18:41:18.785,VIGILE,1,176.17,5.74,0.275,-1.745,10.817,-0.848,-0.109,-0.083,-0.235,78.98,3.35,19.5,52,1,1
18:41:19.285,VIGILE,1,176.5,-15.33,0.269,-3.273,10.714,-0.062,0.025,-0.106,-0.064,78.98,2.09,19.5,52,1,1
18:41:19.785,VIGILE,1,177.61,-27.7,0.249,-4.628,8.238,-1.183,-0.175,0.078,-0.223,78.98,3.57,19.5,52,1,1
18:41:20.285,VIGILE,1,174.35,-34.51,0.274,-5.622,6.919,-3.364,-0.223,0.108,-0.125,78.98,8.94,19.5,52,1,1
18:41:20.785,VIGILE,1,175.65,-38.9,0.344,-5.782,6.177,-3.462,-0.524,0.223,-0.237,78.98,11.12,19.5,52,1,1
18:41:21.285,VIGILE,1,175.2,-40.5,0.315,-6.809,6.041,-3.608,-0.284,0.382,-0.133,78.98,4.16,19.5,52,1,1
18:41:21.785,VIGILE,1,177.3,-37.35,0.278,-7.484,6.021,-4.082,-0.429,0.447,-0.249,78.98,2.8,19.5,52,1,1
18:41:22.285,VIGILE,1,177.0,-33.15,0.23,-6.879,5.59,-4.537,-0.224,0.295,-0.001,78.98,5.27,19.5,52,1,1
18:41:22.785,VIGILE,1,177.13,-30.04,0.251,-8.25,5.792,-3.282,-0.692,0.588,-0.1,78.98,9.65,19.5,52,1,1
18:41:23.285,VIGILE,1,179.01,-22.8,0.28,-7.439,6.218,-4.266,-0.424,0.41,-0.238,78.98,12.33,19.5,52,1,1
18:41:23.785,VIGILE,1,173.48,1.22,0.239,-6.057,6.78,-3.994,-0.06,0.135,0.149,78.98,5.11,19.5,52,1,1
18:41:24.285,VIGILE,1,169.89,49.69,0.309,-3.926,8.126,-3.163,-0.205,0.196,-0.067,78.98,9.16,19.5,52,1,1
18:41:24.786,VIGILE,1,175.15,52.69,0.355,-2.083,9.017,-2.981,-0.583,-0.062,0.076,78.98,12.7,19.5,52,1,1
18:41:25.286,VIGILE,1,174.04,31.39,0.329,-2.148,9.809,-2.049,0.14,-0.101,0.11,78.98,6.58,19.5,52,1,1
18:41:25.786,VIGILE,1,172.65,25.57,0.236,-0.809,9.591,-2.734,-0.093,-0.105,-0.136,78.98,3.96,19.5,52,1,1
18:41:26.286,VIGILE,1,173.06,17.78,0.263,-1.377,10.432,-2.21,-0.501,-0.099,0.035,78.98,7.62,19.5,52,1,1
18:41:26.786,VIGILE,1,173.41,15.29,0.286,-1.13,8.88,-2.595,-0.358,-0.081,-0.172,78.98,11.82,19.5,53,1,1
18:41:27.286,VIGILE,1,168.61,8.76,0.259,-3.409,8.648,-3.697,0.094,0.108,0.039,78.98,1.87,19.5,53,1,1
18:41:27.786,VIGILE,1,172.85,9.11,0.291,-3.067,8.945,-3.455,-0.122,0.119,-0.107,78.98,3.19,19.5,53,1,1
18:41:28.286,VIGILE,1,170.27,-4.12,0.234,-4.542,8.205,-3.089,0.298,0.077,0.019,78.98,8.0,19.5,53,1,1
18:41:28.786,VIGILE,1,174.51,-5.63,0.189,-4.434,8.703,-2.365,0.128,0.021,0.015,78.98,10.02,19.5,53,1,1
18:41:29.286,VIGILE,1,174.61,-12.91,0.262,-4.118,8.746,-2.768,-0.325,0.007,0.039,78.98,2.42,19.5,53,1,1
18:41:29.786,VIGILE,1,176.0,-16.8,0.257,-2.751,8.071,-3.208,0.465,0.023,0.244,78.98,3.41,19.5,53,1,1
18:41:30.286,VIGILE,1,175.87,-17.82,0.279,-5.325,7.578,-1.645,-0.178,-0.152,0.246,78.98,7.13,19.5,53,1,1
18:41:30.786,VIGILE,1,177.56,-20.23,0.281,-5.499,7.398,-4.894,-1.407,0.204,-0.721,78.98,10.84,19.5,53,1,1
18:41:31.286,VIGILE,1,177.39,-20.9,0.268,-4.63,9.215,-2.093,-0.09,0.019,0.076,78.98,3.02,19.5,53,1,1
18:41:31.786,VIGILE,1,173.06,-22.95,0.28,-3.675,8.241,-3.263,0.565,0.087,0.137,78.98,6.91,19.5,53,1,1
18:41:32.287,VIGILE,1,172.99,-12.39,0.276,-4.408,8.547,-2.32,-0.014,0.146,0.279,78.98,10.67,19.5,53,1,1
18:41:32.787,VIGILE,1,178.55,21.5,0.105,-4.523,8.236,-2.485,0.144,0.267,-0.036,78.98,2.03,19.5,53,1,1
18:41:33.287,VIGILE,1,179.8,20.63,0.106,-5.727,7.59,-2.2,-1.116,0.167,-0.306,78.98,3.96,19.5,53,1,1
18:41:33.787,VIGILE,1,176.14,-18.73,0.296,-5.188,8.605,-3.649,-0.347,0.112,0.023,78.98,8.27,19.5,53,1,1
18:41:34.287,VIGILE,1,179.05,-26.27,0.315,-3.79,7.726,-3.539,-0.123,0.086,-0.037,78.98,8.27,19.5,53,1,1
18:41:34.787,VIGILE,1,178.95,-20.61,0.296,-4.271,7.661,-4.891,0.039,0.066,0.162,78.98,2.64,19.5,53,1,1
18:41:35.287,VIGILE,1,179.21,-23.77,0.289,-4.281,8.966,-3.855,0.164,-0.006,0.177,78.98,6.97,19.5,53,1,1
18:41:35.787,VIGILE,1,179.81,-25.01,0.281,-2.832,7.523,-2.684,-0.349,-0.008,-0.004,78.98,9.96,19.5,53,1,1
18:41:36.287,VIGILE,1,178.67,-3.49,0.188,-4.14,7.46,-4.776,0.074,0.129,0.21,78.98,1.7,19.5,53,1,1
18:41:36.787,VIGILE,1,177.9,5.78,0.21,-5.112,8.78,-4.492,-0.551,0.074,-0.213,78.98,5.71,19.5,53,1,1
18:41:37.287,VIGILE,1,178.94,-23.78,0.329,-5.538,4.374,-5.083,-0.171,-0.019,0.138,78.98,9.09,19.5,53,1,1
18:41:37.787,NERVOSO,1,-179.93,-11.39,0.255,-3.905,8.478,-4.444,0.427,-0.196,0.479,78.98,2.42,19.5,53,1,1
18:41:38.287,NERVOSO,1,176.08,-21.37,0.301,-4.927,7.286,-3.373,-0.101,0.133,-0.026,78.98,7.29,19.5,53,1,1
18:41:38.787,NERVOSO,1,178.56,-26.2,0.296,-4.621,6.596,-4.164,0.141,-0.173,0.031,78.98,3.62,19.5,53,1,1
18:41:39.287,NERVOSO,1,174.27,-19.14,0.213,-5.921,6.977,-3.661,-0.102,0.025,0.22,78.98,2.86,19.5,53,1,1
18:41:39.787,NERVOSO,1,173.81,-19.7,0.283,-5.751,7.906,-3.163,-0.103,-0.014,0.128,78.98,8.66,19.5,53,1,1
18:41:40.288,NERVOSO,1,178.72,-18.76,0.266,-5.358,8.09,-3.177,-0.094,-0.123,0.129,78.98,2.47,19.5,53,1,1
18:41:40.788,NERVOSO,1,178.04,-21.5,0.282,-5.363,6.919,-3.215,-0.455,0.088,0.015,78.98,7.41,19.5,53,1,1
18:41:41.288,NERVOSO,1,172.77,-11.69,0.286,-6.618,7.168,0.412,-0.082,0.034,-0.041,78.98,8.39,19.5,53,1,1
18:41:41.788,NERVOSO,1,171.47,-5.23,0.27,-6.438,8.229,-0.144,-0.468,0.382,-0.273,78.98,5.05,19.5,53,1,1
18:41:42.288,NERVOSO,1,170.69,0.34,0.222,-5.315,8.033,-0.036,-0.268,0.245,-0.147,78.98,9.92,19.5,53,1,1
18:41:42.788,NERVOSO,1,174.71,-0.55,0.247,-5.219,7.989,-1.377,-0.031,0.148,-0.104,78.98,3.35,19.5,53,1,1
18:41:43.288,NERVOSO,1,-177.64,-21.8,0.304,-4.697,8.066,-1.956,0.369,-0.103,0.759,78.98,5.6,19.5,53,1,1
18:41:43.788,NERVOSO,1,178.61,-15.12,0.291,-3.788,8.485,-2.519,-0.075,0.11,-0.055,78.98,10.18,19.5,53,1,1
18:41:44.288,NERVOSO,1,174.01,-3.22,0.282,-4.503,8.308,-2.33,-0.045,-0.019,0.105,78.98,2.31,19.5,53,1,1
18:41:44.788,NERVOSO,1,175.21,-1.59,0.275,-4.729,7.966,-1.923,-0.059,-0.005,-0.025,78.98,4.45,19.5,53,1,1
18:41:45.288,NERVOSO,1,167.63,3.85,0.301,-5.995,8.071,0.838,0.077,-0.135,0.1,78.98,9.86,19.5,53,1,1
18:41:45.788,NERVOSO,1,171.43,-2.01,0.285,-5.906,8.727,0.488,-0.309,0.182,-0.116,78.98,4.71,19.5,53,1,1
18:41:46.288,NERVOSO,1,-178.02,-35.91,0.237,-4.053,8.38,-0.838,0.244,-0.164,0.344,78.98,2.64,19.5,53,1,1
18:41:46.788,NERVOSO,1,177.22,-12.88,0.296,-5.686,8.672,1.688,0.036,-0.061,0.045,78.98,5.38,19.5,53,1,1
18:41:47.288,NERVOSO,1,179.58,-36.28,0.28,-5.361,8.08,1.633,0.03,-0.176,0.053,78.98,9.86,19.5,53,1,1
18:41:47.788,NERVOSO,1,171.41,-27.32,0.191,-1.556,7.161,0.105,0.007,-0.036,0.384,78.98,12.38,19.5,53,1,1
18:41:48.289,NERVOSO,1,175.93,-38.96,0.364,-0.457,11.672,-7.001,2.175,-1.345,-1.217,78.98,12.66,19.5,53,1,1
18:41:48.789,NERVOSO,1,-169.04,43.99,0.338,-2.48,9.306,-2.076,-0.127,-0.042,0.095,78.98,8.06,19.5,53,1,1
18:41:49.289,NERVOSO,1,170.21,49.52,0.331,-2.155,9.024,-2.521,0.005,-0.106,0.028,78.98,10.91,19.5,53,1,1
18:41:49.789,NERVOSO,1,177.63,20.76,0.308,-1.75,9.773,-2.478,0.016,-0.439,-0.015,78.98,13.37,19.5,53,1,1
18:41:50.289,NERVOSO,1,176.56,43.95,0.293,-1.992,10.436,-3.898,0.111,-0.002,0.204,78.98,11.44,19.5,53,1,1
18:41:50.789,NERVOSO,1,177.12,25.98,0.308,-1.628,9.342,-4.207,-0.123,-0.161,0.007,78.98,12.48,19.5,53,1,1
18:41:51.289,NERVOSO,1,168.95,48.96,0.356,-0.764,8.995,-4.499,-0.058,-0.008,0.136,78.98,10.41,19.5,53,1,1
18:41:51.789,NERVOSO,1,175.01,31.08,0.368,-1.956,9.402,-2.82,0.12,0.176,-0.095,78.98,4.18,19.5,53,1,1
18:41:52.289,NERVOSO,1,170.49,33.55,0.349,-0.824,9.732,-1.992,0.047,-0.132,0.076,78.98,7.51,19.5,53,1,1
18:41:52.789,NERVOSO,1,170.78,35.9,0.403,0.29,10.963,-1.286,0.208,-0.292,-0.037,78.98,11.83,19.5,53,1,1
18:41:53.289,NERVOSO,1,174.3,33.99,0.422,0.22,10.822,-2.885,0.101,0.088,-0.369,78.98,12.32,19.5,53,1,1
18:41:53.789,NERVOSO,1,177.78,28.27,0.35,-0.795,10.202,-1.568,-0.138,-0.529,0.183,78.98,7.68,19.5,53,1,1
18:41:54.289,NERVOSO,1,178.53,23.02,0.349,0.632,9.625,-3.349,-0.051,-0.136,-0.188,78.98,5.48,19.5,53,1,1
18:41:54.789,NERVOSO,1,178.03,14.86,0.314,-2.313,8.581,-3.816,-0.133,-0.012,-0.09,78.98,7.66,19.5,53,1,1
18:41:55.289,NERVOSO,1,176.22,3.5,0.296,-3.493,8.452,-2.437,-0.121,-0.064,-0.04,78.98,1.48,19.5,53,1,1
18:41:55.790,NERVOSO,1,178.13,-4.16,0.295,-3.649,8.413,-3.369,-0.071,0.135,-0.28,78.98,2.31,19.5,53,1,1
18:41:56.290,NERVOSO,1,177.55,-11.3,0.199,-2.976,8.753,-3.299,-0.302,-0.156,0.106,78.98,5.32,19.5,53,1,1
18:41:56.790,NERVOSO,1,174.57,-2.62,0.274,-3.261,7.815,-4.647,-0.073,0.149,-0.073,78.98,8.54,19.5,53,1,1
18:41:57.290,NERVOSO,1,176.15,-6.91,0.281,-3.503,8.947,-4.585,-0.047,0.094,0.099,78.98,1.76,19.5,53,1,1
18:41:57.790,NERVOSO,1,173.86,5.46,0.299,-2.942,8.305,-4.257,0.02,0.427,-0.285,78.98,4.06,19.5,53,1,1
18:41:58.290,NERVOSO,1,172.15,2.81,0.28,-4.228,9.383,-3.053,0.257,0.335,0.161,78.98,6.73,19.5,53,1,1
18:41:58.790,NERVOSO,1,175.53,-4.52,0.267,-5.16,8.794,-3.788,-0.215,0.167,0.162,78.98,2.25,19.5,53,1,1
18:41:59.290,NERVOSO,1,178.52,-17.27,0.301,-4.001,8.26,-2.394,-0.153,0.109,0.058,78.98,3.02,19.5,53,1,1
18:41:59.790,NERVOSO,1,176.82,-30.64,0.25,-3.184,8.578,-1.75,-0.123,0.162,-0.115,78.98,6.95,19.5,53,1,1
18:42:00.290,NERVOSO,1,178.79,-25.88,0.274,-3.699,9.309,-0.838,-0.238,-0.096,-0.296,78.98,6.95,19.5,53,1,1
18:42:00.790,NERVOSO,1,176.24,39.37,0.294,-1.8,9.232,-0.816,-0.184,-0.175,0.068,78.98,2.31,19.5,53,1,1
18:42:01.290,NERVOSO,1,-179.59,23.04,0.315,-2.126,10.623,-1.123,-0.12,-0.29,0.174,78.98,5.16,19.5,53,1,1
18:42:01.790,NERVOSO,1,179.03,16.79,0.321,-5.088,7.18,-1.058,-0.057,0.097,0.122,78.98,8.98,19.5,53,1,1
18:42:02.290,NERVOSO,1,177.3,-1.4,0.265,-3.01,8.655,-0.321,0.001,-0.076,-0.058,78.98,2.36,19.5,53,1,1
18:42:02.790,NERVOSO,1,176.97,-26.8,0.293,-4.175,8.25,-2.059,-0.152,0.164,0.096,78.98,0.71,19.5,53,1,1
18:42:03.291,NERVOSO,0,0.0,0.0,0.0,-7.298,6.85,-1.477,-0.136,0.132,-0.218,78.98,0.71,19.5,53,1,1
18:42:03.791,NERVOSO,1,143.08,72.87,0.364,-9.431,4.266,-2.069,-0.367,0.428,-0.082,78.98,0.71,19.5,53,1,1
18:42:04.291,NERVOSO,1,160.3,-44.52,0.236,-8.636,5.306,-5.116,-0.482,0.659,-0.229,78.98,0.93,19.5,53,1,1
18:42:04.791,NERVOSO,1,170.38,-33.26,0.302,-6.488,5.765,-3.594,-0.446,0.518,-0.178,78.98,0.99,19.5,53,1,1
18:42:05.291,NERVOSO,1,170.66,-48.23,0.383,-8.571,5.353,-4.166,-0.445,0.484,-0.149,78.98,0.83,19.5,53,1,1
18:42:05.791,NERVOSO,1,179.26,-25.14,0.273,-6.795,4.803,-5.775,-0.183,0.594,-0.183,78.98,0.83,19.5,53,1,1
18:42:06.291,NERVOSO,1,179.3,-8.41,0.292,-7.494,5.499,-5.89,-0.363,0.447,-0.022,78.98,0.83,19.5,53,1,1
18:42:06.791,NERVOSO,0,0.0,0.0,0.0,-4.671,8.691,-2.365,-0.304,0.136,0.065,78.98,0.99,19.5,53,1,1
18:42:07.291,NERVOSO,1,161.85,61.19,0.373,-2.418,9.232,-1.511,0.023,-0.327,0.2,78.98,0.93,19.5,53,1,1
18:42:07.791,NERVOSO,1,171.31,14.33,0.234,-0.749,11.131,-0.17,0.126,-0.439,0.076,78.98,0.77,19.5,53,1,1
18:42:08.291,NERVOSO,1,164.75,59.0,0.32,-0.077,10.25,-1.506,0.208,-0.357,0.09,78.98,1.21,19.5,53,1,1
18:42:08.791,NERVOSO,1,179.13,-11.09,0.293,-1.549,9.661,-0.824,-0.007,-0.176,-0.04,78.98,2.53,19.5,53,1,1
18:42:09.291,NERVOSO,0,0.0,0.0,0.0,-3.907,7.482,-3.055,-0.282,-0.03,-0.227,78.98,6.27,19.5,53,1,1
18:42:09.791,NERVOSO,1,174.54,-41.96,0.334,-7.226,7.36,-3.742,-0.283,0.128,0.139,78.98,10.58,19.5,53,1,1
18:42:10.291,NERVOSO,1,177.56,-38.26,0.371,-9.771,7.537,-3.203,-0.348,0.305,-0.114,78.98,15.55,19.5,53,1,1
18:42:10.791,NERVOSO,1,177.33,-41.75,0.366,-3.349,4.839,-0.474,-0.573,0.019,0.425,78.98,10.02,19.5,53,1,1
18:42:11.292,NERVOSO,1,-179.53,-33.1,0.341,-9.586,3.278,-3.199,-0.653,0.724,-0.604,78.98,1.16,19.5,53,1,1
18:42:11.792,NERVOSO,1,178.83,-32.22,0.183,-6.718,5.488,-5.397,-0.427,0.091,0.063,78.98,3.79,19.5,53,1,1
18:42:12.292,NERVOSO,1,-178.65,-26.12,0.295,-6.141,5.732,-5.653,-0.337,0.277,-0.102,78.98,9.71,19.5,53,1,1
18:42:12.792,NERVOSO,1,-179.52,-26.93,0.299,-6.847,6.972,-3.658,-0.151,0.058,0.338,78.98,15.61,19.5,53,1,1
18:42:13.292,NERVOSO,1,-179.71,-24.38,0.291,-3.883,7.25,-4.216,-0.072,0.143,-0.225,78.98,4.83,19.5,53,1,1
18:42:13.792,NERVOSO,1,-178.84,-26.93,0.281,-2.44,6.802,-3.929,-0.161,-0.163,0.15,78.98,3.47,19.5,53,1,1
18:42:14.292,NERVOSO,1,177.47,-27.45,0.283,-6.51,9.776,-2.595,0.192,0.039,0.308,78.98,9.0,19.5,54,1,1
18:42:14.792,NERVOSO,1,-176.12,-25.27,0.205,-1.494,6.134,-3.23,-0.131,-0.259,0.07,78.98,14.45,19.5,54,1,1
18:42:15.292,NERVOSO,1,178.14,-23.07,0.266,-3.472,8.047,-4.915,-0.413,0.29,0.022,78.98,4.45,19.5,54,1,1
18:42:15.792,NERVOSO,1,178.67,-28.33,0.257,-5.734,7.173,-4.583,-0.335,0.03,-0.164,78.98,6.31,19.5,54,1,1
18:42:16.292,NERVOSO,1,179.05,-29.13,0.283,-6.23,7.171,-4.02,-0.028,0.058,0.008,78.98,14.13,19.5,54,1,1
18:42:16.792,NERVOSO,1,-179.71,-30.62,0.289,-5.648,8.267,-4.338,-0.073,0.078,0.102,78.98,6.8,19.5,54,1,1
18:42:17.292,NERVOSO,1,179.86,-28.79,0.273,-6.002,6.874,-6.005,-0.032,0.305,0.052,78.98,9.49,19.5,54,1,1
18:42:17.792,NERVOSO,1,178.16,-31.65,0.283,-4.527,7.64,-4.439,-0.025,0.09,0.273,78.98,10.52,19.5,54,1,1
18:42:18.292,NERVOSO,1,177.74,-26.92,0.312,-6.081,7.736,-5.315,0.084,0.435,0.103,78.98,6.7,19.5,54,1,1
18:42:18.793,NERVOSO,1,177.28,-25.52,0.293,-4.386,7.075,-2.756,0.071,0.114,0.168,78.98,11.34,19.5,54,1,1
18:42:19.293,NERVOSO,1,178.56,-15.44,0.247,-5.037,7.24,-4.185,-0.314,0.087,0.293,78.98,3.47,19.5,54,1,1
18:42:19.793,NERVOSO,1,178.38,-19.56,0.294,-4.209,6.34,-5.021,-0.079,0.351,-0.09,78.98,9.97,19.5,54,1,1
18:42:20.293,NERVOSO,1,173.14,-2.72,0.25,-4.245,8.543,-3.419,-0.005,0.251,0.313,78.98,4.01,19.5,54,1,1
18:42:20.793,NERVOSO,1,175.34,-3.52,0.267,-4.666,8.578,-3.472,-0.099,0.571,-0.015,78.98,9.59,19.5,54,1,1
18:42:21.293,NERVOSO,1,172.64,-4.91,0.29,-5.167,8.875,-2.38,-0.153,0.124,0.014,78.98,2.92,19.5,54,1,1
18:42:21.793,NERVOSO,1,172.67,-4.91,0.241,-4.348,9.045,-0.982,-0.303,-0.108,-0.27,78.98,7.84,19.5,54,1,1
18:42:22.293,NERVOSO,1,169.4,2.81,0.273,-4.879,8.882,-1.204,-0.529,0.298,0.022,78.98,3.63,19.5,54,1,1
18:42:22.793,NERVOSO,1,175.52,0.41,0.293,-4.779,8.703,-1.25,-0.059,0.027,0.042,78.98,7.51,19.5,54,1,1
18:42:23.293,NERVOSO,1,173.85,2.43,0.311,-4.796,8.631,-0.261,-0.113,-0.195,-0.261,78.98,10.85,19.5,54,1,1
18:42:23.793,NERVOSO,1,172.3,-1.93,0.286,-6.864,6.601,1.504,-0.107,-0.015,0.021,78.98,5.6,19.5,54,1,1
18:42:24.293,NERVOSO,1,170.04,7.91,0.309,-5.734,6.792,1.137,-0.26,0.27,-0.227,78.98,10.46,19.5,54,1,1
18:42:24.793,NERVOSO,1,172.75,-0.3,0.273,-4.075,8.346,-1.978,-0.148,0.163,0.041,78.98,9.43,19.5,54,1,1
18:42:25.293,NERVOSO,1,175.43,1.13,0.282,-6.833,8.006,0.982,-0.14,0.048,0.041,78.98,5.6,19.5,54,1,1
18:42:25.793,NERVOSO,1,-179.37,-20.46,0.285,-3.692,7.23,-2.322,-0.289,-0.034,0.067,78.98,10.41,19.5,54,1,1
18:42:26.294,NERVOSO,1,174.63,12.26,0.269,-5.397,8.815,0.067,-0.126,0.051,0.001,78.98,9.2,19.5,54,1,1
18:42:26.794,NERVOSO,1,173.96,5.74,0.319,-5.385,8.351,0.16,-0.132,0.069,-0.022,78.98,2.31,19.5,54,1,1
18:42:27.294,NERVOSO,1,174.31,12.44,0.315,-5.756,7.752,-0.359,-0.181,0.07,-0.01,78.98,3.63,19.5,54,1,1
18:42:27.794,NERVOSO,1,173.56,-35.88,0.332,-5.899,8.258,2.119,-0.15,0.025,-0.027,78.98,6.42,19.5,54,1,1
18:42:28.294,NERVOSO,1,168.79,28.08,0.257,-2.04,9.536,-1.257,0.002,-0.106,0.03,78.98,9.92,19.5,54,1,1
18:42:28.794,NERVOSO,0,0.0,0.0,0.0,-1.264,9.895,-0.043,-0.053,-0.394,0.108,78.98,12.16,19.5,54,1,1
18:42:29.294,NERVOSO,1,173.05,34.5,0.365,-1.355,11.7,2.105,0.118,-0.684,0.185,78.98,17.67,19.5,54,1,1
18:42:29.794,NERVOSO,1,-178.65,72.53,0.408,-1.326,10.724,-0.148,0.548,-0.929,0.398,78.98,22.65,19.5,54,1,1
18:42:30.294,NERVOSO,1,177.57,61.73,0.304,-0.031,10.285,-2.394,0.22,-0.61,0.233,78.98,22.87,19.5,54,1,1
18:42:30.794,NERVOSO,1,175.28,13.34,0.272,-2.303,9.366,-4.065,0.093,-0.36,0.133,78.98,13.95,19.5,54,1,1
18:42:31.294,NERVOSO,1,177.11,-23.3,0.261,-3.816,7.539,-5.957,-0.407,0.052,-0.327,78.98,8.88,19.5,54,1,1
18:42:31.794,NERVOSO,1,178.97,-25.38,0.284,-3.888,7.408,-8.291,0.31,1.008,-0.293,78.98,8.31,19.6,54,1,1
18:42:32.294,NERVOSO,1,-176.6,-28.29,0.317,-6.134,6.759,-1.614,0.022,0.089,-0.098,78.98,6.48,19.6,54,1,1
18:42:32.794,NERVOSO,1,175.54,-30.38,0.291,-5.787,7.638,-2.533,-0.665,0.25,-0.279,78.98,4.24,19.6,54,1,1
18:42:33.294,NERVOSO,0,0.0,0.0,0.0,-3.709,7.503,-1.511,-0.195,0.151,-0.089,78.98,3.13,19.6,54,1,1
18:42:33.794,NERVOSO,1,154.32,-71.64,0.264,-6.383,7.13,-3.967,-0.174,0.146,-0.111,78.98,1.1,19.6,54,1,1
18:42:34.295,NERVOSO,1,-161.83,-4.34,0.207,-7.264,6.335,-3.9,-0.388,0.632,-0.305,78.98,2.42,19.6,54,1,1
18:42:34.795,NERVOSO,1,155.17,-28.02,0.169,-9.084,6.586,-3.225,-0.083,0.265,0.152,78.98,2.25,19.6,54,1,1
18:42:35.295,NERVOSO,1,155.31,-25.82,0.258,-7.846,5.748,-2.83,-0.279,0.541,-0.282,78.98,2.92,19.6,54,1,1
18:42:35.795,NERVOSO,1,167.42,-45.18,0.299,-4.614,7.551,-3.033,-0.613,1.314,0.081,78.98,8.36,19.6,54,1,1
18:42:36.295,NERVOSO,1,-179.51,-25.43,0.302,-6.764,5.583,-5.842,-0.596,0.48,0.088,78.98,14.54,19.6,54,1,1
18:42:36.795,NERVOSO,1,178.29,-16.18,0.293,-5.337,6.895,-4.997,-0.229,-0.047,0.118,78.98,20.19,19.6,54,1,1
18:42:37.295,NERVOSO,1,179.68,-4.26,0.289,-3.098,9.17,-4.362,-0.625,0.303,0.026,78.98,1.16,19.6,54,1,1
18:42:37.795,NERVOSO,1,178.1,3.82,0.264,-5.239,7.922,-3.321,-0.151,0.057,0.046,78.98,1.6,19.6,54,1,1
18:42:38.295,NERVOSO,1,177.53,7.79,0.287,-3.189,8.55,-5.337,-0.131,0.459,-0.213,78.98,5.72,19.6,54,1,1
18:42:38.795,NERVOSO,1,176.25,22.38,0.308,-3.11,8.222,-4.863,-0.212,0.218,-0.004,78.98,18.34,19.6,54,1,1
18:42:39.295,NERVOSO,1,175.62,4.5,0.274,-4.005,8.712,-3.57,-0.078,-0.001,-0.02,78.98,5.04,19.6,54,1,1
18:42:39.795,NERVOSO,1,176.45,-1.29,0.297,-3.333,8.2,-4.906,-0.097,0.223,-0.1,78.98,1.32,19.6,54,1,1
18:42:40.295,NERVOSO,1,175.31,1.33,0.321,-2.957,7.829,-4.86,-0.076,0.172,-0.08,78.98,3.69,19.6,54,1,1
18:42:40.795,NERVOSO,1,177.36,3.21,0.306,-4.664,7.638,-1.92,-0.126,-0.08,-0.173,78.98,18.83,19.6,54,1,1
18:42:41.295,NERVOSO,1,-179.09,-23.77,0.289,-4.094,6.946,-3.515,0.01,0.131,-0.035,78.98,0.99,19.6,54,1,1
18:42:41.796,NERVOSO,1,-179.65,6.38,0.281,-4.951,7.312,-4.75,-0.418,0.04,-0.031,78.98,1.6,19.6,54,1,1
18:42:42.296,NERVOSO,1,176.58,39.33,0.325,-4.286,8.033,-3.661,-0.315,0.155,0.122,78.98,9.77,19.6,54,1,1
18:42:42.796,NERVOSO,1,170.41,47.78,0.368,-4.362,9.072,-4.669,-0.214,0.005,-0.206,78.98,3.62,19.6,54,1,1
18:42:43.296,NERVOSO,1,177.95,57.63,0.332,-2.54,9.412,-1.987,0.0,-0.178,0.062,78.98,1.21,19.6,54,1,1
18:42:43.796,NERVOSO,1,-178.52,58.59,0.377,-1.616,9.955,-2.31,-0.125,0.27,0.161,78.98,8.79,19.6,54,1,1
18:42:44.296,NERVOSO,1,176.17,59.15,0.359,-1.729,10.034,-1.544,-0.241,0.129,-0.1,78.98,8.7,19.6,54,1,1
18:42:44.796,NERVOSO,1,-174.77,64.42,0.33,-2.2,10.812,-0.012,-0.027,-0.538,0.001,78.98,1.6,19.6,54,1,1
18:42:45.296,NERVOSO,1,-168.48,59.43,0.334,-1.204,10.209,-1.53,-0.488,-0.075,0.122,78.98,8.56,19.6,54,1,1
18:42:45.796,NERVOSO,1,-175.19,58.35,0.294,-0.278,9.215,-3.079,0.071,-0.002,-0.118,78.98,12.32,19.6,54,1,1
18:42:46.296,NERVOSO,1,-176.75,58.91,0.251,0.069,9.043,-2.116,-0.054,-0.243,0.069,78.98,1.38,19.6,54,1,1
18:42:46.796,NERVOSO,1,177.85,55.06,0.35,-1.369,9.55,-1.731,0.095,-0.253,-0.099,78.98,11.19,19.6,54,1,1
18:42:47.296,NERVOSO,1,175.19,49.96,0.321,-0.922,10.317,-2.397,0.137,0.048,0.179,78.98,10.24,19.6,54,1,1
18:42:47.796,NERVOSO,1,178.51,0.04,0.275,-3.615,8.368,-2.023,-0.15,0.057,-0.292,78.98,1.6,19.6,54,1,1
18:42:48.296,NERVOSO,1,179.09,-14.54,0.295,-4.25,8.473,-2.643,0.108,0.159,-0.109,78.98,15.01,19.6,54,1,1
18:42:48.796,NERVOSO,1,177.81,-11.2,0.292,-4.53,9.366,-2.248,-0.21,0.144,0.221,78.98,1.16,19.6,54,1,1
18:42:49.296,NERVOSO,1,176.74,-29.98,0.297,-3.656,8.993,-2.708,-0.179,0.427,0.102,78.98,2.86,19.6,54,1,1
18:42:49.797,NERVOSO,1,177.97,-17.78,0.303,-5.447,8.691,-2.464,-0.039,0.105,-0.037,78.98,23.08,19.6,54,1,1
18:42:50.297,NERVOSO,1,176.94,-28.31,0.307,-5.808,7.652,-3.029,-0.206,-0.025,-0.001,78.98,1.16,19.6,54,1,1
18:42:50.797,NERVOSO,1,177.51,-27.59,0.313,-6.577,8.562,-1.891,-0.27,0.263,0.011,78.98,5.33,19.6,54,1,1
18:42:51.297,NERVOSO,1,178.82,-27.0,0.324,-6.572,6.086,-1.262,-0.34,0.249,-0.1,78.98,22.76,19.6,54,1,1
18:42:51.797,NERVOSO,1,177.5,-31.79,0.29,-6.483,6.546,-3.407,0.001,0.051,0.036,78.98,1.32,19.6,54,1,1
18:42:52.297,NERVOSO,1,-177.89,-34.49,0.321,-6.742,6.002,-4.247,-0.457,0.439,-0.211,78.98,4.4,19.6,54,1,1
18:42:52.797,NERVOSO,1,-178.78,-32.01,0.292,-8.025,5.423,-3.421,-0.052,0.119,0.06,78.98,19.32,19.6,54,1,1
18:42:53.297,NERVOSO,1,-178.01,-32.52,0.293,-7.652,5.981,-3.603,-0.255,0.302,-0.123,78.98,1.16,19.6,54,1,1
18:42:53.797,NERVOSO,1,-179.96,-33.76,0.294,-7.784,6.39,-3.84,-0.238,0.309,-0.156,78.98,2.53,19.6,54,1,1
18:42:54.297,NERVOSO,1,178.96,-27.56,0.296,-6.479,5.871,-4.578,-0.258,0.38,-0.059,78.98,17.74,19.6,54,1,1
18:42:54.797,NERVOSO,1,-178.88,-31.75,0.297,-7.348,6.665,-2.078,-0.001,0.175,-0.1,78.98,1.16,19.6,54,1,1
18:42:55.297,NERVOSO,1,-175.91,-32.11,0.299,-6.682,6.656,-3.534,-0.371,0.384,-0.078,78.98,1.76,19.6,54,1,1
18:42:55.797,NERVOSO,1,179.14,-26.24,0.3,-6.44,5.387,-4.008,-0.228,0.103,-0.076,78.98,10.59,19.6,54,1,1
18:42:56.297,NERVOSO,1,178.42,-27.12,0.285,-7.156,6.155,-4.283,-0.137,0.201,0.13,78.98,12.97,19.6,54,1,1
18:42:56.797,NERVOSO,1,-177.05,-30.64,0.287,-7.954,5.88,-3.46,-0.329,-0.001,-0.088,78.98,1.54,19.6,54,1,1
18:42:57.297,NERVOSO,1,-178.63,-26.87,0.29,-6.05,6.122,-3.972,-0.096,0.225,0.017,78.98,5.17,19.6,54,1,1
18:42:57.798,NERVOSO,1,179.95,-26.7,0.307,-6.479,6.879,-4.824,-0.066,0.365,-0.04,78.98,17.89,19.6,54,1,1
18:42:58.298,NERVOSO,1,-179.2,-30.84,0.296,-6.744,6.553,-4.652,-0.086,0.164,-0.117,78.98,1.16,19.6,54,1,1
18:42:58.798,NERVOSO,1,-179.78,-35.58,0.308,-7.389,5.701,-4.41,-0.082,0.238,-0.027,78.98,3.85,19.6,54,1,1
18:42:59.298,NERVOSO,1,-179.68,-24.84,0.284,-6.539,6.531,-4.228,-0.258,0.257,-0.008,78.98,14.41,19.6,54,1,1
18:42:59.798,NERVOSO,1,-178.28,-29.43,0.289,-6.438,6.414,-4.776,0.179,0.34,-0.137,78.98,0.99,19.6,54,1,1
18:43:00.298,NERVOSO,1,-177.68,-27.59,0.277,-6.469,5.844,-6.608,-0.006,0.471,-0.195,78.98,1.82,19.6,54,1,1
18:43:00.798,NERVOSO,1,-178.38,-14.38,0.303,-7.039,6.196,-5.011,-0.06,0.533,-0.217,78.98,13.16,19.6,54,1,1
18:43:01.298,NERVOSO,1,176.18,9.57,0.283,-6.203,8.009,-0.33,-0.026,-0.045,0.076,78.98,7.23,19.6,54,1,1
18:43:01.798,NERVOSO,1,175.65,21.44,0.329,-4.343,7.91,-1.247,0.054,-0.014,0.072,78.98,1.05,19.6,54,1,1
18:43:02.298,NERVOSO,1,173.74,28.03,0.354,-5.085,8.612,0.666,-0.189,-0.015,-0.062,78.98,4.62,19.6,54,1,1
18:43:02.798,NERVOSO,1,172.65,30.52,0.304,-4.398,8.813,-0.718,-0.278,0.075,-0.128,78.98,21.07,19.6,54,1,1
18:43:03.298,NERVOSO,1,170.86,57.04,0.361,-5.406,9.869,1.094,-0.218,0.12,-0.019,78.98,0.77,19.6,54,1,1
18:43:03.798,NERVOSO,1,177.65,54.32,0.319,-3.792,9.574,-1.676,-0.015,0.307,-0.084,78.98,0.77,19.6,54,1,1
18:43:04.298,NERVOSO,1,175.33,32.26,0.42,-2.995,9.287,0.163,-0.084,-0.017,0.062,78.98,0.99,19.6,54,1,1
18:43:04.798,NERVOSO,1,171.96,30.01,0.344,-2.856,10.393,1.75,-0.171,-0.076,-0.106,78.98,3.02,19.6,54,1,1
18:43:05.298,NERVOSO,1,176.41,65.46,0.38,-1.731,10.099,-1.132,-0.072,-0.28,0.151,78.98,10.86,19.6,54,1,1
18:43:05.798,NERVOSO,1,171.33,67.46,0.383,-1.987,8.528,-0.946,0.016,-0.193,-0.244,78.98,19.86,19.6,54,1,1
18:43:06.299,NERVOSO,1,174.96,61.81,0.374,-0.634,10.039,-1.293,0.018,-0.292,0.051,78.98,13.13,19.6,54,1,1
18:43:06.799,NERVOSO,1,-176.31,57.09,0.306,0.045,10.453,-1.832,0.092,-0.606,0.156,78.98,0.83,19.7,54,1,1
18:43:07.299,NERVOSO,1,177.4,62.05,0.348,-0.122,11.035,-2.289,0.002,-0.189,0.048,78.98,1.54,19.7,54,1,1
18:43:07.799,NERVOSO,1,175.89,52.25,0.303,-1.149,8.531,-2.887,-0.032,-0.132,-0.133,78.98,3.63,19.7,54,1,1
18:43:08.299,NERVOSO,1,179.86,48.83,0.322,-3.129,7.59,-4.238,-0.087,-0.05,0.063,78.98,13.04,19.7,54,1,1
18:43:08.799,NERVOSO,1,-176.25,49.06,0.341,-2.842,8.715,-4.379,-0.329,0.207,0.262,78.98,12.32,19.7,54,1,1
18:43:09.299,NERVOSO,1,176.72,44.23,0.345,-2.076,8.739,-3.967,-0.232,0.165,-0.144,78.98,0.77,19.7,54,1,1
18:43:09.799,NERVOSO,1,-178.98,14.08,0.342,-3.551,8.243,-2.406,-0.147,0.06,-0.244,78.98,1.76,19.7,54,1,1
18:43:10.299,NERVOSO,1,175.87,9.99,0.317,-3.792,8.794,-2.442,-0.179,0.238,0.117,78.98,15.12,19.7,54,1,1
18:43:10.799,NERVOSO,1,174.77,13.03,0.315,-3.699,8.236,-3.8,-0.176,-0.056,0.053,78.98,6.46,19.7,54,1,1
18:43:11.299,NERVOSO,1,173.28,16.94,0.304,-3.701,8.088,-4.393,-0.025,-0.027,0.309,78.98,1.16,19.7,54,1,1
18:43:11.799,NERVOSO,1,177.12,11.97,0.333,-2.538,8.803,-3.833,-0.061,0.002,0.628,78.98,3.3,19.7,54,1,1
18:43:12.299,NERVOSO,1,177.42,3.41,0.308,-2.195,8.638,-2.761,-0.152,-0.106,0.014,78.98,17.34,19.7,54,1,1
18:43:12.799,NERVOSO,1,176.87,16.36,0.314,-2.942,8.128,-4.281,-0.143,0.375,-0.323,78.98,0.71,19.7,54,1,1
18:43:13.299,NERVOSO,1,179.12,8.56,0.337,-6.503,8.485,-2.959,-0.165,0.072,-0.086,78.98,1.38,19.7,54,1,1
18:43:13.799,NERVOSO,1,174.06,30.63,0.313,-4.774,6.359,-1.221,-0.36,0.1,-0.311,78.98,15.45,19.7,54,1,1
18:43:14.299,NERVOSO,1,176.88,1.87,0.287,-4.068,8.143,-1.118,-0.173,0.112,-0.095,78.98,0.93,19.7,54,1,1
18:43:14.800,NERVOSO,1,178.24,-3.35,0.317,-4.104,8.571,-0.752,-0.079,0.062,-0.123,78.98,1.54,19.7,54,1,1
18:43:15.300,NERVOSO,1,176.62,25.17,0.314,-2.952,8.859,-2.133,-0.131,-0.181,0.011,78.98,7.79,19.7,54,1,1
18:43:15.800,NERVOSO,1,178.14,4.47,0.345,-4.389,9.17,-1.477,0.233,0.022,-0.188,78.98,18.87,19.7,54,1,1
18:43:16.300,NERVOSO,1,177.43,18.87,0.309,-1.113,8.961,-1.659,-0.356,-0.017,0.099,78.98,0.83,19.7,54,1,1
18:43:16.800,NERVOSO,1,178.45,14.52,0.356,-2.44,7.417,-2.006,-0.125,-0.144,-0.111,78.98,1.7,19.7,54,1,1
18:43:17.300,NERVOSO,1,176.06,27.49,0.313,-2.31,8.305,-4.839,-0.033,0.291,-0.143,78.98,7.63,19.7,54,1,1
18:43:17.800,NERVOSO,1,177.16,32.72,0.316,-2.014,9.467,-4.01,-0.079,0.074,-0.116,78.98,25.37,19.7,54,1,1
18:43:18.300,NERVOSO,1,177.33,3.72,0.287,-2.986,8.361,-3.984,-0.211,-0.132,0.019,78.98,0.93,19.7,54,1,1
18:43:18.800,NERVOSO,1,179.63,-0.1,0.324,-2.842,8.248,-4.125,0.037,0.09,-0.083,78.98,2.92,19.7,54,1,1
18:43:19.300,NERVOSO,1,176.43,0.32,0.329,-3.486,8.653,-4.391,-0.419,0.022,-0.279,78.98,23.35,19.7,54,1,1
18:43:19.800,NERVOSO,1,178.12,-11.57,0.286,-2.832,7.834,-5.045,-0.253,0.152,-0.139,78.98,0.93,19.7,54,1,1
18:43:20.300,NERVOSO,1,178.15,-4.07,0.324,-4.197,8.272,-4.039,-0.087,0.076,0.059,78.98,2.86,19.7,54,1,1
18:43:20.800,NERVOSO,1,177.9,-8.12,0.286,-4.436,7.8,-2.813,-0.383,-0.082,0.042,78.98,24.17,19.7,54,1,1
18:43:21.300,NERVOSO,1,176.53,-13.11,0.298,-2.902,9.55,-2.203,-0.343,-0.047,0.041,78.98,0.83,19.7,54,1,1
18:43:21.800,NERVOSO,1,177.23,-13.72,0.293,-4.877,7.547,-2.847,-0.212,-0.023,-0.265,78.98,6.92,19.7,54,1,1
18:43:22.300,NERVOSO,1,173.97,-4.63,0.317,-4.08,8.267,-4.161,-0.149,0.243,0.278,78.98,22.58,19.7,54,1,1
18:43:22.800,NERVOSO,1,176.62,-10.05,0.273,-3.934,6.452,-2.653,-0.431,0.184,-0.013,78.98,1.16,19.7,54,1,1
18:43:23.300,NERVOSO,1,175.57,-7.29,0.301,-5.629,7.769,-1.075,-0.214,-0.244,0.074,78.98,11.84,19.7,54,1,1
18:43:23.800,NERVOSO,1,175.24,-9.56,0.317,-4.211,8.054,-2.413,-0.056,0.201,0.074,78.98,0.77,19.7,54,1,1
18:43:24.300,NERVOSO,1,174.13,-6.28,0.282,-4.618,8.487,-3.575,-0.115,0.105,0.07,78.98,1.54,19.7,54,1,1
18:43:24.800,NERVOSO,1,176.83,5.4,0.311,-3.979,8.169,-3.524,-0.091,-0.001,-0.526,78.98,15.61,19.7,54,1,1
18:43:25.300,NERVOSO,1,175.47,14.26,0.289,-4.154,8.602,-1.779,-0.351,-0.039,0.165,78.98,0.93,19.7,54,1,1
18:43:25.801,NERVOSO,1,178.71,11.02,0.311,-3.4,8.653,-1.293,-0.254,-0.164,0.055,78.98,2.7,19.7,54,1,1
18:43:26.301,NERVOSO,1,176.34,13.55,0.326,-4.752,7.645,-1.022,-0.023,0.213,-0.133,78.98,18.34,19.7,54,1,1
18:43:26.801,NERVOSO,1,177.73,15.29,0.313,-5.124,9.184,-0.314,-0.052,0.277,-0.036,78.98,0.99,19.7,54,1,1
18:43:27.301,NERVOSO,1,-179.64,11.7,0.312,-4.281,9.254,0.943,-0.191,-0.017,-0.161,78.98,5.44,19.7,54,1,1
18:43:27.801,NERVOSO,1,175.34,0.17,0.307,-5.562,8.617,0.84,-0.248,0.242,-0.23,78.98,21.44,19.7,54,1,1
18:43:28.301,NERVOSO,1,179.78,3.21,0.318,-5.26,8.77,1.219,-0.073,0.083,-0.008,78.98,0.61,19.7,54,1,1
18:43:28.801,NERVOSO,1,-179.84,12.1,0.33,-5.588,8.454,-0.551,-0.054,0.126,-0.029,78.98,0.71,19.7,54,1,1
18:43:29.301,NERVOSO,1,177.03,21.34,0.282,-4.657,8.047,-1.887,0.008,0.134,-0.041,78.98,0.55,19.7,54,1,1
18:43:29.801,NERVOSO,1,162.7,39.11,0.271,-5.054,8.811,-0.622,-0.134,0.247,-0.049,78.98,1.54,19.7,54,1,1
18:43:30.301,NERVOSO,0,0.0,0.0,0.0,-2.045,9.811,-0.077,0.034,-0.313,0.26,78.98,9.81,19.7,54,1,1
18:43:30.801,NERVOSO,1,166.12,53.79,0.277,-0.778,11.293,0.457,0.183,-0.268,0.103,78.98,16.35,19.7,54,1,1
18:43:31.301,NERVOSO,1,165.2,49.55,0.224,-1.188,10.994,0.098,-0.104,-0.694,0.371,78.98,5.96,19.7,54,1,1
18:43:31.801,NERVOSO,0,0.0,0.0,0.0,-0.524,12.175,-0.587,0.784,-0.248,0.556,78.98,0.39,19.7,54,1,1
18:43:32.301,NERVOSO,0,0.0,0.0,0.0,-2.957,9.282,-2.744,-0.597,-0.137,-0.406,78.98,0.55,19.7,54,1,1
18:43:32.801,NERVOSO,1,-178.04,-1.43,0.239,-3.11,8.011,-5.667,-0.414,0.132,-0.232,78.98,0.55,19.7,54,1,1
18:43:33.301,NERVOSO,1,-177.27,-19.27,0.276,-5.813,5.83,-5.689,-0.33,0.096,-0.562,78.98,0.39,19.7,54,1,1
18:43:33.801,NERVOSO,1,-173.02,-21.95,0.271,-6.512,6.974,-3.752,-0.358,0.217,-0.003,78.98,0.55,19.7,54,1,1
18:43:34.301,NERVOSO,1,178.9,-25.58,0.292,-6.893,4.3,-5.552,0.454,0.218,-0.331,78.98,0.55,19.7,54,1,1
18:43:34.801,NERVOSO,1,-173.69,-24.74,0.295,-5.466,7.57,-3.991,-0.426,0.723,-0.553,78.98,0.55,19.7,54,1,1
18:43:35.301,NERVOSO,1,-173.18,-15.3,0.257,-5.622,7.063,-2.787,-0.705,0.526,-0.129,78.98,0.55,19.7,54,1,1
18:43:35.801,NERVOSO,1,-172.19,-12.79,0.278,-3.938,8.159,-1.451,-0.29,0.133,0.033,78.98,0.55,19.7,54,1,1
18:43:36.301,NERVOSO,1,179.29,-13.13,0.286,-8.042,6.591,-1.604,-0.244,0.446,-0.138,78.98,0.55,19.7,54,1,1
18:43:36.802,NERVOSO,0,0.0,0.0,0.0,-4.199,7.417,-3.469,-0.747,0.827,0.173,78.98,0.55,19.7,54,1,1
18:43:37.302,NERVOSO,0,0.0,0.0,0.0,-3.407,7.858,-4.286,-0.388,0.668,0.1,78.98,0.55,19.7,54,1,1
18:43:37.802,NERVOSO,1,-175.71,13.35,0.264,-6.984,8.42,-2.018,-0.28,-0.301,-0.641,78.98,0.55,19.7,54,1,1
18:43:38.302,NERVOSO,0,0.0,0.0,0.0,-3.285,10.001,-2.715,0.105,0.128,-0.111,78.98,0.39,19.7,54,1,1
18:43:38.802,NERVOSO,0,0.0,0.0,0.0,-1.554,10.508,-0.249,-0.284,-0.125,-0.239,78.98,0.55,19.7,54,1,1
18:43:39.302,NERVOSO,0,0.0,0.0,0.0,-1.956,9.306,-1.077,0.152,-0.122,-0.135,78.98,0.39,19.7,54,1,1
18:43:39.802,NERVOSO,0,0.0,0.0,0.0,-1.918,10.764,0.663,0.081,-0.673,0.078,78.98,0.39,19.7,54,1,1
18:43:40.302,NERVOSO,0,0.0,0.0,0.0,-0.931,10.353,-0.718,0.497,-0.734,0.114,78.98,0.39,19.7,54,1,1
18:43:40.802,NERVOSO,1,-170.82,19.16,0.316,-0.062,9.737,-1.164,0.594,-0.357,0.156,78.98,0.39,19.7,54,1,1
18:43:41.302,NERVOSO,1,-165.87,13.32,0.266,-5.088,9.38,0.438,-0.253,0.06,0.112,78.98,0.39,19.7,54,1,1
18:43:41.802,NERVOSO,1,-167.78,2.0,0.232,-3.218,9.12,-5.239,-1.465,0.501,-1.165,78.98,0.39,19.7,54,1,1
18:43:42.302,NERVOSO,0,0.0,0.0,0.0,-2.887,5.291,-4.508,0.023,0.063,-0.46,78.98,0.39,19.7,54,1,1
18:43:42.802,NERVOSO,1,-174.69,-5.63,0.255,-2.662,8.933,-5.212,0.851,-0.065,0.831,78.98,0.39,19.7,54,1,1
18:43:43.302,NERVOSO,1,-172.01,-3.07,0.253,-2.234,9.819,-2.619,0.524,0.2,0.172,78.98,0.65,19.7,54,1,1
18:43:43.802,NERVOSO,1,-174.45,1.25,0.259,-2.028,10.092,-2.358,0.019,-0.143,0.159,78.98,0.65,19.7,54,1,1
18:43:44.302,NERVOSO,1,-172.94,0.34,0.246,-3.572,8.475,-3.694,-0.08,0.339,0.034,78.98,0.39,19.7,54,1,1
18:43:44.802,NERVOSO,1,-177.04,-1.09,0.279,-1.427,7.884,-5.021,0.816,-0.154,0.379,78.98,0.55,19.7,54,1,1
18:43:45.302,NERVOSO,1,-176.63,0.19,0.266,-7.053,7.966,-4.515,0.517,0.331,-0.377,78.98,0.55,19.7,54,1,1
18:43:45.803,NERVOSO,1,-175.93,1.35,0.263,-4.695,9.996,-1.216,-1.998,-0.896,0.759,78.98,0.55,19.7,54,1,1
18:43:46.303,NERVOSO,1,-174.81,-2.81,0.253,-2.473,7.922,-4.492,0.516,0.268,-0.11,78.98,0.55,19.7,54,1,1
18:43:46.803,NERVOSO,1,-176.3,4.4,0.247,-4.757,12.51,1.664,-0.484,0.256,-0.997,78.98,0.39,19.7,54,1,1
18:43:47.303,NERVOSO,1,-165.94,-3.23,0.25,-2.224,7.362,-1.875,-0.16,0.457,-0.233,78.98,0.39,19.7,54,1,1
18:43:47.803,NERVOSO,1,-173.14,2.62,0.22,-4.934,8.569,-2.739,2.115,-1.302,1.684,78.98,0.39,19.7,54,1,1
18:43:48.303,NERVOSO,1,-172.24,4.11,0.26,-4.963,4.111,0.275,-0.123,-0.52,-0.167,78.98,0.39,19.7,54,1,1
18:43:48.803,NERVOSO,1,-170.03,0.35,0.236,-2.641,9.51,1.006,-0.115,-3.011,2.005,78.98,0.39,19.7,54,1,1
18:43:49.303,NERVOSO,1,-171.6,-7.74,0.265,-3.845,7.92,-2.399,-0.21,-0.028,-0.013,78.98,0.39,19.7,54,1,1
18:43:49.803,NERVOSO,1,172.01,11.96,0.262,-3.311,8.892,-2.907,-0.194,0.11,0.077,78.98,0.39,19.7,54,1,1
18:43:50.303,NERVOSO,1,176.92,19.07,0.301,-4.123,8.255,-2.318,-0.18,-0.017,-0.063,78.98,0.39,19.7,54,1,1
18:43:50.803,NERVOSO,1,178.28,13.34,0.287,-4.829,8.61,-0.306,0.034,-0.082,0.007,78.98,0.39,19.7,54,1,1
18:43:51.303,NERVOSO,1,176.82,14.43,0.303,-4.599,9.419,0.697,-0.114,0.232,0.067,78.98,0.39,19.7,54,1,1
18:43:51.803,NERVOSO,1,173.06,31.37,0.303,-4.326,9.163,1.233,-0.157,0.22,-0.084,78.98,0.39,19.7,54,1,1
18:43:52.303,NERVOSO,1,178.94,22.46,0.316,-4.403,9.404,-0.742,-0.014,0.183,-0.172,78.98,0.28,19.7,54,1,1
18:43:52.803,NERVOSO,1,175.48,23.89,0.276,-5.028,8.459,-1.338,-0.251,-0.031,0.197,78.98,0.77,19.7,54,1,1
18:43:53.303,NERVOSO,0,0.0,0.0,0.0,-6.357,6.953,-3.472,-0.245,0.282,-0.144,78.98,1.81,19.7,54,1,1
18:43:53.803,NERVOSO,0,0.0,0.0,0.0,-5.942,6.261,-4.638,-0.192,0.429,-0.082,78.98,2.9,19.7,54,1,1
18:43:54.303,NERVOSO,1,-177.47,-23.72,0.295,-6.586,4.793,-3.8,-0.374,0.201,0.014,78.98,4.16,19.7,54,1,1
18:43:54.804,NERVOSO,1,176.73,-20.44,0.249,-6.189,6.993,-4.278,-0.258,0.428,0.35,78.98,5.63,19.7,54,1,1
18:43:55.304,NERVOSO,1,175.92,7.31,0.233,-5.119,7.336,-5.641,-0.116,0.487,-0.152,78.98,5.53,19.7,54,1,1
18:43:55.804,NERVOSO,1,176.23,40.08,0.314,-3.029,7.997,-4.369,-0.294,0.235,-0.037,78.98,3.78,19.7,54,1,1
18:43:56.304,NERVOSO,1,177.94,47.6,0.33,-2.234,9.481,-3.203,-0.026,-0.141,-0.018,78.98,2.96,19.7,54,1,1
18:43:56.804,NERVOSO,1,176.2,23.21,0.315,-2.332,9.756,-1.724,-0.039,0.017,0.025,78.98,5.14,19.7,54,1,1
18:43:57.304,NERVOSO,1,-178.53,-14.4,0.277,-1.202,9.177,-2.433,-0.021,-0.016,-0.029,78.98,5.8,19.7,54,1,1
18:43:57.804,NERVOSO,1,-175.23,-31.34,0.306,-3.213,8.794,-3.364,-0.12,0.068,-0.014,78.98,1.48,19.7,54,1,1
18:43:58.304,NERVOSO,1,176.54,2.4,0.273,-2.318,8.928,-1.894,-0.106,-0.197,0.033,78.98,3.07,19.7,54,1,1
18:43:58.804,NERVOSO,1,175.75,1.72,0.304,-3.467,8.286,-1.451,-0.121,-0.164,-0.13,78.98,5.14,19.7,54,1,1
18:43:59.304,NERVOSO,1,173.84,-4.52,0.278,-4.614,8.89,0.005,-0.111,-0.004,-0.064,78.98,5.53,19.7,54,1,1
18:43:59.804,NERVOSO,1,175.13,-17.41,0.254,-5.183,8.562,0.486,-0.257,-0.078,-0.112,78.98,2.42,19.7,54,1,1
18:44:00.306,NERVOSO,1,176.3,-27.27,0.244,-5.061,8.169,-1.331,-0.198,0.025,-0.342,78.98,3.29,19.7,54,1,1
18:44:00.806,NERVOSO,0,0.0,0.0,0.0,-7.91,6.34,-1.93,-0.223,0.237,-0.052,78.98,4.33,19.7,54,1,1
18:44:01.306,NERVOSO,1,155.45,-64.57,0.487,-9.019,5.332,-3.773,-0.481,0.609,-0.213,78.98,5.14,19.7,54,1,1
18:44:01.806,NERVOSO,1,179.52,-34.14,0.286,-7.563,5.595,-2.133,-0.438,0.517,-0.161,78.98,3.68,19.7,54,1,1
18:44:02.306,NERVOSO,1,175.91,-33.7,0.322,-6.656,6.989,-3.512,-0.545,0.598,-0.213,78.98,2.64,19.7,54,1,1
18:44:02.806,NERVOSO,1,-179.49,-32.09,0.28,-6.244,6.821,-6.072,-0.41,0.876,0.164,78.98,3.84,19.7,54,1,1
18:44:03.306,NERVOSO,1,178.21,-13.77,0.258,-5.593,7.626,-4.513,-0.322,0.474,-0.39,78.98,4.33,19.7,54,1,1
18:44:03.806,NERVOSO,1,179.19,-24.69,0.284,-3.158,8.212,-5.021,-0.018,0.378,-0.111,78.98,4.43,19.7,54,1,1
18:44:04.307,NERVOSO,1,179.47,-22.85,0.322,-4.211,8.308,-6.177,0.097,0.326,-0.006,78.98,0.77,19.7,54,1,1
18:44:04.807,NERVOSO,1,179.14,-19.96,0.301,-7.769,5.315,-4.942,-0.367,0.249,0.112,78.98,0.77,19.7,54,1,1
18:44:05.307,NERVOSO,1,176.92,25.58,0.282,-7.42,5.995,-4.405,-0.452,0.289,0.11,78.98,1.1,19.7,54,1,1
18:44:05.807,NERVOSO,1,170.6,49.31,0.301,-1.161,10.07,-3.409,-0.062,0.047,0.047,78.98,2.58,19.7,54,1,1
18:44:06.307,NERVOSO,1,171.85,55.09,0.364,0.086,8.686,-3.079,0.13,-0.099,0.043,78.98,4.88,19.7,54,1,1
18:44:06.807,NERVOSO,1,171.75,45.56,0.313,-0.972,9.23,-3.036,0.244,-0.249,0.212,78.98,5.14,19.7,54,1,1
18:44:07.307,NERVOSO,1,-178.83,19.72,0.314,-0.745,8.124,-4.415,-0.053,0.162,-0.136,78.98,1.1,19.7,54,1,1
18:44:07.807,NERVOSO,1,175.13,27.76,0.212,-2.614,9.254,-2.77,0.088,0.154,-0.246,78.98,1.48,19.7,54,1,1
18:44:08.307,NERVOSO,1,174.94,1.4,0.176,-2.77,8.662,-3.373,-0.492,-0.14,-0.175,78.98,2.8,19.7,54,1,1
18:44:08.807,NERVOSO,1,175.87,8.84,0.17,-3.242,7.776,-4.757,-0.272,0.089,0.268,78.98,4.49,19.7,54,1,1
18:44:09.307,NERVOSO,1,179.08,15.82,0.333,-2.988,8.672,-3.934,-0.108,0.145,-0.207,78.98,3.94,19.8,54,1,1
18:44:09.807,NERVOSO,1,177.82,33.83,0.281,-2.306,8.945,-2.947,-0.163,-0.152,0.04,78.98,2.09,19.8,54,1,1
18:44:10.307,NERVOSO,1,177.44,8.47,0.295,-1.846,8.456,-2.942,-0.096,-0.034,-0.019,78.98,5.26,19.8,54,1,1
18:44:10.807,NERVOSO,1,178.64,15.64,0.307,-1.887,9.723,-3.543,-0.184,0.138,0.193,78.98,5.42,19.8,54,1,1
18:44:11.307,NERVOSO,1,-179.63,43.07,0.355,-4.482,6.203,-1.101,-0.374,-0.396,0.328,78.98,1.93,19.8,54,1,1
18:44:11.807,NERVOSO,1,-179.41,28.36,0.149,-3.764,8.703,-3.359,-0.208,0.072,0.011,78.98,5.1,19.8,54,1,1
18:44:12.307,NERVOSO,1,173.5,24.82,0.302,-3.352,8.954,-1.961,-0.172,-0.042,0.077,78.98,4.71,19.8,54,1,1
18:44:12.807,NERVOSO,1,174.72,25.31,0.166,-3.709,7.846,-1.03,-0.356,0.02,0.038,78.98,1.7,19.8,54,1,1
18:44:13.307,NERVOSO,1,174.03,26.85,0.226,-4.439,9.045,-1.686,-0.039,-0.086,0.008,78.98,3.9,19.8,54,1,1
18:44:13.808,NERVOSO,1,-176.71,26.3,0.317,-3.989,9.687,-2.31,0.056,0.09,-0.113,78.98,6.63,19.8,54,1,1
18:44:14.308,NERVOSO,1,178.61,18.3,0.323,-3.46,9.285,-1.319,0.026,0.044,-0.357,78.98,1.7,19.8,54,1,1
18:44:14.808,NERVOSO,1,178.67,50.27,0.337,-3.879,10.142,-1.798,-0.061,-0.015,-0.068,78.98,4.77,19.8,54,1,1
18:44:15.308,CRASH,1,173.21,20.22,0.327,-3.773,8.875,-1.233,-0.082,-0.064,-0.063,78.98,7.06,19.8,54,1,1
18:44:15.808,CRASH,1,-178.17,14.15,0.313,5.904,-19.613,-9.723,8.731,-0.126,1.366,78.98,0.77,19.8,54,1,1
18:44:16.308,CRASH,1,-176.69,12.34,0.324,-7.295,7.623,4.116,-0.111,0.065,-0.013,78.98,1.32,19.8,54,1,1
18:44:16.808,CRASH,1,172.94,39.46,0.328,-7.084,7.807,2.2,-0.102,0.071,0.023,78.98,2.42,19.8,54,1,1
18:44:17.308,CRASH,1,179.96,15.22,0.327,-7.02,8.358,2.897,-0.123,0.06,0.017,78.98,3.62,19.8,54,1,1
18:44:17.808,CRASH,1,174.54,37.87,0.319,-7.491,8.205,3.021,-0.089,0.046,-0.01,78.98,4.55,19.8,54,1,1
18:44:18.308,CRASH,1,-174.52,45.3,0.321,-4.073,7.767,-2.67,-0.281,0.124,-0.121,78.98,4.65,19.8,54,1,1
18:44:18.808,CRASH,1,179.47,24.22,0.31,-4.338,8.092,-3.048,-0.15,0.037,-0.009,78.98,4.49,19.8,54,1,1
18:44:19.308,CRASH,1,175.63,55.35,0.321,-4.355,8.124,-2.749,-0.147,0.075,-0.027,78.98,4.65,19.8,54,1,1
18:44:19.808,VIGILE,1,175.12,47.83,0.346,-4.434,8.267,-2.564,-0.185,0.064,-0.011,78.98,4.65,19.8,54,1,1
18:44:20.308,VIGILE,1,176.18,40.84,0.328,-4.422,8.061,-2.856,-0.114,0.073,-0.022,78.98,4.65,19.8,54,1,1
18:44:20.808,VIGILE,1,176.53,13.77,0.301,-4.475,7.961,-2.775,-0.111,0.109,-0.076,78.98,4.65,19.8,54,1,1
18:44:21.308,VIGILE,1,179.8,14.38,0.329,-4.31,8.121,-2.677,-0.157,0.067,0.027,78.98,4.65,19.8,54,1,1
18:44:21.808,VIGILE,1,-177.45,39.22,0.328,-3.199,8.526,-5.763,-0.038,0.423,0.031,78.98,4.49,19.8,54,1,1
18:44:22.309,VIGILE,0,0.0,0.0,0.0,-2.638,7.774,-5.329,0.018,0.089,0.151,78.98,4.82,19.8,54,1,1
18:44:22.809,VIGILE,1,172.33,45.07,0.346,-4.008,8.291,-4.276,-0.173,0.172,-0.01,78.98,5.2,19.8,54,1,1
18:44:23.309,VIGILE,1,179.66,19.52,0.278,-3.938,8.145,-4.113,-0.161,0.017,-0.043,78.98,5.69,19.8,54,1,1
18:44:23.809,VIGILE,1,178.23,-19.0,0.302,-3.191,7.755,-5.1,-0.106,0.222,-0.018,78.98,6.18,19.8,54,1,1
18:44:24.309,VIGILE,1,176.28,-15.58,0.307,-3.929,8.507,-3.031,-0.122,0.136,-0.037,78.98,6.02,19.8,54,1,1
18:44:24.809,VIGILE,1,-177.71,-39.26,0.37,-4.664,7.968,-1.729,-0.221,0.009,-0.022,78.98,5.86,19.8,54,1,1
18:44:25.309,VIGILE,1,-178.99,-56.39,0.316,-5.605,8.188,-0.646,-0.164,0.111,-0.04,78.98,3.13,19.8,54,1,1
18:44:25.809,VIGILE,1,-164.18,-55.98,0.391,-5.006,8.291,-0.771,-0.108,0.03,0.005,78.98,4.16,19.8,54,1,1
18:44:26.309,VIGILE,0,0.0,0.0,0.0,-3.591,8.32,-2.509,-0.112,-0.057,0.011,78.98,5.04,19.8,54,1,1
18:44:26.809,VIGILE,1,-176.35,62.58,0.375,-3.175,8.305,-2.399,-0.358,-0.098,-0.044,78.98,5.26,19.8,54,1,1
18:44:27.309,VIGILE,0,0.0,0.0,0.0,-1.688,9.388,-2.102,-0.561,-0.515,0.033,78.98,5.26,19.8,54,1,1
18:44:27.809,VIGILE,1,170.18,33.81,0.268,-1.563,9.45,-3.407,0.367,-0.223,0.212,78.98,4.39,19.8,54,1,1
18:44:28.309,VIGILE,1,174.24,36.38,0.398,-1.336,9.184,-2.981,0.031,-0.548,0.0,78.98,2.8,19.8,54,1,1
18:44:28.809,VIGILE,1,171.5,38.84,0.346,-2.547,8.93,-3.754,0.074,-0.302,0.232,78.98,3.84,19.8,54,1,1
18:44:29.309,VIGILE,1,171.05,-0.16,0.233,-2.753,9.515,-3.0,-0.044,-0.052,0.046,78.98,4.77,19.8,54,1,1
18:44:29.809,VIGILE,1,175.77,-4.79,0.241,-4.032,7.963,-1.774,0.064,-0.074,-0.26,78.98,5.87,19.8,54,1,1
18:44:30.309,VIGILE,1,-179.44,-21.61,0.268,-3.5,7.448,-2.813,-0.052,0.179,-0.091,78.98,7.12,19.8,54,1,1
18:44:30.809,VIGILE,1,-178.93,-13.89,0.298,-4.853,8.222,-4.458,-0.003,0.29,0.178,78.98,7.61,19.8,54,1,1
18:44:31.309,VIGILE,1,-175.68,-14.73,0.298,-4.374,7.623,-2.373,-0.364,-0.387,0.155,78.98,6.79,19.8,54,1,1
18:44:31.810,VIGILE,1,-178.68,-13.25,0.268,-4.039,8.633,-3.297,-0.071,0.286,-0.076,78.98,1.26,19.8,54,1,1
18:44:32.310,VIGILE,1,172.06,-10.75,0.196,-3.759,7.985,-4.053,-0.302,0.13,-0.137,78.98,1.65,19.8,54,1,1
18:44:32.810,VIGILE,1,175.96,-8.69,0.291,0.397,5.08,-3.316,-0.007,-0.054,-0.046,78.98,2.58,19.8,54,1,1
18:44:33.310,VIGILE,1,-179.63,-11.07,0.309,-2.55,5.334,-2.557,-1.921,-0.587,0.02,78.98,4.45,19.8,54,1,1
18:44:33.810,VIGILE,1,176.46,-2.6,0.268,-4.262,8.147,-3.323,-0.242,-0.165,0.039,78.98,7.17,19.8,54,1,1
18:44:34.310,VIGILE,1,176.23,-8.87,0.297,-3.302,7.065,-3.675,-0.35,-0.154,-0.116,78.98,8.15,19.8,54,1,1
18:44:34.810,VIGILE,1,175.57,-17.69,0.28,-3.943,8.124,-2.875,-0.256,-0.246,0.087,78.98,7.44,19.8,54,1,1
18:44:35.310,VIGILE,1,177.19,-26.21,0.293,-3.625,8.428,-3.105,-0.162,0.222,-0.045,78.98,1.48,19.8,54,1,1
18:44:35.810,VIGILE,1,173.34,-16.48,0.255,-4.326,8.375,-4.31,-0.082,-0.176,0.013,78.98,2.25,19.8,54,1,1
18:44:36.310,VIGILE,1,169.43,1.61,0.246,-4.81,8.425,-2.899,-0.132,0.099,0.041,78.98,4.77,19.8,54,1,1
18:44:36.810,VIGILE,1,176.96,-8.67,0.269,-3.922,7.884,-2.37,-0.252,0.088,-0.233,78.98,7.5,19.8,54,1,1
18:44:37.310,VIGILE,1,171.74,-4.13,0.281,-4.592,8.389,-3.522,-0.067,0.097,0.007,78.98,8.48,19.8,54,1,1
18:44:37.810,VIGILE,1,175.93,-5.43,0.282,-3.728,8.004,-2.2,-0.171,-0.015,0.006,78.98,5.04,19.8,54,1,1
18:44:38.310,VIGILE,1,172.22,1.41,0.252,-4.46,7.961,-3.067,-0.15,0.089,0.005,78.98,2.09,19.8,54,1,1
18:44:38.810,VIGILE,1,171.99,3.99,0.217,-3.84,8.042,-3.067,-0.195,0.078,-0.206,78.98,4.06,19.8,54,1,1
18:44:39.310,VIGILE,1,176.05,-1.0,0.269,-2.028,5.837,-4.022,-0.187,0.221,-0.175,78.98,6.95,19.8,54,1,1
18:44:39.810,VIGILE,1,168.6,1.1,0.231,-5.454,11.222,-2.574,-0.226,0.012,0.225,78.98,8.15,19.8,54,1,1
18:44:40.311,VIGILE,1,-179.46,-2.88,0.32,-4.657,7.482,-2.727,-0.456,-0.057,-0.111,78.98,5.75,19.8,54,1,1
18:44:40.811,VIGILE,1,178.68,-2.04,0.333,-5.023,7.949,-3.287,-0.121,0.01,0.002,78.98,1.32,19.8,54,1,1
18:44:41.311,VIGILE,1,173.11,-12.36,0.28,-4.13,8.691,-3.388,-0.011,0.116,0.063,78.98,2.47,19.8,54,1,1
18:44:41.811,VIGILE,1,174.36,0.07,0.301,-5.823,7.204,-3.096,-0.232,0.055,0.184,78.98,4.99,19.8,54,1,1
18:44:42.311,VIGILE,1,172.9,2.58,0.316,-4.697,8.198,-2.004,-0.155,0.379,0.16,78.98,7.78,19.8,54,1,1
18:44:42.811,VIGILE,1,179.26,10.36,0.112,-4.956,8.27,-2.528,0.038,0.059,0.199,78.98,7.93,19.8,54,1,1
18:44:43.311,DISTRAZIONE,1,174.59,1.04,0.297,-5.6,7.511,-2.435,-0.053,-0.078,-0.007,78.98,0.77,19.8,54,1,1
18:44:43.811,DISTRAZIONE,0,0.0,0.0,0.0,-5.083,8.44,-0.666,-0.239,0.202,0.106,78.98,1.1,19.8,54,1,1
18:44:44.311,DISTRAZIONE,0,0.0,0.0,0.0,-4.506,8.521,-2.401,-0.007,0.064,0.21,78.98,1.87,19.8,54,1,1
18:44:44.812,DISTRAZIONE,1,166.45,52.21,0.364,-5.926,8.823,-2.255,-0.217,0.127,-0.195,78.98,3.57,19.8,54,1,1
18:44:45.312,DISTRAZIONE,1,167.31,61.82,0.413,-3.697,7.91,-4.051,-0.156,0.037,-0.249,78.98,6.14,19.8,54,1,1
18:44:45.812,DISTRAZIONE,0,0.0,0.0,0.0,-3.378,9.091,-2.82,-0.357,0.026,-0.086,78.98,6.95,19.8,54,1,1
18:44:46.312,DISTRAZIONE,1,178.75,20.8,0.336,-3.316,7.942,-2.698,-0.246,-0.107,-0.042,78.98,6.63,19.8,54,1,1
18:44:46.812,DISTRAZIONE,1,177.63,7.4,0.307,-3.048,8.133,-4.29,0.423,-0.446,0.552,78.98,1.48,19.8,54,1,1
18:44:47.312,DISTRAZIONE,1,174.04,-1.67,0.3,-3.261,7.377,-3.089,-0.195,-0.093,-0.03,78.98,2.47,19.8,54,1,1
18:44:47.812,DISTRAZIONE,1,171.33,1.52,0.219,-3.203,8.198,-2.916,-0.101,-0.083,-0.066,78.98,4.45,19.8,54,1,1
18:44:48.312,DISTRAZIONE,1,174.84,-8.25,0.226,-5.318,10.388,-4.468,0.003,0.509,-0.556,78.98,5.65,19.8,54,1,1
18:44:48.812,DISTRAZIONE,1,172.87,-8.95,0.242,-3.103,8.353,-2.751,-0.141,0.221,0.005,78.98,5.97,19.8,54,1,1
18:44:49.312,DISTRAZIONE,1,176.37,-12.3,0.277,-3.237,7.999,-3.184,-0.019,0.092,-0.06,78.98,1.65,19.8,54,1,1
18:44:49.812,DISTRAZIONE,1,174.88,-13.02,0.298,-4.767,9.057,-1.743,0.18,0.158,-0.144,78.98,2.96,19.8,54,1,1
18:44:50.312,DISTRAZIONE,1,175.77,-9.14,0.291,-2.789,9.067,-0.907,1.015,-0.196,0.709,78.98,4.55,19.8,54,1,1
18:44:50.812,DISTRAZIONE,1,173.03,-9.51,0.309,-4.729,8.248,-2.2,-0.851,-0.108,-0.177,78.98,5.91,19.8,54,1,1
18:44:51.312,DISTRAZIONE,1,-178.6,17.54,0.199,-4.039,8.437,-2.265,-0.296,-0.082,0.182,78.98,5.2,19.8,54,1,1
18:44:51.812,DISTRAZIONE,1,171.18,-10.52,0.276,-6.46,10.573,-4.755,0.707,-0.043,0.494,78.98,1.7,19.8,54,1,1
18:44:52.312,DISTRAZIONE,1,-173.46,-16.24,0.325,-5.583,8.317,-0.271,-0.333,0.089,-0.038,78.98,2.96,19.8,54,1,1
18:44:52.812,DISTRAZIONE,0,0.0,0.0,0.0,-3.97,6.541,-2.974,-0.381,0.128,-0.413,78.98,5.38,19.8,54,1,1
18:44:53.312,DISTRAZIONE,1,-175.6,59.31,0.462,-4.829,7.515,-3.747,-0.372,-0.086,-0.149,78.98,8.11,19.8,54,1,1
18:44:53.812,DISTRAZIONE,1,-171.19,44.85,0.237,-4.606,8.205,-3.026,-0.314,-0.003,-0.046,78.98,9.37,19.8,54,1,1
18:44:54.312,DISTRAZIONE,1,-172.48,27.06,0.199,-3.519,9.936,-3.5,0.252,0.29,-0.008,78.98,5.65,19.8,54,1,1
18:44:54.813,DISTRAZIONE,1,-179.41,-14.41,0.339,-3.972,7.525,-3.915,-0.095,0.094,0.033,78.98,7.28,19.8,54,1,1
18:44:55.313,DISTRAZIONE,0,0.0,0.0,0.0,-3.182,8.042,-2.497,-0.077,0.176,0.094,78.98,5.86,19.8,54,1,1
18:44:55.813,DISTRAZIONE,1,-176.05,-28.87,0.29,-3.697,7.01,-3.467,-0.105,0.237,-0.134,78.98,0.55,19.8,54,1,1
18:44:56.313,DISTRAZIONE,1,-177.61,33.35,0.341,-4.087,8.633,-1.992,-0.383,-0.054,-0.157,78.98,0.77,19.8,54,1,1
18:44:56.813,DISTRAZIONE,1,174.14,-3.11,0.284,-4.137,7.515,-2.916,-0.289,-0.109,-0.11,78.98,1.7,19.8,54,1,1
18:44:57.313,DISTRAZIONE,1,176.44,-7.29,0.301,-3.414,7.779,-2.916,-0.123,0.071,-0.031,78.98,3.68,19.8,54,1,1
18:44:57.813,DISTRAZIONE,1,176.31,-1.35,0.315,-4.513,8.552,-4.621,-0.775,-0.006,-0.217,78.98,5.26,19.8,54,1,1
18:44:58.313,DISTRAZIONE,1,171.38,-6.72,0.188,-4.432,7.982,-2.863,-0.51,-0.147,-0.051,78.98,4.16,19.8,54,1,1
18:44:58.813,DISTRAZIONE,1,-178.0,-18.91,0.342,-3.369,8.993,-4.298,-0.359,-0.047,-0.019,78.98,5.63,19.8,54,1,1
18:44:59.314,DISTRAZIONE,1,177.79,-2.88,0.312,-4.824,7.362,-2.993,0.048,0.278,0.01,78.98,2.52,19.8,54,1,1
18:44:59.814,DISTRAZIONE,1,176.06,6.78,0.298,-3.725,9.61,-3.328,0.079,0.493,-0.012,78.98,1.7,19.8,54,1,1
18:45:00.314,DISTRAZIONE,1,178.25,-7.53,0.301,-3.802,8.169,-4.417,0.192,0.077,0.153,78.98,3.35,19.8,54,1,1
18:45:00.814,DISTRAZIONE,1,176.93,-6.54,0.31,-4.14,7.192,-3.998,-0.346,-0.088,0.02,78.98,5.2,19.8,54,1,1
18:45:01.314,DISTRAZIONE,1,178.0,-3.29,0.31,-4.269,8.339,-1.942,-0.263,-0.415,0.106,78.98,3.23,19.8,54,1,1
18:45:01.814,DISTRAZIONE,1,178.81,-1.31,0.312,-5.552,8.854,-2.27,-0.798,-0.088,-0.252,78.98,2.25,19.8,54,1,1
18:45:02.314,DISTRAZIONE,1,177.92,-6.01,0.31,-4.769,7.958,-2.344,-1.096,-0.227,-0.185,78.98,4.0,19.8,54,1,1
18:45:02.814,DISTRAZIONE,1,177.64,4.02,0.345,-4.757,7.721,0.381,0.797,-0.239,0.566,78.98,5.47,19.8,54,1,1
18:45:03.314,DISTRAZIONE,1,177.27,2.43,0.319,-4.506,7.999,-1.755,-0.57,-0.044,-0.227,78.98,1.1,19.8,54,1,1
18:45:03.815,DISTRAZIONE,1,177.55,-6.72,0.317,-6.048,7.92,-3.445,-0.334,0.133,-0.254,78.98,1.87,19.8,54,1,1
18:45:04.315,DISTRAZIONE,1,175.23,6.02,0.298,-4.803,8.248,-3.378,0.01,-0.058,0.099,78.98,3.51,19.8,54,1,1
18:45:04.815,DISTRAZIONE,1,178.5,-1.56,0.317,-3.893,7.099,-2.303,-0.069,0.163,-0.075,78.98,5.47,19.8,54,1,1
18:45:05.315,DISTRAZIONE,1,177.61,7.22,0.347,-6.06,9.555,-1.808,-0.218,-0.038,0.111,78.98,3.94,19.8,54,1,1
18:45:05.815,DISTRAZIONE,1,175.82,1.7,0.314,-4.762,8.384,-2.404,-0.115,0.111,-0.186,78.98,1.48,19.8,54,1,1
18:45:06.315,DISTRAZIONE,1,177.99,-5.19,0.307,-2.732,8.665,-2.847,0.439,0.362,0.488,78.98,2.74,19.8,54,1,1
18:45:06.815,DISTRAZIONE,1,174.89,0.5,0.301,-4.18,8.997,-3.503,0.627,-0.083,0.759,78.98,4.98,19.8,54,1,1
18:45:07.315,DISTRAZIONE,1,174.65,-4.92,0.296,-4.219,8.957,-2.284,0.109,0.091,-0.053,78.98,5.14,19.8,54,1,1
18:45:07.815,DISTRAZIONE,1,176.46,-6.11,0.301,-3.917,8.392,-2.528,0.241,0.171,-0.005,78.98,1.48,19.8,54,1,1
18:45:08.315,DISTRAZIONE,1,178.01,-1.86,0.271,-3.982,8.226,-2.849,0.022,0.254,0.098,78.98,2.58,19.8,54,1,1
18:45:08.815,DISTRAZIONE,1,177.86,0.37,0.298,-3.737,6.993,-2.612,-1.259,0.099,-0.951,78.98,4.49,19.8,54,1,1
18:45:09.315,DISTRAZIONE,1,177.25,-3.72,0.235,-3.994,8.14,-3.584,0.759,-0.015,0.458,78.98,5.47,19.8,54,1,1
18:45:09.815,DISTRAZIONE,1,179.44,-11.17,0.301,-4.666,8.138,-3.168,-0.507,0.023,-0.4,78.98,1.1,19.8,54,1,1
18:45:10.315,DISTRAZIONE,1,178.06,-4.76,0.298,-5.112,8.76,-2.004,0.349,0.311,0.17,78.98,1.81,19.8,54,1,1
18:45:10.815,DISTRAZIONE,1,-178.53,-3.14,0.278,-6.905,8.787,-1.638,0.556,-0.059,0.807,78.98,4.0,19.8,54,1,1
18:45:11.315,DISTRAZIONE,1,179.04,-6.57,0.324,-4.027,8.71,-3.199,-0.853,0.204,-0.597,78.98,6.35,19.8,54,1,1
18:45:11.815,DISTRAZIONE,1,177.79,-4.89,0.318,-4.281,7.807,-2.555,0.278,-0.114,0.228,78.98,1.26,19.8,54,1,1
18:45:12.316,DISTRAZIONE,1,178.0,-8.15,0.313,-4.413,8.387,-2.033,-0.556,0.265,-0.24,78.98,0.55,19.8,54,1,1
18:45:12.816,DISTRAZIONE,1,176.58,-4.4,0.321,-4.678,8.557,-3.333,-0.098,0.462,-0.282,78.98,1.1,19.8,54,1,1
18:45:13.316,DISTRAZIONE,1,178.22,-10.07,0.298,-4.3,8.112,-3.11,-0.027,-0.008,-0.03,78.98,6.52,19.8,54,1,1
18:45:13.816,DISTRAZIONE,1,-174.96,-19.15,0.346,-4.219,7.41,-2.583,0.057,0.333,-0.001,78.98,7.28,19.8,54,1,1
18:45:14.316,DISTRAZIONE,1,-175.82,-23.72,0.309,-3.862,9.864,-2.796,0.097,-0.045,0.183,78.98,1.1,19.8,55,1,1
18:45:14.816,DISTRAZIONE,1,-179.1,-23.1,0.265,-3.199,7.302,-2.758,-0.196,0.191,-0.102,78.98,3.94,19.8,55,1,1
18:45:15.316,DISTRAZIONE,1,177.9,-2.25,0.249,-1.81,8.308,-2.67,0.52,-0.311,0.269,78.98,1.16,19.8,55,1,1
18:45:15.816,DISTRAZIONE,1,-178.58,22.17,0.249,-4.834,8.097,-3.61,-0.167,0.023,0.068,78.98,6.74,19.8,55,1,1
18:45:16.316,DISTRAZIONE,1,173.83,10.8,0.295,-3.737,8.023,-3.915,-0.164,0.103,-0.031,78.98,15.09,19.8,55,1,1
18:45:16.816,DISTRAZIONE,1,173.98,-0.68,0.285,-4.75,8.313,-3.007,0.084,-0.009,0.202,78.98,0.93,19.8,55,1,1
18:45:17.316,DISTRAZIONE,1,178.12,3.31,0.329,-4.243,8.681,-1.64,0.144,0.043,0.305,78.98,2.8,19.8,55,1,1
18:45:17.816,DISTRAZIONE,1,176.32,-0.91,0.265,-3.424,7.614,-2.435,-0.443,0.071,-0.244,78.98,10.97,19.8,55,1,1
18:45:18.316,DISTRAZIONE,1,178.91,-1.02,0.321,-4.492,8.772,-2.753,-0.177,0.261,-0.102,78.98,23.68,19.8,55,1,1
18:45:18.816,DISTRAZIONE,1,-175.13,14.77,0.136,-4.204,8.238,-2.653,-0.053,0.088,-0.034,78.98,1.04,19.8,55,1,1
18:45:19.316,VIGILE,1,-177.22,8.85,0.276,-4.365,8.028,-3.024,0.204,-0.073,0.249,78.98,2.25,19.8,55,1,1
18:45:19.816,VIGILE,1,178.79,35.87,0.306,-4.705,8.162,-1.331,-0.122,0.073,0.05,78.98,7.3,19.8,55,1,1
18:45:20.316,VIGILE,1,174.71,44.34,0.314,-4.822,7.582,-2.267,-0.26,-0.007,-0.057,78.98,22.65,19.8,55,1,1
18:45:20.816,VIGILE,1,177.45,25.48,0.32,-4.58,8.617,-0.776,-0.221,0.24,-0.256,78.98,17.61,19.8,55,1,1
18:45:21.317,VIGILE,1,174.14,12.83,0.28,-5.198,8.011,-1.434,0.084,0.103,-0.005,78.98,0.39,19.8,55,1,1
18:45:21.817,VIGILE,1,-178.23,20.69,0.315,-4.903,8.203,-2.425,0.246,0.034,0.153,78.98,0.71,19.8,55,1,1
18:45:22.317,VIGILE,1,-178.61,17.75,0.31,-4.154,8.531,-0.405,-0.085,0.12,0.074,78.98,4.5,19.8,55,1,1
18:45:22.817,VIGILE,1,174.58,40.41,0.37,-2.653,9.285,-1.793,-0.311,-0.079,-0.046,78.98,8.45,19.8,55,1,1
18:45:23.317,VIGILE,1,170.14,51.84,0.354,-1.915,9.524,-1.808,0.088,-0.292,0.137,78.98,18.38,19.8,55,1,1
18:45:23.817,VIGILE,1,174.64,53.01,0.374,-1.863,9.783,-0.117,-0.024,-0.096,0.007,78.98,13.62,19.8,55,1,1
18:45:24.317,VIGILE,1,-179.06,47.59,0.344,-2.284,9.536,-0.754,-0.136,-0.266,0.064,78.98,0.55,19.8,55,1,1
18:45:24.817,VIGILE,1,177.54,43.97,0.349,-1.544,10.953,-0.615,-0.355,-0.319,-0.017,78.98,0.71,19.8,55,1,1
18:45:25.317,VIGILE,1,176.79,38.67,0.38,-1.712,9.898,-0.702,0.335,-0.369,0.093,78.98,1.7,19.8,55,1,1
18:45:25.817,VIGILE,1,-179.8,19.85,0.33,-1.061,10.57,-2.009,0.452,-0.303,0.191,78.98,7.74,19.8,55,1,1
18:45:26.317,VIGILE,1,178.57,-0.74,0.282,-1.592,10.051,-2.799,-0.03,-0.347,0.031,78.98,21.89,19.8,55,1,1
18:45:26.817,VIGILE,1,177.24,-17.01,0.313,-3.577,8.267,-4.403,0.134,-0.135,0.009,78.98,28.64,19.8,55,1,1
18:45:27.317,VIGILE,1,169.31,-19.12,0.267,-3.148,7.963,-4.295,-0.216,0.129,-0.136,78.98,0.87,19.8,55,1,1
18:45:27.817,VIGILE,1,172.49,-21.42,0.252,-4.01,7.132,-4.231,-0.337,0.232,-0.116,78.98,1.32,19.8,55,1,1
18:45:28.317,VIGILE,1,171.83,-17.68,0.265,-4.283,7.968,-3.433,-0.077,0.298,-0.017,78.98,3.24,19.8,55,1,1
18:45:28.817,VIGILE,1,176.88,-19.94,0.257,-3.907,7.602,-5.171,-0.187,0.019,0.085,78.98,8.45,19.8,55,1,1
18:45:29.317,VIGILE,1,176.44,-26.47,0.273,-4.573,7.463,-4.118,-0.441,0.074,-0.135,78.98,23.79,19.8,55,1,1
18:45:29.817,VIGILE,1,172.95,-7.15,0.231,-3.558,8.016,-3.606,-0.106,0.304,-0.077,78.98,1.16,19.8,55,1,1
18:45:30.317,VIGILE,1,173.37,-8.67,0.262,-3.725,7.937,-2.986,-0.161,-0.005,-0.081,78.98,11.16,19.8,55,1,1
18:45:30.817,VIGILE,1,172.74,-7.01,0.278,-4.065,7.479,-2.907,-0.062,-0.14,0.049,78.98,32.8,19.8,55,1,1
18:45:31.318,VIGILE,1,173.37,-10.36,0.27,-3.768,7.853,-3.989,-0.014,0.254,0.022,78.98,6.38,19.8,55,1,1
18:45:31.818,VIGILE,1,172.57,-10.11,0.256,-4.085,8.313,-3.484,-0.626,0.212,-0.196,78.98,37.06,19.8,55,1,1
18:45:32.318,VIGILE,1,172.37,-7.69,0.28,-4.07,8.198,-3.22,0.085,0.222,0.124,78.98,10.06,19.8,55,1,1
18:45:32.818,VIGILE,1,173.93,-7.54,0.311,-3.546,7.915,-3.668,0.035,0.26,0.002,78.98,38.16,19.8,55,1,1
18:45:33.318,VIGILE,1,174.19,-6.14,0.29,-4.233,8.207,-3.134,-0.004,0.289,0.026,78.98,7.25,19.8,55,1,1
18:45:33.818,VIGILE,1,172.52,-3.37,0.28,-4.293,8.648,-2.315,0.046,0.334,-0.154,78.98,28.21,19.8,55,1,1
18:45:34.318,VIGILE,1,175.34,-4.61,0.281,-4.432,8.203,-2.818,-0.192,0.176,-0.027,78.98,0.55,19.8,55,1,1
18:45:34.818,VIGILE,1,175.31,-7.58,0.308,-3.924,8.868,-2.533,0.141,0.112,0.051,78.98,1.26,19.8,55,1,1
18:45:35.318,VIGILE,1,174.78,-12.43,0.272,-3.575,8.303,-2.184,0.374,0.26,0.16,78.98,6.09,19.8,55,1,1
18:45:35.818,VIGILE,1,175.64,-15.22,0.284,-4.264,8.167,-2.083,-0.396,0.355,-0.154,78.98,25.87,19.8,55,1,1
18:45:36.318,VIGILE,1,175.5,-20.29,0.262,-4.839,8.413,-1.853,0.122,0.17,0.081,78.98,0.55,19.8,55,1,1
18:45:36.818,VIGILE,1,174.08,-15.97,0.294,-4.463,7.568,-1.12,-0.291,0.021,-0.17,78.98,0.93,19.8,55,1,1
18:45:37.318,VIGILE,1,174.05,-22.51,0.258,-4.755,8.454,-1.01,-0.204,-0.057,0.043,78.98,3.35,19.8,55,1,1
18:45:37.818,VIGILE,1,175.51,-24.24,0.277,-4.865,7.652,-0.9,-0.265,0.069,-0.066,78.98,16.65,19.8,55,1,1
18:45:38.318,VIGILE,0,0.0,0.0,0.0,-6.033,7.118,-1.915,-0.331,-0.234,0.068,78.98,13.77,19.8,55,1,1
18:45:38.818,VIGILE,1,155.99,-63.36,0.383,-7.185,7.393,-3.182,-0.22,0.208,-0.081,78.98,0.49,19.8,55,1,1
18:45:39.319,VIGILE,1,144.37,72.91,0.24,-7.025,6.768,-2.895,-0.234,0.22,-0.181,78.98,0.49,19.8,54,1,1
18:45:39.819,VIGILE,1,167.08,-20.3,0.237,-6.797,5.753,-3.685,-0.307,0.418,-0.088,78.98,0.55,19.8,54,1,1
18:45:40.319,VIGILE,0,0.0,0.0,0.0,-6.687,6.395,-3.28,-0.274,0.329,0.032,78.98,3.9,19.8,54,1,1
18:45:40.819,VIGILE,1,-179.88,-4.76,0.302,-6.761,6.165,-4.264,-0.354,0.405,-0.193,78.98,10.41,19.8,54,1,1
18:45:41.319,VIGILE,1,178.07,-9.96,0.288,-6.108,6.96,-3.929,-0.56,0.394,-0.266,78.98,0.65,19.8,54,1,1
18:45:41.819,VIGILE,1,174.9,-5.73,0.277,-5.499,6.412,-3.814,-1.208,0.096,-0.481,78.98,0.65,19.8,55,1,1
18:45:42.319,VIGILE,1,173.73,-4.31,0.22,-3.958,7.942,-4.42,0.176,0.25,0.075,78.98,1.26,19.8,55,1,1
18:45:42.819,VIGILE,1,169.69,5.95,0.268,-3.809,8.329,-3.958,-0.107,0.141,-0.08,78.98,3.35,19.8,55,1,1
18:45:43.319,VIGILE,1,169.35,8.11,0.288,-3.649,8.001,-4.168,0.08,0.146,-0.046,78.98,8.61,19.8,55,1,1
18:45:43.819,VIGILE,1,172.36,-7.69,0.262,-3.709,8.487,-3.917,0.406,0.018,0.214,78.98,25.43,19.8,55,1,1
18:45:44.319,VIGILE,1,172.1,-3.75,0.264,-3.534,8.825,-3.91,-0.537,0.1,-0.177,78.98,1.65,19.8,55,1,1
18:45:44.819,VIGILE,1,175.52,-3.57,0.3,-4.271,8.509,-3.689,0.011,0.022,0.204,78.98,3.96,19.8,55,1,1
18:45:45.319,VIGILE,1,174.66,0.14,0.291,-3.745,8.38,-4.058,-0.612,-0.131,-0.185,78.98,15.39,19.8,55,1,1
18:45:45.819,VIGILE,1,170.95,-1.97,0.271,-4.453,7.779,-2.607,-0.222,0.147,-0.166,78.98,11.98,19.8,55,1,1
18:45:46.319,VIGILE,1,166.61,-0.8,0.085,-4.386,8.198,-2.394,-0.173,0.061,0.03,78.98,0.87,19.8,55,1,1
18:45:46.822,VIGILE,1,168.71,-1.9,0.271,-3.335,7.755,-3.024,0.253,0.051,0.2,78.98,6.1,19.8,55,1,1
18:45:47.322,VIGILE,1,170.27,4.09,0.249,-3.85,9.546,-2.95,-0.019,0.227,-0.053,78.98,21.17,19.8,55,1,1
18:45:47.822,VIGILE,1,170.64,-2.57,0.241,-3.299,8.174,-2.636,0.354,-0.046,0.137,78.98,0.55,19.8,55,1,1
18:45:48.322,VIGILE,1,167.66,-1.89,0.294,-3.476,8.662,-3.476,0.045,-0.038,-0.049,78.98,1.65,19.8,55,1,1
18:45:48.822,VIGILE,1,168.99,1.8,0.275,-4.298,7.942,-2.497,-0.07,0.164,0.097,78.98,6.09,19.8,55,1,1
18:45:49.322,VIGILE,1,168.28,2.99,0.265,-2.959,9.297,-2.71,0.325,-0.026,0.256,78.98,24.51,19.8,55,1,1
18:45:49.822,VIGILE,1,172.2,-2.5,0.267,-3.797,8.361,-1.528,-0.482,0.084,-0.232,78.98,0.77,19.8,55,1,1
18:45:50.323,VIGILE,1,170.81,1.78,0.213,-3.077,8.952,-2.717,0.408,-0.299,0.351,78.98,2.8,19.8,55,1,1
18:45:50.823,VIGILE,1,173.37,1.67,0.273,-3.44,8.296,-2.564,-0.147,0.026,-0.093,78.98,11.46,19.8,55,1,1
18:45:51.323,VIGILE,1,172.45,4.99,0.238,-3.345,8.215,-2.267,-0.204,0.005,-0.047,78.98,27.06,19.8,55,1,1
18:45:51.823,VIGILE,1,176.35,1.43,0.26,-4.391,8.89,-2.665,-0.2,0.033,-0.082,78.98,1.48,19.8,55,1,1
18:45:52.323,VIGILE,1,177.36,9.54,0.29,-3.299,8.052,-2.167,-0.212,-0.059,-0.162,78.98,4.12,19.8,55,1,1
18:45:52.823,VIGILE,1,172.8,12.18,0.186,-3.764,8.298,-2.595,0.136,-0.117,0.13,78.98,20.52,19.8,55,1,1
18:45:53.323,SONNOLENZA,1,173.68,4.81,0.275,-4.547,8.471,-2.55,-0.115,0.016,0.0,78.98,19.3,19.8,55,1,1
18:45:53.823,SONNOLENZA,1,171.0,-7.8,0.216,-4.808,8.116,-2.413,-0.105,0.124,-0.054,78.98,0.71,19.8,55,1,1
18:45:54.323,SONNOLENZA,1,170.34,-5.22,0.24,-3.548,8.748,-3.132,0.044,-0.059,0.011,78.98,1.7,19.8,55,1,1
18:45:54.823,SONNOLENZA,1,167.78,-8.69,0.17,-3.965,8.827,-2.43,-0.491,0.282,-0.35,78.98,7.41,19.8,55,1,1
18:45:55.323,SONNOLENZA,1,165.54,-6.93,0.162,-4.209,8.645,-1.932,-0.178,0.098,-0.12,78.98,24.34,19.8,55,1,1
18:45:55.823,SONNOLENZA,1,165.53,-10.91,0.158,-4.492,7.865,-2.322,-0.21,0.102,-0.086,78.98,6.67,19.8,55,1,1
18:45:56.323,SONNOLENZA,1,164.69,-6.06,0.137,-4.221,7.719,-2.411,-0.083,-0.286,0.059,78.98,1.1,19.8,55,1,1
18:45:56.823,SONNOLENZA,1,172.41,-14.43,0.229,-4.008,8.504,-2.351,-0.191,0.068,-0.13,78.98,2.86,19.8,55,1,1
18:45:57.323,SONNOLENZA,1,167.62,-6.4,0.18,-4.357,7.695,-2.648,-0.372,0.273,-0.347,78.98,5.76,19.8,55,1,1
18:45:57.823,SONNOLENZA,1,177.34,-27.83,0.199,-3.838,7.027,-2.708,-0.374,0.139,-0.192,78.98,25.0,19.8,55,1,1
18:45:58.323,SONNOLENZA,1,178.13,-24.15,0.182,-4.594,7.635,-3.206,0.389,-0.05,0.252,78.98,1.91,19.8,55,1,1
18:45:58.824,SONNOLENZA,1,168.82,-7.42,0.099,-4.204,8.291,-2.464,-0.396,0.03,-0.133,78.98,0.77,19.8,55,1,1
18:45:59.324,SONNOLENZA,1,167.16,-6.21,0.253,-4.264,8.562,-2.816,0.162,0.092,0.145,78.98,1.87,19.9,55,1,1
18:45:59.824,SONNOLENZA,1,168.58,-8.77,0.183,-4.281,8.162,-2.315,-0.258,-0.06,-0.013,78.98,5.93,19.9,55,1,1
18:46:00.324,SONNOLENZA,1,171.07,25.6,0.12,-4.393,8.701,-2.073,-0.768,0.172,-0.315,78.98,23.69,19.9,55,1,1
18:46:00.824,SONNOLENZA,1,169.91,1.57,0.172,-4.123,7.939,-3.261,-0.126,0.066,-0.133,78.98,18.1,19.9,55,1,1
18:46:01.324,SONNOLENZA,1,164.05,2.16,0.096,-4.673,8.262,-3.144,-0.03,0.048,-0.122,78.98,0.77,19.9,55,1,1
18:46:01.824,SONNOLENZA,1,166.88,4.93,0.215,-4.274,8.327,-2.78,-0.192,0.082,0.068,78.98,1.87,19.9,55,1,1
18:46:02.324,SONNOLENZA,1,169.47,3.35,0.201,-4.609,7.649,-2.09,-0.276,-0.06,0.108,78.98,4.5,19.9,55,1,1
18:46:02.824,SONNOLENZA,1,170.11,5.04,0.208,-4.322,7.966,-2.66,0.319,-0.021,0.163,78.98,17.46,19.9,55,1,1
18:46:03.324,SONNOLENZA,1,164.18,6.56,0.181,-4.779,8.131,-2.808,-0.004,-0.016,0.005,78.98,29.46,19.9,55,1,1
18:46:03.824,SONNOLENZA,1,164.37,3.37,0.093,-4.281,8.712,-2.835,-0.183,0.197,-0.173,78.98,0.71,19.9,55,1,1
18:46:04.324,SONNOLENZA,1,167.86,8.95,0.177,-3.646,8.234,-2.658,-0.237,0.16,-0.043,78.98,1.32,19.9,55,1,1
18:46:04.824,SONNOLENZA,1,160.25,4.94,0.169,-3.922,8.973,-2.935,0.032,0.011,0.011,78.98,3.35,19.9,55,1,1
18:46:05.324,SONNOLENZA,1,165.57,8.38,0.169,-3.718,9.074,-3.021,0.112,-0.201,0.218,78.98,8.28,19.9,55,1,1
18:46:05.824,SONNOLENZA,1,165.0,10.03,0.171,-3.529,9.376,-2.188,0.023,-0.066,0.13,78.98,23.41,19.9,55,1,1
18:46:06.324,SONNOLENZA,1,167.74,4.32,0.132,-1.992,8.636,-1.298,-0.071,-0.236,0.132,78.98,0.87,19.9,55,1,1
18:46:06.824,SONNOLENZA,1,172.27,-0.42,0.094,-2.289,7.125,-2.521,-0.215,-0.11,-0.018,78.98,1.32,19.9,55,1,1
18:46:07.324,SONNOLENZA,1,176.83,-3.76,0.238,-3.651,9.165,-2.466,-0.204,0.12,-0.212,78.98,2.96,19.9,55,1,1
18:46:07.825,SONNOLENZA,1,172.48,-3.93,0.202,-3.912,8.547,-2.078,0.245,-0.047,0.197,78.98,6.48,19.9,55,1,1
18:46:08.325,SONNOLENZA,1,165.48,1.6,0.208,-3.357,8.813,-2.354,-0.099,-0.057,0.027,78.98,18.22,19.9,55,1,1
18:46:08.825,SONNOLENZA,1,168.12,4.66,0.197,-4.638,8.262,-3.012,0.087,0.002,0.12,78.98,4.76,19.9,55,1,1
18:46:09.325,SONNOLENZA,1,169.43,-1.27,0.155,-3.984,7.86,-2.784,-0.07,0.091,-0.152,78.98,0.39,19.9,55,1,1
18:46:09.826,SONNOLENZA,1,175.02,-12.86,0.237,-5.071,8.016,-2.959,-0.248,0.167,-0.162,78.98,0.55,19.9,55,1,1
18:46:10.326,SONNOLENZA,1,174.32,-8.05,0.245,-4.602,7.815,-3.127,-0.163,0.096,-0.026,78.98,0.87,19.9,55,1,1
18:46:10.826,SONNOLENZA,1,171.7,-8.98,0.223,-5.16,8.633,-2.897,-0.139,0.49,-0.071,78.98,0.93,19.9,55,1,1
18:46:11.326,SONNOLENZA,1,176.79,-5.5,0.187,-4.93,8.543,-2.638,-0.451,0.383,-0.198,78.98,0.49,19.9,55,1,1
18:46:11.826,SONNOLENZA,1,-173.4,3.58,0.274,-4.978,8.159,-3.227,0.156,0.125,-0.027,78.98,0.33,19.9,55,1,1
18:46:12.326,SONNOLENZA,1,167.4,-1.13,0.215,-4.69,7.659,-2.806,-0.102,0.077,-0.039,78.98,0.33,19.9,55,1,1
18:46:12.826,SONNOLENZA,1,171.0,-1.98,0.214,-4.245,8.215,-2.167,-0.252,0.212,-0.043,78.98,0.16,19.9,55,1,1
18:46:13.326,SONNOLENZA,1,173.23,1.95,0.208,-3.618,8.078,-2.828,-0.191,0.033,0.044,78.98,0.33,19.9,55,1,1
18:46:13.827,SONNOLENZA,0,0.0,0.0,0.0,-4.087,8.066,-3.555,-0.258,-0.052,-0.046,78.98,0.33,19.9,55,1,1
18:46:14.327,SONNOLENZA,1,162.02,-0.68,0.197,-4.123,8.571,-3.151,-0.096,0.071,0.082,78.98,0.49,19.9,55,1,1
18:46:14.827,SONNOLENZA,1,159.85,1.06,0.178,-4.841,8.492,-2.77,-0.171,0.098,0.025,78.98,0.39,19.9,55,1,1
18:46:15.327,SONNOLENZA,1,175.9,-13.97,0.193,-4.171,8.765,-2.684,-0.289,0.123,-0.106,78.98,0.87,19.9,55,1,1
18:46:15.827,SONNOLENZA,0,0.0,0.0,0.0,-3.646,7.966,-3.91,-0.151,-0.024,0.03,78.98,1.1,19.9,55,1,1
18:46:16.327,SONNOLENZA,1,-161.87,-19.66,0.339,-3.824,8.396,-1.817,-0.246,0.034,-0.058,78.98,1.65,19.9,55,1,1
18:46:16.827,SONNOLENZA,1,178.01,-1.69,0.202,-4.578,7.982,-2.902,-0.25,0.276,-0.242,78.98,4.83,19.9,55,1,1
18:46:17.327,SONNOLENZA,1,-172.27,26.06,0.289,-4.25,8.497,-3.017,0.237,0.164,0.008,78.98,13.64,19.9,55,1,1
18:46:17.827,SONNOLENZA,1,-173.89,-23.57,0.245,-4.262,8.042,-3.024,-0.13,0.07,0.006,78.98,25.04,19.9,55,1,1
18:46:18.327,SONNOLENZA,1,-175.03,-27.34,0.278,-4.278,8.43,-2.883,-0.264,-0.007,-0.009,78.98,0.65,19.9,55,1,1
18:46:18.827,SONNOLENZA,1,-175.91,-17.89,0.265,-3.711,8.219,-2.761,0.103,0.036,0.152,78.98,0.49,19.9,55,1,1
18:46:19.327,SONNOLENZA,1,-177.29,-23.19,0.246,-3.615,8.006,-2.871,0.216,0.067,0.076,78.98,1.65,19.9,55,1,1
18:46:19.827,SONNOLENZA,1,-177.27,-22.76,0.268,-4.477,8.545,-3.543,-0.354,-0.03,-0.094,78.98,4.45,19.9,55,1,1
18:46:20.327,SONNOLENZA,1,177.78,-8.87,0.179,-4.468,8.952,-3.747,0.059,0.249,-0.07,78.98,14.9,19.9,55,1,1
18:46:20.827,SONNOLENZA,1,178.63,-10.51,0.186,-4.106,8.423,-3.539,0.214,0.148,0.005,78.98,25.09,19.9,55,1,1
18:46:21.327,SONNOLENZA,1,172.14,-2.47,0.12,-4.017,8.339,-2.294,-0.061,-0.025,0.006,78.98,0.55,19.9,55,1,1
18:46:21.827,SONNOLENZA,1,173.41,-8.43,0.105,-4.147,8.121,-2.753,0.137,-0.103,0.047,78.98,0.93,19.9,55,1,1
18:46:22.328,SONNOLENZA,1,173.14,-6.08,0.181,-3.958,7.841,-2.531,-0.188,-0.009,-0.139,78.98,2.42,19.9,55,1,1
18:46:22.828,SONNOLENZA,1,-179.86,-18.88,0.292,-4.676,8.487,-2.986,0.041,0.017,0.048,78.98,7.19,19.9,55,1,1
18:46:23.328,SONNOLENZA,1,175.43,0.15,0.166,-4.669,8.135,-1.693,-0.028,-0.027,0.094,78.98,24.83,19.9,55,1,1
18:46:23.828,SONNOLENZA,1,175.4,-2.51,0.14,-4.209,8.832,-2.509,-0.225,0.107,-0.077,78.98,24.92,19.9,55,1,1
18:46:24.328,SONNOLENZA,1,173.67,-2.34,0.252,-4.539,8.25,-2.866,-0.068,0.171,-0.001,78.98,0.87,19.9,55,1,1
18:46:24.828,SONNOLENZA,1,172.11,-3.36,0.264,-3.924,8.085,-3.105,-0.074,0.08,-0.001,78.98,1.54,19.9,55,1,1
18:46:25.328,SONNOLENZA,1,171.86,-3.58,0.189,-4.08,7.798,-3.175,-0.06,0.05,-0.016,78.98,4.99,19.9,55,1,1
18:46:25.828,SONNOLENZA,1,171.81,-2.02,0.168,-4.434,7.661,-2.569,-0.227,-0.084,0.041,78.98,12.72,19.9,55,1,1
18:46:26.328,SONNOLENZA,1,174.82,-7.07,0.275,-4.609,7.733,-2.428,-0.321,0.077,-0.124,78.98,28.16,19.9,55,1,1
18:46:26.828,SONNOLENZA,1,173.95,-6.6,0.259,-4.288,7.618,-2.94,-0.384,-0.065,-0.048,78.98,0.55,19.9,55,1,1
18:46:27.328,SONNOLENZA,1,173.67,-8.48,0.218,-4.226,8.135,-2.847,-0.245,0.106,-0.013,78.98,0.87,19.9,55,1,1
18:46:27.828,SONNOLENZA,1,173.43,-8.27,0.258,-4.63,8.346,-3.127,-0.022,-0.109,0.122,78.98,1.65,19.9,55,1,1
18:46:28.329,SONNOLENZA,1,178.46,-20.87,0.255,-4.712,7.685,-3.316,-0.18,0.162,0.001,78.98,5.76,19.9,55,1,1
18:46:28.829,SONNOLENZA,1,174.0,-3.65,0.242,-4.451,7.549,-2.794,-0.119,0.108,-0.006,78.98,21.29,19.9,55,1,1
18:46:29.329,SONNOLENZA,1,174.99,-7.72,0.296,-4.197,7.436,-3.129,-0.277,-0.077,0.016,78.98,24.6,19.9,55,1,1
18:46:29.829,SONNOLENZA,1,173.89,-7.82,0.254,-4.664,7.865,-3.012,-0.382,-0.009,-0.088,78.98,0.55,19.9,55,1,1
18:46:30.329,SONNOLENZA,1,172.62,-1.82,0.224,-4.707,8.483,-2.442,-0.13,0.151,0.035,78.98,1.26,19.9,55,1,1
18:46:30.829,SONNOLENZA,1,172.74,-3.75,0.243,-4.142,8.157,-2.583,-0.244,0.131,-0.131,78.98,3.96,19.9,55,1,1
18:46:31.329,SONNOLENZA,1,172.66,0.99,0.254,-4.934,7.887,-2.988,-0.072,0.11,0.012,78.98,12.78,19.9,55,1,1
18:46:31.829,SONNOLENZA,1,172.91,-4.42,0.229,-4.482,8.284,-2.691,-0.212,0.104,0.031,78.98,26.36,19.9,55,1,1
18:46:32.329,SONNOLENZA,1,173.41,-6.15,0.148,-4.123,8.586,-2.792,-0.066,0.079,-0.042,78.98,18.1,19.9,55,1,1
18:46:32.829,SONNOLENZA,1,170.27,-1.98,0.068,-4.46,7.757,-2.543,-0.129,0.202,-0.158,78.98,0.71,19.9,55,1,1
18:46:33.329,SONNOLENZA,1,173.29,-4.93,0.115,-3.881,8.195,-2.648,-0.0,0.047,0.077,78.98,1.16,19.9,55,1,1
18:46:33.829,SONNOLENZA,1,173.88,-0.62,0.202,-4.566,8.176,-2.229,-0.289,0.15,-0.064,78.98,2.96,19.9,55,1,1
18:46:34.330,SONNOLENZA,1,171.27,-3.63,0.166,-3.67,8.157,-2.557,-0.293,0.152,-0.155,78.98,7.25,19.9,55,1,1
18:46:34.830,SONNOLENZA,1,173.05,-5.85,0.249,-4.901,8.729,-1.99,-0.263,-0.137,0.191,78.98,22.27,19.9,55,1,1
18:46:35.330,SONNOLENZA,1,173.83,-4.55,0.25,-3.845,8.344,-2.241,-0.369,0.314,-0.229,78.98,23.17,19.9,55,1,1
18:46:35.830,SONNOLENZA,1,168.84,-3.14,0.132,-4.049,8.353,-2.028,-0.026,0.097,0.101,78.98,0.39,19.9,55,1,1
18:46:36.330,SONNOLENZA,1,170.53,-3.84,0.114,-4.432,8.152,-2.555,0.045,0.26,-0.065,78.98,0.71,19.9,55,1,1
18:46:36.830,SONNOLENZA,1,169.1,-0.33,0.151,-4.427,8.088,-2.957,0.009,-0.009,-0.004,78.98,1.65,19.9,55,1,1
18:46:37.330,SONNOLENZA,1,176.02,-13.54,0.264,-4.276,8.09,-2.895,-0.153,-0.082,-0.034,78.98,4.45,19.9,55,1,1
18:46:37.830,SONNOLENZA,1,172.3,-2.12,0.186,-4.472,8.334,-3.031,-0.179,0.059,-0.087,78.98,11.28,19.9,55,1,1
18:46:38.330,SONNOLENZA,1,171.05,-3.07,0.129,-4.448,8.528,-2.449,-0.059,0.174,-0.033,78.98,17.6,19.9,55,1,1
18:46:38.830,SONNOLENZA,1,171.77,-1.47,0.091,-4.405,8.195,-2.516,-0.183,-0.05,-0.062,78.98,0.55,19.9,55,1,1
18:46:39.330,SONNOLENZA,1,172.33,-2.84,0.122,-4.137,8.641,-2.131,-0.122,0.014,0.038,78.98,0.93,19.9,55,1,1
18:46:39.830,SONNOLENZA,1,173.66,0.38,0.191,-3.33,9.34,-3.017,-0.007,0.155,-0.122,78.98,2.09,19.9,55,1,1
18:46:40.330,SONNOLENZA,1,170.84,18.21,0.185,-4.597,8.052,-1.609,-0.455,0.055,-0.218,78.98,3.85,19.9,55,1,1
18:46:40.830,SONNOLENZA,1,173.45,32.29,0.24,-2.957,7.8,-1.865,0.032,-0.277,0.171,78.98,6.8,19.9,55,1,1
18:46:41.331,SONNOLENZA,1,177.6,20.46,0.126,-3.824,8.212,-1.415,-0.387,0.05,-0.152,78.98,16.26,19.9,55,1,1
18:46:41.831,SONNOLENZA,1,175.12,25.24,0.232,-2.957,9.438,-1.829,-0.179,-0.121,-0.017,78.98,19.53,19.9,55,1,1
18:46:42.331,SONNOLENZA,1,173.92,34.56,0.167,-3.828,8.435,-0.946,-0.424,-0.006,-0.124,78.98,1.42,19.9,55,1,1
18:46:42.831,SONNOLENZA,1,173.03,32.71,0.113,-2.397,9.141,-2.253,0.114,-0.165,0.068,78.98,1.7,19.9,55,1,1
18:46:43.331,SONNOLENZA,1,176.15,42.59,0.242,-2.933,10.309,-1.441,-0.035,-0.221,0.077,78.98,4.34,19.9,55,1,1
18:46:43.831,SONNOLENZA,1,177.62,40.15,0.229,-2.6,9.867,-2.313,-0.021,-0.148,-0.044,78.98,4.73,19.9,55,1,1
18:46:44.331,SONNOLENZA,1,172.12,38.63,0.186,-2.95,9.493,-3.251,0.248,-0.114,0.175,78.98,8.23,19.9,55,1,1
18:46:44.831,SONNOLENZA,1,169.13,26.62,0.198,-2.576,8.916,-3.292,-0.069,0.011,0.037,78.98,14.94,19.9,55,1,1
18:46:45.331,SONNOLENZA,1,168.89,27.05,0.13,-3.294,9.294,-1.851,-0.089,-0.142,0.081,78.98,9.8,19.9,55,1,1
18:46:45.831,SONNOLENZA,1,164.05,17.03,0.069,-3.445,9.067,-2.073,0.38,-0.151,0.28,78.98,0.55,19.9,55,1,1
18:46:46.331,SONNOLENZA,1,169.23,37.59,0.112,-3.311,8.619,-2.157,-0.287,-0.001,-0.106,78.98,0.77,19.9,55,1,1
18:46:46.831,SONNOLENZA,1,170.59,31.87,0.175,-4.31,8.191,-1.604,-0.346,0.26,-0.191,78.98,1.1,19.9,55,1,1
18:46:47.331,SONNOLENZA,1,176.71,18.06,0.201,-3.697,8.056,-2.631,0.116,0.322,0.032,78.98,3.73,19.9,55,1,1
18:46:47.831,SONNOLENZA,1,175.37,23.22,0.208,-4.532,7.558,-2.037,-0.284,0.007,-0.137,78.98,11.5,19.9,55,1,1
18:46:48.331,SONNOLENZA,1,172.99,1.91,0.174,-4.786,8.54,-0.843,-0.127,0.113,-0.078,78.98,15.6,19.9,55,1,1
18:46:48.831,SONNOLENZA,1,168.95,3.21,0.18,-6.261,8.638,-0.012,-0.118,0.119,0.078,78.98,10.51,19.9,55,1,1
18:46:49.331,SONNOLENZA,1,174.54,0.98,0.175,-6.613,8.289,0.328,-0.138,0.048,0.003,78.98,0.55,19.9,55,1,1
18:46:49.831,SONNOLENZA,1,-177.38,-26.44,0.231,-4.583,7.956,-2.744,-0.16,0.081,0.018,78.98,0.39,19.9,55,1,1
18:46:50.332,SONNOLENZA,1,170.89,5.07,0.181,-4.499,8.191,-3.072,0.09,0.135,-0.003,78.98,0.39,19.9,55,1,1
18:46:50.832,SONNOLENZA,1,178.3,-3.63,0.161,-4.307,8.033,-3.069,-0.27,0.133,-0.058,78.98,0.39,19.9,55,1,1
18:46:51.332,SONNOLENZA,1,162.75,8.87,0.182,-4.63,8.303,-3.891,0.041,0.022,0.144,78.98,0.71,19.9,55,1,1
18:46:51.832,SONNOLENZA,1,178.34,17.28,0.274,-4.422,8.14,-2.765,0.042,-0.054,0.075,78.98,0.87,19.9,55,1,1
18:46:52.332,SONNOLENZA,1,175.43,12.78,0.244,-4.204,7.918,-3.019,-0.062,0.081,0.016,78.98,1.87,19.9,55,1,1
18:46:52.832,SONNOLENZA,1,172.42,9.51,0.214,-4.178,8.159,-3.1,-0.092,0.035,0.002,78.98,3.9,19.9,55,1,1
18:46:53.332,SONNOLENZA,1,169.93,4.96,0.22,-4.331,8.356,-2.686,-0.104,-0.033,-0.016,78.98,6.64,19.9,55,1,1
18:46:53.832,SONNOLENZA,1,168.66,3.89,0.181,-4.099,8.353,-2.646,-0.072,0.185,-0.025,78.98,16.97,19.9,55,1,1
18:46:54.332,SONNOLENZA,1,168.2,2.94,0.165,-3.9,8.301,-2.401,-0.139,0.202,-0.027,78.98,23.25,19.9,55,1,1
18:46:54.832,SONNOLENZA,1,168.85,4.22,0.177,-4.542,8.205,-2.389,-0.2,-0.08,0.023,78.98,21.54,19.9,55,1,1
18:46:55.332,SONNOLENZA,1,178.07,13.9,0.269,-4.578,8.329,-2.368,-0.247,0.107,-0.038,78.98,11.43,19.9,55,1,1
18:46:55.832,SONNOLENZA,1,177.93,18.69,0.273,-4.369,8.669,-2.43,-0.061,0.104,-0.001,78.98,0.65,19.9,55,1,1
18:46:56.332,SONNOLENZA,1,179.97,1.69,0.218,-4.312,7.963,-2.15,-0.171,-0.048,-0.054,78.98,0.49,19.9,55,1,1
18:46:56.832,SONNOLENZA,1,-177.99,11.61,0.238,-4.697,7.738,-2.464,-0.219,-0.008,0.015,78.98,0.49,19.9,55,1,1
18:46:57.332,SONNOLENZA,1,174.8,-28.19,0.249,-4.389,8.25,-2.928,-0.129,0.001,-0.001,78.98,0.49,19.9,55,1,1
18:46:57.832,SONNOLENZA,1,179.85,41.19,0.135,-4.532,7.875,-2.873,-0.041,0.145,-0.065,78.98,0.49,19.9,55,1,1
18:46:58.332,VIGILE,1,179.2,20.73,0.125,-4.614,8.033,-2.581,-0.253,0.152,-0.087,78.98,0.65,19.9,55,1,1
18:46:58.833,VIGILE,1,-179.91,-20.3,0.218,-4.432,7.532,-2.222,-0.178,0.174,-0.162,78.98,0.39,19.9,55,1,1
18:46:59.333,VIGILE,1,-177.3,-33.98,0.295,-4.652,6.958,-3.85,-0.283,0.195,-0.091,78.98,0.71,19.9,55,1,1
18:46:59.833,VIGILE,1,177.04,-39.23,0.337,-5.095,6.778,-3.575,-0.369,0.079,-0.057,78.98,1.59,19.9,55,1,1
18:47:00.333,VIGILE,1,179.74,-36.18,0.334,-6.153,7.324,-5.631,-0.249,0.752,-0.064,78.98,2.36,19.9,55,1,1
18:47:00.833,VIGILE,1,175.93,-34.07,0.326,-6.407,7.077,-4.731,-0.169,0.382,0.046,78.98,3.45,19.9,55,1,1
18:47:01.333,VIGILE,1,174.28,-29.39,0.222,-5.964,6.788,-4.068,-0.345,0.322,-0.131,78.98,2.19,19.9,55,1,1
18:47:01.833,VIGILE,1,175.89,-22.43,0.15,-5.265,7.025,-3.984,-0.292,0.328,-0.136,78.98,0.55,19.9,55,1,1
18:47:02.333,VIGILE,1,179.24,-18.8,0.269,-5.049,7.503,-3.519,-0.297,0.144,0.006,78.98,0.87,19.9,55,1,1
18:47:02.833,VIGILE,1,172.06,-20.08,0.275,-4.477,7.379,-3.275,-0.45,0.245,-0.216,78.98,1.1,19.9,55,1,1
18:47:03.333,VIGILE,1,173.73,-18.19,0.271,-4.913,7.539,-3.577,-0.329,0.013,-0.012,78.98,1.7,19.9,55,1,1
18:47:03.833,VIGILE,1,176.86,-23.41,0.26,-4.901,7.58,-3.723,-0.019,0.147,0.096,78.98,3.68,19.9,55,1,1
18:47:04.333,VIGILE,1,175.28,-21.42,0.196,-4.999,7.489,-3.847,-0.361,0.155,-0.08,78.98,9.47,19.9,55,1,1
18:47:04.834,VIGILE,1,174.74,-21.17,0.271,-4.812,7.195,-3.926,-0.075,0.243,-0.115,78.98,14.16,19.9,55,1,1
18:47:05.334,VIGILE,1,175.59,-19.44,0.298,-5.028,7.072,-3.314,-0.299,0.2,-0.061,78.98,0.65,19.9,55,1,1
18:47:05.834,VIGILE,1,175.64,-9.17,0.274,-4.918,6.946,-3.96,-0.071,0.204,-0.087,78.98,0.55,19.9,55,1,1
18:47:06.334,VIGILE,1,174.37,-13.44,0.279,-4.724,7.939,-2.883,-0.451,0.215,-0.24,78.98,0.77,19.9,55,1,1
18:47:06.834,VIGILE,1,175.23,25.36,0.249,-5.064,7.223,-3.057,-0.221,-0.057,0.039,78.98,1.7,19.9,55,1,1
18:47:07.334,VIGILE,1,174.93,48.37,0.341,-4.63,7.738,-3.115,-0.401,0.323,-0.196,78.98,3.96,19.9,55,1,1
18:47:07.834,VIGILE,1,175.44,3.91,0.297,-4.252,8.095,-3.412,-0.354,0.171,-0.203,78.98,9.81,19.9,55,1,1
18:47:08.334,VIGILE,1,176.62,4.94,0.3,-4.492,8.727,-3.855,0.271,0.084,0.179,78.98,20.89,19.9,55,1,1
18:47:08.834,VIGILE,1,175.26,0.75,0.295,-3.888,8.25,-3.06,-0.099,-0.041,0.097,78.98,12.91,19.9,55,1,1
18:47:09.334,VIGILE,1,175.24,-5.26,0.289,-3.943,8.121,-3.627,0.039,-0.188,0.065,78.98,0.55,19.9,55,1,1
18:47:09.834,VIGILE,1,176.91,-6.6,0.295,-4.041,8.392,-2.904,-0.07,-0.067,0.07,78.98,0.99,19.9,55,1,1
18:47:10.334,VIGILE,1,-179.51,-21.85,0.275,-4.231,8.145,-2.866,0.049,-0.107,0.136,78.98,2.64,19.9,55,1,1
18:47:10.834,VIGILE,1,177.08,-16.52,0.24,-3.725,7.7,-0.915,-0.493,0.029,-0.088,78.98,6.86,19.9,55,1,1
18:47:11.334,VIGILE,1,176.32,-1.56,0.269,-4.614,9.184,-3.026,-0.038,0.037,0.005,78.98,14.62,19.9,55,1,1
18:47:11.834,VIGILE,1,175.31,7.02,0.263,-4.266,9.371,-2.069,0.226,0.069,0.082,78.98,2.87,19.9,55,1,1
18:47:12.334,VIGILE,1,166.46,-53.63,0.306,-3.012,9.311,-1.961,-0.116,0.189,-0.41,78.98,4.19,19.9,55,1,1
18:47:12.834,VIGILE,1,170.39,-36.18,0.236,-4.106,8.832,-1.762,-0.002,-0.163,0.188,78.98,5.63,19.9,55,1,1
18:47:13.334,VIGILE,1,178.1,31.4,0.337,-2.636,10.491,-1.434,0.406,-0.256,0.343,78.98,11.95,19.9,55,1,1
18:47:13.834,VIGILE,1,177.28,32.13,0.298,-2.152,9.608,-0.948,-0.063,-0.185,0.018,78.98,14.69,19.9,55,1,1
18:47:14.335,VIGILE,1,177.04,31.7,0.32,-3.414,9.732,-0.826,0.415,-0.284,0.325,78.98,20.31,19.9,55,1,1
18:47:14.835,VIGILE,1,177.84,33.63,0.358,-3.699,8.507,-0.869,-0.054,-0.057,-0.104,78.98,17.92,19.9,55,1,1
18:47:15.335,VIGILE,1,-179.23,31.64,0.342,-4.726,8.274,0.335,-0.003,-0.224,0.08,78.98,8.95,19.9,55,1,1
18:47:15.835,VIGILE,1,179.33,34.14,0.309,-3.215,8.552,-1.935,0.077,-0.238,0.07,78.98,13.93,19.9,55,1,1
18:47:16.335,VIGILE,1,-179.13,20.43,0.324,-3.163,8.957,-2.409,-0.066,-0.055,-0.05,78.98,16.33,19.9,55,1,1
18:47:16.835,VIGILE,1,179.73,24.3,0.279,-4.14,8.408,-3.859,-0.849,0.253,-0.627,78.98,14.3,19.9,55,1,1
18:47:17.335,VIGILE,1,-179.71,20.76,0.298,-3.223,8.073,-4.549,-0.009,0.104,0.222,78.98,2.25,19.9,55,1,1
18:47:17.835,VIGILE,1,179.18,20.56,0.29,-3.912,8.938,-3.649,0.092,-0.026,0.22,78.98,4.01,19.9,55,1,1
18:47:18.335,VIGILE,1,-179.51,14.62,0.328,-2.82,8.739,-2.636,-0.096,-0.022,-0.068,78.98,8.3,19.9,55,1,1
18:47:18.835,VIGILE,1,-177.4,30.39,0.294,-2.816,8.21,-2.746,-0.107,0.016,-0.084,78.98,13.38,19.9,55,1,1
18:47:19.335,VIGILE,1,-178.27,7.85,0.315,-3.345,8.904,-2.863,-0.336,-0.318,-0.088,78.98,28.73,19.9,55,1,1
18:47:19.835,VIGILE,1,-179.36,10.09,0.297,-4.171,8.933,-4.073,0.081,0.169,0.051,78.98,23.2,19.9,55,1,1
18:47:20.335,VIGILE,1,176.97,-6.13,0.286,-2.509,10.195,-3.831,0.26,0.418,-0.336,78.98,0.39,19.9,55,1,1
18:47:20.835,VIGILE,1,171.17,-4.29,0.244,-4.089,8.571,-3.646,0.236,0.001,0.171,78.98,0.55,19.9,55,1,1
18:47:21.335,VIGILE,1,173.6,-8.86,0.178,-2.95,8.586,-3.922,0.526,0.08,0.154,78.98,0.77,19.9,55,1,1
18:47:21.835,VIGILE,1,174.56,-5.01,0.297,-3.469,9.012,-3.558,-0.018,-0.023,-0.019,78.98,2.86,19.9,55,1,1
18:47:22.335,VIGILE,1,170.73,-1.09,0.237,-4.269,8.152,-4.314,-0.087,-0.078,0.027,78.98,10.33,19.9,55,1,1
18:47:22.836,VIGILE,1,171.91,-6.08,0.261,-3.845,7.494,-1.87,-0.277,-0.542,0.108,78.98,25.47,19.9,55,1,1
18:47:23.336,VIGILE,1,174.41,-7.66,0.276,-3.926,7.848,-2.758,-0.151,0.111,-0.102,78.98,38.33,19.9,55,1,1
18:47:23.836,VIGILE,1,173.2,-5.55,0.284,-5.265,8.155,-2.255,-0.251,0.001,0.011,78.98,1.04,19.9,55,1,1
18:47:24.336,VIGILE,1,175.67,-20.73,0.267,-3.479,9.115,-2.014,0.186,0.267,-0.211,78.98,1.65,19.9,55,1,1
18:47:24.836,VIGILE,1,178.17,-13.82,0.312,-4.889,9.4,-4.937,0.657,-0.085,0.221,78.98,2.8,19.9,55,1,1
18:47:25.336,VIGILE,1,175.51,7.05,0.246,-4.463,8.049,-2.112,-0.962,0.273,-0.521,78.98,1.7,19.9,55,1,1
18:47:25.836,VIGILE,1,174.35,7.19,0.298,-4.867,7.805,-3.797,-0.133,-0.079,0.08,78.98,5.01,19.9,55,1,1
18:47:26.336,VIGILE,1,169.74,7.09,0.158,-4.063,8.454,-2.531,-0.22,0.096,0.048,78.98,9.94,19.9,55,1,1
18:47:26.836,VIGILE,1,173.15,8.29,0.279,-4.92,8.466,-4.266,0.157,0.345,0.096,78.98,27.6,19.9,55,1,1
18:47:27.336,VIGILE,1,174.71,10.38,0.317,-3.728,8.622,-3.069,-0.375,0.107,-0.271,78.98,29.1,19.9,55,1,1
18:47:27.836,VIGILE,1,177.74,5.85,0.302,-3.443,8.842,-2.423,0.261,0.049,0.165,78.98,0.39,19.9,55,1,1
18:47:28.336,VIGILE,1,175.19,2.01,0.285,-2.77,8.282,-1.638,0.06,0.045,0.072,78.98,0.55,19.9,55,1,1
18:47:28.836,VIGILE,1,175.42,3.19,0.286,-3.275,10.503,1.844,-1.321,-0.237,-0.289,78.98,1.04,19.9,55,1,1
18:47:29.336,VIGILE,1,175.6,3.41,0.206,-3.716,9.129,-3.165,-0.159,0.233,-0.496,78.98,1.54,19.9,55,1,1
18:47:29.836,VIGILE,1,-179.29,-20.19,0.282,-2.152,6.665,-2.473,0.324,-0.034,0.085,78.98,4.73,19.9,55,1,1
18:47:30.336,VIGILE,1,178.76,25.67,0.238,-1.245,7.075,-4.391,0.617,-0.214,0.145,78.98,14.48,19.9,55,1,1
18:47:30.836,DISTRAZIONE,1,178.42,2.58,0.319,-2.5,6.977,-1.729,-0.453,0.084,-0.034,78.98,32.66,19.9,55,1,1
18:47:31.337,DISTRAZIONE,1,176.38,39.88,0.266,-2.243,8.873,-5.969,0.865,-0.688,1.265,78.98,9.35,19.9,55,1,1
18:47:31.837,DISTRAZIONE,0,0.0,0.0,0.0,-4.41,8.538,-2.887,-0.081,-0.051,0.074,78.98,0.65,19.9,55,1,1
18:47:32.337,DISTRAZIONE,1,-172.01,73.94,0.56,-4.424,8.205,-3.22,0.49,-0.05,0.24,78.98,1.04,19.9,55,1,1
18:47:32.837,DISTRAZIONE,0,0.0,0.0,0.0,-3.898,7.649,-2.54,-0.207,0.16,-0.105,78.98,1.7,19.9,55,1,1
18:47:33.337,DISTRAZIONE,1,148.54,68.92,0.315,-5.011,8.258,-1.97,-0.186,0.176,-0.161,78.98,5.05,19.9,55,1,1
18:47:33.837,DISTRAZIONE,0,0.0,0.0,0.0,-4.233,7.142,-3.127,-0.291,0.093,-0.319,78.98,18.59,19.9,55,1,1
18:47:34.337,DISTRAZIONE,1,168.86,78.21,0.684,-4.796,8.49,-3.086,0.192,0.188,0.062,78.98,45.12,19.9,55,1,1
18:47:34.837,DISTRAZIONE,0,0.0,0.0,0.0,-5.219,8.389,-2.176,-0.119,0.092,0.035,78.98,1.26,19.9,55,1,1
18:47:35.337,DISTRAZIONE,0,0.0,0.0,0.0,-5.222,7.697,-2.713,-0.209,0.216,-0.091,78.98,0.39,19.9,55,1,1
18:47:35.837,DISTRAZIONE,0,0.0,0.0,0.0,-4.932,7.819,-2.684,-0.059,-0.003,0.183,78.98,0.77,19.9,55,1,1
18:47:36.337,DISTRAZIONE,1,176.36,27.81,0.354,-4.554,7.774,-2.782,-0.487,-0.046,-0.016,78.98,2.64,19.9,55,1,1
18:47:36.837,DISTRAZIONE,1,172.89,37.21,0.274,-4.247,8.842,-2.679,1.392,-0.21,1.086,78.98,9.99,19.9,55,1,1
18:47:37.337,DISTRAZIONE,1,-178.57,-28.01,0.32,-4.549,8.784,-2.521,-0.142,0.138,-0.101,78.98,20.22,19.9,55,1,1
18:47:37.837,DISTRAZIONE,1,-179.96,34.2,0.301,-4.065,8.356,-2.583,-0.026,0.127,-0.127,78.98,21.84,19.9,55,1,1
18:47:38.337,DISTRAZIONE,0,0.0,0.0,0.0,-4.743,8.669,-2.025,-0.228,-0.035,-0.017,78.98,0.39,19.9,55,1,1
18:47:38.837,DISTRAZIONE,1,-172.7,48.94,0.348,-4.487,8.614,-1.798,-0.495,0.11,-0.151,78.98,0.49,19.9,55,1,1
18:47:39.337,DISTRAZIONE,1,-174.38,31.4,0.201,-4.029,8.499,-2.957,-0.164,-0.003,-0.068,78.98,0.49,19.9,55,1,1
18:47:39.837,DISTRAZIONE,1,-176.05,32.53,0.196,-4.168,8.325,-2.643,-0.331,-0.022,-0.074,78.98,0.49,19.9,55,1,1
18:47:40.338,DISTRAZIONE,1,-176.44,49.82,0.363,-3.773,8.511,-3.175,0.002,-0.033,0.042,78.98,0.49,19.9,55,1,1
18:47:40.838,DISTRAZIONE,1,-175.23,29.79,0.234,-4.664,8.258,-2.667,-0.29,0.301,-0.515,78.98,0.65,19.9,55,1,1
18:47:41.338,DISTRAZIONE,1,-178.26,28.93,0.287,-4.295,8.042,-1.858,-0.02,-0.063,0.132,78.98,0.93,19.9,55,1,1
18:47:41.838,DISTRAZIONE,1,-173.22,35.19,0.32,-4.336,8.119,-2.212,-0.826,0.122,-0.319,78.98,2.8,19.9,55,1,1
18:47:42.338,DISTRAZIONE,1,-170.76,45.56,0.328,-4.606,8.741,-1.997,0.173,0.108,0.057,78.98,10.86,19.9,55,1,1
18:47:42.838,DISTRAZIONE,1,-173.47,31.98,0.206,-3.069,9.143,-2.425,0.34,-0.045,0.173,78.98,34.96,19.9,55,1,1
18:47:43.338,DISTRAZIONE,1,-177.9,40.67,0.351,-3.879,8.059,-1.985,0.125,-0.007,0.017,78.98,34.17,19.9,55,1,1
18:47:43.838,DISTRAZIONE,1,-171.45,45.74,0.254,-2.588,7.63,-3.282,0.059,-0.104,0.072,78.98,0.71,19.9,55,1,1
18:47:44.338,DISTRAZIONE,1,-169.29,57.15,0.252,-5.349,7.487,-1.144,-1.122,-0.15,-0.333,78.98,0.49,19.9,55,1,1
18:47:44.838,DISTRAZIONE,1,-178.19,41.23,0.359,-3.812,8.516,-3.299,0.348,-0.092,0.276,78.98,0.49,19.9,55,1,1
18:47:45.338,DISTRAZIONE,1,-176.12,36.57,0.352,-4.58,7.712,-3.158,0.117,0.082,-0.052,78.98,0.49,19.9,55,1,1
18:47:45.838,DISTRAZIONE,1,-172.68,33.32,0.206,-5.332,7.561,-2.593,-0.26,0.131,0.055,78.98,0.87,19.9,55,1,1
18:47:46.338,DISTRAZIONE,1,-174.0,31.68,0.246,-5.377,7.365,-2.638,-0.427,0.145,-0.061,78.98,2.96,19.9,55,1,1
18:47:46.838,DISTRAZIONE,1,-173.14,38.18,0.325,-6.369,6.278,-2.282,-0.087,-0.627,0.578,78.98,12.67,19.9,55,1,1
18:47:47.338,DISTRAZIONE,1,-168.81,26.94,0.145,-4.417,8.171,-3.316,0.626,-0.112,0.65,78.98,41.48,19.9,55,1,1
18:47:47.838,DISTRAZIONE,1,-171.52,33.26,0.362,-5.107,7.513,-2.298,-0.224,0.36,-0.11,78.98,50.62,19.9,55,1,1
18:47:48.338,DISTRAZIONE,1,-173.47,20.31,0.354,-5.339,7.587,-2.38,-0.466,0.073,-0.13,78.98,0.93,19.9,55,1,1
18:47:48.839,DISTRAZIONE,1,-174.37,6.72,0.306,-5.16,7.365,-2.346,-0.309,0.032,-0.084,78.98,0.77,19.9,55,1,1
18:47:49.339,DISTRAZIONE,1,-179.2,29.34,0.131,-5.792,8.796,-2.119,0.314,-0.427,0.76,78.98,0.93,19.9,55,1,1
18:47:49.839,DISTRAZIONE,1,-172.36,48.6,0.316,-5.277,7.91,-2.318,-0.045,0.28,-0.114,78.98,1.48,19.9,55,1,1
18:47:50.339,DISTRAZIONE,1,-178.46,49.74,0.286,-5.025,7.558,-2.907,-0.262,0.245,-0.248,78.98,1.16,19.9,55,1,1
18:47:50.839,DISTRAZIONE,0,0.0,0.0,0.0,-4.961,7.575,-2.775,0.133,0.308,-0.237,78.98,1.7,19.9,55,1,1
18:47:51.339,DISTRAZIONE,0,0.0,0.0,0.0,-4.113,8.492,-1.937,0.229,-0.069,0.28,78.98,1.48,19.9,55,1,1
18:47:51.839,DISTRAZIONE,1,171.6,5.08,0.269,-4.549,7.915,-1.556,-0.381,0.399,-0.516,78.98,3.02,19.9,55,1,1
18:47:52.339,DISTRAZIONE,1,179.63,44.45,0.254,-4.238,7.944,-3.371,-0.329,-0.015,0.055,78.98,6.65,19.9,55,1,1
18:47:52.839,DISTRAZIONE,0,0.0,0.0,0.0,-3.601,8.305,-3.084,-0.489,-0.067,-0.078,78.98,21.59,19.9,55,1,1
18:47:53.339,DISTRAZIONE,0,0.0,0.0,0.0,-4.123,7.508,-2.672,-0.148,0.024,-0.021,78.98,46.33,19.9,55,1,1
18:47:53.839,DISTRAZIONE,1,-174.3,1.43,0.211,-4.858,7.649,-2.2,-0.076,-0.035,0.343,78.98,40.73,19.9,55,1,1
18:47:54.339,DISTRAZIONE,1,167.65,26.49,0.246,-4.147,9.752,-2.545,0.052,0.12,0.176,78.98,0.39,19.9,55,1,1
18:47:54.839,DISTRAZIONE,0,0.0,0.0,0.0,-4.108,9.031,-4.798,-0.185,0.334,0.193,78.98,0.49,19.9,55,1,1
18:47:55.339,DISTRAZIONE,1,-174.53,38.77,0.307,-4.099,7.183,-2.672,-0.52,0.222,-0.304,78.98,0.49,19.9,55,1,1
18:47:55.839,DISTRAZIONE,1,-167.52,38.82,0.328,-5.552,7.29,-3.361,-0.124,-0.104,0.049,78.98,0.49,19.9,55,1,1
18:47:56.339,DISTRAZIONE,1,-166.43,44.53,0.338,-3.338,7.606,-3.134,-0.127,-0.016,0.042,78.98,0.65,19.9,55,1,1
18:47:56.839,VIGILE,1,-171.34,35.69,0.249,-4.877,8.461,-3.996,-0.035,0.169,-0.076,78.98,0.87,19.9,55,1,1
18:47:57.340,VIGILE,1,-173.52,39.82,0.13,-3.986,6.852,-4.08,-1.459,0.41,-1.393,78.98,1.65,19.9,55,1,1
18:47:57.840,VIGILE,1,-175.13,2.03,0.235,-4.451,10.582,-7.695,1.392,0.268,-0.119,78.98,4.56,19.9,55,1,1
18:47:58.340,VIGILE,1,178.67,-15.42,0.305,-3.936,8.768,-2.416,0.638,-0.063,0.542,78.98,22.81,19.9,55,1,1
18:47:58.840,VIGILE,1,173.68,-13.27,0.285,-4.226,8.586,-2.902,-0.001,0.086,0.146,78.98,60.95,19.9,55,1,1
18:47:59.340,VIGILE,1,171.82,3.08,0.34,-4.298,8.516,-2.794,-0.233,-0.044,0.095,78.98,2.62,19.9,55,1,1
18:47:59.840,VIGILE,1,179.75,-0.75,0.316,-3.879,7.642,-3.287,-0.145,0.117,0.041,78.98,1.7,19.9,55,1,1
18:48:00.340,VIGILE,1,-179.07,-20.27,0.301,-4.276,7.97,-3.862,-0.098,0.086,-0.084,78.98,4.67,19.9,55,1,1
18:48:00.840,VIGILE,1,175.16,-7.37,0.302,-3.713,8.461,-2.085,-0.011,0.212,-0.054,78.98,13.64,19.9,55,1,1
18:48:01.340,VIGILE,1,176.65,-6.93,0.311,-4.369,8.238,-1.597,-0.551,0.242,-0.204,78.98,21.05,19.9,55,1,1
18:48:01.840,VIGILE,1,177.16,2.48,0.332,-3.986,8.571,-2.531,-0.029,0.069,-0.06,78.98,17.88,19.9,55,1,1
18:48:02.340,VIGILE,1,178.48,1.44,0.326,-4.446,8.55,-2.485,0.164,-0.044,0.157,78.98,0.65,19.9,55,1,1
18:48:02.840,VIGILE,1,177.81,-27.52,0.284,-4.597,9.179,-1.073,0.262,0.071,0.315,78.98,0.39,19.9,55,1,1
18:48:03.340,VIGILE,0,0.0,0.0,0.0,-3.438,7.784,-2.385,0.266,0.109,0.014,78.98,0.39,19.9,55,1,1
18:48:03.840,VIGILE,1,176.09,-33.53,0.381,-3.618,9.148,-2.076,-0.335,0.163,-0.041,78.98,0.65,19.9,55,1,1
18:48:04.340,VIGILE,1,175.42,32.38,0.33,-3.247,8.832,-2.114,-0.461,0.074,-0.27,78.98,0.55,19.9,55,1,1
18:48:04.840,VIGILE,1,173.62,11.23,0.326,-3.603,9.199,-2.363,0.114,-0.072,0.073,78.98,1.26,19.9,55,1,1
18:48:05.340,VIGILE,1,176.28,11.22,0.297,-3.534,8.734,-2.014,-0.607,0.042,-0.313,78.98,5.81,19.9,55,1,1
18:48:05.841,VIGILE,1,177.73,-19.76,0.305,-3.845,8.571,-2.423,-0.262,0.179,-0.337,78.98,1.7,19.9,55,1,1
18:48:06.341,VIGILE,1,174.93,-32.63,0.311,-4.891,7.556,-2.768,-0.154,0.133,-0.048,78.98,4.28,19.9,55,1,1
18:48:06.841,VIGILE,1,172.19,-38.74,0.397,-6.522,6.416,-1.894,-0.341,0.188,-0.082,78.98,7.96,19.9,55,1,1
18:48:07.341,VIGILE,1,179.64,-33.93,0.321,-6.393,6.977,-3.012,-0.4,0.357,-0.159,78.98,10.31,19.9,55,1,1
18:48:07.841,VIGILE,1,175.26,-40.83,0.373,-6.445,6.366,-3.148,-0.339,0.359,-0.102,78.98,9.77,19.9,55,1,1
18:48:08.341,VIGILE,1,177.35,-39.03,0.339,-6.859,6.534,-3.725,-0.385,0.516,-0.061,78.98,9.69,19.9,55,1,1
18:48:08.841,VIGILE,1,179.31,-42.06,0.334,-6.653,6.412,-3.737,-0.365,0.433,-0.157,78.98,8.38,19.9,55,1,1
18:48:09.341,VIGILE,1,-179.57,-36.1,0.322,-6.919,5.21,-3.826,-0.436,0.484,-0.278,78.98,1.26,19.9,55,1,1
18:48:09.841,VIGILE,1,-178.75,-22.63,0.278,-6.551,6.835,-4.329,-0.577,0.611,-0.428,78.98,2.19,19.9,55,1,1
18:48:10.341,VIGILE,1,179.74,-11.56,0.324,-5.562,6.12,-4.717,-0.718,0.378,-0.354,78.98,4.45,19.9,55,1,1
18:48:10.841,VIGILE,1,178.9,2.9,0.305,-4.633,7.187,-4.441,-0.153,0.343,-0.08,78.98,10.24,19.9,55,1,1
18:48:11.341,VIGILE,1,176.63,11.48,0.312,-3.903,7.676,-3.982,-0.046,0.076,0.131,78.98,9.25,19.9,55,1,1
18:48:11.841,VIGILE,1,172.19,19.37,0.307,-4.432,7.235,-2.497,-0.077,-0.053,-0.068,78.98,0.87,19.9,55,1,1
18:48:12.341,VIGILE,1,177.25,16.05,0.289,-1.966,8.598,-2.006,0.631,-0.057,0.326,78.98,2.03,19.9,55,1,1
18:48:12.841,VIGILE,1,173.57,10.79,0.257,-2.962,8.586,-3.239,-0.267,0.052,-0.089,78.98,5.87,19.9,55,1,1
18:48:13.341,VIGILE,1,-178.07,31.16,0.293,-3.383,8.531,-2.263,-0.649,0.105,-0.187,78.98,15.65,19.9,55,1,1
18:48:13.842,VIGILE,1,177.7,15.11,0.297,-2.861,9.457,-2.794,-0.421,-0.1,-0.173,78.98,23.56,19.9,55,1,1
18:48:14.342,VIGILE,1,176.95,28.84,0.315,-2.988,9.069,-3.141,0.049,-0.051,-0.102,78.98,0.39,19.9,55,1,1
18:48:14.842,VIGILE,1,177.72,6.07,0.307,-2.713,9.244,-4.424,-0.029,0.172,-0.033,78.98,0.39,19.9,55,1,1
18:48:15.342,VIGILE,1,178.14,12.58,0.348,-2.756,7.848,-2.895,-0.137,-0.188,0.028,78.98,0.93,19.9,55,1,1
18:48:15.842,VIGILE,1,175.21,4.68,0.315,-2.99,8.43,-3.112,-0.146,-0.131,-0.047,78.98,2.96,19.9,55,1,1
18:48:16.342,VIGILE,1,176.39,-10.63,0.291,-3.227,8.602,-3.036,-0.192,-0.108,0.07,78.98,13.31,19.9,55,1,1
18:48:16.842,VIGILE,1,177.66,-3.55,0.29,-2.562,8.095,-3.792,-0.003,0.051,0.006,78.98,13.12,19.9,55,1,1
18:48:17.342,VIGILE,1,178.49,-0.59,0.304,-2.722,8.301,-3.929,-0.045,0.034,-0.004,78.98,0.39,19.9,55,1,1
18:48:17.842,VIGILE,1,176.51,-7.3,0.306,-2.765,8.377,-3.077,-0.115,0.051,0.05,78.98,0.55,19.9,55,1,1
18:48:18.342,VIGILE,1,177.41,-5.47,0.284,-3.163,8.868,-2.32,-0.147,-0.2,-0.029,78.98,2.03,19.9,55,1,1
18:48:18.842,VIGILE,1,177.02,-0.28,0.302,-3.172,9.191,-2.99,-0.287,0.204,0.037,78.98,10.03,19.9,55,1,1
18:48:19.342,VIGILE,1,-179.03,-5.8,0.292,-3.634,9.074,-2.497,-0.046,0.234,-0.015,78.98,24.11,19.9,55,1,1
18:48:19.842,VIGILE,1,174.76,-1.11,0.316,-3.886,8.112,-3.235,-0.205,-0.131,-0.092,78.98,0.39,19.9,55,1,1
18:48:20.342,VIGILE,1,169.77,10.04,0.234,-3.819,8.133,-2.859,-0.15,-0.031,-0.006,78.98,0.71,19.9,55,1,1
18:48:20.842,VIGILE,1,177.18,13.61,0.3,-3.819,7.793,-3.338,-0.16,0.054,0.083,78.98,2.25,19.9,55,1,1
18:48:21.342,VIGILE,1,173.87,-3.91,0.26,-4.202,7.992,-3.302,-0.264,-0.012,0.161,78.98,11.07,19.9,55,1,1
18:48:21.842,VIGILE,1,177.99,1.09,0.288,-4.226,7.851,-2.387,-0.134,-0.119,0.028,78.98,23.29,19.9,55,1,1
18:48:22.342,VIGILE,1,175.46,1.81,0.301,-3.903,8.279,-3.903,-0.152,0.189,-0.036,78.98,0.65,19.9,55,1,1
18:48:22.843,VIGILE,1,178.14,9.65,0.303,-4.757,7.772,-2.911,-0.122,-0.102,-0.053,78.98,0.39,19.9,55,1,1
18:48:23.343,VIGILE,1,174.66,5.6,0.203,-3.977,7.551,-2.619,-0.183,-0.104,0.037,78.98,0.87,19.9,55,1,1
18:48:23.843,VIGILE,1,178.61,-1.53,0.201,-3.974,7.937,-3.062,-0.201,0.035,0.097,78.98,1.65,19.9,55,1,1
18:48:24.343,MALORE,1,177.21,0.75,0.304,-4.015,7.822,-2.966,-0.1,0.028,-0.162,78.98,2.62,19.9,55,1,1
18:48:24.843,MALORE,0,0.0,0.0,0.0,-4.245,8.085,-1.923,0.062,0.058,0.002,78.98,0.55,19.9,55,1,1
18:48:25.343,MALORE,0,0.0,0.0,0.0,-4.848,8.851,-3.021,-0.149,0.202,-0.244,78.98,1.48,19.9,55,1,1
18:48:25.843,MALORE,0,0.0,0.0,0.0,-3.859,7.606,-1.839,-0.199,-0.007,0.07,78.98,3.96,19.9,55,1,1
18:48:26.343,MALORE,0,0.0,0.0,0.0,-4.322,8.26,-2.607,0.172,-0.042,0.124,78.98,16.86,19.9,55,1,1
18:48:26.843,MALORE,0,0.0,0.0,0.0,-4.508,8.193,-2.454,-0.164,0.021,0.049,78.98,14.6,19.9,55,1,1
18:48:27.343,MALORE,0,0.0,0.0,0.0,-4.875,8.313,-3.091,-0.052,-0.062,0.022,78.98,0.55,19.9,55,1,1
18:48:27.843,MALORE,0,0.0,0.0,0.0,-4.891,7.966,-2.545,-0.11,0.079,-0.046,78.98,1.26,19.9,55,1,1
18:48:28.343,MALORE,0,0.0,0.0,0.0,-4.192,8.064,-2.933,-0.122,0.053,-0.144,78.98,3.9,19.9,55,1,1
18:48:28.843,MALORE,0,0.0,0.0,0.0,-4.135,8.282,-2.342,-0.066,-0.04,0.136,78.98,14.67,19.9,55,1,1
18:48:29.343,MALORE,1,-154.33,25.71,0.304,-4.812,7.709,-2.662,-0.123,-0.096,-0.05,78.98,17.01,19.9,55,1,1
18:48:29.843,MALORE,0,0.0,0.0,0.0,-4.324,8.636,-2.708,-0.29,-0.022,0.03,78.98,0.39,19.9,55,1,1
18:48:30.343,MALORE,1,160.7,-16.76,0.212,-3.371,7.365,-3.112,-0.052,0.456,-0.153,78.98,0.71,19.9,55,1,1
18:48:30.843,MALORE,1,146.33,-6.29,0.194,-4.568,7.91,-2.025,-0.199,0.006,0.075,78.98,2.42,19.9,55,1,1
18:48:31.344,MALORE,1,145.06,-2.27,0.155,-3.551,8.073,-1.935,-0.145,-0.001,0.007,78.98,8.23,19.9,55,1,1
18:48:31.844,MALORE,1,144.52,-1.94,0.149,-4.365,8.337,-2.128,-0.118,0.042,-0.025,78.98,20.4,19.9,55,1,1
18:48:32.344,MALORE,1,143.95,-1.53,0.159,-4.525,8.799,-2.926,-0.047,0.167,-0.098,78.98,9.35,19.9,55,1,1
18:48:32.844,MALORE,1,145.63,-0.62,0.19,-4.913,8.622,-3.309,-0.475,-0.006,-0.265,78.98,0.39,19.9,55,1,1
18:48:33.344,MALORE,1,145.35,-3.37,0.184,-3.955,8.147,-2.088,-0.136,0.138,0.075,78.98,0.77,19.9,55,1,1
18:48:33.844,MALORE,1,147.28,0.87,0.176,-5.27,7.659,-2.904,0.048,0.115,-0.177,78.98,2.09,19.9,55,1,1
18:48:34.344,MALORE,0,0.0,0.0,0.0,-4.254,8.308,-2.82,-0.281,0.306,-0.213,78.98,6.2,19.9,55,1,1
18:48:34.844,MALORE,1,-175.98,-23.41,0.297,-4.429,7.954,-4.094,-0.323,0.022,-0.052,78.98,16.13,19.9,55,1,1
18:48:35.344,MALORE,1,-174.44,35.94,0.307,-4.324,7.561,-3.191,-0.269,-0.022,-0.023,78.98,0.65,19.9,55,1,1
18:48:35.844,MALORE,1,-164.66,30.03,0.143,-4.269,7.977,-2.461,-0.269,0.118,0.002,78.98,0.49,19.9,55,1,1
18:48:36.344,MALORE,1,-179.88,4.29,0.29,-4.853,8.509,-2.564,-0.385,0.217,-0.107,78.98,0.71,19.9,55,1,1
18:48:36.844,VIGILE,1,175.41,12.83,0.275,-3.706,7.774,-2.909,-0.334,-0.021,-0.102,78.98,2.47,19.9,55,1,1
18:48:37.344,VIGILE,1,169.35,3.09,0.272,-4.094,7.86,-3.548,0.111,-0.132,0.043,78.98,14.21,19.9,55,1,1
18:48:37.844,VIGILE,1,168.32,2.85,0.306,-3.632,8.315,-3.639,-0.562,0.098,-0.289,78.98,39.81,19.9,55,1,1
18:48:38.344,VIGILE,1,173.76,0.34,0.31,-4.25,8.614,-3.917,0.244,0.21,-0.005,78.98,0.65,19.9,55,1,1
18:48:38.844,VIGILE,1,173.99,-1.64,0.251,-3.807,7.707,-3.144,-0.22,0.276,-0.095,78.98,0.65,19.9,55,1,1
18:48:39.344,VIGILE,1,170.95,-2.81,0.237,-4.381,8.126,-2.94,-0.031,0.013,0.001,78.98,1.26,19.9,55,1,1
18:48:39.845,VIGILE,1,174.99,-1.67,0.305,-4.108,8.578,-4.207,-0.206,0.05,-0.18,78.98,6.59,19.9,55,1,1
18:48:40.345,VIGILE,1,172.04,4.58,0.196,-3.974,7.566,-2.923,-0.311,-0.213,-0.051,78.98,30.27,19.9,55,1,1
18:48:40.845,VIGILE,1,172.43,0.16,0.283,-4.19,7.542,-2.933,-0.216,0.044,0.09,78.98,0.39,19.9,55,1,1
18:48:41.345,VIGILE,1,169.41,-1.0,0.245,-3.546,8.054,-3.448,-0.031,-0.007,0.049,78.98,0.71,19.9,55,1,1
18:48:41.845,VIGILE,1,171.68,4.18,0.302,-4.441,7.705,-2.698,-0.243,-0.124,0.025,78.98,1.7,19.9,55,1,1
18:48:42.345,VIGILE,1,174.2,-3.04,0.3,-4.563,8.562,-2.725,-0.249,0.1,-0.068,78.98,6.09,19.9,55,1,1
18:48:42.845,VIGILE,1,-179.66,-24.77,0.282,-3.938,7.7,-2.662,-0.403,0.021,-0.108,78.98,21.82,19.9,55,1,1
18:48:43.345,VIGILE,1,175.89,-9.42,0.099,-4.154,8.145,-3.357,-0.072,-0.056,0.11,78.98,0.39,19.9,55,1,1
18:48:43.845,VIGILE,1,173.62,-5.16,0.289,-4.137,7.81,-3.132,-0.184,0.067,-0.11,78.98,0.87,19.9,55,1,1
18:48:44.345,VIGILE,1,175.42,5.89,0.248,-4.389,8.181,-3.697,-0.187,-0.157,0.071,78.98,1.7,19.9,55,1,1
18:48:44.845,VIGILE,1,178.14,23.05,0.291,-4.003,7.47,-3.163,-0.154,-0.102,0.025,78.98,8.23,19.9,55,1,1
18:48:45.345,VIGILE,1,179.17,27.64,0.317,-3.922,8.483,-2.703,-0.022,-0.151,0.112,78.98,22.58,19.9,55,1,1
18:48:45.845,VIGILE,1,176.14,3.05,0.303,-3.742,7.774,-2.904,-0.216,-0.03,-0.164,78.98,0.39,19.9,55,1,1
18:48:46.345,VIGILE,1,172.67,12.85,0.305,-2.959,8.648,-1.803,-0.196,0.258,0.006,78.98,0.77,19.9,55,1,1
18:48:46.845,VIGILE,1,175.32,18.42,0.264,-3.39,8.459,-1.58,-0.54,0.032,-0.01,78.98,3.57,19.9,55,1,1
18:48:47.345,VIGILE,1,176.05,24.89,0.308,-2.629,7.537,-3.342,0.032,0.279,-0.172,78.98,17.73,19.9,55,1,1
18:48:47.846,VIGILE,1,175.72,13.83,0.315,-3.874,8.914,-2.456,0.156,-0.107,0.142,78.98,8.26,19.9,55,1,1
18:48:48.346,VIGILE,1,172.76,11.17,0.309,-3.1,8.598,-1.405,-0.089,-0.146,0.204,78.98,0.39,19.9,55,1,1
18:48:48.846,VIGILE,1,173.08,11.15,0.305,-2.739,9.232,-1.853,-0.035,-0.104,0.071,78.98,1.32,19.9,55,1,1
18:48:49.346,VIGILE,1,171.97,8.09,0.278,-3.455,8.468,-2.337,0.215,-0.117,0.35,78.98,6.8,19.9,55,1,1
18:48:49.846,VIGILE,1,171.6,10.17,0.28,-3.735,8.38,-1.592,-0.105,0.018,-0.065,78.98,23.02,19.9,55,1,1
18:48:50.346,VIGILE,1,173.18,12.99,0.317,-4.29,8.794,-2.483,0.245,0.025,0.215,78.98,6.18,19.9,55,1,1
18:48:50.846,VIGILE,1,173.76,10.69,0.256,-3.881,8.686,-2.078,-0.066,0.143,-0.111,78.98,1.26,19.9,55,1,1
18:48:51.346,VIGILE,1,176.6,7.81,0.297,-2.442,9.191,-2.684,0.423,-0.175,0.176,78.98,2.47,19.9,55,1,1
18:48:51.846,VIGILE,1,176.39,4.14,0.289,-4.132,8.868,-1.767,-0.059,-0.102,0.108,78.98,6.36,19.9,55,1,1
18:48:52.346,VIGILE,1,177.45,6.25,0.318,-2.942,8.344,-1.705,-0.377,0.067,-0.13,78.98,9.58,19.9,55,1,1
18:48:52.846,VIGILE,1,178.56,3.06,0.307,-3.723,8.502,-2.442,-0.291,-0.059,-0.059,78.98,0.65,19.9,55,1,1
18:48:53.346,VIGILE,1,177.46,2.09,0.311,-2.5,7.52,-2.337,-0.226,-0.155,0.105,78.98,0.39,19.9,55,1,1
18:48:53.846,VIGILE,1,-171.68,7.57,0.104,-3.998,7.688,-1.992,-0.864,0.083,-0.105,78.98,1.54,19.9,55,1,1
18:48:54.346,VIGILE,1,-174.11,14.14,0.109,-3.345,8.341,-2.614,0.05,-0.094,0.144,78.98,4.12,19.9,55,1,1
18:48:54.846,VIGILE,1,-171.48,26.7,0.318,-4.01,8.363,-2.629,-0.014,-0.046,-0.032,78.98,15.93,19.9,55,1,1
18:48:55.346,VIGILE,1,-175.52,-11.58,0.318,-4.269,8.89,-2.298,-0.29,0.235,-0.128,78.98,18.1,19.9,55,1,1
18:48:55.847,VIGILE,1,-178.07,-8.63,0.266,-4.436,8.729,-2.552,0.035,0.181,0.031,78.98,0.39,19.9,55,1,1
18:48:56.347,MALORE,0,0.0,0.0,0.0,-4.803,8.459,-3.014,-0.291,-0.085,0.101,78.98,0.71,19.9,55,1,1
18:48:56.847,MALORE,1,-142.29,20.88,0.278,-2.976,7.695,-3.127,0.013,0.349,-0.265,78.98,3.19,19.9,55,1,1
18:48:57.347,MALORE,1,-140.56,21.11,0.28,-4.609,7.389,-2.693,-0.114,0.002,0.106,78.98,15.27,19.9,55,1,1
18:48:57.847,MALORE,1,-139.36,33.0,0.253,-4.262,7.922,-1.848,-0.169,0.102,-0.037,78.98,10.45,19.9,55,1,1
18:48:58.347,MALORE,1,-141.82,36.03,0.289,-5.286,8.183,-2.856,-0.136,-0.1,0.066,78.98,1.26,19.9,55,1,1
18:48:58.847,MALORE,1,-143.2,26.14,0.297,-5.265,8.442,-1.92,-1.238,0.278,-0.914,78.98,6.37,19.9,55,1,1
18:48:59.347,MALORE,1,-142.31,37.34,0.299,-3.349,8.588,-2.507,-0.104,-0.035,-0.115,78.98,4.45,19.9,55,1,1
18:48:59.847,MALORE,1,-137.76,36.02,0.286,-4.441,8.607,-2.181,-0.102,-0.081,0.067,78.98,0.55,19.9,55,1,1
18:49:00.347,MALORE,1,-150.64,43.01,0.336,-4.566,7.669,-1.923,-0.001,0.225,0.081,78.98,0.99,19.9,55,1,1
18:49:00.847,MALORE,0,0.0,0.0,0.0,-8.353,4.8,-4.432,-0.28,0.291,-0.115,78.98,6.21,19.9,55,1,1
18:49:01.347,MALORE,1,171.77,7.53,0.21,-3.74,7.858,-4.037,-0.156,0.204,-0.092,78.98,11.23,19.9,55,1,1
18:49:01.847,MALORE,1,-177.35,5.19,0.199,-5.006,8.507,-3.235,-0.012,0.212,0.053,78.98,25.37,19.9,55,1,1
18:49:02.347,MALORE,1,-177.02,8.13,0.153,-4.508,8.095,-2.749,-0.142,0.081,0.24,78.98,0.93,19.9,55,1,1
18:49:02.847,VIGILE,1,176.27,-0.17,0.328,-3.941,8.073,-3.357,0.646,-0.741,0.88,78.98,2.09,19.9,55,1,1
18:49:03.347,VIGILE,1,172.76,-8.81,0.253,-4.568,8.691,-2.629,-0.215,0.014,-0.079,78.98,6.15,19.9,55,1,1
18:49:03.848,VIGILE,1,173.3,-9.78,0.295,-4.056,8.356,-2.258,-0.076,-0.096,0.062,78.98,22.37,19.9,55,1,1
18:49:04.348,VIGILE,1,172.61,-8.81,0.293,-3.783,8.387,-3.371,0.066,0.102,-0.004,78.98,6.18,19.9,55,1,1
18:49:04.848,VIGILE,1,173.04,-6.74,0.271,-4.863,7.803,-3.364,-0.16,0.035,0.012,78.98,1.16,19.9,55,1,1
18:49:05.348,VIGILE,1,168.29,-9.6,0.254,-4.52,8.638,-3.697,0.031,0.123,-0.013,78.98,5.05,19.9,55,1,1
18:49:05.848,VIGILE,1,171.21,-8.71,0.126,-4.166,8.016,-3.213,-0.242,0.189,-0.175,78.98,18.12,19.9,55,1,1
18:49:06.348,VIGILE,1,172.75,-1.99,0.302,-4.281,7.408,-3.177,-0.179,-0.092,0.074,78.98,15.09,19.9,55,1,1
18:49:06.848,VIGILE,1,174.33,-10.22,0.247,-4.027,8.619,-4.283,0.681,0.151,0.333,78.98,0.55,19.9,55,1,1
18:49:07.348,VIGILE,1,177.15,-16.36,0.268,-3.807,7.448,-3.457,-0.327,-0.04,0.097,78.98,1.32,19.9,55,1,1
18:49:07.848,VIGILE,1,174.78,6.68,0.296,-2.859,8.559,-4.415,0.724,-0.201,0.526,78.98,18.66,19.9,55,1,1
18:49:08.348,VIGILE,1,178.78,-13.72,0.292,-4.142,8.203,-3.584,0.177,0.002,0.089,78.98,19.68,19.9,55,1,1
18:49:08.848,VIGILE,1,177.56,-17.21,0.3,-4.53,7.688,-3.735,-0.151,0.097,-0.039,78.98,36.93,19.9,55,1,1
18:49:09.348,VIGILE,1,171.79,-17.92,0.288,-3.804,8.765,-3.203,-0.138,0.042,-0.09,78.98,1.76,19.9,55,1,1
18:49:09.848,VIGILE,1,174.44,-18.59,0.293,-4.616,7.915,-2.89,-0.189,0.23,-0.215,78.98,5.27,19.9,55,1,1
18:49:10.348,VIGILE,1,178.59,-20.6,0.309,-5.691,7.721,-2.512,-0.23,0.152,-0.016,78.98,12.42,19.9,55,1,1
18:49:10.848,VIGILE,1,177.46,-14.33,0.29,-4.456,8.222,-2.78,-0.357,0.131,-0.261,78.98,7.12,19.9,55,1,1
18:49:11.348,VIGILE,1,176.62,-11.5,0.296,-4.903,7.314,-3.019,-0.153,0.211,0.06,78.98,0.55,19.9,55,1,1
18:49:11.848,VIGILE,1,172.89,-8.66,0.248,-4.377,8.452,-3.706,0.266,0.146,-0.016,78.98,0.87,19.9,55,1,1
18:49:12.349,VIGILE,1,172.98,-7.62,0.27,-5.102,7.441,-2.95,-0.634,0.134,-0.115,78.98,1.65,19.9,55,1,1
18:49:12.849,VIGILE,1,172.88,-8.5,0.253,-5.38,8.394,-4.056,-0.148,0.146,0.051,78.98,3.83,19.9,55,1,1
18:49:13.349,VIGILE,1,172.3,-5.04,0.233,-3.373,7.537,-2.744,-0.196,0.018,-0.024,78.98,0.55,19.9,55,1,1
18:49:13.849,VIGILE,1,174.45,-8.55,0.265,-4.175,7.891,-2.562,-0.044,-0.113,0.18,78.98,1.1,19.9,55,1,1
18:49:14.349,VIGILE,1,178.18,-3.33,0.312,-4.59,7.448,-3.168,-0.069,0.145,-0.017,78.98,3.19,19.9,55,1,1
18:49:14.849,VIGILE,1,174.38,5.47,0.301,-3.529,8.076,-3.115,-0.419,0.171,-0.336,78.98,10.3,19.9,55,1,1
18:49:15.349,VIGILE,1,178.52,-10.23,0.279,-4.432,8.483,-2.574,-0.259,-0.113,-0.006,78.98,20.67,19.9,55,1,1
18:49:15.849,VIGILE,1,175.95,-19.27,0.264,-4.369,7.412,-1.618,-0.41,0.28,-0.323,78.98,0.55,19.9,55,1,1
18:49:16.349,VIGILE,1,177.17,-24.18,0.281,-3.972,8.135,-3.455,-0.08,0.102,-0.075,78.98,1.1,19.9,55,1,1
18:49:16.849,VIGILE,1,177.89,30.36,0.28,-5.179,6.979,-2.258,-0.506,0.296,-0.238,78.98,2.96,19.9,55,1,1
18:49:17.349,VIGILE,1,-176.28,2.51,0.304,-4.451,8.631,-2.938,-0.459,0.023,-0.172,78.98,12.93,19.9,55,1,1
18:49:17.849,VIGILE,1,174.95,5.0,0.261,-3.637,8.483,-2.88,-0.041,0.189,-0.151,78.98,17.17,19.9,55,1,1
18:49:18.349,VIGILE,1,176.29,14.56,0.289,-4.278,8.009,-3.333,0.111,-0.052,0.095,78.98,0.39,19.9,55,1,1
18:49:18.849,VIGILE,1,173.04,19.4,0.269,-4.104,8.823,-2.121,-0.163,-0.043,0.034,78.98,0.71,19.9,55,1,1
18:49:19.349,VIGILE,1,177.77,15.05,0.299,-3.934,8.914,-2.382,-0.295,-0.032,0.052,78.98,2.03,19.9,55,1,1
18:49:19.849,VIGILE,1,175.32,9.61,0.29,-3.828,8.612,-2.605,-0.259,0.173,-0.026,78.98,9.26,19.9,55,1,1
18:49:20.349,VIGILE,1,174.84,14.02,0.287,-3.529,8.811,-2.181,-0.189,0.111,-0.07,78.98,20.67,19.9,55,1,1
18:49:20.850,VIGILE,1,173.54,23.53,0.309,-3.541,8.353,-2.523,0.261,-0.043,0.382,78.98,0.39,19.9,55,1,1
18:49:21.350,VIGILE,0,0.0,0.0,0.0,-3.685,8.574,-1.81,-0.088,-0.06,0.03,78.98,0.87,19.9,55,1,1
18:49:21.850,VIGILE,1,172.99,19.18,0.301,-3.881,8.746,-1.841,0.067,0.027,0.159,78.98,2.96,19.9,55,1,1
18:49:22.350,VIGILE,1,170.37,9.19,0.317,-3.498,8.538,-1.776,-0.231,0.098,-0.078,78.98,12.6,19.9,55,1,1
18:49:22.850,VIGILE,1,175.22,14.17,0.298,-2.725,9.354,-1.961,0.159,-0.046,-0.015,78.98,22.58,19.9,55,1,1
18:49:23.350,VIGILE,1,174.07,2.24,0.283,-3.369,8.387,-2.306,0.073,-0.101,0.162,78.98,0.39,19.9,55,1,1
18:49:23.850,VIGILE,1,171.04,9.28,0.236,-4.039,7.997,-2.823,-0.219,0.014,-0.07,78.98,0.71,19.9,55,1,1
18:49:24.350,VIGILE,1,170.07,6.49,0.271,-4.35,9.0,-2.703,0.003,0.186,-0.064,78.98,1.65,19.9,55,1,1
18:49:24.850,VIGILE,1,172.85,36.34,0.259,-3.845,8.358,-2.662,-0.213,-0.035,0.044,78.98,5.16,19.9,55,1,1
18:49:25.350,VIGILE,1,172.93,21.02,0.295,-3.757,8.052,-2.509,-0.058,-0.059,0.1,78.98,20.79,19.9,55,1,1
18:49:25.850,VIGILE,1,173.31,-12.36,0.321,-3.792,8.152,-2.828,-0.237,0.104,-0.044,78.98,0.55,19.9,55,1,1
18:49:26.350,VIGILE,1,175.41,-15.59,0.291,-4.041,8.131,-3.069,0.031,0.148,-0.067,78.98,0.71,19.9,55,1,1
18:49:26.850,VIGILE,1,171.77,-10.92,0.283,-3.752,8.188,-2.555,-0.082,-0.062,0.102,78.98,1.32,19.9,55,1,1
18:49:27.350,VIGILE,1,174.33,-13.05,0.313,-4.123,8.44,-3.062,0.088,-0.129,0.224,78.98,5.54,19.9,55,1,1
18:49:27.850,VIGILE,1,175.11,-12.79,0.318,-4.161,8.033,-2.737,-0.147,0.1,-0.046,78.98,21.39,19.9,55,1,1
18:49:28.350,VIGILE,1,177.88,-13.14,0.304,-4.247,8.344,-3.139,-0.074,0.145,-0.075,78.98,2.3,19.9,55,1,1
18:49:28.850,VIGILE,1,174.83,-9.51,0.266,-4.434,8.262,-2.923,-0.285,0.224,-0.088,78.98,0.55,19.9,55,1,1
18:49:29.351,VIGILE,1,172.16,-13.5,0.273,-4.178,7.898,-2.832,-0.446,0.114,-0.189,78.98,1.32,19.9,55,1,1
18:49:29.851,VIGILE,1,171.55,-11.89,0.279,-3.857,8.286,-3.378,0.147,0.091,-0.003,78.98,4.99,19.9,55,1,1
18:49:30.351,VIGILE,1,175.95,-13.05,0.272,-4.743,7.386,-3.048,-0.355,0.121,-0.046,78.98,19.75,19.9,55,1,1
18:49:30.851,VIGILE,1,175.73,-2.11,0.297,-4.662,8.322,-3.199,-0.193,0.13,-0.144,78.98,15.42,19.9,55,1,1
18:49:31.351,VIGILE,1,175.97,-14.48,0.282,-4.092,7.942,-2.873,-0.099,0.154,-0.034,78.98,0.71,19.9,55,1,1
18:49:31.851,VIGILE,1,176.13,-14.03,0.305,-4.468,7.903,-2.866,-0.177,0.14,-0.039,78.98,1.48,19.9,55,1,1
18:49:32.351,VIGILE,1,177.19,-14.64,0.293,-4.75,7.654,-3.043,-0.385,0.3,-0.213,78.98,5.38,19.9,55,1,1
18:49:32.851,VIGILE,1,175.77,-16.0,0.278,-5.042,7.408,-3.371,-0.406,0.154,-0.173,78.98,17.02,19.9,55,1,1
18:49:33.351,VIGILE,1,175.4,-15.34,0.274,-4.942,7.887,-3.467,-0.196,0.117,-0.038,78.98,4.92,19.9,55,1,1
18:49:33.851,VIGILE,1,178.4,-18.33,0.269,-4.618,7.7,-3.136,-0.229,0.194,0.033,78.98,0.77,19.9,55,1,1
18:49:34.351,VIGILE,1,177.88,-17.95,0.291,-4.446,8.056,-3.426,-0.188,-0.059,-0.052,78.98,2.25,19.9,55,1,1
18:49:34.851,VIGILE,1,176.43,-15.85,0.31,-4.59,7.489,-4.056,-0.156,0.11,0.003,78.98,7.19,19.9,55,1,1
18:49:35.351,VIGILE,1,177.49,-15.62,0.314,-4.494,7.027,-2.602,-0.298,0.037,-0.051,78.98,20.73,19.9,55,1,1
18:49:35.851,VIGILE,1,177.01,-15.87,0.286,-4.954,6.891,-3.91,-0.086,0.253,0.08,78.98,0.39,19.9,55,1,1
18:49:36.351,VIGILE,1,175.51,-16.03,0.28,-5.265,8.004,-4.12,0.0,0.312,0.136,78.98,1.1,19.9,55,1,1
18:49:36.851,VIGILE,1,176.8,-5.31,0.256,-5.195,8.49,-4.293,0.062,0.148,-0.023,78.98,6.86,19.9,55,1,1
18:49:37.351,VIGILE,1,177.27,-13.96,0.24,-4.468,8.289,-4.357,0.309,0.102,-0.087,78.98,17.73,19.9,55,1,1
18:49:37.852,VIGILE,1,175.93,-15.0,0.268,-4.482,7.02,-2.796,-0.223,0.119,-0.039,78.98,0.87,19.9,55,1,1
18:49:38.352,VIGILE,1,170.99,-15.51,0.082,-4.697,6.503,-2.763,-0.462,-0.055,-0.015,78.98,3.96,19.9,55,1,1
18:49:38.852,VIGILE,1,169.71,-13.68,0.274,-3.982,8.358,-2.978,-0.643,0.122,-0.204,78.98,15.35,19.9,55,1,1
18:49:39.352,VIGILE,1,171.36,-8.97,0.268,-4.745,7.417,-3.637,-0.11,0.177,0.06,78.98,8.23,19.9,55,1,1
18:49:39.852,VIGILE,1,168.45,-6.5,0.271,-4.173,8.478,-2.404,0.058,0.02,0.091,78.98,4.24,19.9,55,1,1
18:49:40.352,VIGILE,1,171.83,-5.58,0.269,-4.891,7.611,-3.505,-0.356,0.379,-0.315,78.98,8.79,19.9,55,1,1
18:49:40.852,VIGILE,1,174.02,-3.02,0.29,-5.576,11.255,-2.203,-0.197,0.381,0.069,78.98,41.41,19.9,55,1,1
18:49:41.352,VIGILE,1,-165.08,-15.67,0.237,-2.83,7.396,-1.099,-0.846,0.335,-0.837,78.98,63.24,19.9,55,1,1
18:49:41.852,VIGILE,1,174.44,-1.87,0.295,-3.29,7.472,-3.407,-0.157,0.015,0.094,78.98,2.13,19.9,55,1,1
18:49:42.352,VIGILE,1,170.18,-5.77,0.285,-3.821,7.678,-2.849,-0.2,-0.025,0.12,78.98,0.55,19.9,55,1,1
18:49:42.852,VIGILE,1,170.42,-4.09,0.261,-3.014,7.879,-3.385,-0.144,0.195,-0.08,78.98,0.55,19.9,55,1,1
18:49:43.352,VIGILE,1,169.62,-7.65,0.276,-4.209,8.045,-2.528,-0.151,0.238,-0.056,78.98,0.39,19.9,55,1,1
18:49:43.852,VIGILE,1,178.54,-9.63,0.299,-4.427,7.527,-2.677,-0.193,0.106,0.047,78.98,0.39,19.9,55,1,1
18:49:44.352,VIGILE,1,175.92,-0.28,0.299,-4.683,7.254,-2.634,-0.086,0.05,-0.087,78.98,0.39,19.9,55,1,1
18:49:44.852,VIGILE,1,175.62,-4.1,0.292,-4.511,6.479,-2.959,-0.198,-0.114,-0.112,78.98,0.87,19.9,55,1,1
18:49:45.352,VIGILE,1,175.44,-7.38,0.306,-4.18,7.944,-2.586,0.244,0.062,0.029,78.98,2.86,19.9,55,1,1
18:49:45.852,VIGILE,1,174.07,-9.08,0.277,-4.161,8.092,-2.073,-0.115,-0.004,-0.066,78.98,18.34,19.9,55,1,1
18:49:46.353,VIGILE,1,174.59,-9.15,0.301,-4.626,8.832,-2.863,-0.087,-0.066,0.002,78.98,36.3,19.9,55,1,1
18:49:46.853,VIGILE,1,-178.11,-20.44,0.314,-2.868,9.048,-1.863,-0.258,0.49,-0.628,78.98,54.05,19.9,55,1,1
18:49:47.353,VIGILE,1,-177.8,4.99,0.289,-4.93,8.969,-2.368,-0.645,0.008,-0.119,78.98,0.93,19.9,55,1,1
18:49:47.853,VIGILE,1,-165.87,10.86,0.144,-4.793,7.906,-2.583,-0.5,0.036,-0.159,78.98,2.64,19.9,55,1,1
18:49:48.353,VIGILE,1,-175.53,-23.42,0.268,-6.007,7.053,-3.936,-0.13,0.33,-0.015,78.98,10.91,19.9,55,1,1
18:49:48.853,VIGILE,1,177.24,-19.63,0.281,-4.312,7.312,-3.268,-0.343,-0.1,-0.005,78.98,14.39,19.9,55,1,1
18:49:49.353,VIGILE,1,178.92,-18.74,0.276,-4.805,7.609,-2.933,-0.154,0.046,0.039,78.98,1.48,19.9,55,1,1
18:49:49.853,VIGILE,1,178.34,-13.99,0.314,-4.726,7.326,-2.354,-0.473,0.051,-0.17,78.98,3.02,19.9,55,1,1
18:49:50.353,VIGILE,1,175.65,-16.26,0.299,-4.331,6.596,-3.407,-0.176,0.126,-0.027,78.98,8.55,19.9,55,1,1
18:49:50.853,VIGILE,1,179.69,-19.33,0.29,-5.016,7.776,-2.804,-0.263,0.132,-0.026,78.98,20.46,19.9,55,1,1
18:49:51.353,VIGILE,1,176.29,-19.53,0.296,-4.865,7.381,-3.335,-0.151,0.038,-0.001,78.98,1.1,19.9,55,1,1
18:49:51.853,VIGILE,1,177.59,-11.84,0.252,-5.543,7.894,-3.417,-0.399,0.348,-0.361,78.98,1.26,19.9,55,1,1
18:49:52.353,VIGILE,1,178.33,4.42,0.296,-4.645,6.426,-3.409,-0.212,-0.022,-0.178,78.98,2.96,19.9,55,1,1
18:49:52.853,DISTRAZIONE,1,-175.31,15.68,0.203,-4.343,8.655,-3.354,0.117,0.092,0.11,78.98,11.01,19.9,55,1,1
18:49:53.353,DISTRAZIONE,1,-172.03,38.1,0.339,-4.168,8.447,-2.928,-0.008,0.201,-0.002,78.98,21.11,19.9,55,1,1
18:49:53.854,DISTRAZIONE,1,-162.81,31.11,0.182,-3.797,8.629,-1.899,-0.045,0.058,-0.098,78.98,0.71,19.9,55,1,1
18:49:54.354,DISTRAZIONE,0,0.0,0.0,0.0,-4.8,7.432,-1.75,-0.339,0.245,-0.326,78.98,1.1,19.9,55,1,1
18:49:54.854,DISTRAZIONE,1,-169.86,41.54,0.324,-4.223,8.095,-2.509,-0.191,0.119,-0.026,78.98,3.02,19.9,55,1,1
18:49:55.354,DISTRAZIONE,1,-158.07,32.92,0.117,-4.154,7.599,-2.296,0.077,-0.014,0.056,78.98,9.1,19.9,55,1,1
18:49:55.854,DISTRAZIONE,1,-165.93,29.56,0.345,-3.972,8.162,-2.622,0.06,0.028,0.107,78.98,23.46,19.9,55,1,1
18:49:56.354,DISTRAZIONE,1,-150.61,37.97,0.208,-4.207,8.715,-2.356,-0.44,-0.015,-0.123,78.98,0.55,19.9,55,1,1
18:49:56.854,DISTRAZIONE,1,-151.81,46.68,0.234,-3.603,8.25,-2.224,-0.19,-0.085,0.013,78.98,0.77,19.9,55,1,1
18:49:57.355,DISTRAZIONE,1,-174.17,36.81,0.348,-3.888,8.076,-2.636,-0.08,-0.022,-0.02,78.98,1.87,19.9,55,1,1
18:49:57.855,DISTRAZIONE,1,-154.49,48.11,0.213,-3.692,8.617,-2.531,-0.203,0.067,-0.089,78.98,6.31,19.9,55,1,1
18:49:58.355,DISTRAZIONE,1,-177.65,17.79,0.24,-3.594,8.38,-2.363,0.075,-0.162,0.162,78.98,19.48,19.9,55,1,1
18:49:58.855,DISTRAZIONE,1,-158.21,43.84,0.223,-3.749,8.894,-1.712,0.138,0.152,0.177,78.98,15.48,19.9,55,1,1
18:49:59.355,DISTRAZIONE,1,-167.93,50.56,0.365,-4.077,7.707,-2.911,0.059,-0.156,0.209,78.98,0.55,19.9,55,1,1
18:49:59.855,DISTRAZIONE,1,-148.89,49.3,0.265,-4.005,9.002,-2.416,-0.226,-0.012,0.067,78.98,0.93,19.9,55,1,1
18:50:00.355,DISTRAZIONE,1,-150.74,47.67,0.222,-3.361,8.665,-1.906,-0.218,-0.022,0.007,78.98,2.09,19.9,55,1,1
18:50:00.855,VIGILE,0,0.0,0.0,0.0,-3.625,9.254,-1.616,-0.108,0.009,-0.024,78.98,6.31,19.9,55,1,1
18:50:01.355,VIGILE,1,169.77,33.41,0.312,-3.0,9.165,-2.349,-0.098,0.05,-0.043,78.98,13.9,19.9,55,1,1
18:50:01.855,VIGILE,1,169.57,48.04,0.419,-3.519,7.994,-2.619,-0.233,-0.039,-0.159,78.98,18.59,19.9,55,1,1
18:50:02.355,VIGILE,1,177.96,31.72,0.217,-2.933,9.184,-2.224,0.294,-0.098,0.192,78.98,0.39,19.9,55,1,1
18:50:02.855,VIGILE,1,175.57,32.18,0.3,-2.887,9.052,-2.48,0.285,-0.105,-0.009,78.98,0.71,19.9,55,1,1
18:50:03.355,VIGILE,1,173.01,42.25,0.33,-3.809,8.856,-1.927,-0.449,0.079,-0.153,78.98,2.47,19.9,55,1,1
18:50:03.855,VIGILE,1,-178.47,38.57,0.319,-2.964,9.127,-1.918,0.11,0.274,-0.334,78.98,4.89,19.9,55,1,1
18:50:04.355,MALORE,1,-167.94,31.73,0.308,-3.78,8.327,-0.972,0.143,-0.187,0.301,78.98,13.25,19.9,55,1,1
18:50:04.855,MALORE,1,-171.87,14.67,0.262,-3.699,9.041,-2.258,0.084,0.136,-0.138,78.98,18.27,19.9,55,1,1
18:50:05.355,MALORE,1,-176.98,8.31,0.22,-3.989,9.115,-2.078,-0.175,0.044,-0.041,78.98,0.39,19.9,55,1,1
18:50:05.856,MALORE,1,-169.35,22.86,0.283,-4.31,7.922,-2.401,-0.491,0.024,-0.216,78.98,0.55,19.9,55,1,1
18:50:06.356,MALORE,0,0.0,0.0,0.0,-3.505,7.829,-1.836,-0.15,-0.044,0.064,78.98,1.65,19.9,55,1,1
18:50:06.856,MALORE,0,0.0,0.0,0.0,-3.773,8.923,-2.626,-0.168,-0.13,0.037,78.98,5.22,19.9,55,1,1
18:50:07.356,MALORE,0,0.0,0.0,0.0,-4.264,9.06,-2.959,0.108,-0.081,0.119,78.98,14.94,19.9,55,1,1
18:50:07.856,MALORE,1,174.58,25.25,0.247,-0.63,10.992,-0.472,0.323,-0.156,0.132,78.98,15.31,19.9,55,1,1
18:50:08.356,MALORE,1,-162.45,-16.54,0.272,-2.54,9.742,-1.851,0.238,-0.143,0.137,78.98,0.39,19.9,55,1,1
18:50:08.856,MALORE,1,174.88,39.0,0.357,-2.473,8.284,-2.464,0.082,-0.102,0.109,78.98,1.1,19.9,55,1,1
18:50:09.356,MALORE,1,178.81,29.18,0.277,-3.503,8.193,-3.108,0.013,0.032,-0.103,78.98,3.02,19.9,55,1,1
18:50:09.856,VIGILE,1,163.37,37.86,0.385,-4.334,8.811,-2.799,-0.073,0.201,-0.199,78.98,7.74,19.9,55,1,1
18:50:10.356,VIGILE,0,0.0,0.0,0.0,-4.669,8.286,-2.186,-0.08,0.094,-0.005,78.98,22.31,19.9,55,1,1
18:50:10.856,VIGILE,1,174.38,38.84,0.359,-2.976,8.808,-1.894,0.068,-0.139,0.184,78.98,0.87,19.9,55,1,1
18:50:11.356,VIGILE,1,-173.98,25.96,0.397,-3.68,8.926,-2.04,0.101,-0.053,0.126,78.98,1.65,19.9,55,1,1
18:50:11.856,VIGILE,1,-177.74,5.33,0.31,-3.22,8.739,-1.745,-0.364,0.021,0.186,78.98,4.06,19.9,55,1,1
18:50:12.356,VIGILE,1,179.12,-12.37,0.292,-3.496,8.43,-1.386,-0.035,0.399,-0.319,78.98,14.84,19.9,55,1,1
18:50:12.856,VIGILE,1,176.17,-18.33,0.247,-4.875,7.944,-2.354,-0.275,0.049,-0.263,78.98,13.51,19.9,55,1,1
18:50:13.356,VIGILE,1,178.72,-32.02,0.299,-3.51,8.301,-1.271,-0.038,0.096,0.135,78.98,2.42,19.9,55,1,1
18:50:13.856,VIGILE,1,176.78,-11.6,0.29,-3.407,9.294,-1.499,-0.111,-0.095,0.058,78.98,5.76,19.9,55,1,1
18:50:14.357,VIGILE,1,173.78,-43.82,0.298,-3.57,9.103,-1.614,-0.037,-0.077,-0.016,78.98,17.46,19.9,55,1,1
18:50:14.857,VIGILE,1,-179.56,14.71,0.334,-1.791,9.462,-1.468,-0.324,-0.054,-0.095,78.98,16.29,19.9,55,1,1
18:50:15.357,VIGILE,1,-178.07,-0.17,0.325,-2.933,8.935,-2.145,-0.52,0.184,-0.288,78.98,0.93,19.9,55,1,1
18:50:15.857,VIGILE,1,177.66,-18.73,0.289,-3.644,9.057,-2.246,-0.025,-0.187,0.212,78.98,2.25,19.9,55,1,1
18:50:16.357,VIGILE,1,168.22,-23.26,0.29,-4.209,7.185,-2.679,-0.265,-0.059,0.101,78.98,7.13,19.9,55,1,1
18:50:16.857,VIGILE,1,172.36,-36.82,0.28,-5.567,7.896,-2.38,-0.44,0.214,-0.387,78.98,13.03,19.9,55,1,1
18:50:17.357,VIGILE,1,176.02,-39.42,0.352,-6.965,6.333,-2.241,-0.25,0.286,-0.018,78.98,11.83,19.9,55,1,1
18:50:17.857,VIGILE,1,177.29,-43.61,0.337,-5.99,6.096,-3.764,-0.174,0.282,-0.145,78.98,3.57,19.9,55,1,1
18:50:18.357,VIGILE,1,177.67,-40.74,0.321,-6.376,5.629,-3.093,-0.419,0.405,0.044,78.98,5.54,19.9,55,1,1
18:50:18.857,VIGILE,1,178.1,-42.29,0.374,-7.092,6.033,-3.666,-0.321,0.478,-0.087,78.98,10.24,19.9,55,1,1
18:50:19.357,VIGILE,1,179.91,-41.63,0.357,-7.24,6.448,-3.072,-0.416,0.487,-0.124,78.98,9.37,19.9,55,1,1
18:50:19.857,VIGILE,1,179.47,-41.48,0.296,-7.317,6.4,-3.371,-0.363,0.484,-0.05,78.98,2.64,19.9,55,1,1
18:50:20.357,VIGILE,1,173.68,-41.08,0.323,-6.249,7.156,-4.348,-0.154,0.446,-0.118,78.98,3.73,19.9,55,1,1
18:50:20.857,VIGILE,1,177.43,-44.58,0.395,-6.706,6.088,-3.345,-0.319,0.406,-0.153,78.98,3.9,19.9,55,1,1
18:50:21.357,VIGILE,1,178.4,-43.71,0.317,-6.948,6.246,-3.828,-0.234,0.353,-0.123,78.98,3.51,19.9,55,1,1
18:50:21.857,VIGILE,1,169.61,-48.71,0.265,-6.728,6.22,-4.068,-0.295,0.455,-0.138,78.98,6.58,19.9,55,1,1
18:50:22.357,VIGILE,1,177.43,-39.15,0.289,-6.56,5.899,-3.831,-0.338,0.508,-0.149,78.98,8.0,19.9,55,1,1
18:50:22.858,VIGILE,1,176.8,-38.47,0.314,-7.259,6.084,-4.271,-0.197,0.352,0.017,78.98,3.57,19.9,55,1,1
18:50:23.358,VIGILE,1,175.04,-35.5,0.309,-5.952,5.923,-4.243,-0.168,0.471,-0.127,78.98,4.61,19.9,55,1,1
18:50:23.858,VIGILE,1,177.62,-30.32,0.282,-7.02,5.701,-4.3,-0.321,0.383,-0.103,78.98,4.5,19.9,55,1,1
18:50:24.358,VIGILE,1,178.0,-28.37,0.295,-6.012,5.801,-4.836,-0.171,0.494,-0.104,78.98,12.23,19.9,55,1,1
18:50:24.858,VIGILE,1,176.28,17.39,0.315,-5.179,7.958,-3.196,-0.588,0.243,-0.131,78.98,13.04,19.9,55,1,1
18:50:25.358,VIGILE,1,176.97,28.92,0.363,-3.402,7.793,-2.576,-0.212,0.069,-0.016,78.98,1.7,19.9,55,1,1
18:50:25.858,VIGILE,1,171.47,29.72,0.339,-2.753,8.89,-2.32,-0.027,-0.12,0.104,78.98,4.83,19.9,55,1,1
18:50:26.358,VIGILE,1,175.08,34.12,0.296,-3.673,10.573,-1.322,0.03,-0.225,0.11,78.98,18.13,19.9,55,1,1
18:50:26.858,VIGILE,1,178.12,55.92,0.363,-2.368,9.91,-1.149,-0.039,-0.293,0.11,78.98,34.66,19.9,55,1,1
18:50:27.358,VIGILE,1,172.93,51.24,0.347,-2.009,9.515,-0.414,-0.123,-0.315,0.043,78.98,2.36,19.9,55,1,1
18:50:27.858,VIGILE,1,173.87,55.84,0.421,-2.483,10.221,-0.852,-0.207,-0.192,0.034,78.98,2.96,19.9,55,1,1
18:50:28.358,VIGILE,1,173.34,58.3,0.48,-1.695,9.91,-1.176,0.163,-0.393,0.227,78.98,1.32,19.9,55,1,1
18:50:28.858,VIGILE,1,169.35,59.94,0.49,-1.24,10.218,-1.841,0.367,-0.144,0.19,78.98,3.68,19.9,55,1,1
18:50:29.358,VIGILE,1,166.33,58.62,0.45,-1.729,9.414,-1.07,-0.181,-0.245,0.051,78.98,10.03,19.9,55,1,1
18:50:29.858,VIGILE,1,170.63,55.42,0.391,-1.247,9.266,-1.69,0.222,-0.174,0.102,78.98,14.29,19.9,55,1,1
18:50:30.358,VIGILE,1,177.92,24.42,0.289,-4.123,9.148,-2.456,-0.146,0.123,-0.068,78.98,18.06,19.9,55,1,1
18:50:30.858,VIGILE,1,175.34,16.97,0.289,-2.255,7.75,-2.219,0.075,0.058,-0.197,78.98,11.55,19.9,55,1,1
18:50:31.359,VIGILE,1,170.68,9.79,0.281,-4.286,7.209,-3.438,-0.908,0.335,-0.855,78.98,0.77,19.9,55,1,1
18:50:31.859,VIGILE,1,172.09,0.66,0.225,-3.342,8.851,-4.207,-0.297,0.032,-0.272,78.98,1.16,19.9,55,1,1
18:50:32.359,VIGILE,1,178.32,-0.62,0.292,-3.979,7.432,-3.905,-0.074,0.082,-0.023,78.98,3.02,19.9,55,1,1
18:50:32.859,VIGILE,1,174.46,4.25,0.19,-4.149,8.171,-3.488,-0.454,0.029,0.026,78.98,6.76,19.9,55,1,1
18:50:33.359,VIGILE,1,171.17,2.46,0.273,-3.136,8.334,-3.019,0.578,-0.057,0.121,78.98,11.4,19.9,55,1,1
18:50:33.859,VIGILE,1,169.89,2.3,0.266,-2.916,9.577,-4.444,0.331,0.068,0.163,78.98,15.65,19.9,55,1,1
18:50:34.359,VIGILE,1,173.57,-8.44,0.255,-2.72,7.985,-2.89,0.034,-0.132,-0.031,78.98,9.31,19.9,55,1,1
18:50:34.859,VIGILE,1,173.79,-3.11,0.281,-3.632,8.193,-3.393,-0.264,0.003,-0.02,78.98,1.7,19.9,55,1,1
18:50:35.359,VIGILE,1,177.07,-4.49,0.315,-3.005,8.056,-3.397,-0.122,0.05,-0.139,78.98,4.73,19.9,55,1,1
18:50:35.859,VIGILE,1,176.98,2.26,0.305,-3.663,7.908,-3.218,-0.515,0.083,-0.177,78.98,8.45,19.9,55,1,1
18:50:36.359,VIGILE,1,174.74,1.15,0.243,-4.149,8.116,-3.053,-0.138,0.161,0.007,78.98,15.88,19.9,55,1,1
18:50:36.859,VIGILE,1,174.19,-4.64,0.254,-4.578,8.258,-3.134,-0.011,0.064,-0.029,78.98,12.42,19.9,55,1,1
18:50:37.359,VIGILE,1,176.19,-12.48,0.311,-4.769,7.705,-2.433,-0.229,-0.226,0.03,78.98,1.48,19.9,55,1,1
18:50:37.859,VIGILE,1,177.1,-7.13,0.31,-5.511,8.059,-3.498,-0.958,-0.022,-0.372,78.98,4.01,19.9,55,1,1
18:50:38.359,VIGILE,1,174.45,-7.03,0.285,-4.499,7.997,-4.7,0.113,0.532,-0.171,78.98,8.12,19.9,55,1,1
18:50:38.859,VIGILE,1,177.23,-9.54,0.315,-5.409,9.488,-2.837,-0.004,0.693,-0.492,78.98,15.33,19.9,55,1,1
18:50:39.360,VIGILE,1,179.59,-15.34,0.324,-6.357,9.299,-2.004,-0.498,0.17,0.035,78.98,15.76,19.9,55,1,1
18:50:39.860,VIGILE,1,178.32,-5.97,0.337,-4.922,6.299,-2.622,0.584,-0.051,0.683,78.98,0.65,19.9,55,1,1
18:50:40.360,VIGILE,1,177.95,-5.06,0.318,-3.438,8.452,-3.871,0.457,-0.586,0.614,78.98,0.49,19.9,55,1,1
18:50:40.860,VIGILE,1,174.95,-6.07,0.309,-4.621,8.052,-2.459,-0.392,0.195,-0.334,78.98,0.33,19.9,55,1,1
18:50:41.360,VIGILE,1,173.56,-9.43,0.289,-4.216,7.618,-3.007,0.172,0.169,-0.039,78.98,0.33,19.9,55,1,1
18:50:41.860,VIGILE,1,169.7,-26.83,0.31,-4.585,7.987,-1.999,0.195,0.038,0.135,78.98,0.33,19.9,55,1,1
18:50:42.360,VIGILE,1,172.59,-34.79,0.352,-3.998,10.005,-1.188,0.129,0.122,0.024,78.98,0.49,19.9,55,1,1
18:50:42.860,VIGILE,1,177.4,-39.33,0.321,-4.211,9.266,-1.721,-0.067,0.017,0.008,78.98,0.39,19.9,55,1,1
18:50:43.360,VIGILE,1,178.65,24.04,0.263,-3.953,8.361,-0.611,-0.473,0.058,-0.156,78.98,0.55,19.9,55,1,1
18:50:43.860,VIGILE,1,173.65,34.31,0.392,-2.169,9.026,-2.363,-0.067,-0.147,0.007,78.98,0.87,19.9,55,1,1
18:50:44.360,VIGILE,1,173.51,36.38,0.211,-2.674,9.974,-0.967,-0.114,-0.224,0.162,78.98,1.65,19.9,55,1,1
18:50:44.860,VIGILE,1,178.36,36.3,0.339,-1.844,8.78,-1.714,0.014,-0.301,0.097,78.98,2.7,19.9,55,1,1
18:50:45.360,VIGILE,1,170.63,53.14,0.186,-1.322,9.306,0.769,-0.804,-0.366,-0.217,78.98,5.93,19.9,55,1,1
18:50:45.860,VIGILE,1,174.0,32.92,0.24,-1.358,9.857,-1.717,-0.143,-0.464,0.043,78.98,7.79,19.9,55,1,1
18:50:46.360,DISTRAZIONE,1,172.05,30.09,0.296,-1.896,9.567,-2.708,0.023,-0.255,0.161,78.98,7.13,19.9,55,1,1
18:50:46.860,DISTRAZIONE,1,179.69,2.77,0.317,-3.199,8.701,-3.112,-0.071,-0.05,-0.059,78.98,9.64,19.9,55,1,1
18:50:47.360,DISTRAZIONE,0,0.0,0.0,0.0,-4.288,7.863,-4.283,0.096,0.226,-0.14,78.98,8.43,19.9,55,1,1
18:50:47.861,DISTRAZIONE,1,-169.62,42.61,0.245,-3.563,7.116,-3.436,0.449,-0.452,0.496,78.98,2.03,19.9,55,1,1
18:50:48.361,DISTRAZIONE,0,0.0,0.0,0.0,-3.06,7.872,-3.989,0.138,-0.057,0.072,78.98,2.7,19.9,55,1,1
18:50:48.861,DISTRAZIONE,0,0.0,0.0,0.0,-4.939,7.961,-3.302,-0.221,0.271,-0.199,78.98,4.12,19.9,55,1,1
18:50:49.361,DISTRAZIONE,1,-174.42,70.63,0.346,-4.537,8.152,-3.211,0.016,0.201,-0.091,78.98,5.88,19.9,55,1,1
18:50:49.861,DISTRAZIONE,1,171.23,34.92,0.415,-3.931,7.961,-3.692,-0.021,0.08,-0.012,78.98,10.55,19.9,55,1,1
18:50:50.361,DISTRAZIONE,1,171.4,53.55,0.312,-3.991,7.906,-3.859,0.073,-0.07,0.144,78.98,13.01,19.9,55,1,1
18:50:50.861,DISTRAZIONE,0,0.0,0.0,0.0,-3.792,8.042,-3.785,-0.04,0.168,0.052,78.98,13.16,19.9,55,1,1
18:50:51.361,DISTRAZIONE,1,-178.48,74.84,0.482,-5.095,8.013,-3.005,-0.514,-0.055,-0.124,78.98,10.63,19.9,55,1,1
18:50:51.861,DISTRAZIONE,0,0.0,0.0,0.0,-4.946,8.021,-3.608,-0.28,-0.06,0.065,78.98,3.78,19.9,55,1,1
18:50:52.361,DISTRAZIONE,0,0.0,0.0,0.0,-3.606,8.607,-3.345,-0.148,-0.211,0.113,78.98,0.71,19.9,55,1,1
18:50:52.861,DISTRAZIONE,1,-160.0,59.73,0.305,-5.018,7.875,-2.562,-0.127,0.094,-0.099,78.98,0.77,19.9,55,1,1
18:50:53.361,DISTRAZIONE,0,0.0,0.0,0.0,-4.082,7.81,-3.297,-0.068,0.131,-0.048,78.98,1.54,19.9,55,1,1
18:50:53.861,DISTRAZIONE,0,0.0,0.0,0.0,-4.329,8.006,-3.637,-0.024,0.09,-0.018,78.98,3.19,19.9,55,1,1
18:50:54.361,DISTRAZIONE,0,0.0,0.0,0.0,-4.403,7.417,-3.689,-0.253,0.163,-0.015,78.98,5.6,19.9,55,1,1
18:50:54.861,DISTRAZIONE,1,176.83,50.11,0.359,-5.255,8.054,-2.514,-0.355,-0.104,-0.004,78.98,8.55,19.9,55,1,1
18:50:55.361,DISTRAZIONE,1,177.82,36.44,0.341,-5.066,7.582,-2.622,-0.548,0.342,-0.143,78.98,13.13,19.9,55,1,1
18:50:55.861,DISTRAZIONE,1,-170.71,42.27,0.33,-4.156,8.863,-3.481,0.339,0.21,0.171,78.98,11.22,19.9,55,1,1
18:50:56.362,DISTRAZIONE,0,0.0,0.0,0.0,-4.056,8.131,-3.055,-0.307,0.056,-0.09,78.98,0.71,19.9,55,1,1
18:50:56.862,DISTRAZIONE,1,-146.68,-18.28,0.162,-4.494,6.795,-3.831,0.262,0.173,0.235,78.98,0.87,19.9,55,1,1
18:50:57.362,DISTRAZIONE,1,-151.77,-17.72,0.133,-5.066,9.941,-3.158,-0.247,-0.029,0.994,78.98,1.32,19.9,55,1,1
18:50:57.862,DISTRAZIONE,1,-166.62,-32.88,0.333,-4.709,7.001,-2.737,-0.745,0.171,-0.354,78.98,2.86,19.9,55,1,1
18:50:58.362,DISTRAZIONE,1,-146.18,-13.33,0.111,-4.219,8.135,-3.539,-0.204,0.141,-0.014,78.98,5.76,19.9,55,1,1
18:50:58.862,DISTRAZIONE,1,-149.4,-11.75,0.11,-4.245,8.526,-3.326,0.015,0.021,-0.06,78.98,9.65,19.9,55,1,1
18:50:59.362,DISTRAZIONE,1,-143.78,-16.71,0.107,-3.802,7.116,-2.787,-0.385,-0.031,0.108,78.98,13.58,19.9,55,1,1
18:50:59.862,DISTRAZIONE,1,-160.97,-31.85,0.372,-4.697,6.931,-2.962,-0.447,0.074,-0.212,78.98,11.93,19.9,55,1,1
18:51:00.362,DISTRAZIONE,1,-146.29,-15.45,0.241,-5.42,8.246,-3.17,-0.426,0.076,-0.327,78.98,1.76,19.9,55,1,1
18:51:00.862,DISTRAZIONE,1,-141.23,-6.43,0.151,-4.973,6.907,-3.364,-0.299,0.052,0.088,78.98,2.31,19.9,55,1,1
18:51:01.362,DISTRAZIONE,1,-141.13,-11.23,0.166,-4.113,8.574,-3.357,0.145,0.213,-0.104,78.98,3.3,19.9,55,1,1
18:51:01.862,DISTRAZIONE,1,-156.68,-19.64,0.343,-5.054,8.351,-2.552,-0.28,0.044,0.009,78.98,5.72,19.9,55,1,1
18:51:02.362,DISTRAZIONE,1,-140.4,-5.21,0.181,-4.389,7.563,-3.06,-0.125,0.224,-0.033,78.98,9.45,19.9,55,1,1
18:51:02.862,DISTRAZIONE,1,-134.74,-5.88,0.151,-4.671,8.068,-2.497,-0.047,0.277,0.027,78.98,13.66,19.9,55,1,1
18:51:03.362,DISTRAZIONE,1,-135.78,-6.46,0.176,-4.14,7.697,-3.711,-0.158,0.371,-0.108,78.98,18.3,19.9,55,1,1
18:51:03.862,DISTRAZIONE,1,-145.36,-10.03,0.171,-4.604,7.932,-4.269,0.27,0.203,-0.084,78.98,17.27,19.9,55,1,1
18:51:04.366,DISTRAZIONE,1,-164.3,-25.78,0.368,-1.779,8.047,-2.358,1.459,-0.274,1.297,78.98,7.79,19.9,55,1,1
18:51:04.866,DISTRAZIONE,1,-141.13,1.13,0.13,-4.537,8.571,-3.436,0.08,0.176,0.163,78.98,6.48,19.9,55,1,1
18:51:05.366,DISTRAZIONE,1,-144.41,-6.02,0.186,-6.888,6.919,-3.651,-0.193,0.137,-0.155,78.98,8.73,19.9,55,1,1
18:51:05.866,SONNOLENZA,0,0.0,0.0,0.0,-3.424,7.432,-3.239,-0.244,0.242,-0.086,78.98,11.14,19.9,55,1,1
18:51:06.366,SONNOLENZA,1,158.24,-3.76,0.206,-4.005,7.319,-4.276,-0.894,0.095,-0.569,78.98,9.22,19.9,55,1,1
18:51:06.866,SONNOLENZA,1,163.33,-17.14,0.169,-5.069,7.302,-3.328,-0.331,0.042,0.012,78.98,12.49,19.9,55,1,1
18:51:07.366,SONNOLENZA,1,165.47,-20.87,0.105,-4.532,8.174,-2.054,0.145,0.283,-0.181,78.98,11.61,19.9,55,1,1
18:51:07.867,SONNOLENZA,1,166.62,30.36,0.192,-3.73,7.436,-3.484,-0.149,0.513,-0.174,78.98,6.3,19.9,55,1,1
18:51:08.367,SONNOLENZA,1,170.39,35.53,0.183,-3.373,9.05,-3.955,0.22,0.409,-0.082,78.98,0.87,19.9,55,1,1
18:51:08.867,SONNOLENZA,1,172.5,32.76,0.123,-2.646,8.222,-2.792,0.303,-0.069,0.31,78.98,0.99,19.9,55,1,1
18:51:09.367,SONNOLENZA,1,174.92,30.1,0.136,-3.608,7.549,-3.304,-0.28,0.106,-0.224,78.98,2.64,19.9,55,1,1
18:51:09.867,SONNOLENZA,1,179.76,34.16,0.21,-3.795,8.866,-2.856,0.244,-0.225,0.355,78.98,5.27,19.9,55,1,1
18:51:10.367,SONNOLENZA,1,168.27,15.15,0.125,-4.745,8.384,-1.93,0.174,0.065,0.078,78.98,8.23,19.9,55,1,1
18:51:10.867,SONNOLENZA,1,172.43,41.0,0.128,-3.677,4.906,-4.187,0.022,0.199,-0.151,78.98,10.24,19.9,55,1,1
18:51:11.367,SONNOLENZA,1,175.78,44.28,0.19,-5.423,7.302,-3.27,-1.329,0.037,-0.658,78.98,8.05,19.9,55,1,1
18:51:11.867,SONNOLENZA,1,176.64,46.97,0.174,-4.808,7.721,-2.971,-0.419,-0.084,0.079,78.98,0.87,19.9,55,1,1
18:51:12.367,SONNOLENZA,1,176.45,39.6,0.108,-5.057,7.803,-2.586,-0.255,0.228,-0.058,78.98,1.65,19.9,55,1,1
18:51:12.867,SONNOLENZA,1,167.88,12.21,0.126,-4.757,7.805,-3.089,0.112,-0.042,0.155,78.98,3.02,19.9,55,1,1
18:51:13.367,SONNOLENZA,1,164.33,6.77,0.133,-4.932,7.535,-2.646,-0.035,0.071,0.135,78.98,5.38,19.9,55,1,1
18:51:13.867,SONNOLENZA,1,164.77,4.56,0.178,-4.094,8.684,0.357,-0.713,0.178,-0.715,78.98,8.88,19.9,55,1,1
18:51:14.367,SONNOLENZA,1,163.16,2.63,0.19,-4.436,8.04,-2.253,0.176,0.244,-0.062,78.98,8.92,19.9,55,1,1
18:51:14.867,SONNOLENZA,1,162.77,3.04,0.16,-4.396,7.738,-2.301,-0.497,0.119,-0.209,78.98,1.65,19.9,55,1,1
18:51:15.367,SONNOLENZA,1,154.02,1.64,0.16,-4.831,8.337,-2.234,-0.546,0.077,-0.153,78.98,0.55,19.9,55,1,1
18:51:15.867,SONNOLENZA,1,157.37,2.1,0.173,-4.348,7.47,-2.772,-0.557,0.034,-0.164,78.98,0.71,19.9,55,1,1
18:51:16.368,SONNOLENZA,1,152.13,1.87,0.182,-5.04,7.357,-3.824,-0.132,0.275,-0.19,78.98,2.03,19.9,55,1,1
18:51:16.868,SONNOLENZA,1,143.87,-0.85,0.154,-4.918,7.997,-2.466,-0.479,0.031,0.024,78.98,4.61,19.9,55,1,1
18:51:17.368,SONNOLENZA,1,144.92,0.37,0.158,-7.046,6.534,-3.773,0.814,0.592,-0.33,78.98,8.77,19.9,55,1,1
18:51:17.868,SONNOLENZA,1,146.29,-5.21,0.18,-5.909,9.529,-4.24,0.654,0.698,0.58,78.98,12.27,19.9,55,1,1
18:51:18.368,SONNOLENZA,1,146.26,-5.65,0.129,-3.84,8.009,-2.892,0.389,0.191,0.181,78.98,6.31,19.9,55,1,1
18:51:18.868,SONNOLENZA,1,149.17,-3.78,0.126,-4.441,7.621,-2.971,0.257,-0.097,0.268,78.98,11.23,19.9,55,1,1
18:51:19.368,SONNOLENZA,1,150.33,-3.78,0.177,-3.687,8.44,-2.222,-0.02,0.038,0.03,78.98,20.35,19.9,55,1,1
18:51:19.868,SONNOLENZA,1,152.31,-6.79,0.147,-4.345,8.128,-3.005,-0.128,0.078,0.096,78.98,18.28,19.9,55,1,1
18:51:20.368,SONNOLENZA,1,147.56,-5.11,0.187,-4.453,7.398,-3.232,-0.107,-0.139,0.209,78.98,7.08,19.9,55,1,1
18:51:20.868,SONNOLENZA,1,151.56,-1.82,0.138,-4.049,7.717,-4.305,0.131,-0.124,0.149,78.98,11.25,19.9,55,1,1
18:51:21.368,SONNOLENZA,1,151.37,2.12,0.124,-4.846,10.884,-0.263,-1.231,0.13,-0.478,78.98,15.3,19.9,55,1,1
18:51:21.868,SONNOLENZA,1,154.89,-0.48,0.157,-5.009,7.427,-2.325,-0.376,-0.048,-0.117,78.98,19.11,19.9,56,1,1
18:51:22.368,SONNOLENZA,1,151.71,-2.91,0.167,-4.822,8.504,-1.846,-0.169,0.185,-0.22,78.98,15.6,19.9,56,1,1
18:51:22.868,SONNOLENZA,1,152.22,-7.8,0.156,-4.197,6.962,-1.875,-0.273,-0.025,-0.16,78.98,6.14,19.9,56,1,1
18:51:23.368,SONNOLENZA,1,159.37,-10.08,0.195,-3.943,8.325,-3.56,0.083,-0.144,-0.005,78.98,3.08,19.9,56,1,1
18:51:23.868,SONNOLENZA,1,152.2,-23.12,0.201,-4.721,8.66,-2.569,-0.152,0.123,-0.042,78.98,8.46,19.9,56,1,1
18:51:24.369,SONNOLENZA,1,145.74,-26.96,0.218,-4.367,7.726,-3.072,-0.007,0.153,-0.14,78.98,11.29,19.9,56,1,1
18:51:24.869,SONNOLENZA,1,149.71,-25.83,0.247,-4.717,7.645,-2.382,-0.013,0.284,-0.26,78.98,15.82,19.9,56,1,1
18:51:25.369,SONNOLENZA,1,152.47,-31.43,0.256,-4.01,7.678,-2.133,-0.07,0.137,0.01,78.98,15.54,19.9,56,1,1
18:51:25.869,SONNOLENZA,1,155.87,-12.77,0.157,-5.001,7.913,-1.762,-0.183,0.027,-0.051,78.98,1.48,19.9,56,1,1
18:51:26.369,SONNOLENZA,1,165.66,-39.22,0.328,-5.04,7.391,-2.526,-0.158,0.045,0.006,78.98,2.7,19.9,56,1,1
18:51:26.869,SONNOLENZA,1,167.43,-29.72,0.221,-5.511,7.757,-1.966,-0.21,-0.119,0.132,78.98,5.22,20.0,56,1,1
18:51:27.369,SONNOLENZA,1,162.48,-8.65,0.176,-4.872,8.143,-2.67,-0.167,0.091,-0.093,78.98,8.23,20.0,56,1,1
18:51:27.869,SONNOLENZA,1,167.03,-20.67,0.208,-5.588,7.18,-2.471,-0.432,0.127,-0.262,78.98,14.13,20.0,56,1,1
18:51:28.369,SONNOLENZA,1,166.22,-36.22,0.297,-5.646,7.202,-2.954,-0.249,0.073,0.056,78.98,18.49,20.0,56,1,1
18:51:28.869,SONNOLENZA,1,166.57,-25.83,0.127,-6.254,6.831,-3.326,-0.302,0.19,-0.15,78.98,14.77,20.0,56,1,1
18:51:29.369,SONNOLENZA,1,176.14,-25.07,0.196,-5.286,6.68,-3.531,-0.418,0.26,-0.184,78.98,0.93,20.0,56,1,1
18:51:29.869,SONNOLENZA,1,166.94,-23.22,0.153,-5.868,6.558,-3.615,-0.3,0.343,-0.117,78.98,2.47,20.0,56,1,1
18:51:30.369,SONNOLENZA,1,160.38,-17.31,0.14,-7.156,6.991,-4.47,-0.52,0.129,-0.227,78.98,5.93,20.0,56,1,1
18:51:30.869,SONNOLENZA,1,166.34,-18.24,0.173,-6.223,6.232,-4.01,-0.394,0.152,-0.262,78.98,9.38,20.0,56,1,1
18:51:31.369,SONNOLENZA,1,167.37,-9.76,0.122,-5.593,6.929,-4.381,-0.164,0.258,-0.022,78.98,18.66,20.0,56,1,1
18:51:31.869,SONNOLENZA,1,170.33,-6.31,0.12,-4.769,8.085,-3.792,-0.055,-0.012,0.122,78.98,23.41,20.0,56,1,1
18:51:32.369,SONNOLENZA,1,163.73,-4.84,0.177,-4.561,7.717,-3.029,-0.109,0.151,0.077,78.98,15.11,20.0,56,1,1
18:51:32.870,SONNOLENZA,1,166.19,2.32,0.16,-4.3,8.064,-3.206,-0.232,0.079,-0.133,78.98,1.87,20.0,56,1,1
18:51:33.370,SONNOLENZA,1,170.21,3.8,0.178,-4.494,8.152,-2.739,-0.154,-0.11,0.131,78.98,3.47,20.0,56,1,1
18:51:33.870,SONNOLENZA,1,168.16,-0.45,0.154,-4.776,8.1,-2.77,0.057,-0.069,0.228,78.98,7.96,20.0,56,1,1
18:51:34.370,SONNOLENZA,1,167.66,-2.65,0.118,-4.889,8.253,-2.629,0.087,0.088,0.038,78.98,15.61,20.0,56,1,1
18:51:34.870,SONNOLENZA,1,168.89,-3.29,0.096,-4.451,7.774,-2.825,-0.228,-0.004,-0.001,78.98,21.78,20.0,56,1,1
18:51:35.370,SONNOLENZA,1,173.74,-6.58,0.124,-4.369,8.521,-2.559,-0.163,0.088,-0.078,78.98,20.07,20.0,56,1,1
18:51:35.870,SONNOLENZA,0,0.0,0.0,0.0,-4.508,8.174,-2.5,0.386,-0.099,0.307,78.98,1.1,20.0,56,1,1
18:51:36.370,SONNOLENZA,1,-173.77,-23.24,0.316,-4.518,7.321,-2.911,-0.151,0.032,0.015,78.98,2.47,20.0,56,1,1
18:51:36.870,SONNOLENZA,1,175.61,-17.79,0.247,-4.12,7.906,-2.689,-0.245,-0.009,-0.142,78.98,3.63,20.0,56,1,1
18:51:37.370,SONNOLENZA,1,177.05,-19.1,0.237,-4.429,8.191,-2.425,-0.251,0.13,-0.087,78.98,6.25,20.0,56,1,1
18:51:37.870,SONNOLENZA,1,-177.51,-18.73,0.24,-4.59,8.265,-3.168,-0.072,0.009,0.061,78.98,11.78,20.0,56,1,1
18:51:38.370,SONNOLENZA,1,-166.78,-9.44,0.213,-4.405,7.604,-2.976,-0.288,0.014,0.005,78.98,18.55,20.0,56,1,1
18:51:38.870,SONNOLENZA,1,-168.91,-4.33,0.176,-4.439,8.016,-2.928,0.059,0.085,0.047,78.98,15.86,20.0,56,1,1
18:51:39.370,SONNOLENZA,1,-175.33,-16.06,0.237,-4.578,8.219,-3.069,-0.222,0.197,-0.102,78.98,4.11,20.0,56,1,1
18:51:39.870,SONNOLENZA,1,-163.85,-35.18,0.32,-3.907,8.078,-2.562,-0.281,0.188,-0.17,78.98,2.36,20.0,56,1,1
18:51:40.370,SONNOLENZA,1,-172.86,-38.89,0.318,-4.12,8.322,-3.168,-0.076,0.138,0.082,78.98,2.74,20.0,56,1,1
18:51:40.870,SONNOLENZA,1,-169.8,-37.58,0.296,-4.896,7.906,-3.314,-0.114,0.071,-0.099,78.98,3.68,20.0,56,1,1
18:51:41.371,SONNOLENZA,1,-164.36,-24.44,0.174,-4.19,8.083,-3.108,-0.195,0.142,-0.039,78.98,6.8,20.0,56,1,1
18:51:41.871,SONNOLENZA,1,-156.06,-12.24,0.277,-4.099,7.93,-2.825,-0.402,0.084,-0.14,78.98,15.98,20.0,56,1,1
18:51:42.371,SONNOLENZA,1,-153.16,-20.73,0.224,-4.53,8.332,-2.658,-0.235,0.054,0.082,78.98,18.55,20.0,56,1,1
18:51:42.871,SONNOLENZA,1,-164.36,-5.69,0.19,-4.271,7.884,-3.338,-0.264,0.121,-0.082,78.98,6.3,20.0,56,1,1
18:51:43.371,SONNOLENZA,0,0.0,0.0,0.0,-4.417,7.92,-3.132,-0.014,0.072,0.064,78.98,2.64,20.0,56,1,1
18:51:43.871,SONNOLENZA,1,-160.58,-35.95,0.354,-4.403,8.133,-2.938,-0.542,0.041,0.016,78.98,4.73,20.0,56,1,1
18:51:44.371,SONNOLENZA,1,-173.72,-18.98,0.189,-3.701,8.176,-2.502,-0.026,0.063,0.061,78.98,9.05,20.0,56,1,1
18:51:44.871,SONNOLENZA,1,-178.84,0.81,0.319,-3.649,7.566,-2.871,-0.133,0.008,-0.098,78.98,12.88,20.0,56,1,1
18:51:45.371,SONNOLENZA,1,177.72,4.48,0.248,-3.074,6.79,-3.273,-0.129,0.42,-0.215,78.98,18.17,20.0,56,1,1
18:51:45.871,SONNOLENZA,0,0.0,0.0,0.0,-4.568,8.839,-3.213,-0.298,0.327,-0.485,78.98,15.05,20.0,56,1,1
18:51:46.371,SONNOLENZA,0,0.0,0.0,0.0,-4.453,7.92,-3.666,0.303,0.091,0.094,78.98,1.93,20.0,56,1,1
18:51:46.871,SONNOLENZA,0,0.0,0.0,0.0,-3.802,7.925,-2.933,-0.104,-0.058,0.186,78.98,3.08,20.0,56,1,1
18:51:47.371,SONNOLENZA,0,0.0,0.0,0.0,-3.582,8.418,-3.297,0.289,-0.009,0.043,78.98,5.82,20.0,56,1,1
18:51:47.871,SONNOLENZA,1,-163.84,-14.33,0.317,-4.18,8.181,-2.871,0.068,0.052,0.066,78.98,10.31,20.0,56,1,1
18:51:48.371,SONNOLENZA,1,179.44,2.26,0.266,-4.336,8.406,-3.084,-0.103,-0.104,0.092,78.98,17.3,20.0,56,1,1
18:51:48.871,SONNOLENZA,1,179.26,1.75,0.117,-4.271,8.619,-3.029,-0.175,-0.002,-0.001,78.98,17.67,20.0,56,1,1
18:51:49.372,SONNOLENZA,1,179.61,-5.37,0.241,-4.518,7.544,-2.65,-0.115,0.122,-0.035,78.98,2.68,20.0,56,1,1
18:51:49.872,SONNOLENZA,1,176.17,-0.17,0.118,-4.468,7.843,-2.449,-0.256,0.003,0.035,78.98,2.09,20.0,56,1,1
18:51:50.372,SONNOLENZA,1,176.17,8.86,0.118,-4.324,7.973,-2.789,-0.266,0.158,-0.068,78.98,5.05,20.0,56,1,1
18:51:50.872,VIGILE,1,175.53,5.85,0.11,-1.681,6.563,-3.893,-0.188,0.428,-0.226,78.98,9.54,20.0,56,1,1
18:51:51.372,VIGILE,1,170.55,4.95,0.258,-5.016,8.459,-3.024,0.244,-0.216,0.276,78.98,16.81,20.0,56,1,1
18:51:51.872,VIGILE,1,170.95,-2.58,0.252,-3.974,8.174,-3.462,-0.18,-0.184,0.07,78.98,19.48,20.0,56,1,1
18:51:52.372,VIGILE,1,170.68,28.8,0.213,-5.042,6.493,-2.801,-0.632,-0.059,-0.259,78.98,3.29,20.0,56,1,1
18:51:52.872,VIGILE,1,171.23,20.68,0.168,-4.283,7.274,-3.529,0.131,-0.123,0.163,78.98,4.24,20.0,56,1,1
18:51:53.372,VIGILE,1,173.58,1.8,0.306,-2.392,4.808,-2.693,-0.078,-0.616,0.546,78.98,6.59,20.0,56,1,1
18:51:53.872,VIGILE,1,177.35,-1.24,0.315,-5.08,6.639,-1.935,-1.107,0.066,-0.348,78.98,11.62,20.0,56,1,1
18:51:54.372,VIGILE,1,173.56,-5.44,0.283,-3.39,8.377,-3.697,0.124,0.188,-0.024,78.98,19.81,20.0,56,1,1
18:51:54.872,VIGILE,1,171.42,-7.87,0.302,-4.025,7.999,-2.71,-0.282,0.003,0.051,78.98,15.16,20.0,56,1,1
18:51:55.372,VIGILE,1,170.89,3.68,0.254,-4.348,7.391,-3.469,-0.386,0.126,-0.159,78.98,3.51,20.0,56,1,1
18:51:55.872,VIGILE,1,171.69,-0.26,0.27,-3.778,7.898,-2.622,0.278,-0.401,0.301,78.98,4.5,20.0,56,1,1
18:51:56.372,VIGILE,1,175.2,1.69,0.292,-3.979,7.578,-3.373,0.213,0.095,0.003,78.98,7.79,20.0,56,1,1
18:51:56.872,VIGILE,1,172.64,-3.97,0.269,-4.003,8.404,-2.89,0.353,-0.083,0.377,78.98,14.35,20.0,56,1,1
18:51:57.372,VIGILE,1,170.19,-2.36,0.25,-3.8,8.49,-2.37,-0.362,-0.151,-0.011,78.98,13.09,20.0,56,1,1
18:51:57.873,VIGILE,1,173.39,-11.66,0.284,-4.345,7.93,-2.746,-0.247,0.108,0.105,78.98,3.35,20.0,56,1,1
18:51:58.373,VIGILE,1,174.38,-16.63,0.255,-5.346,8.95,-4.108,0.185,0.173,0.025,78.98,6.09,20.0,56,1,1
18:51:58.873,VIGILE,1,176.76,-18.35,0.196,-4.266,7.989,-3.706,1.944,-0.73,1.658,78.98,9.71,20.0,56,1,1
18:51:59.373,VIGILE,1,174.69,-10.89,0.268,-4.14,7.369,-2.152,-0.515,0.143,-0.244,78.98,2.74,20.0,55,1,1
18:51:59.873,VIGILE,1,171.54,-15.13,0.262,-4.774,7.221,-1.652,-0.151,-0.068,0.099,78.98,15.98,20.0,55,1,1
18:52:00.373,VIGILE,1,169.51,-15.63,0.257,-4.501,8.636,-1.513,-0.638,-0.099,0.088,78.98,3.51,20.0,55,1,1
18:52:00.873,VIGILE,1,171.31,-14.08,0.249,-5.344,7.882,-2.401,-0.501,-0.079,-0.049,78.98,6.86,20.0,55,1,1
18:52:01.373,VIGILE,1,170.69,-12.29,0.256,-4.156,7.958,-2.468,-0.08,0.137,-0.123,78.98,11.19,20.0,55,1,1
18:52:01.873,VIGILE,1,165.58,-7.02,0.286,-4.678,7.262,-1.192,-0.104,-0.06,0.242,78.98,19.21,20.0,55,1,1
18:52:02.373,VIGILE,1,158.94,-4.61,0.263,-4.865,8.423,-1.721,-0.319,0.34,-0.284,78.98,20.46,20.0,55,1,1
18:52:02.873,VIGILE,1,168.86,-6.35,0.286,-5.629,7.894,-1.784,-0.168,0.127,0.141,78.98,3.19,20.0,55,1,1
18:52:03.373,VIGILE,1,172.5,-1.3,0.293,-4.362,8.38,-2.497,0.111,0.066,0.057,78.98,5.6,20.0,55,1,1
18:52:03.873,VIGILE,1,170.56,11.05,0.267,-4.003,9.596,-0.261,-0.957,-0.263,-0.039,78.98,9.93,20.0,55,1,1
18:52:04.373,VIGILE,1,175.38,36.16,0.325,-5.739,11.255,0.848,-0.669,-0.335,0.073,78.98,15.39,20.0,55,1,1
18:52:04.873,VIGILE,1,176.02,-22.73,0.287,-2.035,9.531,0.132,-0.264,-0.331,-0.376,78.98,19.26,20.0,55,1,1
18:52:05.373,VIGILE,0,0.0,0.0,0.0,-0.915,8.296,-1.585,0.2,-0.17,0.292,78.98,10.23,20.0,55,1,1
18:52:05.873,VIGILE,1,179.83,-30.37,0.155,-3.139,9.187,-3.326,-0.743,0.171,-0.602,78.98,3.78,20.0,55,1,1
18:52:06.374,VIGILE,1,169.87,-40.41,0.285,-3.697,8.341,-3.247,0.414,0.065,0.233,78.98,1.7,20.0,55,1,1
18:52:06.874,VIGILE,1,166.56,-46.48,0.29,-4.848,8.875,-3.608,0.103,0.049,0.313,78.98,4.12,20.0,55,1,1
18:52:07.374,VIGILE,1,169.64,-41.63,0.288,-5.741,6.017,-2.904,-0.298,0.273,-0.35,78.98,6.59,20.0,55,1,1
18:52:07.874,VIGILE,1,170.54,-35.16,0.22,-6.84,7.573,-3.754,-0.189,0.067,0.122,78.98,9.99,20.0,55,1,1
18:52:08.374,VIGILE,1,172.51,-42.38,0.305,-6.802,6.977,-3.39,-0.191,0.238,-0.018,78.98,14.51,20.0,55,1,1
18:52:08.874,VIGILE,1,172.77,-45.68,0.244,-5.758,7.096,-2.421,-0.298,0.283,0.019,78.98,15.98,20.0,55,1,1
18:52:09.374,VIGILE,1,174.79,-37.71,0.279,-5.502,7.851,-2.571,-0.398,0.039,-0.082,78.98,6.68,20.0,55,1,1
18:52:09.874,VIGILE,1,174.65,-34.49,0.235,-5.327,8.387,-3.656,0.083,0.168,0.074,78.98,2.8,20.0,55,1,1
18:52:10.374,VIGILE,1,176.48,-34.86,0.261,-5.739,6.931,-2.938,-0.444,0.037,-0.165,78.98,5.44,20.0,55,1,1
18:52:10.874,VIGILE,1,173.53,-33.79,0.235,-6.795,6.625,-3.455,-0.321,0.189,-0.146,78.98,10.91,20.0,55,1,1
18:52:11.374,VIGILE,1,173.63,-26.59,0.194,-7.875,6.531,-3.141,-0.347,0.107,0.009,78.98,16.69,20.0,55,1,1
18:52:11.874,VIGILE,1,178.72,-21.65,0.26,-6.285,6.383,-1.731,-0.501,-0.02,-0.039,78.98,18.27,20.0,55,1,1
18:52:12.374,VIGILE,1,-177.59,-20.45,0.252,-7.314,5.734,-3.46,-0.412,0.553,-0.058,78.98,9.9,20.0,55,1,1
18:52:12.874,VIGILE,1,179.65,-21.77,0.249,-7.427,6.096,-1.425,-0.196,0.357,-0.389,78.98,3.45,20.0,55,1,1
18:52:13.374,VIGILE,1,171.94,-6.47,0.251,-7.578,6.725,-3.699,-0.302,0.336,0.058,78.98,3.29,20.0,55,1,1
18:52:13.874,VIGILE,1,172.67,20.09,0.294,-3.508,7.922,-2.725,0.21,0.22,0.143,78.98,5.1,20.0,55,1,1
18:52:14.374,VIGILE,1,159.55,50.16,0.271,-3.869,9.359,-1.913,0.137,0.114,-0.144,78.98,7.72,20.0,55,1,1
18:52:14.875,VIGILE,1,175.38,33.57,0.349,-3.498,9.222,-1.334,0.508,-0.475,0.368,78.98,10.41,20.0,55,1,1
18:52:15.375,VIGILE,1,-167.26,55.15,0.359,2.069,8.818,-0.766,-2.204,-0.179,-1.176,78.98,11.83,20.0,55,1,1
18:52:15.875,VIGILE,1,-177.93,32.1,0.357,-1.046,11.083,-2.796,0.587,-0.403,0.356,78.98,13.32,20.0,55,1,1
18:52:16.375,VIGILE,1,-178.46,30.77,0.209,-1.621,9.574,-4.75,0.452,-0.4,0.274,78.98,10.85,20.0,55,1,1
18:52:16.875,VIGILE,1,175.51,27.83,0.33,-0.35,9.306,-3.179,0.168,-0.252,0.174,78.98,8.94,20.0,55,1,1
18:52:17.375,VIGILE,1,172.98,23.19,0.306,-2.286,8.875,-2.804,-0.146,-0.313,0.288,78.98,5.44,20.0,55,1,1
18:52:17.875,VIGILE,1,173.29,11.83,0.248,-3.165,9.38,-3.766,-0.014,0.148,-0.013,78.98,7.41,20.0,55,1,1
18:52:18.375,VIGILE,1,168.33,-6.57,0.288,-2.298,7.432,-4.901,-0.178,0.281,-0.024,78.98,11.89,20.0,55,1,1
18:52:18.875,VIGILE,1,167.99,-17.92,0.278,-4.36,8.045,-2.035,-0.207,-0.046,-0.071,78.98,12.49,20.0,55,1,1
18:52:19.375,VIGILE,1,170.79,-20.65,0.282,-3.869,8.54,-2.995,-0.031,0.289,-0.11,78.98,6.04,20.0,55,1,1
18:52:19.875,VIGILE,1,173.5,-26.36,0.247,-3.752,8.638,-3.263,-0.184,0.242,0.008,78.98,7.47,20.0,55,1,1
18:52:20.375,VIGILE,1,166.59,-31.17,0.263,-3.974,8.147,-3.622,-0.224,0.016,0.001,78.98,10.91,20.0,55,1,1
18:52:20.875,VIGILE,1,172.17,-23.0,0.232,-2.99,7.877,-4.389,-0.194,0.206,0.028,78.98,13.7,20.0,55,1,1
18:52:21.375,VIGILE,1,171.77,-22.12,0.303,-2.751,6.953,-3.764,-0.361,0.188,0.034,78.98,8.83,20.0,55,1,1
18:52:21.875,VIGILE,1,171.34,-20.54,0.283,-3.148,8.152,-4.161,-0.189,0.191,-0.093,78.98,10.2,20.0,55,1,1
18:52:22.375,VIGILE,1,171.97,-23.93,0.282,-3.757,8.169,-3.689,-0.128,0.095,0.026,78.98,12.98,20.0,55,1,1
18:52:22.875,VIGILE,1,172.88,-23.69,0.294,-4.166,8.533,-4.386,-0.31,-0.214,-0.397,78.98,7.41,20.0,55,1,1
18:52:23.375,VIGILE,1,171.95,-20.74,0.269,-3.926,8.071,-4.082,-0.134,0.102,-0.099,78.98,7.51,20.0,55,1,1
18:52:23.875,VIGILE,1,171.37,-22.9,0.254,-3.405,8.492,-3.124,-0.139,-0.126,-0.025,78.98,10.63,20.0,55,1,1
18:52:24.376,VIGILE,1,169.91,-23.05,0.324,-2.868,8.023,-2.856,0.133,0.08,-0.021,78.98,9.49,20.0,55,1,1
18:52:24.876,VIGILE,1,174.13,-22.71,0.249,-4.331,7.659,-2.116,-0.273,-0.084,0.02,78.98,6.21,20.0,55,1,1
18:52:25.376,VIGILE,1,173.09,-19.77,0.287,-4.48,7.851,-2.976,-0.067,-0.081,0.077,78.98,11.35,20.0,55,1,1
18:52:25.876,VIGILE,1,174.99,-16.36,0.284,-5.061,7.597,-2.598,1.272,0.044,0.367,78.98,13.53,20.0,55,1,1
18:52:26.376,VIGILE,1,173.71,-18.14,0.296,-3.503,6.831,-3.778,1.115,-0.256,0.319,78.98,8.49,20.0,55,1,1
18:52:26.876,VIGILE,1,173.29,-19.91,0.321,-5.315,7.017,-1.286,-1.025,-0.338,-0.015,78.98,2.8,20.0,55,1,1
18:52:27.376,VIGILE,1,174.98,-16.37,0.294,-3.795,7.192,-3.783,-0.694,0.237,-0.569,78.98,8.08,20.0,55,1,1
18:52:27.876,VIGILE,1,175.29,-24.67,0.297,-3.996,6.536,-2.653,-0.191,-0.147,0.016,78.98,12.55,20.0,55,1,1
18:52:28.376,VIGILE,1,172.76,-23.43,0.338,-7.36,7.836,-5.397,1.251,-0.523,0.969,78.98,16.53,20.0,55,1,1
18:52:28.876,VIGILE,1,176.5,-26.11,0.265,-6.62,8.073,-3.424,-0.093,0.356,-0.108,78.98,1.32,20.0,55,1,1
18:52:29.376,VIGILE,1,172.99,-25.68,0.299,-4.673,7.183,-3.833,-0.257,-0.343,0.118,78.98,1.54,20.0,55,1,1
18:52:29.876,VIGILE,1,175.4,-26.57,0.261,-5.092,6.919,-3.369,-0.459,-0.349,0.089,78.98,4.4,20.0,55,1,1
18:52:30.376,VIGILE,1,175.45,-20.99,0.257,-5.988,7.501,-4.63,-0.174,-0.02,-0.077,78.98,11.47,20.0,55,1,1
18:52:30.876,VIGILE,1,173.37,-23.85,0.253,-4.336,6.912,-2.021,-0.515,-0.189,0.132,78.98,20.41,20.0,55,1,1
18:52:31.376,VIGILE,1,-179.41,-25.36,0.312,-6.754,6.835,-1.425,0.006,-0.175,0.231,78.98,9.47,20.0,55,1,1
18:52:31.876,VIGILE,1,173.52,-25.47,0.286,-5.722,8.851,-2.933,0.282,0.176,0.239,78.98,1.16,19.9,55,1,1
18:52:32.376,VIGILE,1,172.96,-21.78,0.281,-6.227,8.744,-3.349,0.044,0.273,0.01,78.98,2.92,19.9,55,1,1
18:52:32.876,VIGILE,1,173.8,-20.11,0.282,-5.145,5.902,-4.743,0.108,0.156,0.151,78.98,8.51,19.9,55,1,1
18:52:33.377,VIGILE,1,174.2,-23.11,0.269,-6.163,8.272,-3.491,-0.123,0.269,-0.086,78.98,19.21,19.9,55,1,1
18:52:33.877,VIGILE,1,170.02,-20.72,0.273,-4.8,8.045,-3.184,-0.056,0.254,-0.159,78.98,16.8,19.9,55,1,1
18:52:34.377,VIGILE,1,171.89,-18.18,0.244,-4.3,8.657,-2.89,0.407,-0.221,0.119,78.98,0.93,19.9,55,1,1
18:52:34.877,VIGILE,1,169.13,-13.0,0.266,-4.389,8.1,-2.294,-0.124,-0.099,0.097,78.98,2.15,19.9,55,1,1
18:52:35.377,VIGILE,1,169.04,25.61,0.254,-3.824,7.652,-2.095,0.242,-0.023,0.177,78.98,7.3,19.9,55,1,1
18:52:35.877,VIGILE,1,174.27,2.54,0.248,-3.278,7.618,-4.022,0.883,0.196,0.139,78.98,11.9,19.9,55,1,1
18:52:36.377,VIGILE,1,168.31,-7.93,0.263,-4.939,7.834,-5.253,0.207,0.581,0.399,78.98,20.09,19.9,55,1,1
18:52:36.877,VIGILE,1,173.24,-8.01,0.204,-3.783,7.915,-2.71,0.172,0.049,0.097,78.98,2.25,19.9,55,1,1
18:52:37.377,VIGILE,1,175.26,-10.15,0.284,-4.652,7.527,-2.988,-0.569,-0.101,0.015,78.98,7.36,19.9,55,1,1
18:52:37.877,VIGILE,1,168.09,-3.44,0.142,-4.487,8.607,-2.799,-0.389,0.09,-0.069,78.98,11.96,19.9,55,1,1
18:52:38.377,VIGILE,1,174.33,-12.72,0.289,-4.858,8.471,-3.292,0.285,0.284,0.033,78.98,21.29,19.9,55,1,1
18:52:38.877,VIGILE,1,170.46,-6.8,0.302,-3.859,8.425,-3.687,-0.579,0.03,0.035,78.98,6.18,19.9,55,1,1
18:52:39.377,VIGILE,1,172.13,-7.45,0.326,-4.278,7.494,-2.682,0.449,-0.067,0.529,78.98,0.71,19.9,55,1,1
18:52:39.877,VIGILE,1,170.56,0.55,0.295,-3.852,8.329,-2.926,-1.306,-0.18,-0.377,78.98,1.38,19.9,55,1,1
18:52:40.377,VIGILE,1,173.82,-0.07,0.294,-5.373,8.143,-2.425,-0.027,-0.112,0.166,78.98,3.69,19.9,55,1,1
18:52:40.877,VIGILE,1,177.32,-20.58,0.274,-5.368,9.747,-4.831,0.631,0.52,-0.114,78.98,9.44,19.9,55,1,1
18:52:41.377,VIGILE,1,173.4,-0.2,0.328,-3.838,8.777,-3.699,-0.12,0.208,-0.083,78.98,18.01,19.9,55,1,1
18:52:41.877,VIGILE,1,172.67,-5.3,0.265,-4.841,8.437,-4.123,0.407,0.56,-0.277,78.98,14.72,19.9,55,1,1
18:52:42.378,VIGILE,1,170.77,-2.49,0.126,-4.295,7.223,-1.992,-1.187,0.012,-0.327,78.98,0.77,19.9,55,1,1
18:52:42.878,VIGILE,1,176.78,25.11,0.196,-3.757,9.476,-4.19,-0.638,-0.425,0.468,78.98,2.31,19.9,55,1,1
18:52:43.378,VIGILE,1,178.33,17.11,0.289,-4.762,7.812,-3.306,-0.021,-0.155,0.165,78.98,7.69,19.9,55,1,1
18:52:43.878,VIGILE,1,172.92,-4.54,0.285,-4.659,8.499,-2.088,-0.623,0.081,-0.242,78.98,15.18,19.9,55,1,1
18:52:44.378,VIGILE,1,174.73,-12.68,0.288,-4.58,7.647,-2.741,0.105,0.094,0.051,78.98,18.12,19.9,55,1,1
18:52:44.878,VIGILE,1,168.94,-9.43,0.298,-3.309,6.735,-4.666,0.9,0.235,0.274,78.98,0.77,19.9,55,1,1
18:52:45.378,VIGILE,1,173.09,-13.1,0.206,-3.656,8.411,-2.682,0.494,0.835,-0.541,78.98,1.76,19.9,55,1,1
18:52:45.878,VIGILE,1,171.32,-7.76,0.275,-1.683,7.566,-3.646,0.111,0.987,0.363,78.98,5.88,19.9,55,1,1
18:52:46.378,VIGILE,1,171.79,-17.7,0.25,-5.6,8.983,-1.393,-0.958,-0.333,-0.286,78.98,9.6,19.9,55,1,1
18:52:46.878,VIGILE,1,174.12,-11.73,0.29,-5.969,8.025,-3.824,-0.434,-0.205,-0.26,78.98,16.65,19.9,55,1,1
18:52:47.378,VIGILE,1,169.81,-10.36,0.299,-3.713,7.882,-1.757,-0.411,-0.313,-0.067,78.98,11.61,19.9,55,1,1
18:52:47.878,VIGILE,1,164.97,-2.21,0.265,-5.351,8.545,-2.863,0.223,0.148,-0.067,78.98,0.49,19.9,55,1,1
18:52:48.378,VIGILE,1,160.63,2.53,0.267,-4.997,7.159,-3.275,-0.323,0.403,-0.351,78.98,1.26,19.9,55,1,1
18:52:48.878,VIGILE,1,169.17,13.8,0.305,-6.393,8.887,-2.619,-0.127,0.541,-0.559,78.98,2.64,19.9,55,1,1
18:52:49.378,VIGILE,1,173.18,20.37,0.315,-4.867,8.303,-1.429,-0.21,0.052,0.2,78.98,4.55,19.9,55,1,1
18:52:49.878,VIGILE,1,169.15,15.65,0.281,-4.887,7.93,-2.243,-0.389,-0.054,-0.006,78.98,7.56,19.9,55,1,1
18:52:50.378,VIGILE,1,164.07,21.43,0.3,-7.58,7.726,-0.678,-0.088,0.025,-0.103,78.98,8.38,19.9,55,1,1
18:52:50.879,VIGILE,1,174.61,28.83,0.344,-5.923,8.25,-1.142,-0.14,-0.073,0.056,78.98,4.71,19.9,55,1,1
18:52:51.379,VIGILE,1,174.13,55.48,0.327,-3.869,8.396,-2.631,0.011,-0.02,0.005,78.98,3.19,19.9,55,1,1
18:52:51.879,VIGILE,1,177.69,33.91,0.296,-3.462,8.461,-1.25,-0.111,0.225,0.415,78.98,6.27,19.9,55,1,1
18:52:52.379,VIGILE,1,171.01,33.39,0.314,-2.813,9.668,-0.943,0.24,-0.006,0.307,78.98,10.21,19.9,55,1,1
18:52:52.879,VIGILE,1,178.1,43.99,0.326,-4.602,10.245,-0.52,0.025,-0.223,0.276,78.98,12.23,19.9,55,1,1
18:52:53.379,VIGILE,1,-172.48,44.51,0.349,-1.319,11.408,-1.568,0.416,-0.095,-0.083,78.98,11.52,19.9,55,1,1
18:52:53.879,VIGILE,1,-177.5,32.27,0.351,-1.506,9.811,0.055,-0.776,-0.522,0.052,78.98,9.16,19.9,55,1,1
18:52:54.379,VIGILE,1,-176.91,3.98,0.301,-0.414,10.467,-1.712,-0.813,-0.844,0.455,78.98,13.43,19.9,55,1,1
18:52:54.879,VIGILE,1,179.48,-17.51,0.288,-1.551,10.274,-2.085,0.167,-0.342,0.197,78.98,20.64,19.9,55,1,1
18:52:55.379,VIGILE,1,-179.9,-17.31,0.254,-2.813,7.307,-5.265,-1.025,-0.02,-0.656,78.98,28.6,19.9,55,1,1
18:52:55.879,VIGILE,1,172.87,-13.81,0.294,-4.554,8.605,-2.658,-0.667,0.194,-0.44,78.98,14.0,19.9,55,1,1
18:52:56.379,VIGILE,1,171.98,-11.24,0.301,-2.701,7.618,-4.087,-0.123,0.026,-0.134,78.98,4.82,19.9,55,1,1
18:52:56.879,VIGILE,1,176.72,-8.14,0.293,-2.636,6.797,-1.441,-0.407,0.002,-0.182,78.98,1.7,19.9,55,1,1
18:52:57.379,VIGILE,1,174.16,-10.65,0.281,-4.712,8.765,-4.228,-0.083,-0.044,0.035,78.98,2.86,19.9,55,1,1
18:52:57.879,VIGILE,1,171.38,-12.42,0.224,-4.523,8.705,-3.486,0.4,-0.039,0.081,78.98,5.6,19.9,55,1,1
18:52:58.380,VIGILE,1,172.99,-11.58,0.24,-3.309,8.772,-2.849,-0.652,0.509,-0.515,78.98,10.08,19.9,55,1,1
18:52:58.880,VIGILE,1,172.42,-6.9,0.213,-4.434,8.583,-5.253,0.097,0.327,-0.114,78.98,18.87,19.9,55,1,1
18:52:59.380,VIGILE,1,168.37,-11.05,0.206,-3.718,7.503,-4.228,0.689,0.006,0.666,78.98,15.58,19.9,55,1,1
18:52:59.880,VIGILE,1,171.3,-5.81,0.293,-3.323,8.277,-4.762,0.469,0.589,-0.139,78.98,1.7,19.9,55,1,1
18:53:00.380,VIGILE,1,176.02,-7.78,0.245,-3.156,9.297,-3.108,0.121,0.299,-0.242,78.98,1.65,19.9,55,1,1
18:53:00.880,VIGILE,1,178.03,-16.81,0.269,-4.101,8.538,-5.047,0.374,0.831,-0.019,78.98,3.13,19.9,55,1,1
18:53:01.380,VIGILE,1,172.16,-9.7,0.184,-5.241,9.522,-4.843,-0.418,-0.112,-0.179,78.98,6.97,19.9,55,1,1
18:53:01.880,VIGILE,1,176.02,-16.44,0.256,-6.668,9.345,-4.829,-1.205,-0.225,-0.2,78.98,16.96,19.8,54,1,1
18:53:02.380,VIGILE,1,171.2,-8.58,0.263,-3.79,7.841,-3.615,-0.855,0.192,-0.215,78.98,17.72,19.8,54,1,1
18:53:02.880,VIGILE,1,174.92,-12.53,0.203,-4.147,7.293,-3.666,-0.203,0.082,0.049,78.98,1.1,19.8,54,1,1
18:53:03.380,VIGILE,1,172.66,-10.42,0.229,-4.554,8.578,-1.566,-0.418,0.014,0.057,78.98,5.17,19.8,54,1,1
18:53:03.880,VIGILE,1,173.35,-13.77,0.264,-4.12,8.181,-2.387,-0.608,-0.161,0.046,78.98,17.46,19.8,54,1,1
18:53:04.380,VIGILE,1,170.61,-13.55,0.257,-4.585,5.069,-2.035,-0.188,-0.281,0.045,78.98,30.77,19.8,54,1,1
18:53:04.880,VIGILE,1,173.0,-11.36,0.251,-3.259,7.822,-2.114,0.537,-0.116,0.504,78.98,11.89,19.8,54,1,1
18:53:05.380,VIGILE,1,170.69,-5.26,0.266,-5.432,6.551,-2.631,-0.276,-0.415,0.039,78.98,3.41,19.8,54,1,1
18:53:05.880,VIGILE,1,169.54,-6.51,0.209,-3.78,7.721,-3.994,0.23,0.183,0.175,78.98,8.73,19.8,54,1,1
18:53:06.381,VIGILE,1,172.71,-8.31,0.277,-4.882,7.8,-3.182,-0.176,0.176,-0.242,78.98,24.15,19.8,54,1,1
18:53:06.881,VIGILE,1,170.58,-0.78,0.254,-4.59,8.399,-2.579,-0.238,0.28,0.02,78.98,30.14,19.8,54,1,1
18:53:07.381,VIGILE,1,175.23,-0.45,0.3,-5.119,8.715,-2.634,0.041,0.307,-0.165,78.98,2.19,19.8,54,1,1
18:53:07.881,VIGILE,1,175.44,-5.78,0.298,-4.281,8.361,-1.595,-0.221,0.108,-0.14,78.98,4.12,19.8,54,1,1
18:53:08.381,VIGILE,1,175.38,-7.35,0.299,-3.941,10.005,-1.604,-0.02,0.066,0.055,78.98,9.6,19.8,54,1,1
18:53:08.881,VIGILE,1,175.42,-8.82,0.266,-2.945,9.383,-2.148,-0.064,-0.018,-0.131,78.98,19.82,19.8,54,1,1
18:53:09.381,VIGILE,1,179.29,-29.25,0.299,-3.819,10.743,-2.43,-0.191,-0.014,0.056,78.98,24.3,19.8,54,1,1
18:53:09.881,VIGILE,1,178.06,-7.46,0.296,-3.438,9.742,-1.834,-0.199,0.064,-0.023,78.98,7.79,19.8,54,1,1
18:53:10.381,VIGILE,1,179.19,-29.88,0.249,-3.871,8.954,-1.707,-0.006,-0.014,0.04,78.98,17.42,19.8,54,1,1
18:53:10.881,VIGILE,1,176.92,-8.27,0.29,-2.868,9.361,-2.555,0.261,-0.035,0.189,78.98,21.82,19.8,54,1,1
18:53:11.381,VIGILE,1,175.72,-12.53,0.253,-3.543,7.527,-3.812,-0.227,-0.13,-0.024,78.98,8.54,19.8,54,1,1
18:53:11.881,VIGILE,1,174.62,-7.9,0.254,-4.848,8.863,-2.816,-0.222,0.01,-0.031,78.98,14.11,19.8,54,1,1
18:53:12.381,VIGILE,1,173.36,-11.14,0.283,-4.025,8.789,-2.95,-0.086,-0.076,-0.005,78.98,9.84,19.8,54,1,1
18:53:12.881,VIGILE,1,174.84,-9.96,0.256,-4.089,8.104,-2.818,-0.046,0.107,0.124,78.98,8.24,19.8,54,1,1
18:53:13.381,VIGILE,1,173.15,-12.02,0.292,-4.185,8.174,-2.124,-0.191,-0.11,0.057,78.98,22.97,19.8,54,1,1
18:53:13.881,VIGILE,1,171.89,-8.89,0.307,-4.312,8.339,-3.452,-0.152,0.195,-0.209,78.98,24.78,19.8,54,1,1
18:53:14.381,VIGILE,1,172.32,-10.0,0.294,-5.44,9.483,-3.994,0.197,0.094,0.146,78.98,17.5,19.8,54,1,1
18:53:14.882,VIGILE,1,172.84,-4.52,0.312,-3.596,10.59,-5.344,0.852,0.165,0.705,78.98,2.96,19.8,54,1,1
18:53:15.382,VIGILE,1,176.91,-11.44,0.305,-5.531,9.318,-3.946,-0.403,0.133,-0.088,78.98,3.9,19.8,54,1,1
18:53:15.882,VIGILE,1,174.59,-11.79,0.277,-3.905,7.657,-5.377,-0.108,-0.745,0.454,78.98,3.13,19.8,54,1,1
18:53:16.382,VIGILE,1,175.6,-13.5,0.259,-1.844,8.578,-3.065,0.356,0.06,0.111,78.98,4.61,19.8,54,1,1
18:53:16.882,VIGILE,1,174.22,-3.53,0.271,-4.075,7.903,-0.876,-0.243,0.259,0.261,78.98,4.71,19.8,54,1,1
18:53:17.382,VIGILE,1,174.2,-2.63,0.276,-4.001,8.272,-2.854,-0.33,-0.331,0.079,78.98,1.87,19.8,54,1,1
18:53:17.882,VIGILE,1,175.64,-9.92,0.257,-4.53,9.098,-1.812,0.751,0.22,0.005,78.98,2.42,19.8,54,1,1
18:53:18.382,VIGILE,1,177.27,-17.37,0.257,-4.073,7.942,-2.246,0.504,0.05,0.216,78.98,3.13,19.8,54,1,1
18:53:18.882,VIGILE,1,175.38,-11.26,0.27,-3.395,6.378,-2.332,-0.281,0.218,-0.076,78.98,2.25,19.8,54,1,1
18:53:19.382,VIGILE,1,174.18,-6.89,0.31,-3.943,7.616,-2.358,-0.152,-0.039,0.145,78.98,2.25,19.8,54,1,1
18:53:19.882,VIGILE,1,173.33,-9.29,0.286,-3.713,7.922,-2.042,0.131,0.064,-0.017,78.98,4.39,19.8,54,1,1
18:53:20.382,VIGILE,1,167.3,-5.5,0.277,-5.291,8.818,-2.691,-0.008,0.239,-0.19,78.98,7.23,19.8,54,1,1
18:53:20.882,VIGILE,1,168.31,-2.29,0.245,-4.568,8.047,-3.491,0.072,-0.536,0.258,78.98,4.77,19.8,54,1,1
18:53:21.382,VIGILE,1,172.02,2.02,0.239,-4.743,8.535,-0.508,0.9,-0.448,0.55,78.98,2.7,19.8,54,1,1
18:53:21.882,VIGILE,1,176.17,-2.62,0.296,-6.527,7.269,-3.357,-0.424,0.652,-0.422,78.98,5.93,19.8,54,1,1
18:53:22.382,VIGILE,1,174.31,-6.68,0.298,-5.011,7.932,-3.895,0.44,-0.027,-0.266,78.98,9.37,19.8,54,1,1
18:53:22.882,VIGILE,1,174.36,-11.16,0.301,-5.248,6.979,-4.515,0.67,0.296,-0.086,78.98,8.43,19.8,54,1,1
18:53:23.383,VIGILE,1,172.45,-2.67,0.254,-3.606,7.709,-1.724,-0.268,0.022,0.105,78.98,1.32,19.8,54,1,1
18:53:23.883,VIGILE,1,177.16,-17.46,0.273,-4.673,8.198,-3.8,0.128,0.38,-0.035,78.98,2.64,19.8,54,1,1
18:53:24.383,VIGILE,1,175.75,18.73,0.282,-6.038,6.936,-2.84,0.485,-0.005,0.416,78.98,12.23,19.7,54,1,1
18:53:24.883,VIGILE,1,171.76,1.31,0.31,-2.612,7.432,-3.383,0.09,-0.002,0.062,78.98,12.11,19.7,54,1,1
18:53:25.383,VIGILE,1,172.65,7.89,0.261,-3.139,9.29,-4.855,0.872,0.327,0.328,78.98,4.33,19.7,54,1,1
18:53:25.883,VIGILE,1,174.14,5.09,0.314,-5.035,8.468,-3.68,-0.365,0.005,-0.098,78.98,2.31,19.7,54,1,1
18:53:26.383,VIGILE,1,-172.77,35.55,0.356,-4.092,9.103,-0.9,0.925,-0.566,2.534,78.98,5.99,19.7,54,1,1
18:53:26.883,VIGILE,1,-175.44,30.69,0.182,-4.056,7.602,-3.096,-0.453,0.07,-0.246,78.98,8.49,19.7,54,1,1
18:53:27.383,VIGILE,1,-174.25,44.05,0.195,-3.68,10.163,-1.463,-0.698,0.303,0.176,78.98,9.69,19.7,54,1,1
18:53:27.883,VIGILE,1,174.23,0.25,0.324,-3.598,10.027,-3.419,-0.063,0.199,-0.1,78.98,1.65,19.7,54,1,1
18:53:28.383,VIGILE,1,178.34,18.85,0.314,-2.823,8.253,-0.919,1.188,-0.349,0.731,78.98,2.64,19.7,54,1,1
18:53:28.883,VIGILE,1,-177.65,36.74,0.349,-1.982,7.829,-3.742,0.499,0.223,-0.092,78.98,4.89,19.7,54,1,1
18:53:29.383,VIGILE,1,-179.74,29.23,0.112,-4.12,7.309,-2.95,-0.537,-0.002,0.058,78.98,9.59,19.7,54,1,1
18:53:29.883,VIGILE,1,176.4,26.27,0.214,-3.436,8.143,-2.679,-0.246,0.312,0.041,78.98,19.09,19.7,54,1,1
18:53:30.383,VIGILE,1,174.28,26.11,0.303,-3.699,8.349,-1.927,-0.084,0.2,0.12,78.98,7.51,19.7,54,1,1
18:53:30.883,VIGILE,1,-179.59,26.81,0.319,-5.013,9.225,-2.828,0.813,-0.26,0.735,78.98,3.96,19.7,54,1,1
18:53:31.383,VIGILE,1,-177.93,47.7,0.348,-4.094,8.255,-2.567,-0.61,0.066,-0.141,78.98,6.7,19.7,54,1,1
18:53:31.884,VIGILE,1,-175.87,48.93,0.35,-2.509,9.112,-1.348,0.138,0.06,0.18,78.98,13.26,19.7,54,1,1
18:53:32.384,VIGILE,1,-178.32,53.95,0.376,-2.71,9.333,-1.379,0.102,-0.259,0.125,78.98,19.22,19.7,54,1,1
18:53:32.884,VIGILE,1,-177.78,31.36,0.328,-2.258,10.173,-2.023,0.091,-0.015,0.156,78.98,8.05,19.7,54,1,1
18:53:33.384,VIGILE,1,-178.22,53.1,0.334,-5.128,9.491,-0.572,-0.685,-0.794,0.579,78.98,13.03,19.7,54,1,1
18:53:33.884,VIGILE,1,178.43,25.0,0.344,-1.697,9.627,-2.447,-0.191,0.107,-0.1,78.98,5.93,19.7,54,1,1
18:53:34.384,VIGILE,1,-179.87,31.82,0.194,-2.935,9.577,-3.338,-0.083,-0.027,0.028,78.98,8.06,19.7,54,1,1
18:53:34.884,VIGILE,1,178.74,19.51,0.333,-4.085,7.333,-1.312,-0.319,-0.473,0.738,78.98,17.18,19.7,54,1,1
18:53:35.384,VIGILE,1,177.88,5.68,0.303,-4.585,8.681,-3.428,-0.681,0.269,-0.806,78.98,16.03,19.7,54,1,1
18:53:35.884,VIGILE,1,175.5,-2.51,0.287,-3.936,7.901,-2.071,-0.368,0.265,0.104,78.98,2.03,19.7,54,1,1
18:53:36.384,VIGILE,1,178.5,-12.36,0.261,-4.429,7.357,-2.693,-0.538,0.074,-0.203,78.98,3.96,19.7,54,1,1
18:53:36.884,VIGILE,1,174.82,0.68,0.286,-4.525,8.164,-3.132,-0.16,0.004,0.008,78.98,8.67,19.7,54,1,1
18:53:37.384,VIGILE,1,171.45,1.81,0.293,-4.587,8.049,-2.136,-0.24,-0.335,0.125,78.98,15.71,19.7,54,1,1
18:53:37.884,VIGILE,1,173.35,29.09,0.109,-4.695,8.243,-2.653,-0.187,0.099,0.065,78.98,20.4,19.7,54,1,1
18:53:38.384,VIGILE,1,174.63,14.97,0.312,-4.503,7.652,-2.162,-0.143,-0.033,0.015,78.98,2.86,19.7,54,1,1
18:53:38.884,VIGILE,1,175.02,4.14,0.309,-4.939,7.649,-2.298,-0.092,0.088,-0.216,78.98,7.19,19.7,54,1,1
18:53:39.384,CRASH,1,176.38,10.1,0.305,-6.39,7.542,0.982,-0.072,-0.084,-0.453,78.98,15.28,19.7,54,1,1
18:53:39.884,CRASH,1,173.51,51.07,0.198,-9.72,8.396,4.393,-0.046,0.121,0.033,78.98,23.51,19.7,54,1,1
18:53:40.385,CRASH,1,177.63,41.42,0.382,-7.75,8.301,4.547,-0.054,-0.018,0.04,78.98,18.87,19.7,54,1,1
18:53:40.885,CRASH,1,-163.0,35.86,0.247,-6.938,8.827,0.093,-0.122,0.285,0.239,78.98,16.69,19.7,54,1,1
18:53:41.385,CRASH,0,0.0,0.0,0.0,-4.293,8.349,-3.019,-0.132,0.068,-0.043,78.98,17.34,19.7,54,1,1
18:53:41.885,CRASH,1,-179.38,30.4,0.303,-4.403,8.15,-2.768,-0.13,0.054,-0.021,78.98,16.86,19.7,54,1,1
18:53:42.385,CRASH,1,-179.11,21.65,0.347,-4.403,7.975,-2.801,-0.165,0.067,0.055,78.98,16.31,19.7,54,1,1
18:53:42.885,CRASH,1,177.99,17.53,0.319,-4.219,8.171,-2.828,-0.134,0.084,-0.003,78.98,16.14,19.7,54,1,1
18:53:43.385,CRASH,1,177.74,12.2,0.313,-4.381,8.071,-2.919,-0.116,0.044,-0.068,78.98,16.31,19.7,54,1,1
18:53:43.885,CRASH,1,176.65,22.93,0.277,-4.513,7.855,-2.782,-0.106,0.048,-0.046,78.98,16.47,19.7,54,1,1
18:53:44.385,VIGILE,1,175.05,33.51,0.297,-4.436,7.887,-2.629,-0.159,0.062,0.033,78.98,16.31,19.7,54,1,1
18:53:44.885,VIGILE,1,170.2,11.25,0.293,-4.554,8.377,-2.696,-0.115,0.018,-0.097,78.98,16.47,19.7,54,1,1
18:53:45.385,VIGILE,1,179.68,-29.34,0.303,-3.515,7.568,-3.97,-0.251,-0.131,-0.052,78.98,16.37,19.7,54,1,1
18:53:45.885,VIGILE,0,0.0,0.0,0.0,-2.931,7.374,-4.944,-0.26,-0.239,0.122,78.98,13.19,19.7,54,1,1
18:53:46.385,VIGILE,1,176.43,-39.69,0.334,-3.788,7.594,-3.91,-0.167,0.002,-0.014,78.98,3.9,19.7,54,1,1
18:53:46.885,VIGILE,1,179.38,-42.04,0.372,-5.411,7.393,-3.11,-0.209,0.013,0.041,78.98,5.22,19.7,54,1,1
18:53:47.385,VIGILE,1,177.41,-62.99,0.511,-5.756,7.077,-3.005,-0.309,0.332,-0.113,78.98,5.76,19.7,54,1,1
18:53:47.885,VIGILE,1,178.16,-46.12,0.487,-6.965,6.369,-2.263,-0.39,0.439,-0.222,78.98,5.05,19.7,54,1,1
18:53:48.385,VIGILE,1,-179.5,-45.19,0.375,-6.155,6.819,-1.963,-0.481,0.63,-0.176,78.98,2.42,19.7,54,1,1
18:53:48.885,VIGILE,1,178.31,-33.98,0.28,-5.703,8.088,-1.607,-0.476,0.584,-0.024,78.98,2.52,19.7,54,1,1
18:53:49.386,VIGILE,1,177.14,-29.85,0.259,-4.314,7.951,-1.776,-0.348,0.379,-0.138,78.98,2.19,19.7,54,1,1
18:53:49.886,VIGILE,1,177.52,-30.42,0.302,-5.258,7.951,-0.053,-0.26,0.271,0.022,78.98,1.97,19.7,54,1,1
18:53:50.386,VIGILE,1,175.75,-2.62,0.272,-4.264,8.459,-1.547,-0.144,0.131,-0.012,78.98,1.04,19.7,54,1,1
18:53:50.886,VIGILE,1,172.84,15.52,0.292,-4.97,8.38,-1.13,-0.144,0.085,-0.026,78.98,1.04,19.7,54,1,1
18:53:51.386,VIGILE,1,177.36,12.25,0.285,-4.125,7.961,-2.842,-0.178,0.08,-0.056,78.98,1.04,19.7,54,1,1
18:53:51.886,VIGILE,1,166.3,58.0,0.36,-4.089,8.195,-2.607,-0.159,0.084,-0.062,78.98,1.04,19.7,54,1,1
18:53:52.386,VIGILE,1,161.43,60.31,0.417,-4.168,8.265,-2.653,-0.151,0.061,-0.026,78.98,1.2,19.7,54,1,1
18:53:52.886,VIGILE,1,177.08,-19.87,0.298,-4.094,8.516,-2.049,-0.073,0.235,-0.024,78.98,1.04,19.7,54,1,1
18:53:53.387,VIGILE,1,174.05,-41.3,0.322,-4.743,8.322,-1.36,-0.083,0.011,-0.017,78.98,1.04,19.7,54,1,1
18:53:53.887,VIGILE,0,0.0,0.0,0.0,-5.315,8.301,-2.174,-0.214,0.15,0.064,78.98,1.04,19.7,54,1,1
18:53:54.387,VIGILE,1,-173.87,-50.75,0.217,-3.606,7.977,-1.29,-0.248,0.35,-0.112,78.98,0.87,19.7,54,1,1
18:53:54.887,VIGILE,1,165.83,-64.14,0.491,-4.226,8.124,-2.174,-0.376,0.343,-0.19,78.98,5.65,19.7,54,1,1
18:53:55.387,VIGILE,1,170.87,-60.54,0.364,-3.081,8.521,-2.61,-0.139,0.424,-0.081,78.98,6.42,19.7,54,1,1
18:53:55.887,VIGILE,1,-178.21,-36.31,0.253,-3.508,8.665,-2.768,-0.101,0.235,-0.065,78.98,6.64,19.7,54,1,1
18:53:56.387,VIGILE,1,178.88,29.68,0.32,-3.036,8.246,-3.476,0.002,0.184,-0.07,78.98,6.58,19.7,54,1,1
18:53:56.887,VIGILE,1,179.16,-28.32,0.317,-3.977,8.361,-2.935,-0.048,0.081,-0.003,78.98,6.09,19.7,54,1,1
18:53:57.387,VIGILE,1,-169.85,-29.19,0.253,-3.314,7.968,-3.819,-0.221,0.112,-0.073,78.98,5.87,19.7,54,1,1
18:53:57.887,VIGILE,1,-178.27,-24.03,0.317,-3.881,7.216,-5.023,-0.225,-0.046,-0.044,78.98,6.03,19.7,54,1,1
18:53:58.387,VIGILE,1,-179.74,-30.9,0.295,-3.982,7.398,-5.246,-0.523,0.854,-0.438,78.98,6.48,19.7,54,1,1
18:53:58.887,VIGILE,1,178.2,-30.12,0.235,-5.016,7.69,-3.888,-0.373,0.567,-0.191,78.98,7.02,19.7,54,1,1
18:53:59.387,VIGILE,1,176.78,-25.61,0.204,-5.121,6.792,-4.058,-0.317,0.366,-0.227,78.98,7.57,19.6,54,1,1
18:53:59.887,VIGILE,1,175.7,-22.23,0.19,-3.103,7.288,-4.073,0.016,0.061,-0.003,78.98,8.12,19.6,54,1,1
18:54:00.387,VIGILE,1,179.53,-27.05,0.266,-5.957,7.017,-5.397,-0.258,0.357,-0.137,78.98,10.26,19.6,54,1,1
18:54:00.887,VIGILE,1,178.52,-10.87,0.27,-5.028,7.417,-1.829,-0.847,0.284,-0.548,78.98,15.01,19.6,54,1,1
18:54:01.388,VIGILE,1,172.11,-3.12,0.264,-4.396,7.973,-3.773,-0.003,0.163,0.035,78.98,17.14,19.6,54,1,1
18:54:01.888,VIGILE,1,165.6,5.85,0.256,-4.808,7.764,-3.855,-0.226,0.023,0.127,78.98,16.75,19.6,54,1,1
18:54:02.388,VIGILE,1,173.0,5.02,0.281,-3.754,8.291,-3.445,-0.09,0.111,0.017,78.98,14.35,19.6,54,1,1
18:54:02.888,VIGILE,1,176.78,10.33,0.269,-4.64,7.879,-3.869,-0.154,-0.027,0.035,78.98,4.83,19.6,54,1,1
18:54:03.388,VIGILE,1,173.64,19.03,0.258,-3.694,8.741,-2.631,-0.576,-0.014,-0.073,78.98,6.76,19.6,54,1,1
18:54:03.888,VIGILE,1,172.26,9.2,0.285,-3.354,8.851,-3.093,-0.049,0.052,0.053,78.98,8.34,19.6,54,1,1
18:54:04.388,VIGILE,1,170.36,12.39,0.284,-3.97,8.528,-2.102,-0.171,-0.059,0.042,78.98,13.25,19.6,54,1,1
18:54:04.888,VIGILE,1,169.47,10.08,0.277,-3.845,8.205,-2.191,-0.125,-0.005,-0.091,78.98,18.06,19.6,54,1,1
18:54:05.388,VIGILE,1,170.13,15.07,0.272,-4.259,8.768,-1.939,-0.088,0.103,0.033,78.98,14.94,19.6,54,1,1
18:54:05.888,VIGILE,1,169.43,15.94,0.252,-3.917,8.25,-2.306,-0.173,0.261,-0.027,78.98,2.9,19.6,54,1,1
18:54:06.388,VIGILE,1,170.54,14.49,0.256,-4.068,8.021,-2.6,-0.072,0.067,-0.018,78.98,4.16,19.6,54,1,1
18:54:06.888,VIGILE,1,172.05,25.77,0.279,-4.966,8.296,-2.708,-0.141,0.14,-0.048,78.98,4.99,19.6,54,1,1
18:54:07.388,VIGILE,1,171.28,21.87,0.306,-3.888,8.653,-1.719,-0.092,0.076,-0.028,78.98,7.47,19.6,54,1,1
18:54:07.888,VIGILE,1,170.87,20.13,0.292,-4.252,7.728,-1.93,-0.182,-0.009,0.041,78.98,7.57,19.6,54,1,1
18:54:08.388,VIGILE,1,174.12,19.72,0.296,-4.18,8.009,-2.674,-0.054,0.201,-0.076,78.98,9.65,19.6,54,1,1
18:54:08.888,VIGILE,1,174.41,-30.95,0.284,-4.343,8.722,-2.444,-0.165,0.056,0.131,78.98,11.01,19.6,54,1,1
18:54:09.388,VIGILE,1,172.53,-43.47,0.433,-3.136,8.988,-1.753,-0.103,-0.027,-0.03,78.98,9.26,19.6,54,1,1
18:54:09.889,VIGILE,1,167.57,50.38,0.329,-2.998,9.258,-1.053,0.039,-0.145,0.026,78.98,2.03,19.6,54,1,1
18:54:10.389,VIGILE,1,165.75,59.77,0.37,-2.327,10.005,-0.464,-0.116,-0.208,0.021,78.98,1.48,19.6,54,1,1
18:54:10.889,VIGILE,1,166.0,62.88,0.309,-2.028,10.582,0.012,0.13,-0.359,0.14,78.98,1.42,19.6,54,1,1
18:54:11.389,VIGILE,1,168.68,41.0,0.437,-2.528,10.048,0.093,-0.01,-0.406,0.12,78.98,2.47,19.6,54,1,1
18:54:11.889,VIGILE,1,175.41,35.07,0.37,-1.401,11.147,-1.389,0.051,-0.365,0.051,78.98,4.28,19.6,54,1,1
18:54:12.389,VIGILE,1,179.34,31.69,0.353,-1.415,9.584,-2.586,-0.119,-0.5,0.17,78.98,9.54,19.6,54,1,1
18:54:12.889,VIGILE,1,174.87,45.28,0.354,-2.33,8.947,-2.325,-0.002,-0.489,0.463,78.98,15.77,19.6,54,1,1
18:54:13.389,VIGILE,1,177.98,18.55,0.286,-2.636,7.58,-3.546,-0.439,-0.043,-0.712,78.98,16.44,19.6,54,1,1
18:54:13.889,VIGILE,1,174.28,14.14,0.253,-3.448,6.8,-3.828,0.261,0.444,-0.13,78.98,7.91,19.6,54,1,1
18:54:14.389,VIGILE,1,166.42,-5.07,0.283,-3.855,8.983,-4.741,-0.049,0.204,-0.134,78.98,9.56,19.6,54,1,1
18:54:14.889,VIGILE,1,167.13,-11.03,0.267,-3.919,9.553,-1.791,0.084,-0.156,0.193,78.98,14.22,19.6,54,1,1
18:54:15.389,VIGILE,1,174.56,-18.01,0.262,-4.911,8.191,-3.069,-0.271,0.6,0.604,78.98,18.11,19.6,54,1,1
18:54:15.889,VIGILE,1,177.79,-25.53,0.285,-2.227,7.652,-1.173,-2.784,0.526,-2.269,78.98,17.92,19.6,54,1,1
18:54:16.389,VIGILE,1,171.62,-26.54,0.25,-3.105,9.474,-5.459,1.11,0.405,0.348,78.98,20.97,19.6,54,1,1
18:54:16.889,VIGILE,1,165.28,-20.99,0.252,-4.104,7.855,-1.99,0.793,-0.57,0.557,78.98,13.86,19.6,54,1,1
18:54:17.389,VIGILE,1,166.5,-19.44,0.318,-4.037,8.116,0.275,-0.525,-0.036,0.123,78.98,4.01,19.6,54,1,1
18:54:17.889,VIGILE,1,175.3,-41.05,0.367,-5.835,9.677,-0.275,-0.142,-0.344,0.349,78.98,5.82,19.6,54,1,1
18:54:18.390,VIGILE,0,0.0,0.0,0.0,-5.334,8.164,-1.116,-0.114,-0.353,0.06,78.98,6.53,19.6,54,1,1
18:54:18.890,VIGILE,1,-178.27,-43.31,0.307,-7.262,7.568,-2.198,-0.194,0.19,-0.206,78.98,9.0,19.6,54,1,1
18:54:19.390,VIGILE,1,-173.61,-46.24,0.436,-6.024,6.23,-3.467,-0.197,0.157,-0.074,78.98,12.82,19.6,54,1,1
18:54:19.890,VIGILE,1,174.87,-47.04,0.46,-5.899,6.61,-2.775,-0.366,0.27,0.07,78.98,16.42,19.6,54,1,1
18:54:20.390,VIGILE,1,172.33,-49.45,0.467,-5.952,6.716,-2.746,-0.445,0.515,-0.021,78.98,20.47,19.6,54,1,1
18:54:20.890,VIGILE,1,171.15,-46.06,0.415,-5.377,7.317,-2.27,-0.495,0.551,-0.11,78.98,25.17,19.6,54,1,1
18:54:21.390,VIGILE,1,179.14,-49.85,0.431,-6.105,8.42,0.864,-0.314,0.235,-0.01,78.98,27.62,19.6,54,1,1
18:54:21.890,VIGILE,1,178.26,-44.41,0.426,-4.63,9.141,0.96,-0.179,0.165,-0.028,78.98,27.23,19.6,54,1,1
18:54:22.390,VIGILE,1,-176.48,-57.27,0.481,-4.058,8.461,-2.612,-0.094,0.115,-0.051,78.98,26.85,19.6,54,1,1
18:54:22.890,VIGILE,1,-175.01,-40.66,0.352,-4.245,8.519,-2.128,-0.183,0.062,-0.011,78.98,26.03,19.6,54,1,1
18:54:23.390,VIGILE,1,-177.79,-33.45,0.287,-3.919,8.44,-2.049,-0.21,0.066,-0.041,78.98,25.71,19.6,54,1,1
18:54:23.890,VIGILE,1,179.97,-44.25,0.447,-4.161,8.37,-2.236,-0.126,0.044,-0.001,78.98,25.87,19.6,54,1,1
18:54:24.390,VIGILE,1,-178.81,-42.87,0.435,-4.015,8.554,-1.963,-0.162,0.067,-0.024,78.98,25.71,19.6,54,1,1
18:54:24.890,VIGILE,1,178.74,31.71,0.26,-3.979,8.425,-2.332,-0.155,0.092,-0.048,78.98,25.71,19.6,54,1,1
18:54:25.390,VIGILE,1,-176.96,40.86,0.285,-3.984,8.574,-2.164,-0.038,0.057,0.033,78.98,25.87,19.6,54,1,1
18:54:25.890,VIGILE,0,0.0,0.0,0.0,-4.187,8.294,-2.272,-0.198,0.07,-0.054,78.98,25.87,19.6,54,1,1
18:54:26.390,VIGILE,1,-172.84,-42.68,0.374,-3.859,8.554,-2.018,-0.03,0.051,0.014,78.98,25.87,19.6,54,1,1
18:54:26.890,VIGILE,1,-174.18,-41.58,0.452,-4.046,8.444,-2.248,-0.16,0.055,-0.014,78.98,25.87,19.6,54,1,1
18:54:27.391,VIGILE,1,-175.67,-42.58,0.443,-4.029,8.456,-2.377,-0.09,0.075,-0.023,78.98,25.87,19.6,54,1,1
18:54:27.891,VIGILE,1,-177.77,-43.26,0.483,-4.125,8.48,-1.956,-0.193,0.063,-0.021,78.98,25.87,19.6,54,1,1
18:54:28.391,VIGILE,1,177.9,-41.29,0.339,-4.166,8.456,-2.138,-0.149,0.056,0.006,78.98,26.03,19.6,54,1,1
18:54:28.891,VIGILE,1,178.31,-40.14,0.405,-4.001,8.552,-2.227,-0.102,0.084,-0.053,78.98,26.03,19.6,54,1,1
18:54:29.391,VIGILE,1,174.07,-41.4,0.402,-4.037,8.456,-1.951,-0.213,0.062,-0.021,78.98,26.03,19.6,53,1,1
18:54:29.891,VIGILE,1,-176.83,-43.31,0.398,-3.84,8.387,-2.775,-0.111,0.05,0.019,78.98,26.36,19.6,53,1,1
18:54:30.391,VIGILE,1,176.0,-41.87,0.421,-3.898,8.523,-2.296,-0.157,0.096,-0.009,78.98,27.01,19.6,53,1,1
18:54:30.891,VIGILE,1,174.85,-43.6,0.425,-3.895,8.502,-2.217,-0.195,0.108,-0.029,78.98,26.2,19.6,53,1,1
18:54:31.391,VIGILE,1,176.31,-39.1,0.32,-4.037,8.373,-2.401,-0.126,0.111,-0.029,78.98,26.3,19.6,53,1,1
18:54:31.891,VIGILE,1,171.5,-35.36,0.26,-4.235,8.576,-1.733,-0.072,0.12,-0.007,78.98,24.94,19.5,53,1,1
18:54:32.391,VIGILE,1,175.69,-34.32,0.282,-4.01,8.435,-2.172,-0.207,0.099,-0.041,78.98,25.1,19.5,53,1,1
18:54:32.891,VIGILE,1,173.94,-34.09,0.222,-3.97,8.605,-2.138,-0.027,0.084,0.0,78.98,23.84,19.5,53,1,1
18:54:33.391,VIGILE,1,174.83,-32.21,0.317,-3.96,8.301,-2.193,-0.236,0.11,-0.057,78.98,23.51,19.5,53,1,1
18:54:33.891,VIGILE,1,174.09,-31.12,0.316,-3.989,8.38,-2.212,-0.065,0.07,-0.001,78.98,22.97,19.5,53,1,1
18:54:34.391,VIGILE,1,175.35,-32.9,0.312,-4.123,8.368,-2.279,-0.197,0.099,-0.021,78.98,23.19,19.5,53,1,1
18:54:34.891,VIGILE,1,173.03,-32.91,0.291,-4.073,8.298,-2.504,-0.149,0.083,0.007,78.98,22.8,19.5,53,1,1
18:54:35.392,VIGILE,1,177.87,-32.27,0.294,-3.752,8.076,-3.235,-0.058,0.085,0.053,78.98,21.11,19.5,53,1,1
18:54:35.892,VIGILE,1,179.71,-30.96,0.319,-3.45,8.049,-3.998,-0.242,0.061,0.005,78.98,20.34,19.5,53,1,1
18:54:36.392,VIGILE,1,175.84,-29.24,0.287,-4.025,7.695,-2.758,-0.187,0.19,0.036,78.98,17.55,19.5,53,1,1
18:54:36.892,VIGILE,1,175.68,-18.45,0.297,-4.86,8.502,-1.065,-0.193,0.14,-0.012,78.98,15.64,19.5,53,1,1
18:54:37.392,VIGILE,1,176.87,-22.4,0.273,-4.757,7.949,-2.478,-0.299,0.167,-0.078,78.98,12.69,19.5,53,1,1
18:54:37.892,VIGILE,1,174.49,-7.74,0.272,-3.991,8.294,-3.366,-0.033,0.226,-0.015,78.98,7.22,19.5,53,1,1
18:54:38.392,VIGILE,1,176.91,-11.85,0.278,-3.496,8.734,-4.07,-0.315,0.229,-0.086,78.98,3.72,19.5,53,1,1
18:54:38.892,VIGILE,1,178.62,4.17,0.256,-3.752,8.756,-2.267,-0.28,0.058,0.033,78.98,2.95,19.5,53,1,1
18:54:39.392,VIGILE,1,178.93,-17.55,0.302,-3.582,8.303,-2.78,-0.092,0.024,0.005,78.98,2.08,19.5,53,1,1
18:54:39.892,VIGILE,1,176.73,-19.16,0.243,-4.401,8.006,-2.401,-0.377,0.253,-0.109,78.98,0.71,19.5,53,1,1
18:54:40.392,VIGILE,1,172.11,-21.4,0.275,-4.329,7.894,-2.385,-0.429,0.317,-0.207,78.98,1.1,19.5,53,1,1
18:54:40.892,VIGILE,1,174.99,-15.0,0.242,-4.736,7.642,-3.148,0.347,0.114,0.115,78.98,1.42,19.5,53,1,1
18:54:41.392,VIGILE,1,175.88,-15.47,0.267,-6.036,9.249,-0.692,-1.395,-0.029,-0.494,78.98,1.59,19.5,53,1,1
18:54:41.892,VIGILE,1,-174.95,-14.49,0.284,-2.66,9.414,-2.794,0.041,0.242,-0.062,78.98,0.87,19.5,53,1,1
18:54:42.392,VIGILE,1,-179.44,-28.84,0.28,-3.28,7.204,-3.179,-0.219,0.075,0.13,78.98,1.04,19.5,53,1,1
18:54:42.892,VIGILE,1,-176.55,26.23,0.285,-3.749,8.15,-3.251,-0.191,0.018,0.094,78.98,1.04,19.5,53,1,1
18:54:43.392,VIGILE,1,-176.86,29.83,0.299,-4.044,8.32,-3.378,-0.099,0.306,-0.122,78.98,1.04,19.5,53,1,1
18:54:43.893,VIGILE,1,-177.65,22.74,0.295,-4.154,7.781,-3.692,0.044,0.272,0.082,78.98,0.71,19.5,53,1,1
18:54:44.393,VIGILE,1,-175.25,37.28,0.332,-3.603,8.868,-3.235,0.032,-0.067,0.168,78.98,0.71,19.5,53,1,1
18:54:44.893,VIGILE,1,-177.33,26.49,0.307,-2.5,8.399,-2.998,0.027,-0.008,-0.044,78.98,0.55,19.5,53,1,1
18:54:45.393,VIGILE,1,-179.2,28.63,0.322,-2.971,8.933,-3.081,-0.133,-0.01,-0.176,78.98,0.71,19.5,53,1,1
18:54:45.893,VIGILE,1,174.66,29.47,0.292,-4.415,6.881,-2.236,-0.033,0.143,-0.199,78.98,0.71,19.5,53,1,1
18:54:46.393,VIGILE,1,179.79,36.19,0.353,-4.202,7.894,-2.954,-0.147,0.199,-0.001,78.98,0.39,19.5,53,1,1
18:54:46.893,VIGILE,1,177.85,39.86,0.332,-4.764,8.368,-2.279,-0.128,0.027,0.04,78.98,0.39,19.5,53,1,1
18:54:47.393,VIGILE,1,-178.74,35.78,0.356,-4.578,8.562,-2.375,0.054,0.223,-0.025,78.98,0.39,19.5,53,1,1
18:54:47.894,VIGILE,1,-177.58,33.86,0.346,-4.755,8.602,-2.306,-0.261,0.207,-0.168,78.98,0.49,19.5,53,1,1
18:54:48.394,VIGILE,1,179.75,32.68,0.318,-4.741,7.803,-2.152,-0.07,0.036,-0.038,78.98,0.65,19.5,53,1,1
18:54:48.894,VIGILE,1,174.7,31.45,0.291,-4.125,8.088,-2.136,0.013,0.137,0.051,78.98,0.65,19.5,53,1,1
18:54:49.394,VIGILE,1,171.35,51.05,0.397,-4.453,7.966,-2.409,-0.284,0.063,-0.012,78.98,0.55,19.5,53,1,1
18:54:49.894,VIGILE,1,171.32,38.07,0.402,-3.239,8.571,-2.892,0.369,0.015,0.184,78.98,0.55,19.5,53,1,1
18:54:50.394,VIGILE,1,159.37,59.93,0.412,-4.144,9.096,-1.08,-0.35,0.036,0.014,78.98,0.71,19.5,53,1,1
18:54:50.894,VIGILE,1,171.0,50.29,0.373,-4.12,9.371,-0.235,-0.171,-0.168,0.06,78.98,0.71,19.5,53,1,1
18:54:51.395,VIGILE,1,160.78,65.29,0.5,-4.386,8.315,-2.085,-0.376,-0.011,-0.366,78.98,0.55,19.5,53,1,1
18:54:51.895,VIGILE,1,162.33,54.52,0.284,-4.175,8.622,-1.554,0.021,-0.299,0.166,78.98,0.49,19.5,53,1,1
18:54:52.395,VIGILE,1,156.7,62.52,0.439,-4.247,8.25,-1.767,-0.055,-0.264,0.059,78.98,0.49,19.5,53,1,1
18:54:52.895,VIGILE,1,153.86,53.22,0.331,-4.882,7.707,-2.38,-0.066,-0.169,0.093,78.98,0.49,19.5,53,1,1
18:54:53.395,VIGILE,1,175.2,36.49,0.373,-5.349,7.863,-0.725,-0.064,-0.053,0.01,78.98,0.33,19.5,53,1,1
18:54:53.895,VIGILE,1,168.6,48.03,0.382,-4.185,8.339,-2.643,0.005,0.005,0.144,78.98,0.33,19.5,53,1,1
18:54:54.395,VIGILE,1,157.61,9.85,0.248,-4.034,8.119,-2.514,-0.152,0.029,-0.037,78.98,0.33,19.5,53,1,1
18:54:54.895,VIGILE,1,154.46,18.23,0.198,-4.099,8.21,-2.734,-0.142,0.043,0.003,78.98,0.33,19.5,53,1,1
18:54:55.395,VIGILE,1,160.78,6.07,0.246,-4.094,8.258,-2.926,-0.123,0.097,-0.038,78.98,0.33,19.5,53,1,1
18:54:55.895,VIGILE,1,151.51,12.11,0.206,-4.029,8.361,-2.732,-0.088,0.065,0.001,78.98,0.33,19.5,53,1,1
18:54:56.395,VIGILE,1,153.57,18.01,0.172,-4.123,8.181,-2.737,-0.178,0.049,-0.034,78.98,0.33,19.5,53,1,1
18:54:56.895,MALORE,1,162.77,26.5,0.268,-4.116,8.363,-2.813,-0.064,0.074,0.015,78.98,0.33,19.5,53,1,1
18:54:57.395,MALORE,0,0.0,0.0,0.0,-4.075,8.116,-2.737,-0.175,0.037,-0.051,78.98,0.33,19.5,53,1,1
18:54:57.895,MALORE,1,-174.64,56.62,0.285,-4.132,8.246,-2.756,-0.082,0.031,0.022,78.98,0.33,19.5,53,1,1
18:54:58.395,MALORE,1,-170.5,25.2,0.28,-3.965,8.222,-2.739,-0.135,0.063,-0.047,78.98,0.33,19.5,53,1,1
18:54:58.895,MALORE,0,0.0,0.0,0.0,-4.104,8.255,-2.931,-0.156,0.053,0.009,78.98,0.33,19.5,53,1,1
18:54:59.396,MALORE,1,156.24,-1.79,0.223,-3.915,8.272,-3.105,-0.143,0.106,-0.059,78.98,0.33,19.5,53,1,1
18:54:59.896,MALORE,1,150.24,-2.48,0.212,-4.063,8.186,-2.729,-0.162,0.071,0.008,78.98,0.33,19.5,53,1,1
18:55:00.396,MALORE,1,152.83,-4.34,0.224,-4.164,8.351,-2.818,-0.124,0.058,-0.025,78.98,0.06,19.5,53,1,1
18:55:00.896,MALORE,1,151.96,-1.5,0.229,-4.073,8.124,-2.787,-0.146,0.101,-0.021,78.98,0.33,19.5,53,1,1
18:55:01.396,MALORE,1,152.33,-3.58,0.219,-4.094,8.31,-2.806,-0.132,0.037,0.018,78.98,0.33,19.5,53,1,1
18:55:01.896,MALORE,1,148.48,-3.03,0.198,-4.243,8.114,-2.626,-0.115,0.059,-0.057,78.98,0.33,19.5,53,1,1
18:55:02.396,MALORE,1,153.43,-2.83,0.243,-4.022,8.406,-2.732,-0.115,0.027,0.035,78.98,0.33,19.5,53,1,1
18:55:02.896,MALORE,1,152.67,-2.07,0.226,-4.089,8.112,-2.818,-0.187,0.042,-0.083,78.98,0.33,19.5,53,1,1
18:55:03.396,MALORE,1,150.94,-2.55,0.211,-4.056,8.298,-2.617,-0.114,0.082,0.013,78.98,0.33,19.5,53,1,1
18:55:03.896,MALORE,1,150.94,-1.38,0.216,-4.164,8.195,-2.78,-0.171,0.039,-0.039,78.98,0.33,19.5,53,1,1
18:55:04.396,MALORE,1,149.79,-2.62,0.214,-4.027,8.25,-2.959,-0.122,0.08,-0.009,78.98,0.33,19.5,53,1,1
18:55:04.896,MALORE,1,152.61,-1.97,0.216,-4.061,8.246,-2.65,-0.15,0.071,-0.054,78.98,0.33,19.5,53,1,1
18:55:05.396,MALORE,1,150.39,-2.53,0.208,-4.111,8.215,-2.842,-0.144,0.081,0.026,78.98,0.33,19.5,53,1,1
18:55:05.896,MALORE,1,151.49,-2.55,0.207,-4.001,8.368,-2.859,-0.046,0.086,-0.02,78.98,0.33,19.5,53,1,1
18:55:06.396,MALORE,1,150.66,-4.04,0.196,-4.104,8.068,-2.684,-0.2,0.057,-0.061,78.98,0.33,19.5,53,1,1
18:55:06.896,MALORE,1,153.34,-3.96,0.22,-4.094,8.389,-2.665,-0.114,0.083,0.018,78.98,0.33,19.5,53,1,1
18:55:07.396,MALORE,1,148.99,-2.93,0.208,-4.18,8.217,-2.792,-0.11,0.039,-0.006,78.98,0.33,19.5,53,1,1
18:55:07.897,MALORE,1,151.06,-0.9,0.229,-4.07,8.186,-2.804,-0.133,0.096,-0.026,78.98,0.33,19.5,53,1,1
18:55:08.397,MALORE,1,150.02,-2.39,0.221,-3.984,8.272,-2.811,-0.145,0.046,0.004,78.98,0.33,19.5,53,1,1
18:55:08.897,MALORE,1,150.78,-2.12,0.209,-4.008,8.219,-2.727,-0.118,0.093,-0.072,78.98,0.33,19.5,53,1,1
18:55:09.397,MALORE,1,151.41,-3.59,0.219,-4.013,8.27,-2.82,-0.157,0.06,0.041,78.98,0.33,19.5,53,1,1
18:55:09.897,MALORE,1,153.32,-1.48,0.221,-4.113,8.279,-2.928,-0.128,0.073,-0.052,78.98,0.33,19.5,53,1,1
18:55:10.397,MALORE,1,151.74,-3.12,0.22,-4.049,8.109,-2.662,-0.148,0.067,-0.001,78.98,0.33,19.5,53,1,1
18:55:10.897,MALORE,1,151.61,-1.98,0.23,-3.986,8.492,-2.789,-0.078,0.072,-0.01,78.98,0.33,19.5,53,1,1
18:55:11.398,MALORE,1,152.53,-3.34,0.217,-4.015,8.107,-2.713,-0.17,0.069,-0.077,78.98,0.33,19.5,53,1,1
18:55:11.898,MALORE,1,152.66,-1.98,0.228,-4.12,8.279,-2.806,-0.133,0.065,0.03,78.98,0.33,19.5,53,1,1
18:55:12.398,MALORE,1,149.68,-2.05,0.211,-4.027,8.327,-2.614,-0.133,0.049,-0.042,78.98,0.33,19.5,53,1,1
18:55:12.898,MALORE,1,160.72,4.94,0.24,-4.264,8.143,-2.784,-0.117,0.067,-0.024,78.98,0.33,19.5,53,1,1
18:55:13.398,MALORE,0,0.0,0.0,0.0,-4.032,8.308,-2.715,-0.134,0.07,0.025,78.98,0.33,19.5,53,1,1
18:55:13.898,MALORE,0,0.0,0.0,0.0,-4.077,8.207,-2.84,-0.133,0.07,-0.046,78.98,0.33,19.5,53,1,1
18:55:14.398,MALORE,0,0.0,0.0,0.0,-3.982,8.135,-2.698,-0.138,0.074,-0.007,78.98,0.33,19.5,53,1,1
18:55:14.899,MALORE,0,0.0,0.0,0.0,-4.008,8.437,-2.837,-0.075,0.072,0.002,78.98,0.33,19.5,53,1,1
18:55:15.399,MALORE,0,0.0,0.0,0.0,-4.015,8.133,-2.78,-0.177,0.062,-0.062,78.98,0.33,19.5,53,1,1
18:55:15.899,MALORE,0,0.0,0.0,0.0,-4.104,8.272,-2.983,-0.143,0.107,0.011,78.98,0.33,19.5,53,1,1
18:55:16.399,MALORE,0,0.0,0.0,0.0,-3.931,8.358,-2.729,-0.126,0.045,-0.02,78.98,0.33,19.5,53,1,1
18:55:16.899,MALORE,0,0.0,0.0,0.0,-4.02,8.229,-2.703,-0.152,0.079,-0.087,78.98,0.33,19.5,53,1,1
18:55:17.399,MALORE,0,0.0,0.0,0.0,-4.07,8.26,-2.751,-0.16,0.072,0.037,78.98,0.33,19.5,53,1,1
18:55:17.899,MALORE,0,0.0,0.0,0.0,-4.049,8.38,-2.804,-0.077,0.084,-0.014,78.98,0.33,19.5,53,1,1
18:55:18.399,MALORE,0,0.0,0.0,0.0,-4.132,8.121,-2.679,-0.174,0.053,-0.054,78.98,0.33,19.5,53,1,1
18:55:18.899,MALORE,0,0.0,0.0,0.0,-4.096,8.375,-2.794,-0.134,0.091,0.017,78.98,0.33,19.5,53,1,1
18:55:19.399,MALORE,0,0.0,0.0,0.0,-4.221,8.212,-2.655,-0.147,0.035,-0.045,78.98,0.33,19.5,53,1,1
18:55:19.899,MALORE,0,0.0,0.0,0.0,-4.037,8.155,-2.851,-0.129,0.108,-0.006,78.98,0.33,19.5,53,1,1
18:55:20.399,MALORE,1,-172.46,4.07,0.264,-4.068,8.432,-2.655,-0.142,0.053,-0.023,78.98,0.33,19.5,53,1,1
18:55:20.899,VIGILE,1,175.38,2.75,0.262,-4.053,8.238,-2.634,-0.155,0.076,-0.083,78.98,0.33,19.5,53,1,1
18:55:21.399,VIGILE,1,179.19,8.16,0.306,-4.288,8.114,-2.784,-0.127,0.074,0.015,78.98,0.33,19.5,53,1,1
18:55:21.899,VIGILE,1,179.47,-8.19,0.306,-4.01,8.349,-2.698,-0.062,0.055,0.028,78.98,0.33,19.5,53,1,1
18:55:22.399,VIGILE,1,-174.13,3.56,0.269,-4.015,8.174,-2.962,-0.153,0.052,-0.075,78.98,0.33,19.5,53,1,1
18:55:22.900,VIGILE,1,-174.59,14.12,0.265,-4.041,8.145,-2.794,-0.124,0.079,-0.003,78.98,0.33,19.5,53,1,1
18:55:23.400,VIGILE,1,179.29,10.57,0.295,-4.058,8.406,-2.77,-0.113,0.081,0.016,78.98,0.33,19.5,53,1,1
18:55:23.900,VIGILE,1,-178.55,-16.84,0.274,-4.35,8.327,-2.823,-0.143,0.046,-0.041,78.98,0.33,19.5,53,1,1
18:55:24.400,VIGILE,1,-179.22,-0.86,0.291,-3.965,8.203,-2.696,-0.17,0.063,-0.065,78.98,0.33,19.5,53,1,1
18:55:24.900,VIGILE,1,-179.07,12.68,0.332,-4.046,8.26,-2.986,-0.132,0.063,0.026,78.98,0.33,19.5,53,1,1
18:55:25.400,VIGILE,1,179.15,-16.97,0.3,-4.029,8.198,-2.586,-0.154,0.068,-0.079,78.98,0.33,19.5,53,1,1
18:55:25.900,VIGILE,1,-177.71,-12.47,0.309,-4.111,8.243,-2.885,-0.163,0.081,0.051,78.98,0.33,19.5,53,1,1
18:55:26.400,VIGILE,1,-178.56,1.4,0.287,-3.994,8.387,-2.811,-0.121,0.084,-0.01,78.98,0.49,19.5,53,1,1
18:55:26.900,VIGILE,1,-178.66,-3.51,0.287,-3.673,8.212,-2.693,-0.122,0.076,0.033,78.98,0.65,19.4,53,1,1
18:55:27.400,VIGILE,1,179.27,7.12,0.24,-4.429,8.238,-2.808,-0.137,0.081,-0.01,78.98,0.65,19.4,53,1,1
18:55:27.901,VIGILE,1,179.23,7.85,0.244,-4.034,8.193,-2.737,-0.146,0.084,-0.013,78.98,0.65,19.4,53,1,1
18:55:28.401,VIGILE,1,-178.59,8.82,0.246,-4.044,8.255,-2.717,-0.137,0.07,-0.016,78.98,0.65,19.4,53,1,1
18:55:28.901,VIGILE,1,-178.92,8.99,0.255,-4.104,8.246,-2.761,-0.135,0.076,-0.015,78.98,0.65,19.4,53,1,1
18:55:29.401,VIGILE,1,-178.92,11.91,0.281,-4.094,8.253,-2.737,-0.128,0.066,-0.015,78.98,0.65,19.4,53,1,1
18:55:29.901,VIGILE,1,174.75,40.6,0.231,-4.094,8.234,-2.768,-0.134,0.064,-0.019,78.98,0.65,19.4,53,1,1
18:55:30.401,VIGILE,0,0.0,0.0,0.0,-4.065,8.284,-2.727,-0.132,0.071,-0.02,78.98,0.65,19.4,53,1,1
18:55:30.901,VIGILE,0,0.0,0.0,0.0,-4.077,8.231,-2.753,-0.139,0.063,-0.017,78.98,0.65,19.4,53,1,1
