Timestamp,Label_ML,Cam_Face_Det,Cam_Pitch,Cam_Yaw,Cam_EAR,Gyro_Acc_X,Gyro_Acc_Y,Gyro_Acc_Z,Gyro_Rot_X,Gyro_Rot_Y,Gyro_Rot_Z,Audio_dB,Light_Lux,Temp_C,Humidity_Perc,Gas_Pin,Alcohol_Pin
11:15:11.670,VIGILE,1,164.74,14.2,0.189,-0.735,3.01,-9.452,-0.097,0.052,0.036,0.0,0.0,30.4,21,1,1
11:15:12.170,VIGILE,1,171.56,0.13,0.15,0.211,2.452,-9.62,-0.13,0.083,-0.03,78.63,0.0,30.4,21,1,1
11:15:12.670,VIGILE,1,171.23,-3.74,0.11,0.031,2.552,-9.313,-0.089,0.095,-0.071,83.46,0.0,30.4,21,1,1
11:15:13.170,VIGILE,1,-172.88,18.67,0.197,-0.776,3.479,-9.335,-0.197,0.071,-0.092,84.83,0.0,30.4,21,1,1
11:15:13.671,VIGILE,1,176.28,39.14,0.216,-4.073,4.065,-7.752,-0.246,0.099,0.018,88.79,0.0,30.4,21,1,1
11:15:14.171,VIGILE,1,175.18,-38.81,0.295,-1.018,3.177,-8.392,-0.122,0.11,0.019,81.57,0.0,30.4,21,1,1
11:15:14.671,VIGILE,1,170.25,10.6,0.174,-0.855,3.529,-8.942,-0.137,0.071,0.01,84.4,0.0,30.4,21,1,1
11:15:15.171,VIGILE,1,-179.18,28.09,0.219,-1.408,3.594,-8.957,-0.111,0.052,0.053,85.66,0.0,30.4,21,1,1
11:15:15.671,VIGILE,1,177.01,-36.22,0.349,0.01,3.462,-8.906,-0.088,0.017,0.07,80.39,0.0,30.4,21,1,1
11:15:16.171,VIGILE,0,0.0,0.0,0.0,-1.109,3.699,-9.079,-0.036,-0.03,0.021,84.32,0.0,30.4,21,1,1
11:15:16.671,VIGILE,1,176.44,-21.14,0.223,-1.188,3.124,-8.782,-0.109,0.034,0.024,77.22,0.0,30.4,21,1,1
11:15:17.171,VIGILE,1,166.11,-14.58,0.054,-1.099,3.9,-8.981,-0.155,0.037,0.013,76.64,0.0,30.4,21,1,1
11:15:17.672,VIGILE,0,0.0,0.0,0.0,-0.96,4.293,-8.959,-0.142,0.037,0.038,78.73,0.0,30.4,21,1,1
11:15:18.172,VIGILE,1,173.14,-71.3,0.685,-1.41,2.749,-8.882,-0.109,0.049,0.049,74.38,0.0,30.4,21,1,1
11:15:18.672,VIGILE,1,-177.07,-67.78,0.481,-0.055,3.12,-8.629,-0.136,0.091,0.07,86.18,0.0,30.4,21,1,1
11:15:19.172,VIGILE,1,-167.86,-66.39,0.45,-0.417,3.199,-9.151,-0.145,0.062,0.074,86.42,0.0,30.5,21,1,1
11:15:19.672,VIGILE,0,0.0,0.0,0.0,1.137,3.414,-8.892,-0.047,0.001,0.159,87.96,0.0,30.5,21,1,1
11:15:20.172,VIGILE,1,-179.67,38.66,0.357,-6.474,5.076,-7.408,2.149,-1.044,0.162,89.07,0.0,30.5,21,1,1
11:15:20.672,VIGILE,1,178.78,34.51,0.188,-0.666,3.558,-8.332,-0.088,0.015,0.164,88.91,0.0,30.5,21,1,1
11:15:21.172,VIGILE,1,-173.34,49.55,0.311,-0.881,3.534,-9.12,-0.142,0.019,0.138,78.86,0.0,30.5,21,1,1
11:15:21.672,VIGILE,1,-179.52,53.08,0.273,-1.331,3.136,-9.062,-0.131,0.0,0.14,79.41,0.0,30.5,21,1,1
11:15:22.172,VIGILE,1,-177.89,33.09,0.347,0.642,3.065,-9.72,-0.098,0.016,0.157,82.03,0.0,30.5,21,1,1
11:15:22.672,VIGILE,1,178.44,30.34,0.255,-0.113,4.187,-8.373,-0.056,-0.073,0.202,80.68,0.0,30.5,21,1,1
11:15:23.172,VIGILE,1,-174.64,43.2,0.275,0.725,3.838,-8.6,0.035,0.032,0.272,82.28,0.0,30.5,21,1,1
11:15:23.672,VIGILE,1,-179.64,19.32,0.269,0.45,1.829,-8.622,-0.051,-0.023,0.168,82.05,0.0,30.5,21,1,1
11:15:24.172,VIGILE,1,-177.04,29.42,0.256,-0.347,2.626,-9.067,-0.16,-0.027,0.004,80.38,0.0,30.5,21,1,1
11:15:24.672,VIGILE,1,178.27,25.41,0.257,0.491,2.67,-8.03,-0.153,-0.063,-0.024,83.81,0.0,30.5,21,1,1
11:15:25.172,VIGILE,1,-179.04,16.83,0.234,-1.525,3.752,-8.504,-0.076,0.153,0.036,88.38,0.0,30.5,21,1,1
11:15:25.673,VIGILE,1,171.16,18.71,0.195,-1.252,3.27,-9.151,-0.117,0.042,0.023,84.64,0.0,30.5,21,1,1
11:15:26.173,VIGILE,1,179.57,20.67,0.278,-0.637,3.124,-9.206,-0.123,0.067,0.014,86.6,0.0,30.5,21,1,1
11:15:26.673,VIGILE,1,176.2,16.31,0.237,0.852,2.308,-9.783,-0.131,0.087,0.006,80.85,0.0,30.5,21,1,1
11:15:27.173,VIGILE,1,-179.07,17.66,0.259,0.429,2.478,-9.182,-0.124,0.027,-0.018,78.95,0.0,30.5,21,1,1
11:15:27.673,VIGILE,1,168.42,11.56,0.202,0.146,3.129,-9.249,-0.216,0.1,-0.044,76.06,0.0,30.5,21,1,1
11:15:28.173,VIGILE,1,169.76,12.6,0.204,-0.989,3.414,-9.273,-0.129,0.07,-0.029,78.29,0.0,30.5,21,1,1
11:15:28.673,VIGILE,1,171.73,8.45,0.195,-1.089,3.342,-9.469,-0.115,0.063,-0.034,80.14,0.0,30.5,21,1,1
11:15:29.173,VIGILE,1,168.98,7.12,0.191,-1.276,3.117,-8.739,-0.169,0.1,-0.028,83.24,0.0,30.5,21,1,1
11:15:29.673,VIGILE,1,169.76,13.35,0.199,-1.286,3.108,-8.657,-0.109,0.05,-0.001,78.64,0.0,30.5,21,1,1
11:15:30.173,VIGILE,1,171.99,10.98,0.205,-1.583,3.278,-8.777,-0.079,0.033,0.054,81.09,0.0,30.5,21,1,1
11:15:30.673,VIGILE,1,166.43,9.79,0.196,-0.912,3.474,-9.048,-0.129,0.062,0.024,81.9,0.0,30.5,21,1,1
11:15:31.173,VIGILE,1,170.17,8.4,0.224,-1.168,3.508,-9.088,-0.066,0.007,0.048,79.31,0.0,30.5,21,1,1
11:15:31.673,VIGILE,1,173.84,7.88,0.226,-1.116,3.163,-9.459,-0.115,0.043,0.049,71.43,0.0,30.5,21,1,1
11:15:32.173,VIGILE,1,170.57,3.27,0.195,-1.374,2.327,-8.772,-0.137,0.067,0.006,76.52,0.0,30.5,21,1,1
11:15:32.674,VIGILE,1,169.44,-3.85,0.224,-1.032,-0.089,-9.196,-0.374,0.059,-0.068,78.99,0.0,30.5,21,1,1
11:15:33.174,VIGILE,1,175.05,-11.06,0.2,-1.733,2.521,-9.412,-0.172,0.168,-0.043,88.86,0.0,30.5,21,1,1
11:15:33.674,VIGILE,1,174.64,-5.72,0.194,-0.759,2.962,-8.672,-0.235,0.085,-0.062,87.69,0.0,30.5,21,1,1
11:15:34.174,VIGILE,1,170.48,-5.57,0.189,-2.332,3.033,-8.947,-0.154,0.1,-0.099,85.1,0.0,30.6,21,1,1
11:15:34.674,VIGILE,1,171.67,-2.1,0.221,-1.678,3.093,-9.464,-0.206,0.126,-0.151,76.11,0.0,30.6,21,1,1
11:15:35.174,VIGILE,1,173.64,-4.56,0.224,-1.19,3.127,-8.698,-0.148,0.083,-0.11,79.43,0.0,30.6,21,1,1
11:15:35.674,VIGILE,1,177.26,6.16,0.237,-1.566,2.801,-9.555,-0.151,0.104,-0.151,79.61,0.0,30.6,21,1,1
11:15:36.174,VIGILE,1,177.99,14.81,0.237,-1.369,2.112,-8.985,-0.185,0.123,-0.163,82.01,0.0,30.6,21,1,1
11:15:36.674,VIGILE,1,-178.16,21.39,0.252,-0.136,3.05,-8.689,-0.147,0.155,-0.05,77.81,0.0,30.6,21,1,1
11:15:37.174,VIGILE,1,-178.6,27.91,0.273,-0.742,3.244,-9.433,-0.192,0.07,-0.029,83.6,0.0,30.6,21,1,1
11:15:37.674,VIGILE,1,-176.62,25.25,0.243,-0.407,3.251,-9.031,-0.12,0.026,0.018,86.39,0.0,30.6,21,1,1
11:15:38.174,VIGILE,1,178.18,21.85,0.138,-0.18,4.02,-10.01,-0.094,0.09,0.038,86.91,0.0,30.6,21,1,1
11:15:38.674,VIGILE,1,177.38,21.75,0.149,0.591,2.899,-9.505,-0.197,0.084,0.006,84.15,0.0,30.6,21,1,1
11:15:39.174,VIGILE,1,-177.34,26.27,0.254,-0.505,3.699,-9.634,-0.125,0.022,0.035,84.73,0.0,30.6,22,1,1
11:15:39.674,VIGILE,1,-178.59,24.5,0.332,0.962,2.373,-9.61,-0.181,0.106,-0.014,81.58,0.0,30.6,22,1,1
11:15:40.174,VIGILE,1,178.12,22.6,0.127,-0.199,3.211,-9.098,-0.118,0.037,0.024,85.93,0.0,30.6,22,1,1
11:15:40.675,VIGILE,1,-179.72,14.94,0.213,0.306,2.84,-9.728,-0.152,0.001,0.011,74.9,0.0,30.6,22,1,1
11:15:41.175,VIGILE,1,171.41,9.19,0.195,-0.97,3.761,-10.302,-0.036,0.068,0.007,83.44,0.0,30.6,22,1,1
11:15:41.675,VIGILE,1,173.6,8.94,0.223,-1.537,3.278,-9.491,-0.127,0.1,0.0,79.71,0.0,30.6,22,1,1
11:15:42.175,VIGILE,1,175.42,12.11,0.219,-1.178,3.443,-9.131,-0.061,0.039,-0.018,88.2,0.0,30.6,22,1,1
11:15:42.675,VIGILE,1,173.28,12.82,0.212,-0.979,4.266,-9.819,-0.073,0.03,0.031,81.58,0.0,30.6,22,1,1
11:15:43.175,VIGILE,1,172.52,12.33,0.213,-1.415,2.988,-8.847,-0.165,0.09,-0.017,86.24,0.0,30.6,22,1,1
11:15:43.675,VIGILE,1,163.92,9.32,0.203,-0.194,2.787,-8.916,-0.173,0.097,-0.041,81.03,0.0,30.6,22,1,1
11:15:44.175,VIGILE,1,171.78,13.21,0.198,-1.068,3.323,-9.074,-0.163,0.037,-0.022,82.97,0.0,30.6,22,1,1
11:15:44.675,VIGILE,1,168.36,8.6,0.223,-0.675,2.954,-8.588,-0.131,0.033,-0.012,78.49,0.0,30.6,22,1,1
11:15:45.175,VIGILE,1,166.7,5.89,0.194,-0.934,3.002,-9.694,-0.044,0.034,0.022,81.06,0.0,30.6,22,1,1
11:15:45.675,VIGILE,1,169.96,13.39,0.218,-0.96,3.591,-9.555,-0.131,0.083,-0.013,75.92,0.0,30.6,22,1,1
11:15:46.176,VIGILE,1,171.4,11.56,0.219,-1.161,3.543,-9.445,-0.081,0.067,0.02,80.84,0.0,30.6,22,1,1
11:15:46.676,VIGILE,1,171.93,5.83,0.209,-0.572,3.033,-8.509,-0.127,0.056,-0.026,75.78,0.0,30.6,22,1,1
11:15:47.176,VIGILE,1,168.78,5.77,0.202,-0.893,3.005,-9.409,-0.097,0.022,-0.017,84.8,0.0,30.6,22,1,1
11:15:47.676,VIGILE,1,173.31,3.09,0.213,-0.764,2.94,-8.645,-0.131,0.099,-0.024,82.42,0.0,30.6,22,1,1
11:15:48.176,VIGILE,1,174.68,5.42,0.22,-1.044,2.765,-8.969,-0.193,0.083,-0.057,83.39,0.0,30.6,22,1,1
11:15:48.676,VIGILE,1,171.16,10.87,0.242,-1.535,2.976,-9.072,-0.148,0.091,-0.025,82.09,0.0,30.6,22,1,1
11:15:49.176,VIGILE,1,173.39,15.23,0.255,-1.298,2.648,-9.098,-0.156,0.09,-0.062,81.34,0.0,30.7,22,1,1
11:15:49.676,VIGILE,1,173.96,9.48,0.256,-1.171,2.964,-8.377,-0.205,0.095,-0.047,85.69,0.0,30.7,22,1,1
11:15:50.176,VIGILE,1,174.5,12.25,0.227,-1.295,2.868,-9.4,-0.131,0.057,-0.032,81.04,0.0,30.7,22,1,1
11:15:50.676,VIGILE,1,172.52,14.71,0.26,-1.518,2.428,-9.495,-0.025,0.003,-0.016,80.46,0.0,30.7,22,1,1
11:15:51.176,VIGILE,1,169.8,15.03,0.261,-1.743,1.549,-8.396,-0.227,0.131,-0.044,78.87,0.0,30.7,22,1,1
11:15:51.676,VIGILE,1,174.27,14.64,0.248,-0.769,4.202,-8.708,-0.16,0.061,-0.017,81.58,0.0,30.7,22,1,1
11:15:52.176,VIGILE,1,175.05,12.39,0.233,-1.068,2.947,-9.1,-0.004,0.066,-0.017,85.13,0.0,30.7,22,1,1
11:15:52.676,VIGILE,1,168.42,16.95,0.062,-1.702,3.141,-9.139,-0.15,0.108,-0.005,81.11,0.0,30.7,22,1,1
11:15:53.176,VIGILE,1,174.2,19.3,0.223,-0.95,2.624,-9.615,-0.044,0.048,0.029,87.43,0.0,30.7,22,1,1
11:15:53.676,VIGILE,1,176.46,21.98,0.224,-0.151,2.976,-8.078,-0.258,0.101,-0.019,86.17,0.0,30.7,22,1,1
11:15:54.177,VIGILE,1,173.27,17.83,0.235,-2.121,3.529,-9.503,-0.023,0.0,0.036,84.38,0.0,30.7,22,1,1
11:15:54.677,VIGILE,1,176.54,15.31,0.241,-1.231,3.929,-9.031,-0.125,0.057,0.01,83.68,0.0,30.7,22,1,1
11:15:55.177,VIGILE,1,167.06,16.03,0.223,-1.434,3.108,-9.601,-0.119,0.061,0.002,80.54,0.0,30.7,22,1,1
11:15:55.677,VIGILE,1,169.08,16.23,0.22,-1.283,3.886,-8.772,-0.112,0.056,0.025,84.97,0.0,30.7,22,1,1
11:15:56.177,VIGILE,1,174.4,13.69,0.25,-2.454,3.728,-8.703,-0.194,0.079,-0.024,76.78,0.0,30.7,22,1,1
11:15:56.677,VIGILE,1,171.34,15.08,0.242,-3.405,4.386,-8.736,-0.126,-0.007,-0.021,88.59,0.0,30.7,22,1,1
11:15:57.177,VIGILE,1,172.8,12.18,0.228,-0.797,3.519,-9.134,-0.15,0.07,-0.025,79.86,0.0,30.7,22,1,1
11:15:57.677,VIGILE,1,164.49,9.22,0.239,-1.252,3.745,-9.222,-0.107,0.06,0.005,83.26,0.0,30.7,22,1,1
11:15:58.177,VIGILE,1,169.69,14.92,0.23,-0.357,2.447,-9.486,-0.091,0.048,-0.037,86.5,0.0,30.7,22,1,1
11:15:58.677,VIGILE,1,178.01,16.94,0.242,-0.151,2.966,-8.945,-0.173,0.137,-0.055,85.51,0.0,30.7,22,1,1
11:15:59.177,VIGILE,1,172.69,22.14,0.237,0.577,3.558,-8.432,-0.177,0.071,-0.013,84.94,0.0,30.7,22,1,1
11:15:59.677,VIGILE,1,177.3,22.5,0.262,-0.342,4.798,-8.95,-0.102,0.041,0.063,84.08,0.0,30.7,22,1,1
11:16:00.177,VIGILE,1,176.41,20.6,0.266,0.378,4.503,-9.4,-0.055,0.005,0.05,87.22,0.0,30.7,22,1,1
11:16:00.677,VIGILE,1,172.92,15.01,0.254,-0.505,3.179,-9.153,-0.088,0.059,-0.03,87.99,0.0,30.7,22,1,1
11:16:01.178,VIGILE,1,175.38,17.03,0.244,0.081,2.859,-9.397,-0.139,0.054,-0.021,79.3,0.0,30.7,22,1,1
11:16:01.678,VIGILE,1,170.62,28.39,0.327,-0.141,2.911,-8.686,-0.118,0.045,-0.001,85.5,0.0,30.7,22,1,1
11:16:02.178,VIGILE,1,171.92,11.28,0.299,0.292,2.492,-9.515,-0.092,0.048,-0.016,83.18,0.0,30.7,22,1,1
11:16:02.678,VIGILE,1,172.88,17.18,0.276,-0.242,2.947,-9.141,-0.216,0.08,-0.063,85.19,0.0,30.7,22,1,1
11:16:03.178,VIGILE,1,173.74,16.94,0.306,-1.192,3.452,-8.631,-0.149,0.059,-0.025,80.63,0.0,30.7,22,1,1
11:16:03.678,VIGILE,1,171.93,18.56,0.286,-1.573,3.747,-9.187,-0.143,0.065,-0.006,85.28,0.0,30.7,22,1,1
11:16:04.178,VIGILE,1,172.54,16.07,0.272,-1.319,3.033,-9.055,-0.151,0.083,-0.03,76.83,0.0,30.7,22,1,1
11:16:04.678,VIGILE,1,174.79,16.36,0.342,-1.075,3.079,-9.596,-0.135,0.06,-0.046,73.45,0.0,30.7,22,1,1
11:16:05.178,VIGILE,1,174.79,18.28,0.26,-0.785,2.916,-8.588,-0.168,0.124,-0.041,83.61,0.0,30.7,22,1,1
11:16:05.678,VIGILE,1,173.42,15.49,0.337,-0.79,3.0,-9.191,-0.119,0.056,-0.03,82.13,0.0,30.7,22,1,1
11:16:06.178,VIGILE,1,175.83,14.1,0.286,-1.034,2.231,-8.408,-0.256,0.112,-0.052,82.34,0.0,30.7,22,1,1
11:16:06.678,VIGILE,1,175.0,13.91,0.256,-0.227,2.363,-9.637,-0.367,0.165,-0.094,84.65,0.0,30.7,22,1,1
11:16:07.178,VIGILE,1,173.44,16.11,0.256,-1.757,2.998,-8.566,-0.023,0.012,0.016,85.0,0.0,30.7,22,1,1
11:16:07.678,VIGILE,1,171.57,15.8,0.231,-1.537,3.843,-9.258,-0.078,0.018,-0.006,83.96,0.0,30.7,22,1,1
11:16:08.178,VIGILE,1,170.52,14.38,0.225,-1.233,3.455,-9.167,-0.143,0.074,-0.022,75.07,0.0,30.7,22,1,1
11:16:08.678,VIGILE,1,169.57,15.43,0.233,-0.658,3.215,-8.564,-0.201,0.098,-0.036,82.17,0.0,30.7,22,1,1
11:16:09.179,VIGILE,1,168.33,16.19,0.228,-2.746,4.207,-8.428,-0.154,0.043,-0.028,81.81,0.0,30.7,22,1,1
11:16:09.679,VIGILE,1,171.3,12.01,0.261,-2.279,3.768,-8.09,-0.132,0.08,-0.015,80.81,0.0,30.7,22,1,1
11:16:10.179,VIGILE,1,168.81,8.94,0.247,-2.787,3.745,-8.547,-0.091,0.048,-0.013,85.3,0.0,30.7,22,1,1
11:16:10.679,VIGILE,1,168.6,5.42,0.243,-2.392,3.97,-8.576,-0.142,0.068,-0.031,78.33,0.0,30.7,22,1,1
11:16:11.179,VIGILE,1,167.2,9.17,0.232,-2.504,3.613,-8.789,-0.132,0.075,-0.009,76.99,0.0,30.7,22,1,1
11:16:11.679,VIGILE,1,169.44,13.79,0.241,-1.731,3.627,-9.397,-0.12,0.022,-0.007,77.57,0.0,30.7,22,1,1
11:16:12.179,VIGILE,1,167.01,10.45,0.247,-1.628,3.436,-8.712,-0.091,0.049,0.002,77.61,0.0,30.7,22,1,1
11:16:12.679,VIGILE,1,165.98,13.19,0.271,-1.848,3.673,-8.768,-0.139,0.048,-0.017,73.96,0.0,30.7,22,1,1
11:16:13.179,VIGILE,1,170.32,12.69,0.262,-2.557,3.675,-8.44,-0.136,0.065,-0.022,79.34,0.0,30.7,22,1,1
11:16:13.679,VIGILE,1,171.8,15.75,0.242,-1.434,3.407,-8.923,-0.127,0.07,-0.013,78.73,0.0,30.7,22,1,1
11:16:14.179,VIGILE,1,178.86,23.64,0.212,-1.468,3.426,-8.914,-0.129,0.072,-0.017,78.63,0.0,30.7,22,1,1
11:16:14.679,VIGILE,1,178.7,23.57,0.306,-2.078,3.709,-8.844,-0.136,0.061,-0.016,72.39,0.0,30.7,22,1,1
11:16:15.180,VIGILE,1,176.31,29.21,0.324,-2.083,3.692,-8.641,-0.128,0.062,-0.02,75.79,0.0,30.7,22,1,1
11:16:15.680,VIGILE,1,-179.12,25.05,0.316,-1.326,3.091,-8.76,-0.135,0.07,-0.016,79.28,0.0,30.7,22,1,1
11:16:16.180,VIGILE,1,-174.56,26.59,0.323,-1.058,3.182,-9.131,-0.147,0.063,-0.021,81.47,0.0,30.7,22,1,1
11:16:16.680,VIGILE,1,-174.06,24.73,0.346,-0.991,3.069,-8.947,-0.135,0.073,-0.014,84.48,0.0,30.7,22,1,1
11:16:17.180,VIGILE,1,-175.2,27.52,0.331,-1.063,3.223,-9.131,-0.126,0.065,-0.015,80.99,0.0,30.7,22,1,1
11:16:17.680,VIGILE,1,177.34,17.52,0.288,-1.228,3.091,-9.079,-0.123,0.064,-0.018,82.11,0.0,30.7,22,1,1
11:16:18.180,VIGILE,1,176.07,16.88,0.287,-0.974,3.306,-9.208,-0.139,0.072,-0.023,85.27,0.0,30.7,22,1,1
11:16:18.680,VIGILE,1,177.75,16.48,0.273,-1.041,2.928,-8.966,-0.133,0.067,-0.018,82.5,0.0,30.7,22,1,1
11:16:19.180,VIGILE,1,178.5,14.12,0.281,-1.001,3.304,-9.179,-0.139,0.069,-0.016,83.46,0.0,30.7,22,1,1
11:16:19.680,VIGILE,1,177.64,14.42,0.28,-1.032,3.096,-8.94,-0.133,0.071,-0.017,80.59,0.0,30.7,22,1,1
11:16:20.180,VIGILE,1,177.71,15.29,0.268,-1.077,3.05,-9.287,-0.139,0.07,-0.017,85.57,0.0,30.7,22,1,1
11:16:20.680,VIGILE,1,175.67,15.88,0.273,-1.171,3.177,-8.945,-0.126,0.065,-0.018,81.1,0.0,30.7,22,1,1
11:16:21.180,VIGILE,1,177.43,17.64,0.256,-1.099,3.168,-9.124,-0.12,0.054,-0.017,82.22,0.0,30.7,22,1,1
11:16:21.680,VIGILE,1,176.55,12.47,0.261,-1.077,3.218,-9.273,-0.129,0.063,-0.018,80.93,0.0,30.7,22,1,1
11:16:22.180,VIGILE,1,176.12,13.43,0.272,-0.986,3.225,-9.112,-0.11,0.056,-0.015,80.94,0.0,30.7,22,1,1
11:16:22.680,VIGILE,1,179.54,14.68,0.299,-0.62,3.053,-9.175,-0.134,0.071,-0.017,78.66,0.0,30.7,22,1,1
11:16:23.181,VIGILE,1,176.79,15.49,0.267,0.017,2.682,-9.448,-0.144,0.062,-0.022,84.8,0.0,30.7,22,1,1
11:16:23.681,VIGILE,1,178.72,13.64,0.29,0.457,2.32,-9.306,-0.127,0.063,-0.023,81.83,0.0,30.7,22,1,1
11:16:24.181,VIGILE,1,177.23,15.83,0.262,1.532,2.849,-9.364,-0.111,0.072,-0.01,85.99,0.0,30.7,22,1,1
11:16:24.681,VIGILE,1,175.69,15.73,0.259,-0.223,2.571,-9.043,-0.14,0.054,-0.015,79.29,0.0,30.7,22,1,1
11:16:25.181,VIGILE,1,-177.04,15.68,0.292,-0.687,2.818,-9.294,-0.11,0.068,-0.002,79.57,0.0,30.7,22,1,1
11:16:25.681,VIGILE,1,-176.77,15.56,0.299,-0.699,3.06,-9.333,-0.104,0.059,-0.005,81.65,0.0,30.7,22,1,1
11:16:26.181,VIGILE,1,177.45,17.62,0.271,-1.219,3.026,-9.167,-0.163,0.054,-0.02,82.32,0.0,30.7,22,1,1
11:16:26.681,VIGILE,1,174.04,19.39,0.256,-1.168,3.282,-8.66,-0.151,0.071,-0.014,79.53,0.0,30.7,22,1,1
11:16:27.181,VIGILE,1,177.49,19.98,0.254,0.725,2.351,-9.694,-0.08,0.042,-0.001,79.02,0.0,30.7,22,1,1
11:16:27.681,VIGILE,1,164.49,15.42,0.254,-0.366,2.373,-9.606,-0.066,-0.028,-0.023,83.8,0.0,30.7,22,1,1
11:16:28.181,VIGILE,1,-178.69,18.8,0.286,-0.587,2.286,-9.266,-0.093,0.047,-0.002,73.81,0.0,30.7,22,1,1
11:16:28.681,VIGILE,1,174.24,18.73,0.239,-1.245,3.199,-8.708,-0.134,0.084,-0.026,81.94,0.0,30.7,22,1,1
11:16:29.181,VIGILE,1,174.06,17.4,0.25,-0.828,2.662,-8.873,-0.111,0.079,-0.017,77.39,0.0,30.7,22,1,1
11:16:29.681,VIGILE,1,174.01,14.82,0.262,-0.97,2.84,-9.244,-0.107,0.088,-0.016,73.88,0.0,30.7,22,1,1
11:16:30.181,VIGILE,1,172.46,15.07,0.287,-0.84,2.435,-9.155,-0.148,0.084,-0.02,77.89,0.0,30.7,22,1,1
11:16:30.681,VIGILE,1,177.01,14.76,0.268,-0.883,3.349,-8.894,-0.199,0.087,-0.039,72.56,0.0,30.7,22,1,1
11:16:31.182,VIGILE,1,173.0,15.42,0.264,-1.085,3.148,-8.993,-0.178,0.092,-0.038,78.07,0.0,30.7,22,1,1
11:16:31.682,VIGILE,1,171.72,13.88,0.27,-2.272,3.527,-8.978,-0.156,0.032,-0.036,79.75,0.0,30.7,22,1,1
11:16:32.182,VIGILE,1,-179.23,18.44,0.286,-2.047,3.802,-9.213,-0.121,0.062,-0.015,81.06,0.0,30.7,22,1,1
11:16:32.682,VIGILE,1,177.04,19.12,0.284,-2.143,3.795,-9.196,-0.166,0.06,-0.021,83.9,0.0,30.7,22,1,1
11:16:33.182,VIGILE,1,176.31,18.3,0.254,-2.157,3.938,-8.284,-0.143,0.062,-0.018,79.67,0.0,30.7,22,1,1
11:16:33.682,VIGILE,1,174.24,19.26,0.261,-1.544,3.328,-9.021,-0.15,0.073,-0.023,76.69,0.0,30.7,22,1,1
11:16:34.182,VIGILE,1,179.27,21.09,0.283,-1.607,3.68,-8.708,-0.173,0.08,-0.031,76.17,0.0,30.7,22,1,1
11:16:34.682,VIGILE,1,174.63,22.01,0.284,-1.978,3.704,-9.026,-0.091,0.056,-0.013,75.34,0.0,30.7,22,1,1
11:16:35.182,VIGILE,1,174.04,20.46,0.254,-1.219,3.385,-8.772,-0.115,0.067,-0.011,77.92,0.0,30.7,22,1,1
11:16:35.682,VIGILE,1,174.74,15.66,0.29,-1.216,3.206,-9.21,-0.124,0.068,-0.016,77.75,0.0,30.7,22,1,1
11:16:36.182,VIGILE,1,177.01,13.88,0.251,-1.367,3.098,-9.088,-0.112,0.066,-0.009,85.28,0.0,30.7,22,1,1
11:16:36.682,VIGILE,1,178.3,11.81,0.276,-0.397,2.873,-9.21,-0.099,0.053,-0.011,76.75,0.0,30.7,22,1,1
11:16:37.182,VIGILE,1,172.27,8.91,0.281,1.477,1.8,-9.026,0.234,0.043,0.058,83.83,0.0,30.7,22,1,1
11:16:37.682,VIGILE,1,178.78,10.12,0.264,1.657,2.373,-9.833,-0.191,0.1,-0.045,77.74,0.0,30.7,22,1,1
11:16:38.183,VIGILE,1,178.54,10.43,0.225,1.472,2.385,-9.974,-0.144,0.08,-0.012,85.12,0.0,30.7,22,1,1
11:16:38.683,VIGILE,1,175.22,11.8,0.233,-0.879,2.94,-9.301,-0.175,0.079,-0.04,77.63,0.0,30.7,22,1,1
11:16:39.183,VIGILE,1,174.45,13.62,0.185,-0.883,2.502,-8.461,-0.174,0.094,0.005,76.86,0.0,30.7,22,1,1
11:16:39.683,VIGILE,1,175.37,16.62,0.136,0.101,2.555,-9.845,-0.095,0.06,0.043,76.94,0.0,30.7,22,1,1
11:16:40.183,VIGILE,1,167.96,12.5,0.209,0.144,3.577,-8.499,-0.178,0.009,-0.017,81.61,0.0,30.7,22,1,1
11:16:40.683,VIGILE,1,-178.02,10.58,0.27,0.424,3.931,-7.954,-0.108,0.034,-0.043,80.44,0.0,30.7,22,1,1
11:16:41.183,VIGILE,1,177.3,9.67,0.26,-0.101,3.036,-8.645,-0.117,0.085,-0.001,77.02,0.0,30.7,22,1,1
11:16:41.683,VIGILE,1,177.77,5.61,0.26,0.517,3.177,-8.856,0.003,0.103,-0.008,87.55,0.0,30.7,22,1,1
11:16:42.183,VIGILE,1,178.49,10.96,0.284,-1.238,2.94,-9.814,-0.087,0.078,-0.006,83.86,0.0,30.7,22,1,1
11:16:42.683,VIGILE,1,174.36,14.35,0.263,-1.654,2.883,-8.976,-0.1,0.05,-0.032,76.2,0.0,30.7,22,1,1
11:16:43.183,VIGILE,1,176.97,14.5,0.262,-1.12,2.861,-9.12,-0.162,0.123,-0.056,78.61,0.0,30.7,22,1,1
11:16:43.683,VIGILE,1,179.7,20.75,0.256,0.539,2.65,-8.765,-0.16,0.035,-0.024,83.86,0.0,30.7,22,1,1
11:16:44.184,VIGILE,1,179.32,15.33,0.268,-0.139,2.399,-9.052,-0.111,0.051,-0.016,75.89,0.0,30.7,22,1,1
11:16:44.684,VIGILE,1,179.33,18.74,0.261,-0.603,2.909,-9.175,-0.096,0.007,-0.025,79.46,0.0,30.7,22,1,1
11:16:45.184,VIGILE,1,176.27,21.15,0.366,0.151,2.49,-8.914,-0.2,0.115,-0.022,75.55,0.0,30.7,22,1,1
11:16:45.684,VIGILE,1,176.75,22.75,0.204,0.014,2.883,-9.641,-0.147,0.042,-0.028,75.08,0.0,30.7,22,1,1
11:16:46.184,VIGILE,1,174.56,12.84,0.243,-0.443,2.234,-10.104,-0.124,0.039,-0.007,74.36,0.0,30.7,22,1,1
11:16:46.684,VIGILE,1,175.22,14.7,0.241,-1.374,2.82,-9.246,-0.153,0.099,-0.025,78.46,0.0,30.7,22,1,1
11:16:47.184,VIGILE,1,175.48,13.05,0.244,-1.137,3.203,-8.933,-0.13,0.08,-0.023,79.51,0.0,30.7,22,1,1
11:16:47.684,VIGILE,1,173.75,16.45,0.255,-1.156,3.187,-9.404,-0.085,0.064,-0.02,80.54,0.0,30.7,22,1,1
11:16:48.184,VIGILE,1,174.78,18.9,0.25,-1.022,3.038,-9.067,-0.105,0.055,-0.017,81.7,0.0,30.7,22,1,1
11:16:48.684,VIGILE,1,175.28,19.29,0.249,-0.824,3.16,-9.057,-0.102,0.05,-0.007,86.33,0.0,30.7,22,1,1
11:16:49.184,VIGILE,1,173.9,16.69,0.277,-0.864,3.146,-8.866,-0.13,0.067,0.016,78.07,0.0,30.7,22,1,1
11:16:49.684,VIGILE,1,170.88,15.05,0.298,-1.93,3.263,-8.803,-0.107,-0.023,0.006,86.17,0.0,30.7,22,1,1
11:16:50.184,VIGILE,1,169.16,10.46,0.256,-0.034,3.632,-7.98,-0.305,-0.015,-0.055,87.65,0.0,30.7,22,1,1
11:16:50.684,VIGILE,1,171.51,14.58,0.263,-0.354,4.034,-9.426,-0.167,0.044,-0.023,77.86,0.0,30.7,22,1,1
11:16:51.184,VIGILE,1,171.2,16.26,0.247,-0.536,2.99,-8.681,-0.135,0.088,0.033,85.68,0.0,30.7,22,1,1
11:16:51.684,VIGILE,1,172.51,19.39,0.263,-1.432,3.268,-8.047,-0.104,0.061,-0.006,82.58,0.0,30.7,22,1,1
11:16:52.185,VIGILE,1,171.54,20.09,0.265,-1.508,4.022,-9.009,-0.052,0.018,0.014,84.5,0.0,30.7,22,1,1
11:16:52.685,VIGILE,1,169.27,18.84,0.226,-1.417,5.04,-7.171,-0.351,0.096,-0.037,85.93,0.0,30.7,22,1,1
11:16:53.185,VIGILE,1,169.46,20.46,0.244,-0.311,2.933,-8.55,-0.099,0.057,-0.042,80.47,0.0,30.7,22,1,1
11:16:53.685,VIGILE,1,171.32,21.44,0.264,-2.133,3.575,-9.062,-0.067,0.047,-0.017,85.87,0.0,30.7,22,1,1
11:16:54.185,VIGILE,1,169.35,18.77,0.251,0.943,3.378,-10.336,-0.143,0.059,-0.067,85.74,0.0,30.6,21,1,1
11:16:54.685,VIGILE,1,169.69,20.11,0.25,-1.202,3.615,-9.062,-0.059,0.016,0.023,88.28,0.0,30.6,21,1,1
11:16:55.185,VIGILE,1,171.68,20.53,0.248,-0.697,5.15,-10.147,-0.363,0.104,-0.048,88.73,0.0,30.6,21,1,1
11:16:55.685,VIGILE,1,171.65,21.64,0.254,-2.176,3.809,-8.957,-0.095,0.053,-0.007,78.58,0.0,30.6,21,1,1
11:16:56.185,VIGILE,1,179.25,21.34,0.27,-1.604,1.954,-8.827,-0.207,0.102,-0.059,84.15,0.0,30.6,21,1,1
11:16:56.685,VIGILE,1,174.59,19.84,0.233,-2.047,2.861,-9.455,-0.128,0.061,-0.042,85.34,0.0,30.6,21,1,1
11:16:57.185,VIGILE,1,171.46,20.57,0.24,-1.659,3.153,-9.606,-0.094,0.088,-0.004,82.28,0.0,30.6,21,1,1
11:16:57.685,VIGILE,1,173.11,22.78,0.251,-0.795,3.565,-7.616,0.048,0.001,0.043,88.83,0.0,30.6,21,1,1
11:16:58.185,VIGILE,1,170.19,22.49,0.282,-2.368,3.776,-8.849,-0.116,0.061,-0.005,84.04,0.0,30.6,21,1,1
11:16:58.685,VIGILE,1,171.51,17.26,0.266,-1.599,3.8,-9.076,-0.123,0.059,-0.011,80.03,0.0,30.6,21,1,1
11:16:59.185,VIGILE,1,167.43,15.75,0.237,-1.64,4.001,-8.516,-0.096,0.072,0.02,79.43,0.0,30.6,21,1,1
11:16:59.685,VIGILE,1,168.81,17.38,0.167,-2.306,5.092,-8.028,-0.149,0.086,0.014,80.03,0.0,30.6,21,1,1
11:17:00.186,VIGILE,1,168.31,20.02,0.23,-2.234,4.355,-8.689,-0.143,0.041,0.054,81.75,0.0,30.6,21,1,1
11:17:00.686,VIGILE,1,176.62,26.21,0.288,-1.956,4.094,-9.819,-0.173,0.035,0.03,83.39,0.0,30.6,21,1,1
11:17:01.186,VIGILE,1,-178.47,32.21,0.358,-1.671,3.421,-8.219,-0.115,-0.017,0.075,83.25,0.0,30.6,21,1,1
11:17:01.686,VIGILE,1,176.29,34.84,0.345,-1.817,4.353,-7.597,-0.168,0.031,0.22,84.83,0.0,30.6,21,1,1
11:17:02.186,VIGILE,1,171.11,34.66,0.407,0.189,6.017,-7.59,-0.044,-0.062,0.452,87.03,0.0,30.6,21,1,1
11:17:02.686,VIGILE,1,175.68,32.95,0.36,-0.548,4.506,-8.72,-0.048,-0.005,0.394,85.39,0.0,30.6,21,1,1
11:17:03.186,VIGILE,1,175.35,30.4,0.349,-0.316,5.258,-8.466,-0.068,-0.076,0.363,85.87,0.0,30.6,21,1,1
11:17:03.686,VIGILE,1,-176.53,27.46,0.323,-0.682,5.013,-9.517,-0.082,-0.052,0.324,83.7,0.0,30.6,21,1,1
11:17:04.186,VIGILE,1,178.46,24.14,0.272,-0.673,4.082,-9.311,-0.018,-0.064,0.172,80.19,0.0,30.6,21,1,1
11:17:04.686,VIGILE,1,-177.34,20.7,0.257,-0.362,2.622,-9.364,-0.069,0.008,0.103,76.63,0.0,30.6,21,1,1
11:17:05.186,VIGILE,1,176.99,21.3,0.261,0.158,2.993,-9.773,-0.11,0.016,0.066,74.39,0.0,30.6,21,1,1
11:17:05.686,VIGILE,1,173.9,22.73,0.247,0.294,2.933,-8.562,-0.159,0.072,0.03,77.39,0.0,30.6,21,1,1
11:17:06.186,VIGILE,1,174.88,27.58,0.296,-0.709,3.352,-8.926,-0.079,0.008,0.088,81.79,0.0,30.6,21,1,1
11:17:06.686,VIGILE,1,176.82,24.88,0.275,-1.101,3.982,-9.1,-0.011,-0.001,0.087,80.81,0.0,30.6,21,1,1
11:17:07.186,VIGILE,1,174.49,20.91,0.253,0.376,3.395,-9.165,-0.133,0.069,0.022,82.7,0.0,30.6,21,1,1
11:17:07.686,VIGILE,1,-175.05,31.68,0.283,-0.637,3.266,-9.878,-0.095,0.045,0.043,79.71,0.0,30.6,21,1,1
11:17:08.187,VIGILE,1,175.36,26.25,0.28,-0.632,2.598,-8.964,-0.111,0.085,-0.02,80.43,0.0,30.6,21,1,1
11:17:08.687,VIGILE,1,177.59,24.53,0.278,-0.587,3.053,-9.268,-0.117,0.114,-0.025,82.55,0.0,30.6,21,1,1
11:17:09.187,VIGILE,1,174.91,23.53,0.26,-0.546,3.177,-9.766,-0.24,0.15,-0.043,86.52,0.0,30.6,21,1,1
11:17:09.687,VIGILE,1,175.79,25.14,0.265,-0.218,2.914,-8.842,-0.171,0.087,-0.033,80.63,0.0,30.6,21,1,1
11:17:10.187,VIGILE,1,172.23,18.2,0.254,-1.628,3.395,-9.105,-0.146,0.065,-0.009,85.5,0.0,30.6,21,1,1
11:17:10.687,VIGILE,1,168.64,15.78,0.226,-1.219,3.144,-8.765,-0.157,0.041,-0.002,83.64,0.0,30.6,21,1,1
11:17:11.187,VIGILE,1,168.52,19.05,0.252,-2.351,3.663,-8.413,-0.114,0.068,-0.006,88.45,0.0,30.6,21,1,1
11:17:11.687,VIGILE,1,174.1,20.38,0.281,-2.306,2.871,-8.969,-0.119,0.066,-0.015,85.91,0.0,30.6,21,1,1
11:17:12.187,VIGILE,1,171.79,28.5,0.264,-1.748,2.746,-8.856,-0.179,0.038,0.011,85.85,0.0,30.6,21,1,1
11:17:12.687,VIGILE,1,175.11,22.77,0.25,-1.293,3.498,-10.458,0.482,0.037,0.062,86.11,0.0,30.6,21,1,1
11:17:13.187,VIGILE,1,173.76,22.55,0.253,-2.112,2.636,-9.266,-0.25,0.03,-0.014,88.92,0.0,30.6,21,1,1
11:17:13.687,VIGILE,1,170.03,17.55,0.231,-2.143,4.013,-8.349,-0.2,0.037,-0.047,78.77,0.0,30.6,21,1,1
11:17:14.187,VIGILE,1,167.16,12.98,0.232,-2.095,4.096,-8.509,-0.175,0.11,-0.015,83.3,0.0,30.6,21,1,1
11:17:14.688,VIGILE,1,159.98,-35.46,0.323,-3.615,3.96,-8.267,-0.188,0.076,0.009,84.31,0.0,30.6,21,1,1
11:17:15.188,VIGILE,1,165.31,-12.35,0.211,-3.711,4.836,-7.537,-0.127,0.076,-0.017,85.38,0.0,30.6,21,1,1
11:17:15.688,VIGILE,1,167.14,-36.31,0.35,-1.614,3.551,-8.825,-0.133,0.078,0.001,82.38,0.0,30.6,21,1,1
11:17:16.188,VIGILE,0,0.0,0.0,0.0,-2.986,4.068,-8.6,-0.127,0.059,0.005,79.88,0.0,30.6,21,1,1
11:17:16.688,VIGILE,1,166.86,-68.55,0.478,-1.865,3.524,-8.921,-0.141,0.083,0.0,76.88,0.0,30.6,21,1,1
11:17:17.188,VIGILE,1,164.35,-70.03,0.601,-1.219,3.302,-8.995,-0.151,0.066,-0.007,78.53,0.0,30.6,21,1,1
11:17:17.688,VIGILE,1,173.36,-39.97,0.224,-0.29,2.933,-9.014,-0.157,0.077,-0.001,82.45,0.0,30.6,21,1,1
11:17:18.188,VIGILE,0,0.0,0.0,0.0,1.997,2.854,-10.087,0.069,0.039,0.092,83.06,0.0,30.6,21,1,1
11:17:18.688,VIGILE,1,164.52,71.83,0.594,1.044,3.845,-9.268,-0.126,0.005,0.234,89.52,0.0,30.6,21,1,1
11:17:19.188,VIGILE,1,172.34,42.66,0.444,1.513,5.756,-8.847,-0.164,-0.111,0.472,82.85,0.0,30.6,21,1,1
11:17:19.688,VIGILE,1,168.08,37.28,0.376,0.615,5.073,-8.906,-0.114,-0.164,0.513,83.12,0.0,30.6,21,1,1
11:17:20.188,VIGILE,1,172.47,32.21,0.37,1.231,5.832,-9.433,0.061,-0.221,0.539,74.64,0.0,30.6,21,1,1
11:17:20.688,VIGILE,1,174.47,26.13,0.302,0.225,4.137,-9.409,-0.009,-0.136,0.448,81.06,0.0,30.6,21,1,1
11:17:21.188,VIGILE,1,176.65,-8.77,0.28,0.168,2.193,-9.675,-0.104,-0.029,0.177,84.65,0.0,30.6,21,1,1
11:17:21.688,VIGILE,1,173.11,-5.68,0.256,-1.645,2.464,-9.44,-0.083,0.006,-0.061,86.51,0.0,30.6,21,1,1
11:17:22.189,VIGILE,1,175.87,4.6,0.242,-1.097,2.478,-9.347,-0.115,0.095,-0.102,82.09,0.0,30.6,21,1,1
11:17:22.689,VIGILE,1,166.24,12.32,0.237,-0.85,1.875,-9.433,-0.097,0.032,-0.086,80.11,0.0,30.6,21,1,1
11:17:23.189,VIGILE,1,170.21,9.74,0.234,-2.145,4.408,-11.009,0.395,-0.299,0.098,86.57,0.0,30.6,21,1,1
11:17:23.689,VIGILE,1,176.15,17.32,0.251,0.091,2.962,-9.543,-0.249,0.089,-0.046,89.68,0.0,30.6,21,1,1
11:17:24.189,VIGILE,1,176.89,16.72,0.236,-1.211,1.745,-8.744,0.046,0.035,0.0,84.29,0.0,30.5,21,1,1
11:17:24.689,VIGILE,1,177.51,16.77,0.225,-1.432,2.38,-8.167,-0.121,0.103,-0.07,81.23,0.0,30.5,21,1,1
11:17:25.189,VIGILE,1,173.48,12.83,0.229,-1.925,2.725,-8.399,-0.123,0.006,-0.028,82.42,0.0,30.5,21,1,1
11:17:25.689,VIGILE,1,172.27,14.6,0.238,-0.591,2.174,-9.804,-0.126,0.101,-0.008,88.27,0.0,30.5,21,1,1
11:17:26.189,VIGILE,1,178.77,18.85,0.23,-0.101,1.64,-8.315,-0.186,0.096,0.003,80.21,0.0,30.5,21,1,1
11:17:26.689,VIGILE,1,175.6,22.0,0.25,0.366,3.943,-8.856,-0.143,-0.01,-0.068,77.2,0.0,30.5,21,1,1
11:17:27.190,VIGILE,1,179.84,18.87,0.261,-1.324,2.871,-8.729,-0.094,0.143,0.02,87.26,0.0,30.5,21,1,1
11:17:27.690,VIGILE,1,177.55,23.74,0.274,-0.256,4.403,-10.348,-0.07,0.042,-0.047,85.95,0.0,30.5,21,1,1
11:17:28.190,VIGILE,1,170.33,6.65,0.156,-0.211,3.74,-10.7,-0.171,0.117,-0.06,83.66,0.0,30.5,21,1,1
11:17:28.690,DISTRAZIONE,1,173.06,-36.35,0.156,-1.726,2.191,-8.696,-0.145,0.072,-0.027,73.61,0.0,30.5,21,1,1
11:17:29.190,DISTRAZIONE,1,175.61,-36.92,0.383,-1.719,3.316,-9.12,-0.158,0.093,-0.017,85.57,0.0,30.5,21,1,1
11:17:29.690,DISTRAZIONE,1,178.22,-32.93,0.11,-1.844,3.821,-8.882,-0.086,0.073,0.011,83.84,0.0,30.5,21,1,1
11:17:30.190,DISTRAZIONE,1,-172.27,28.25,0.12,-1.288,2.567,-8.583,-0.149,0.094,-0.023,82.6,0.0,30.5,21,1,1
11:17:30.690,DISTRAZIONE,1,-169.6,39.28,0.366,-1.638,3.467,-9.177,-0.223,0.133,-0.097,79.5,0.0,30.5,21,1,1
11:17:31.190,DISTRAZIONE,1,-170.61,39.66,0.381,-0.01,3.146,-9.962,0.022,0.032,-0.001,88.56,0.0,30.5,21,1,1
11:17:31.690,DISTRAZIONE,1,-171.87,35.11,0.148,-0.855,3.237,-8.564,-0.151,0.103,-0.026,78.03,0.0,30.5,21,1,1
11:17:32.190,DISTRAZIONE,1,-172.65,35.03,0.138,-0.919,3.165,-9.558,-0.076,0.095,-0.01,84.45,0.0,30.5,21,1,1
11:17:32.690,DISTRAZIONE,1,-171.73,39.67,0.375,0.067,4.13,-8.789,-0.09,-0.006,-0.034,84.8,0.0,30.5,21,1,1
11:17:33.190,DISTRAZIONE,1,-179.42,39.89,0.361,-0.895,4.731,-10.424,0.159,-0.026,0.008,85.41,0.0,30.5,21,1,1
11:17:33.690,DISTRAZIONE,1,-173.33,35.25,0.123,-1.829,1.346,-9.055,-0.133,0.09,0.008,87.34,0.0,30.5,21,1,1
11:17:34.190,DISTRAZIONE,1,-177.48,37.98,0.254,-0.417,2.172,-9.519,-0.094,0.032,-0.019,86.36,0.0,30.5,21,1,1
11:17:34.691,DISTRAZIONE,1,-177.06,40.12,0.372,-0.484,4.424,-6.874,-0.396,0.136,-0.112,84.84,0.0,30.5,21,1,1
11:17:35.191,DISTRAZIONE,1,-179.42,33.81,0.109,0.096,2.397,-6.067,-0.23,0.074,-0.075,86.84,0.0,30.5,21,1,1
11:17:35.691,DISTRAZIONE,1,-177.15,35.97,0.232,-0.364,2.392,-8.902,-0.09,0.033,-0.004,87.57,0.0,30.5,21,1,1
11:17:36.191,DISTRAZIONE,1,-174.26,40.18,0.39,-0.28,2.061,-9.371,-0.144,0.091,-0.022,80.95,0.0,30.5,21,1,1
11:17:36.691,DISTRAZIONE,1,-177.35,39.45,0.374,-1.791,2.423,-9.165,-0.1,0.071,-0.012,82.99,0.0,30.5,21,1,1
11:17:37.191,DISTRAZIONE,1,-179.87,44.97,0.098,-1.132,2.923,-8.686,-0.112,0.071,-0.0,81.84,0.0,30.5,21,1,1
11:17:37.691,DISTRAZIONE,1,-175.04,38.88,0.357,-1.367,2.545,-9.364,-0.079,0.064,-0.011,81.14,0.0,30.5,21,1,1
11:17:38.191,DISTRAZIONE,1,-173.09,39.2,0.405,-3.093,9.596,-4.58,-1.127,0.066,0.211,89.22,0.0,30.5,21,1,1
11:17:38.691,DISTRAZIONE,1,-177.47,35.93,0.144,-1.053,2.634,-9.534,-0.154,0.103,-0.013,86.83,0.0,30.5,21,1,1
11:17:39.191,DISTRAZIONE,1,-175.59,39.26,0.361,-0.381,3.555,-8.657,-0.204,0.073,-0.017,76.57,0.0,30.5,21,1,1
11:17:39.691,DISTRAZIONE,1,-177.81,40.07,0.365,-0.484,4.705,-7.858,-0.129,-0.016,0.018,78.58,0.0,30.5,21,1,1
11:17:40.191,DISTRAZIONE,1,-173.48,37.07,0.345,-1.441,3.551,-9.014,-0.006,0.002,0.12,87.28,0.0,30.5,21,1,1
11:17:40.691,DISTRAZIONE,1,-178.96,38.22,0.368,-1.384,3.508,-8.973,-0.046,0.025,0.066,77.8,0.0,30.5,21,1,1
11:17:41.191,DISTRAZIONE,1,-176.79,37.75,0.366,-1.381,1.769,-10.06,0.073,0.056,-0.077,80.74,0.0,30.5,21,1,1
11:17:41.691,DISTRAZIONE,1,179.15,26.79,0.29,-1.152,1.987,-9.91,-0.043,0.065,-0.078,84.93,0.0,30.5,21,1,1
11:17:42.191,DISTRAZIONE,1,177.19,19.94,0.279,-0.912,2.88,-9.867,-0.141,0.12,-0.076,87.28,0.0,30.5,21,1,1
11:17:42.692,VIGILE,1,176.85,16.66,0.264,-0.649,3.297,-9.527,-0.205,0.145,-0.028,79.42,0.0,30.5,21,1,1
11:17:43.192,VIGILE,1,177.3,15.61,0.248,-0.723,2.452,-8.195,-0.112,0.052,0.037,83.26,0.0,30.5,21,1,1
11:17:43.692,VIGILE,1,177.17,19.98,0.249,-0.615,3.46,-9.577,-0.247,0.08,0.002,79.57,0.0,30.5,21,1,1
11:17:44.192,VIGILE,1,177.79,13.95,0.246,-0.675,2.313,-9.977,-0.088,0.048,0.018,87.97,0.0,30.5,21,1,1
11:17:44.692,VIGILE,1,176.16,16.31,0.264,-0.594,4.159,-9.285,0.071,0.072,0.074,89.72,0.0,30.5,21,1,1
11:17:45.192,VIGILE,1,177.08,16.71,0.28,-0.893,3.457,-10.795,-0.062,0.095,0.046,86.44,0.0,30.5,21,1,1
11:17:45.692,VIGILE,1,177.75,11.77,0.286,-4.427,3.598,-7.587,-0.09,-0.018,-0.008,87.4,0.0,30.5,21,1,1
11:17:46.192,VIGILE,1,176.66,15.86,0.27,-1.958,3.991,-8.574,-0.146,0.06,0.007,82.65,0.0,30.5,21,1,1
11:17:46.692,VIGILE,1,175.63,8.14,0.282,-1.645,2.689,-8.892,-0.137,0.095,-0.046,82.1,0.0,30.5,21,1,1
11:17:47.192,VIGILE,1,178.44,13.7,0.281,-2.016,3.225,-9.031,-0.109,0.087,-0.045,82.92,0.0,30.5,21,1,1
11:17:47.692,VIGILE,1,-179.69,10.14,0.298,-0.67,1.448,-8.696,-0.184,0.106,-0.076,83.28,0.0,30.5,21,1,1
11:17:48.192,VIGILE,1,178.06,12.16,0.276,-1.02,1.302,-9.962,-0.178,0.097,-0.103,84.6,0.0,30.5,21,1,1
11:17:48.692,VIGILE,1,-179.05,21.52,0.274,-0.156,2.629,-8.32,-0.191,0.131,-0.081,86.0,0.0,30.5,21,1,1
11:17:49.192,VIGILE,1,175.67,10.66,0.036,-0.888,2.595,-9.024,-0.104,0.041,-0.075,85.43,0.0,30.5,21,1,1
11:17:49.692,VIGILE,1,178.04,20.71,0.235,-1.798,1.504,-9.62,0.282,-0.197,-0.071,87.95,0.0,30.5,21,1,1
11:17:50.192,VIGILE,1,177.04,15.77,0.23,-1.061,3.304,-9.1,-0.168,0.061,-0.031,82.58,0.0,30.5,21,1,1
11:17:50.693,VIGILE,1,179.84,12.52,0.251,-1.365,3.321,-9.129,-0.091,0.067,-0.043,80.3,0.0,30.5,21,1,1
11:17:51.193,VIGILE,1,179.27,10.42,0.29,-1.293,3.311,-8.961,-0.116,0.087,-0.045,76.41,0.0,30.5,21,1,1
11:17:51.693,VIGILE,1,178.19,12.31,0.267,-0.876,3.206,-8.928,-0.122,0.032,-0.029,82.02,0.0,30.5,21,1,1
11:17:52.193,VIGILE,1,178.95,8.16,0.242,-1.508,3.237,-9.488,-0.142,0.059,-0.063,84.74,0.0,30.5,21,1,1
11:17:52.693,VIGILE,1,175.14,10.32,0.264,-1.118,2.978,-9.553,-0.064,0.085,-0.056,80.04,0.0,30.5,21,1,1
11:17:53.194,VIGILE,1,166.56,9.28,0.255,-4.171,4.626,-7.961,-0.152,0.047,-0.04,80.39,0.0,30.5,21,1,1
11:17:53.694,VIGILE,1,165.54,8.01,0.249,-3.723,4.875,-7.891,-0.101,0.053,-0.024,84.55,0.0,30.5,21,1,1
11:17:54.194,VIGILE,1,165.08,6.85,0.26,-3.677,4.389,-8.114,-0.106,0.073,-0.026,81.53,0.0,30.5,21,1,1
11:17:54.694,VIGILE,1,175.77,10.15,0.226,-0.955,2.907,-8.679,-0.148,0.1,-0.046,79.27,0.0,30.5,21,1,1
11:17:55.194,VIGILE,1,174.54,12.01,0.252,-1.618,3.448,-8.866,-0.11,0.074,-0.044,73.29,0.0,30.5,21,1,1
11:17:55.694,VIGILE,1,175.46,10.78,0.256,-0.644,2.588,-9.694,-0.141,0.109,-0.063,74.89,0.0,30.5,21,1,1
11:17:56.194,VIGILE,1,176.71,9.74,0.226,-0.304,2.351,-9.582,-0.127,0.071,-0.074,80.63,0.0,30.5,21,1,1
11:17:56.694,VIGILE,1,177.27,12.05,0.213,-0.735,2.744,-9.378,-0.133,0.063,-0.06,80.91,0.0,30.6,21,1,1
11:17:57.194,VIGILE,1,-178.64,18.39,0.268,0.711,2.064,-10.862,-0.12,0.009,-0.07,77.48,0.0,30.6,21,1,1
11:17:57.695,VIGILE,1,-178.23,19.17,0.278,-0.206,2.753,-9.948,-0.102,0.03,0.001,79.04,0.0,30.6,21,1,1
11:17:58.195,VIGILE,1,-176.32,29.04,0.375,0.17,2.868,-10.183,-0.137,0.094,-0.038,77.01,0.0,30.6,21,1,1
11:17:58.695,VIGILE,1,178.8,17.51,0.293,0.469,2.212,-8.562,-0.136,0.059,-0.02,75.84,0.0,30.6,21,1,1
11:17:59.195,VIGILE,1,179.27,16.21,0.24,-0.998,3.546,-9.438,-0.105,0.076,-0.032,80.3,0.0,30.6,21,1,1
11:17:59.695,VIGILE,1,177.95,17.73,0.272,-0.716,2.851,-9.12,-0.152,0.038,-0.037,76.0,0.0,30.6,21,1,1
11:18:00.195,VIGILE,1,176.06,22.8,0.276,-1.355,3.139,-10.125,-0.158,0.122,-0.041,79.8,0.0,30.6,21,1,1
11:18:00.695,VIGILE,1,175.58,20.83,0.26,-0.749,3.553,-9.629,-0.132,0.035,-0.031,76.37,0.0,30.6,21,1,1
11:18:01.195,VIGILE,1,174.67,17.58,0.253,-0.745,3.112,-9.1,-0.143,0.041,-0.024,81.48,0.0,30.6,21,1,1
11:18:01.695,VIGILE,1,173.98,19.02,0.252,-0.97,3.053,-9.452,-0.14,0.087,-0.019,77.4,0.0,30.6,21,1,1
11:18:02.195,VIGILE,1,172.02,17.02,0.244,-0.991,3.536,-8.708,-0.137,0.071,-0.023,75.0,0.0,30.6,21,1,1
11:18:02.695,VIGILE,1,168.57,20.0,0.235,-1.31,3.654,-9.199,-0.062,0.015,0.002,85.53,0.0,30.6,21,1,1
11:18:03.195,VIGILE,1,170.73,18.43,0.261,-0.453,3.012,-9.029,-0.16,0.044,-0.006,81.76,0.0,30.6,21,1,1
11:18:03.695,VIGILE,1,168.48,16.5,0.255,-1.305,3.333,-9.301,-0.138,0.068,0.001,83.79,0.0,30.6,21,1,1
11:18:04.195,VIGILE,1,167.08,16.32,0.234,-0.778,3.941,-8.787,-0.122,0.039,-0.009,78.44,0.0,30.6,21,1,1
11:18:04.695,VIGILE,1,167.63,18.36,0.275,-1.846,4.99,-9.431,-0.133,0.13,-0.021,82.58,0.0,30.6,21,1,1
11:18:05.195,VIGILE,1,171.09,16.41,0.271,-0.608,3.524,-9.476,-0.184,0.033,-0.04,79.71,0.0,30.6,21,1,1
11:18:05.696,VIGILE,1,170.12,19.85,0.271,-0.986,2.619,-8.777,-0.113,0.057,-0.023,84.39,0.0,30.6,21,1,1
11:18:06.196,VIGILE,1,171.74,21.4,0.237,-0.654,3.788,-9.553,-0.179,0.062,-0.006,72.01,0.0,30.6,21,1,1
11:18:06.696,VIGILE,1,174.28,19.17,0.259,-0.86,2.986,-8.552,-0.116,0.05,-0.037,73.07,0.0,30.7,21,1,1
11:18:07.196,VIGILE,1,177.5,19.41,0.229,-0.939,2.806,-9.577,-0.116,0.062,-0.039,85.22,0.0,30.7,21,1,1
11:18:07.696,VIGILE,1,176.58,21.38,0.185,-0.9,2.638,-9.014,-0.152,0.091,-0.039,85.08,0.0,30.7,21,1,1
11:18:08.196,VIGILE,1,172.34,16.03,0.213,-0.702,2.54,-10.147,-0.152,0.064,-0.008,82.52,0.0,30.7,21,1,1
11:18:08.696,VIGILE,1,174.86,14.68,0.237,-1.003,2.686,-8.499,-0.144,0.091,-0.031,82.93,0.0,30.7,21,1,1
11:18:09.196,VIGILE,1,171.02,16.76,0.243,-1.123,3.172,-9.182,-0.152,0.084,-0.001,86.63,0.0,30.7,21,1,1
11:18:09.696,VIGILE,1,175.5,16.63,0.244,-0.235,3.962,-9.239,-0.237,0.099,-0.025,81.29,0.0,30.7,21,1,1
11:18:10.196,VIGILE,1,172.45,15.28,0.249,-0.031,3.579,-9.069,-0.185,0.109,-0.017,86.28,0.0,30.7,21,1,1
11:18:10.696,VIGILE,1,167.48,15.93,0.225,-0.488,2.847,-9.256,-0.176,0.075,-0.023,87.66,0.0,30.7,21,1,1
11:18:11.196,VIGILE,1,169.25,14.74,0.225,-1.35,3.658,-8.933,-0.114,0.071,-0.002,83.35,0.0,30.7,21,1,1
11:18:11.696,VIGILE,1,165.59,12.86,0.228,-1.154,3.153,-9.342,-0.169,0.056,-0.016,79.97,0.0,30.7,21,1,1
11:18:12.196,VIGILE,1,166.41,13.44,0.22,-0.759,3.812,-9.093,-0.083,0.038,-0.006,76.8,0.0,30.7,21,1,1
11:18:12.696,VIGILE,1,162.87,13.99,0.23,-1.219,3.0,-8.818,-0.139,0.077,-0.003,82.22,0.0,30.7,21,1,1
11:18:13.196,VIGILE,1,161.41,11.62,0.236,-0.991,3.886,-8.801,-0.128,0.068,-0.006,72.35,0.0,30.7,21,1,1
11:18:13.697,VIGILE,1,163.95,14.27,0.243,-1.417,3.263,-8.636,-0.141,0.115,-0.022,86.18,0.0,30.7,21,1,1
11:18:14.197,VIGILE,1,167.98,10.53,0.231,-1.367,3.16,-8.44,-0.115,0.019,-0.027,86.74,0.0,30.8,21,1,1
11:18:14.697,VIGILE,1,169.94,15.02,0.259,-1.506,3.378,-8.981,-0.199,0.06,-0.031,82.82,0.0,30.8,21,1,1
11:18:15.197,VIGILE,1,171.87,14.41,0.257,-0.857,2.674,-9.055,-0.188,0.056,-0.054,80.19,0.0,30.8,21,1,1
11:18:15.697,VIGILE,1,172.51,17.67,0.239,-1.448,3.01,-9.074,-0.156,0.053,-0.05,77.74,0.0,30.8,21,1,1
11:18:16.197,VIGILE,1,177.33,17.64,0.231,-1.013,3.541,-9.28,-0.164,0.126,-0.018,79.53,0.0,30.8,21,1,1
11:18:16.697,VIGILE,1,177.92,20.2,0.235,-0.563,4.017,-9.486,-0.138,0.093,0.021,79.56,0.0,30.8,21,1,1
11:18:17.197,VIGILE,1,171.12,20.11,0.196,-1.046,4.166,-9.074,-0.107,0.073,0.015,77.12,0.0,30.8,21,1,1
11:18:17.697,VIGILE,1,173.35,18.43,0.213,-1.504,1.798,-9.512,-0.164,0.053,0.033,83.45,0.0,30.8,21,1,1
11:18:18.197,VIGILE,1,171.21,16.09,0.216,-1.441,3.141,-9.148,-0.086,0.031,-0.005,84.68,0.0,30.8,21,1,1
11:18:18.697,VIGILE,1,166.68,18.94,0.211,-1.348,3.436,-9.907,-0.124,0.031,-0.011,68.16,0.0,30.8,21,1,1
11:18:19.197,VIGILE,1,172.52,20.83,0.237,-0.807,3.354,-9.098,-0.165,0.093,-0.038,74.96,0.0,30.8,21,1,1
11:18:19.697,VIGILE,1,173.93,18.73,0.221,-1.259,2.605,-8.746,-0.145,0.103,-0.042,77.28,0.0,30.8,21,1,1
11:18:20.197,VIGILE,1,172.54,17.68,0.239,-1.528,2.394,-8.734,-0.104,0.098,-0.053,79.2,0.0,30.8,21,1,1
11:18:20.697,VIGILE,1,176.08,18.82,0.221,-0.637,2.734,-8.787,-0.169,0.051,-0.015,76.39,0.0,30.8,21,1,1
11:18:21.197,VIGILE,1,175.4,16.88,0.214,-1.164,3.0,-9.261,-0.131,0.073,-0.023,77.29,0.0,30.8,21,1,1
11:18:21.698,VIGILE,1,177.63,24.61,0.224,-1.039,2.808,-9.017,-0.197,0.045,-0.034,83.99,0.0,30.8,21,1,1
11:18:22.198,VIGILE,1,175.08,23.8,0.223,-0.86,3.74,-8.796,-0.111,0.07,0.012,77.32,0.0,30.8,21,1,1
11:18:22.698,VIGILE,1,173.5,23.34,0.196,-1.365,3.953,-8.459,-0.08,0.099,0.036,72.9,0.0,30.8,21,1,1
11:18:23.198,VIGILE,1,173.77,24.85,0.202,-0.618,3.531,-8.174,-0.165,0.094,0.01,74.03,0.0,30.8,21,1,1
11:18:23.698,VIGILE,1,172.82,23.81,0.203,-0.615,3.646,-9.043,-0.103,0.074,0.002,76.6,0.0,30.8,21,1,1
11:18:24.198,VIGILE,1,170.47,18.22,0.203,-0.407,2.38,-8.861,-0.06,0.052,-0.018,76.01,0.0,30.9,21,1,1
11:18:24.698,VIGILE,1,169.53,18.7,0.185,-0.881,3.891,-8.902,-0.114,0.107,0.011,78.74,0.0,30.9,21,1,1
11:18:25.198,VIGILE,1,169.89,17.41,0.209,-0.907,3.457,-8.794,-0.114,0.018,0.01,79.59,0.0,30.9,21,1,1
11:18:25.698,VIGILE,1,173.23,19.88,0.209,-1.42,2.523,-8.926,-0.128,0.076,0.009,77.12,0.0,30.9,21,1,1
11:18:26.198,VIGILE,1,172.87,20.71,0.228,-1.559,2.844,-8.732,-0.141,0.059,-0.043,80.23,0.0,30.9,21,1,1
11:18:26.698,VIGILE,1,174.35,20.35,0.215,-1.549,3.285,-9.337,-0.124,0.054,-0.024,81.05,0.0,30.9,20,1,1
11:18:27.198,VIGILE,1,169.29,18.71,0.213,-1.02,3.105,-8.861,-0.133,0.062,-0.034,77.76,0.0,30.9,20,1,1
11:18:27.698,VIGILE,1,163.49,18.9,0.219,-1.08,3.019,-8.835,-0.13,0.057,-0.028,82.59,0.0,30.9,20,1,1
11:18:28.198,VIGILE,1,168.58,18.94,0.221,-0.57,2.761,-8.169,-0.204,0.046,-0.016,83.4,0.0,30.9,20,1,1
11:18:28.698,VIGILE,1,160.42,8.45,0.023,-1.027,2.662,-8.966,-0.131,0.094,-0.007,80.15,0.0,30.9,20,1,1
11:18:29.198,SONNOLENZA,1,-179.58,25.34,0.25,-1.341,2.998,-9.139,-0.156,0.044,-0.021,83.8,0.0,31.0,20,1,1
11:18:29.698,SONNOLENZA,1,-177.43,18.58,0.299,-1.767,3.112,-9.208,-0.117,0.061,-0.006,86.28,0.0,31.0,20,1,1
11:18:30.199,SONNOLENZA,1,-169.71,11.23,0.245,-1.674,2.703,-8.598,-0.129,0.094,-0.036,81.6,0.0,31.0,20,1,1
11:18:30.699,SONNOLENZA,1,172.13,9.24,0.184,-1.173,2.88,-8.911,-0.09,0.072,-0.034,88.09,0.0,31.0,20,1,1
11:18:31.199,SONNOLENZA,1,-173.7,9.06,0.047,-2.588,3.311,-8.878,-0.171,0.066,-0.019,81.26,0.0,31.0,20,1,1
11:18:31.699,SONNOLENZA,0,0.0,0.0,0.0,-1.408,3.225,-9.1,-0.133,0.055,-0.021,82.04,0.0,31.0,20,1,1
11:18:32.199,SONNOLENZA,1,-165.87,7.28,0.29,-1.472,3.259,-8.803,-0.158,0.044,-0.029,80.12,0.0,31.0,20,1,1
11:18:32.699,SONNOLENZA,1,178.04,13.45,0.183,-1.652,3.388,-8.82,-0.092,0.061,-0.02,79.55,0.0,31.0,20,1,1
11:18:33.199,SONNOLENZA,1,162.41,11.43,0.154,-2.33,3.251,-9.601,-0.092,0.089,0.012,81.2,0.0,31.0,20,1,1
11:18:33.699,SONNOLENZA,1,173.2,8.78,0.016,-1.458,3.242,-8.964,-0.098,0.034,-0.014,78.74,0.0,31.0,20,1,1
11:18:34.199,SONNOLENZA,1,175.84,33.76,0.152,-1.243,3.012,-8.526,-0.13,0.085,-0.012,78.07,0.0,31.0,20,1,1
11:18:34.699,SONNOLENZA,0,0.0,0.0,0.0,-1.008,2.873,-9.002,-0.146,0.071,-0.015,80.15,0.0,31.0,20,1,1
11:18:35.199,SONNOLENZA,1,-174.47,6.02,0.243,-0.996,3.244,-8.681,-0.126,0.06,-0.034,80.26,0.0,31.0,20,1,1
11:18:35.699,SONNOLENZA,1,171.1,10.0,0.062,-1.58,3.014,-8.957,-0.139,0.086,-0.031,81.62,0.0,31.0,20,1,1
11:18:36.199,SONNOLENZA,1,158.67,12.12,0.038,-1.432,3.448,-9.043,-0.101,0.055,-0.01,79.74,0.0,31.0,20,1,1
11:18:36.699,SONNOLENZA,1,156.75,11.77,0.153,-1.393,3.084,-9.282,-0.225,0.105,-0.028,84.28,0.0,31.0,20,1,1
11:18:37.199,SONNOLENZA,1,155.85,8.64,0.075,-1.693,3.39,-9.455,-0.126,0.037,-0.0,76.59,0.0,31.0,20,1,1
11:18:37.699,SONNOLENZA,1,153.79,12.96,0.054,-1.42,3.359,-9.807,-0.154,0.057,-0.024,84.19,0.0,31.0,20,1,1
11:18:38.200,SONNOLENZA,1,153.9,16.76,0.054,-0.024,2.713,-9.701,-0.108,0.041,-0.011,84.7,0.0,31.0,20,1,1
11:18:38.700,SONNOLENZA,1,157.34,15.11,0.133,-0.405,3.213,-9.124,-0.026,0.006,0.006,85.75,0.0,31.0,20,1,1
11:18:39.200,SONNOLENZA,1,161.37,12.8,0.155,-1.738,3.345,-8.844,0.036,0.023,0.052,88.69,0.0,31.0,20,1,1
11:18:39.700,SONNOLENZA,1,168.22,16.58,0.138,0.402,3.254,-9.969,-0.271,0.096,-0.011,88.46,0.0,31.0,20,1,1
11:18:40.200,SONNOLENZA,1,176.14,30.24,0.218,1.25,1.525,-8.942,-0.123,0.068,-0.019,84.83,0.0,31.0,20,1,1
11:18:40.700,SONNOLENZA,0,0.0,0.0,0.0,0.994,3.802,-7.671,-0.209,0.059,-0.026,88.06,0.0,31.0,20,1,1
11:18:41.200,SONNOLENZA,1,-171.58,-1.14,0.259,-1.472,3.481,-8.95,-0.182,0.099,-0.045,76.08,0.0,31.0,20,1,1
11:18:41.700,SONNOLENZA,1,179.46,-6.19,0.224,-0.97,4.889,-10.939,0.735,-0.068,0.068,80.12,0.0,31.1,20,1,1
11:18:42.200,SONNOLENZA,1,-163.48,-29.1,0.226,-2.191,2.813,-10.072,0.037,0.03,0.026,87.57,0.0,31.1,20,1,1
11:18:42.700,SONNOLENZA,1,-164.95,-7.22,0.1,-0.967,2.483,-9.244,-0.115,0.065,-0.035,82.4,0.0,31.1,20,1,1
11:18:43.200,SONNOLENZA,1,-166.41,-17.39,0.233,-1.348,1.791,-9.364,-0.099,0.054,-0.003,75.33,0.0,31.1,20,1,1
11:18:43.700,SONNOLENZA,1,178.84,24.89,0.252,0.045,3.888,-10.369,-0.141,0.075,-0.041,84.14,0.0,31.1,20,1,1
11:18:44.200,SONNOLENZA,1,166.72,25.24,0.146,-0.826,3.189,-8.049,-0.4,0.091,-0.118,88.01,0.0,31.1,20,1,1
11:18:44.700,SONNOLENZA,1,155.51,16.49,0.106,-0.201,3.529,-9.816,-0.282,0.184,-0.065,85.02,0.0,31.1,20,1,1
11:18:45.201,SONNOLENZA,1,163.57,23.91,0.054,-0.699,3.385,-9.797,0.041,0.207,-0.087,86.31,0.0,31.1,20,1,1
11:18:45.701,SONNOLENZA,1,159.86,21.21,0.037,-1.154,3.618,-7.968,-0.174,0.035,-0.06,86.01,0.0,31.1,20,1,1
11:18:46.201,SONNOLENZA,1,161.83,24.29,0.068,-3.05,4.013,-7.42,-0.2,0.104,-0.124,90.09,0.0,31.1,20,1,1
11:18:46.701,SONNOLENZA,1,156.2,23.87,0.096,-0.503,2.758,-9.227,-0.18,0.062,-0.082,85.7,0.0,31.2,20,1,1
11:18:47.201,SONNOLENZA,1,157.28,26.19,0.102,-0.567,2.689,-9.742,-0.218,0.043,-0.076,78.33,0.0,31.2,20,1,1
11:18:47.701,SONNOLENZA,1,170.87,22.26,0.274,-1.161,2.878,-8.08,-0.144,0.127,-0.043,83.47,0.0,31.2,20,1,1
11:18:48.201,VIGILE,1,-176.57,16.53,0.268,-1.008,3.17,-8.868,-0.336,0.144,-0.049,82.94,0.0,31.2,20,1,1
11:18:48.701,VIGILE,1,-173.76,21.1,0.32,1.262,5.212,-8.31,-0.06,-0.072,-0.025,87.13,0.0,31.2,20,1,1
11:18:49.201,VIGILE,1,175.27,17.65,0.261,-0.582,2.277,-9.527,-0.169,0.096,-0.058,80.89,0.0,31.2,20,1,1
11:18:49.701,VIGILE,1,171.14,8.52,0.184,1.259,2.373,-10.637,1.318,-0.539,-0.02,89.34,0.0,31.2,20,1,1
11:18:50.201,VIGILE,1,164.64,16.87,0.22,-1.319,0.134,-8.902,0.118,0.041,0.064,85.71,0.0,31.2,20,1,1
11:18:50.701,VIGILE,1,174.1,14.52,0.203,-1.587,3.776,-10.274,-0.133,0.121,-0.038,87.31,0.0,31.2,20,1,1
11:18:51.201,VIGILE,1,172.26,15.08,0.218,0.905,4.879,-9.488,-0.972,0.227,-0.222,88.99,0.0,31.2,20,1,1
11:18:51.701,VIGILE,1,171.27,17.96,0.23,-1.47,1.559,-8.981,-0.173,0.022,-0.025,89.41,0.0,31.2,20,1,1
11:18:52.202,VIGILE,1,173.59,18.39,0.204,-2.966,2.653,-8.305,-0.946,0.309,-0.157,84.73,0.0,31.2,20,1,1
11:18:52.702,VIGILE,1,174.46,18.96,0.214,-1.279,3.067,-9.189,-0.022,0.007,-0.042,82.4,0.0,31.2,20,1,1
11:18:53.202,VIGILE,1,176.81,23.33,0.324,-1.597,1.7,-9.45,-0.136,-0.022,-0.008,79.35,0.0,31.2,20,1,1
11:18:53.702,VIGILE,1,174.87,24.2,0.21,-0.436,3.658,-8.186,-0.417,0.101,-0.111,88.77,0.0,31.2,20,1,1
11:18:54.202,VIGILE,1,174.62,19.84,0.239,-1.018,4.092,-11.523,0.734,-0.048,0.072,88.1,0.0,31.2,20,1,1
11:18:54.702,VIGILE,1,173.81,19.16,0.261,-1.403,1.81,-7.642,0.141,0.127,0.052,88.6,0.0,31.2,20,1,1
11:18:55.202,VIGILE,1,175.35,22.03,0.241,-0.551,3.139,-9.033,-0.161,0.073,-0.039,85.47,0.0,31.2,20,1,1
11:18:55.703,VIGILE,1,167.11,23.18,0.205,-0.977,1.604,-6.689,-0.118,0.192,-0.021,86.98,0.0,31.2,20,1,1
11:18:56.203,VIGILE,1,168.27,26.93,0.237,-1.032,2.184,-10.379,-0.125,0.103,-0.123,88.53,0.0,31.2,20,1,1
11:18:56.703,VIGILE,1,159.02,30.04,0.25,0.347,1.295,-7.642,-0.16,0.086,-0.022,84.35,0.0,31.2,20,1,1
11:18:57.203,VIGILE,1,154.2,34.3,0.166,0.35,3.766,-7.336,-0.058,-0.153,-0.001,81.47,0.0,31.2,20,1,1
11:18:57.703,VIGILE,1,162.04,41.04,0.241,-1.417,2.725,-9.491,-0.011,0.053,-0.011,88.49,0.0,31.2,20,1,1
11:18:58.203,VIGILE,1,153.87,36.03,0.178,-0.773,3.259,-8.787,-0.106,0.088,-0.033,84.25,0.0,31.2,20,1,1
11:18:58.703,VIGILE,1,168.89,3.37,0.215,-1.851,3.606,-8.552,-0.296,0.14,-0.083,86.48,0.0,31.2,20,1,1
11:18:59.203,VIGILE,1,179.34,13.68,0.229,-0.558,2.962,-8.784,-0.168,0.039,-0.058,89.43,0.0,31.2,20,1,1
11:18:59.703,VIGILE,1,178.21,13.7,0.244,-0.086,3.828,-11.2,-0.035,0.079,0.067,86.96,0.0,31.2,20,1,1
11:19:00.203,VIGILE,1,165.75,12.11,0.215,-2.741,4.669,-12.208,-0.068,0.166,0.001,87.85,0.0,31.2,20,1,1
11:19:00.703,VIGILE,1,164.98,14.75,0.249,-2.179,3.019,-7.35,-0.236,0.083,-0.007,85.36,0.0,31.2,20,1,1
11:19:01.203,VIGILE,1,165.69,15.23,0.261,-1.587,2.14,-10.884,0.141,-0.022,0.09,86.22,0.0,31.2,20,1,1
11:19:01.703,VIGILE,1,170.29,16.86,0.27,-2.844,2.828,-10.369,-1.39,0.517,-0.242,87.22,0.0,31.2,20,1,1
11:19:02.203,VIGILE,1,167.43,16.79,0.263,-2.751,3.352,-9.443,-0.164,0.019,0.018,89.39,0.0,31.2,20,1,1
11:19:02.703,VIGILE,1,176.52,17.24,0.237,-0.383,2.674,-9.759,-0.128,-0.017,-0.017,88.76,0.0,31.2,20,1,1
11:19:03.203,VIGILE,1,176.45,19.93,0.249,1.07,2.473,-10.52,-0.266,0.098,-0.074,88.43,0.0,31.2,20,1,1
11:19:03.706,VIGILE,1,175.71,18.55,0.254,-1.305,2.164,-8.633,0.033,-0.032,0.055,89.13,0.0,31.2,20,1,1
11:19:04.206,VIGILE,1,177.46,22.1,0.242,-0.776,1.367,-8.109,-0.251,0.031,0.021,85.95,0.0,31.2,20,1,1
11:19:04.706,VIGILE,1,173.14,20.7,0.257,-5.375,2.342,-10.992,0.427,-0.041,-0.017,88.91,0.0,31.2,20,1,1
11:19:05.206,VIGILE,1,179.46,18.84,0.25,-0.9,2.806,-10.58,0.033,0.049,0.005,89.53,0.0,31.2,20,1,1
11:19:05.706,VIGILE,1,177.08,19.51,0.259,-3.694,4.63,-9.596,-0.34,0.223,0.033,89.75,0.0,31.2,20,1,1
11:19:06.206,VIGILE,1,176.89,13.59,0.242,-2.011,1.238,-8.169,-0.178,0.074,-0.045,87.57,0.0,31.2,20,1,1
11:19:06.706,VIGILE,1,175.07,13.15,0.242,-2.251,3.175,-10.06,-0.154,0.071,-0.009,86.93,0.0,31.2,20,1,1
11:19:07.206,VIGILE,1,175.29,16.33,0.258,-1.018,3.958,-7.321,0.144,-0.051,0.035,86.64,0.0,31.2,20,1,1
11:19:07.706,VIGILE,1,170.04,11.17,0.261,-1.346,1.791,-9.826,-0.16,0.1,0.044,86.62,0.0,31.2,20,1,1
11:19:08.206,VIGILE,1,165.38,10.71,0.25,-1.405,3.129,-9.749,-0.062,0.251,0.027,88.3,0.0,31.2,20,1,1
11:19:08.707,VIGILE,1,171.48,14.73,0.245,-2.042,2.677,-9.874,-0.07,0.03,0.002,85.4,0.0,31.2,20,1,1
11:19:09.207,VIGILE,1,171.84,13.95,0.245,-0.026,-0.002,-11.351,0.131,-0.001,-0.051,85.94,0.0,31.2,20,1,1
11:19:09.707,VIGILE,1,173.13,21.52,0.227,1.697,2.464,-7.86,-0.154,-0.021,-0.075,88.76,0.0,31.2,20,1,1
11:19:10.207,VIGILE,1,170.53,14.4,0.232,-1.537,3.996,-10.846,0.019,-0.055,-0.016,84.4,0.0,31.2,20,1,1
11:19:10.707,VIGILE,1,172.03,14.12,0.209,-4.214,2.581,-8.337,-0.222,0.057,-0.057,88.95,0.0,31.2,20,1,1
11:19:11.207,VIGILE,1,168.47,13.34,0.223,-2.847,2.914,-8.1,-0.015,-0.059,-0.043,88.48,0.0,31.2,20,1,1
11:19:11.707,VIGILE,1,171.58,9.41,0.19,0.081,2.835,-9.1,-0.084,0.101,0.01,88.46,0.0,31.2,20,1,1
11:19:12.207,VIGILE,1,173.25,12.12,0.232,-1.31,2.131,-8.236,-0.121,0.054,-0.028,86.8,0.0,31.2,20,1,0
11:19:12.707,VIGILE,1,171.81,10.77,0.265,-2.045,3.414,-8.906,-0.202,0.098,-0.019,88.8,0.0,31.2,20,1,0
11:19:13.207,VIGILE,1,167.61,10.91,0.241,-1.918,4.463,-10.118,-0.309,0.115,-0.027,87.27,0.0,31.2,20,1,0
11:19:13.707,VIGILE,1,171.18,12.69,0.258,-2.15,3.206,-10.616,-0.115,0.157,-0.024,81.52,0.0,31.2,20,1,0
11:19:14.207,VIGILE,1,170.19,14.55,0.259,-2.569,2.638,-9.519,-0.219,0.021,0.039,87.67,0.0,31.2,20,1,0
11:19:14.707,VIGILE,1,168.95,14.73,0.232,-0.991,3.68,-9.062,0.046,0.029,-0.001,81.31,0.0,31.2,20,1,0
11:19:15.208,VIGILE,1,171.35,18.44,0.244,-1.645,2.703,-7.956,-0.101,0.093,-0.021,82.27,0.0,31.2,20,1,0
11:19:15.709,VIGILE,1,171.07,13.41,0.244,-1.772,3.225,-8.396,-0.103,0.043,-0.013,83.86,0.0,31.2,20,1,0
11:19:16.209,EBBREZZA,1,167.31,13.86,0.228,-0.953,3.409,-8.76,-0.079,0.035,0.014,82.66,0.0,31.2,20,1,0
11:19:16.709,EBBREZZA,1,169.59,13.74,0.249,-1.228,2.765,-8.765,-0.088,0.05,-0.013,73.04,0.0,31.2,20,1,0
11:19:17.209,EBBREZZA,1,171.14,10.04,0.241,-1.465,3.752,-10.048,0.003,0.049,-0.125,83.09,0.0,31.2,20,1,0
11:19:17.709,EBBREZZA,1,172.74,15.72,0.242,-1.978,3.191,-10.36,-0.21,0.179,-0.098,89.33,0.0,31.2,20,1,0
11:19:18.209,EBBREZZA,1,172.95,20.65,0.239,-1.003,3.713,-9.378,-0.193,0.084,-0.052,88.14,0.0,31.2,20,1,0
11:19:18.709,EBBREZZA,1,167.91,14.46,0.256,-0.345,2.346,-8.655,-0.062,0.049,0.059,86.95,0.0,31.2,20,1,0
11:19:19.209,EBBREZZA,1,172.84,13.23,0.264,-0.369,2.298,-8.478,-0.021,0.042,-0.037,88.56,0.0,31.2,20,1,0
11:19:19.709,EBBREZZA,1,172.51,10.9,0.244,-0.373,2.076,-8.593,-0.101,0.109,-0.082,88.64,0.0,31.2,20,1,0
11:19:20.209,EBBREZZA,1,178.14,15.48,0.224,-1.197,3.649,-9.347,0.033,-0.008,-0.023,82.35,0.0,31.2,20,1,0
11:19:20.709,EBBREZZA,1,175.68,16.01,0.253,-1.396,2.181,-9.606,-0.109,0.04,-0.023,82.18,0.0,31.2,20,1,0
11:19:21.209,EBBREZZA,1,176.06,14.04,0.233,-1.58,4.082,-11.155,0.107,0.023,-0.068,87.6,0.0,31.2,20,1,0
11:19:21.709,EBBREZZA,1,177.42,12.14,0.269,-1.681,-1.154,-6.828,-1.214,-0.119,0.212,89.75,0.0,31.2,20,1,0
11:19:22.209,EBBREZZA,1,176.38,15.76,0.243,0.055,3.644,-9.251,0.068,-0.015,0.028,89.01,0.0,31.2,20,1,0
11:19:22.709,EBBREZZA,1,175.04,13.42,0.238,-2.385,2.847,-9.268,-0.181,0.062,0.034,88.14,0.0,31.2,20,1,0
11:19:23.209,EBBREZZA,1,176.02,11.6,0.278,-1.571,0.742,-4.228,-0.045,0.05,0.173,88.34,0.0,31.2,20,1,0
11:19:23.710,EBBREZZA,1,175.53,16.19,0.25,-0.587,3.385,-8.31,-0.229,0.113,-0.038,88.46,0.0,31.2,20,1,0
11:19:24.210,EBBREZZA,1,175.4,12.45,0.185,2.421,3.448,-10.633,-0.455,0.047,-0.195,87.08,0.0,31.2,20,1,0
11:19:24.710,EBBREZZA,1,175.9,14.49,0.238,-1.839,2.574,-9.258,-0.064,0.054,-0.014,83.82,0.0,31.2,20,1,0
11:19:25.210,EBBREZZA,1,-179.05,13.95,0.26,-1.013,2.363,-10.163,-0.032,-0.034,-0.001,78.67,0.0,31.2,20,1,0
11:19:25.710,EBBREZZA,1,-179.53,13.62,0.245,-1.369,2.456,-9.902,-0.015,-0.03,-0.017,81.19,0.0,31.2,20,1,0
11:19:26.210,EBBREZZA,1,179.52,10.41,0.292,0.081,2.157,-8.502,-0.214,0.085,-0.136,88.31,0.0,31.2,20,1,0
11:19:26.710,EBBREZZA,1,178.13,16.98,0.229,-0.718,2.107,-8.253,-0.273,0.049,-0.022,86.09,0.0,31.2,20,1,0
11:19:27.210,EBBREZZA,1,178.16,17.72,0.244,0.062,2.562,-10.726,-0.147,0.067,0.011,81.5,0.0,31.2,20,1,0
11:19:27.710,EBBREZZA,1,172.52,16.45,0.204,-1.446,3.278,-8.794,0.014,0.051,0.071,89.32,0.0,31.2,20,1,0
11:19:28.210,EBBREZZA,1,177.22,14.96,0.251,-0.905,1.714,-9.354,-0.012,0.022,0.055,86.47,0.0,31.2,20,1,0
11:19:28.710,EBBREZZA,1,176.39,13.0,0.262,-0.385,2.014,-9.129,-0.228,0.038,-0.078,83.38,0.0,31.2,20,1,0
11:19:29.210,EBBREZZA,1,177.02,19.02,0.253,-0.098,3.282,-8.72,-0.146,0.101,-0.046,88.57,0.0,31.2,20,1,0
11:19:29.710,EBBREZZA,1,176.02,22.69,0.253,-1.46,1.386,-10.915,-0.176,0.069,0.024,87.18,0.0,31.2,20,1,0
11:19:30.210,EBBREZZA,1,176.94,19.24,0.252,-3.591,3.326,-8.782,-0.123,0.059,0.021,89.21,0.0,31.2,20,1,0
11:19:30.710,EBBREZZA,1,171.65,21.52,0.244,-1.427,3.084,-8.382,-0.137,0.092,0.027,89.25,0.0,31.2,20,1,0
11:19:31.210,EBBREZZA,1,177.62,23.14,0.253,-0.067,3.907,-8.215,-0.029,-0.021,0.048,86.11,0.0,31.2,20,1,0
11:19:31.711,EBBREZZA,1,178.24,19.83,0.271,-1.425,2.576,-6.488,0.014,-0.09,0.06,84.12,0.0,31.2,20,1,0
11:19:32.211,EBBREZZA,1,175.11,25.87,0.244,-0.838,3.1,-8.468,-0.057,0.034,0.059,88.41,0.0,31.2,20,1,0
11:19:32.711,EBBREZZA,1,174.31,21.47,0.225,-0.285,2.049,-9.309,-0.131,0.086,-0.005,83.72,0.0,31.2,20,1,0
11:19:33.211,EBBREZZA,1,176.85,21.24,0.246,-1.453,3.342,-9.313,0.027,0.111,0.091,89.5,0.0,31.2,20,1,0
11:19:33.711,EBBREZZA,1,174.58,20.08,0.235,-1.46,3.175,-10.06,-0.143,0.096,0.035,87.99,0.0,31.2,20,1,0
11:19:34.211,EBBREZZA,1,175.29,18.21,0.239,-1.367,2.598,-8.083,-0.112,0.082,0.005,85.18,0.0,31.2,20,1,0
11:19:34.711,EBBREZZA,1,173.29,15.38,0.238,-1.939,3.084,-9.625,-0.197,0.135,-0.004,84.96,0.0,31.2,20,1,0
11:19:35.211,EBBREZZA,1,168.81,16.9,0.25,-1.592,3.62,-9.562,-0.107,0.08,-0.067,78.53,0.0,31.2,20,1,0
11:19:35.711,EBBREZZA,1,175.43,14.51,0.239,-0.057,3.127,-8.851,-0.076,0.07,-0.048,84.31,0.0,31.2,20,1,0
11:19:36.211,EBBREZZA,1,177.09,17.06,0.255,-1.008,3.677,-8.94,-0.096,0.078,0.043,78.29,0.0,31.2,20,1,0
11:19:36.711,EBBREZZA,1,177.4,13.29,0.23,-1.721,4.41,-9.225,-0.006,0.044,0.028,83.47,0.0,31.3,20,1,0
11:19:37.211,EBBREZZA,1,177.42,14.34,0.225,0.63,3.96,-10.12,0.158,0.03,-0.001,83.46,0.0,31.3,20,1,0
11:19:37.711,EBBREZZA,1,179.31,14.62,0.237,-1.753,2.045,-7.86,-0.136,0.12,-0.042,80.17,0.0,31.3,20,1,0
11:19:38.211,EBBREZZA,1,179.52,23.21,0.253,-0.371,3.97,-10.245,-0.173,0.129,0.041,81.7,0.0,31.3,20,1,0
11:19:38.711,EBBREZZA,1,176.01,23.37,0.271,0.314,4.053,-7.788,-0.156,0.044,0.035,79.84,0.0,31.3,20,1,0
11:19:39.211,EBBREZZA,1,173.16,19.94,0.246,-0.424,3.486,-10.113,-0.056,0.036,0.008,84.26,0.0,31.3,20,1,0
11:19:39.712,EBBREZZA,1,174.06,19.97,0.231,0.79,3.122,-9.471,-0.155,0.007,0.001,86.49,0.0,31.3,20,1,0
11:19:40.212,EBBREZZA,1,171.16,13.71,0.039,-0.117,2.507,-8.207,-0.156,0.04,-0.011,75.85,0.0,31.3,20,1,0
11:19:40.712,EBBREZZA,1,171.14,20.8,0.217,-0.567,4.132,-10.922,0.068,-0.023,0.041,78.87,0.0,31.3,20,1,0
11:19:41.212,EBBREZZA,1,164.45,15.8,0.221,-2.246,4.817,-10.446,0.012,0.074,0.006,84.81,0.0,31.3,20,1,0
11:19:41.712,EBBREZZA,1,172.8,22.52,0.206,0.532,4.544,-9.603,0.04,-0.005,0.06,87.05,0.0,31.3,20,1,0
11:19:42.212,EBBREZZA,1,173.43,17.47,0.202,-0.711,2.025,-8.686,-0.053,0.087,-0.014,88.31,0.0,31.3,20,1,0
11:19:42.712,EBBREZZA,1,169.65,18.56,0.189,-1.717,3.117,-9.673,0.104,-0.123,0.072,86.33,0.0,31.3,20,1,0
11:19:43.212,EBBREZZA,1,176.47,16.63,0.206,2.09,2.636,-11.638,-0.281,0.123,-0.041,88.6,0.0,31.3,20,1,0
11:19:43.712,EBBREZZA,1,166.46,17.0,0.217,-2.619,1.678,-9.194,0.028,0.07,0.007,89.43,0.0,31.3,20,1,0
11:19:44.212,EBBREZZA,1,160.86,16.98,0.21,-0.512,4.001,-11.346,-0.169,-0.102,0.073,88.4,0.0,31.4,20,1,0
11:19:44.712,EBBREZZA,1,159.79,14.48,0.195,1.085,4.944,-9.261,-0.117,-0.112,-0.038,88.51,0.0,31.4,20,1,0
11:19:45.212,EBBREZZA,1,164.89,18.57,0.219,-1.391,2.875,-7.69,-0.216,0.091,-0.038,89.12,0.0,31.4,20,1,0
11:19:45.712,EBBREZZA,1,165.99,22.57,0.221,0.989,3.644,-8.404,-0.113,-0.068,-0.052,87.23,0.0,31.4,20,1,0
11:19:46.212,EBBREZZA,1,165.82,17.61,0.201,-1.674,4.298,-9.242,-0.08,-0.023,0.068,86.62,0.0,31.4,20,1,0
11:19:46.712,EBBREZZA,1,169.74,15.34,0.252,-1.944,1.776,-8.15,-0.472,0.009,-0.179,88.75,0.0,31.4,20,1,0
11:19:47.213,EBBREZZA,1,165.57,15.2,0.269,-3.39,2.969,-8.384,0.573,-0.03,0.207,86.51,0.0,31.4,20,1,0
11:19:47.713,EBBREZZA,1,164.9,11.46,0.247,-1.966,3.366,-6.823,-0.302,0.102,-0.047,84.8,0.0,31.4,20,1,0
11:19:48.213,EBBREZZA,1,162.63,6.52,0.238,-3.522,3.843,-8.066,-0.157,0.09,0.022,85.34,0.0,31.4,20,1,0
11:19:48.713,EBBREZZA,1,165.36,-2.35,0.25,-2.399,4.099,-8.078,-0.132,0.056,-0.001,77.66,0.0,31.4,20,1,0
11:19:49.213,EBBREZZA,1,169.77,-2.68,0.239,-2.54,3.934,-9.436,-0.147,0.083,-0.017,72.8,0.0,31.5,20,1,0
11:19:49.713,EBBREZZA,1,168.24,-3.27,0.243,-3.275,4.705,-8.042,-0.103,0.086,-0.046,86.92,0.0,31.5,20,1,0
11:19:50.213,EBBREZZA,1,167.23,-3.71,0.242,-2.966,3.869,-8.339,-0.115,0.053,-0.077,76.83,0.0,31.5,20,1,0
11:19:50.713,EBBREZZA,1,164.12,10.46,0.23,-2.801,4.614,-7.958,-0.135,0.113,-0.039,78.81,0.0,31.5,20,1,0
11:19:51.214,EBBREZZA,1,163.65,11.68,0.233,-2.78,4.238,-8.578,-0.141,0.067,-0.03,79.07,0.0,31.5,20,1,0
11:19:51.714,EBBREZZA,1,165.15,7.34,0.229,-2.674,4.281,-8.408,-0.15,0.088,-0.037,76.27,0.0,31.6,20,1,0
11:19:52.214,EBBREZZA,1,165.95,6.82,0.237,-2.217,3.986,-8.753,-0.107,0.073,-0.024,73.01,0.0,31.6,20,1,0
11:19:52.714,EBBREZZA,1,172.2,12.1,0.242,-0.979,3.709,-8.811,-0.126,0.101,-0.031,77.99,0.0,31.6,20,1,0
11:19:53.214,EBBREZZA,1,166.66,10.64,0.229,-1.585,4.039,-9.515,-0.144,0.069,-0.016,84.84,0.0,31.6,20,1,0
11:19:53.714,EBBREZZA,1,168.54,10.61,0.227,-0.821,3.675,-8.772,-0.098,0.059,-0.023,76.64,0.0,31.6,20,1,0
11:19:54.214,EBBREZZA,1,172.28,13.4,0.269,-0.551,2.823,-9.455,-0.121,0.061,-0.016,84.01,0.0,31.6,20,1,0
11:19:54.714,EBBREZZA,1,172.12,15.15,0.246,0.043,2.926,-8.959,-0.099,0.049,-0.027,86.76,0.0,31.6,20,1,0
11:19:55.214,EBBREZZA,1,172.34,14.39,0.233,-0.402,3.144,-9.395,-0.148,0.067,-0.043,80.83,0.0,31.6,20,1,0
11:19:55.714,EBBREZZA,1,171.65,16.69,0.238,-1.18,3.517,-8.727,-0.137,0.082,-0.04,83.97,0.0,31.6,20,1,0
11:19:56.214,EBBREZZA,1,169.62,17.86,0.243,-0.84,3.598,-8.885,-0.132,0.092,-0.049,81.44,0.0,31.6,20,1,0
11:19:56.714,EBBREZZA,1,168.16,19.16,0.245,-1.48,3.869,-9.172,-0.118,0.086,-0.026,83.99,0.0,31.6,20,1,0
11:19:57.214,EBBREZZA,1,168.78,15.85,0.189,-1.159,3.61,-9.014,-0.131,0.084,-0.029,80.38,0.0,31.6,20,1,0
11:19:57.714,EBBREZZA,1,171.7,11.38,0.265,-0.953,3.778,-8.631,-0.124,0.09,-0.051,78.58,0.0,31.6,20,1,0
11:19:58.214,EBBREZZA,1,172.0,12.14,0.265,-0.467,3.984,-8.792,-0.157,0.084,-0.076,79.66,0.0,31.6,20,1,0
11:19:58.714,EBBREZZA,1,170.58,20.98,0.129,-1.611,3.417,-8.899,-0.127,0.088,-0.014,77.78,0.0,31.6,20,1,0
11:19:59.215,EBBREZZA,1,175.12,14.99,0.252,-0.8,4.554,-8.794,-0.157,0.098,-0.022,80.3,0.0,31.6,20,1,0
11:19:59.715,EBBREZZA,1,171.71,13.94,0.25,-2.006,3.752,-8.394,-0.151,0.063,0.002,83.84,0.0,31.6,20,1,0
11:20:00.215,EBBREZZA,1,169.69,11.82,0.304,-1.46,4.02,-8.971,-0.098,0.076,-0.021,79.12,0.0,31.6,20,1,0
11:20:00.715,EBBREZZA,1,170.77,15.39,0.278,-1.257,3.814,-8.368,-0.124,0.066,-0.007,81.54,0.0,31.6,20,1,0
11:20:01.215,EBBREZZA,1,169.81,15.27,0.248,-1.377,4.345,-9.117,-0.126,0.061,-0.059,81.28,0.0,31.6,20,1,0
11:20:01.715,EBBREZZA,1,174.91,10.96,0.24,-1.116,3.472,-8.863,-0.133,0.07,-0.023,82.5,0.0,31.7,20,1,0
11:20:02.215,EBBREZZA,1,174.03,11.08,0.233,-0.33,4.13,-9.301,-0.062,0.041,-0.043,82.15,0.0,31.7,20,1,0
11:20:02.715,EBBREZZA,1,174.05,11.2,0.246,-1.039,2.887,-9.242,-0.154,0.077,-0.023,76.07,0.0,31.7,20,1,0
11:20:03.215,EBBREZZA,1,172.32,10.51,0.24,-1.089,3.656,-9.031,-0.117,0.07,-0.018,80.98,0.0,31.7,20,1,0
11:20:03.715,EBBREZZA,1,170.98,10.78,0.235,-1.396,2.954,-9.1,-0.153,0.082,-0.019,80.36,0.0,31.7,20,1,0
11:20:04.216,EBBREZZA,1,172.24,16.53,0.21,-0.395,3.764,-9.433,-0.297,0.077,-0.041,88.59,0.0,31.7,20,1,0
11:20:04.716,EBBREZZA,1,169.87,11.41,0.264,-2.423,3.376,-8.571,-0.159,0.077,-0.014,78.31,0.0,31.7,20,1,0
11:20:05.216,EBBREZZA,1,168.43,13.02,0.263,-2.437,4.061,-8.612,-0.16,0.1,-0.007,82.23,0.0,31.7,20,1,0
11:20:05.716,EBBREZZA,1,165.95,1.04,0.255,-1.638,3.797,-8.619,-0.131,0.068,-0.017,80.63,0.0,31.7,20,1,0
11:20:06.216,EBBREZZA,1,171.16,7.54,0.254,-1.243,3.694,-8.794,-0.135,0.074,-0.023,81.01,0.0,31.7,20,1,0
11:20:06.716,EBBREZZA,1,169.53,10.04,0.179,-1.348,3.699,-8.904,-0.136,0.065,-0.02,80.83,0.0,31.7,20,1,0
11:20:07.216,EBBREZZA,0,0.0,0.0,0.0,-1.324,3.85,-8.808,-0.145,0.066,-0.024,71.45,0.0,31.7,20,1,0
11:20:07.716,VIGILE,1,171.57,20.61,0.076,-0.766,3.558,-8.981,-0.137,0.071,-0.018,79.75,0.0,31.7,20,1,0
11:20:08.216,VIGILE,0,0.0,0.0,0.0,-0.905,3.321,-8.823,-0.144,0.074,-0.021,74.36,0.0,31.7,20,1,0
11:20:08.716,VIGILE,1,-179.8,-41.8,0.351,-0.797,3.584,-8.835,-0.131,0.063,-0.017,77.23,0.0,31.7,20,1,0
11:20:09.216,VIGILE,1,174.73,21.09,0.263,-0.795,3.462,-8.859,-0.129,0.068,-0.017,74.73,0.0,31.7,21,1,0
11:20:09.716,VIGILE,1,176.61,22.25,0.327,-0.848,3.716,-9.127,-0.126,0.066,-0.019,71.73,0.0,31.7,21,1,0
11:20:10.216,VIGILE,1,175.23,19.61,0.235,-0.845,3.517,-9.122,-0.132,0.058,-0.018,70.03,0.0,31.7,21,1,0
11:20:10.716,VIGILE,1,177.85,18.87,0.228,-0.974,3.488,-8.926,-0.149,0.064,-0.02,74.86,0.0,31.7,21,1,0
11:20:11.217,VIGILE,1,178.45,-1.57,0.135,-0.716,3.457,-8.969,-0.12,0.058,-0.011,73.79,0.0,31.7,21,1,0
11:20:11.717,VIGILE,1,178.19,-16.56,0.077,-0.876,3.546,-9.057,-0.136,0.059,-0.019,71.49,0.0,31.7,21,1,0
11:20:12.217,VIGILE,1,179.41,-14.09,0.141,-0.958,3.395,-8.993,-0.124,0.07,-0.017,77.1,0.0,31.7,21,1,0
11:20:12.717,VIGILE,1,-177.66,16.67,0.28,-0.752,3.591,-9.033,-0.133,0.063,-0.018,75.8,0.0,31.7,21,1,0
11:20:13.217,VIGILE,0,0.0,0.0,0.0,-0.905,3.323,-8.868,-0.142,0.065,-0.015,70.38,0.0,31.7,21,1,0
11:20:13.717,DISTRAZIONE,0,0.0,0.0,0.0,-0.809,3.651,-8.99,-0.124,0.075,-0.021,78.19,0.0,31.7,21,1,0
11:20:14.217,DISTRAZIONE,0,0.0,0.0,0.0,-0.967,3.395,-8.873,-0.135,0.065,-0.023,73.36,0.0,31.7,21,1,0
11:20:14.717,DISTRAZIONE,0,0.0,0.0,0.0,-0.862,3.548,-9.043,-0.141,0.07,-0.021,77.17,0.0,31.7,21,1,0
11:20:15.217,DISTRAZIONE,0,0.0,0.0,0.0,-0.924,3.409,-8.897,-0.122,0.067,-0.014,74.69,0.0,31.7,21,1,0
11:20:15.717,DISTRAZIONE,0,0.0,0.0,0.0,-0.833,3.644,-9.036,-0.136,0.069,-0.016,75.44,0.0,31.7,21,1,0
11:20:16.217,DISTRAZIONE,0,0.0,0.0,0.0,-0.922,3.304,-8.926,-0.146,0.075,-0.022,74.25,0.0,31.7,21,1,0
11:20:16.717,DISTRAZIONE,1,-167.36,65.86,0.261,-0.692,3.565,-9.074,-0.133,0.067,-0.022,78.1,0.0,31.7,21,1,0
11:20:17.217,DISTRAZIONE,1,179.06,35.17,0.375,-0.946,3.524,-8.851,-0.144,0.07,-0.021,71.74,0.0,31.7,21,1,0
11:20:17.717,DISTRAZIONE,1,-176.56,30.9,0.31,-0.845,3.493,-8.973,-0.132,0.076,-0.021,64.97,0.0,31.7,21,1,0
11:20:18.217,DISTRAZIONE,1,-150.83,52.68,0.327,-0.934,3.625,-8.94,-0.155,0.069,-0.018,73.81,0.0,31.7,21,1,0
11:20:18.717,DISTRAZIONE,1,-151.93,55.48,0.33,-0.895,3.51,-9.06,-0.136,0.068,-0.017,82.2,0.0,31.7,21,1,0
11:20:19.218,DISTRAZIONE,1,170.97,44.92,0.262,-0.917,3.369,-8.827,-0.134,0.076,-0.022,73.99,0.0,31.7,21,1,0
11:20:19.718,DISTRAZIONE,0,0.0,0.0,0.0,-0.464,3.089,-8.09,-0.168,0.085,-0.024,70.42,0.0,31.7,21,1,1
11:20:20.218,DISTRAZIONE,1,-175.8,33.59,0.111,-0.929,3.536,-8.997,-0.136,0.073,-0.021,79.17,0.0,31.7,21,1,1
11:20:20.718,VIGILE,1,-175.73,34.05,0.227,-0.769,3.428,-9.005,-0.11,0.048,-0.013,72.57,0.0,31.7,21,1,1
11:20:21.218,VIGILE,1,-176.36,28.29,0.318,0.194,3.01,-9.756,-0.095,0.076,-0.012,81.4,0.0,31.7,21,1,1
11:20:21.718,VIGILE,1,173.15,12.13,0.204,0.675,2.519,-9.433,-0.136,0.073,-0.017,74.68,0.0,31.7,21,1,1
11:20:22.218,VIGILE,1,166.37,5.65,0.216,0.18,2.224,-9.661,-0.139,0.079,-0.037,87.47,0.0,31.7,21,1,1
11:20:22.718,VIGILE,1,-178.78,9.48,0.215,0.814,2.768,-9.419,-0.102,0.064,-0.013,83.68,0.0,31.7,21,1,1
11:20:23.218,VIGILE,1,-177.96,18.18,0.31,-0.189,3.122,-9.335,-0.115,0.08,-0.032,81.48,0.0,31.7,21,1,1
11:20:23.718,VIGILE,1,176.82,15.39,0.222,-0.591,3.618,-8.648,-0.144,0.096,-0.046,78.73,0.0,31.7,21,1,1
11:20:24.218,VIGILE,1,172.67,17.44,0.204,-0.814,3.608,-8.835,-0.147,0.059,-0.03,87.08,0.0,31.7,21,1,1
11:20:24.718,VIGILE,1,-179.36,16.91,0.204,0.323,3.232,-10.59,-0.168,0.029,-0.041,88.77,0.0,31.7,21,1,1
11:20:25.218,VIGILE,1,163.75,11.41,0.092,-3.563,3.179,-7.453,-0.009,0.022,0.041,87.89,0.0,31.7,21,1,1
11:20:25.718,VIGILE,1,165.23,14.69,0.127,-0.16,3.402,-9.697,-0.001,0.035,-0.011,81.47,0.0,31.7,21,1,1
11:20:26.218,VIGILE,1,173.24,14.96,0.227,0.156,2.567,-9.148,-0.162,0.065,-0.02,78.86,0.0,31.7,21,1,1
11:20:26.718,VIGILE,1,171.99,13.52,0.217,-0.622,3.182,-8.188,-0.137,0.01,-0.039,78.79,0.0,31.7,21,1,1
11:20:27.219,VIGILE,1,172.87,15.14,0.217,-1.865,3.136,-9.364,-0.071,0.056,-0.013,80.58,0.0,31.7,21,1,1
11:20:27.719,VIGILE,1,177.19,17.5,0.234,-1.144,3.244,-9.129,-0.171,0.005,-0.023,76.83,0.0,31.7,21,1,1
11:20:28.219,VIGILE,1,174.99,17.63,0.241,-1.891,2.569,-10.087,-0.046,0.041,-0.003,84.72,0.0,31.7,21,1,1
11:20:28.719,VIGILE,1,178.52,16.79,0.25,-0.603,2.488,-9.857,-0.066,-0.046,0.005,87.69,0.0,31.7,21,1,1
11:20:29.219,VIGILE,1,166.81,16.86,0.253,-0.148,3.361,-10.319,0.104,-0.063,0.026,77.84,0.0,31.7,20,1,1
11:20:29.719,VIGILE,1,162.92,11.75,0.238,-1.063,3.785,-8.911,-0.201,0.031,0.031,85.85,0.0,31.7,20,1,1
11:20:30.219,VIGILE,1,168.45,12.5,0.24,-1.156,3.721,-8.868,-0.069,0.048,0.037,85.58,0.0,31.7,20,1,1
11:20:30.719,VIGILE,1,174.4,9.82,0.246,-2.33,2.772,-8.959,-0.121,0.054,-0.034,69.09,0.0,31.7,20,1,1
11:20:31.219,VIGILE,1,176.11,9.92,0.237,-1.547,2.006,-9.498,-0.197,0.106,-0.062,82.19,0.0,31.7,20,1,1
11:20:31.719,VIGILE,1,178.08,8.53,0.318,-1.149,3.393,-9.455,-0.147,0.038,-0.076,80.54,0.0,31.7,20,1,1
11:20:32.219,VIGILE,1,171.74,15.8,0.263,-1.437,2.914,-8.892,-0.111,0.073,-0.053,83.16,0.0,31.7,20,1,1
11:20:32.719,VIGILE,1,169.77,17.13,0.246,-1.279,3.235,-8.978,-0.137,0.064,-0.02,75.75,0.0,31.7,20,1,1
11:20:33.219,VIGILE,1,168.43,14.02,0.224,-1.255,3.179,-8.887,-0.109,0.055,-0.008,81.85,0.0,31.7,20,1,1
11:20:33.719,VIGILE,1,166.92,12.21,0.207,-1.077,3.175,-9.005,-0.136,0.058,-0.025,79.62,0.0,31.7,20,1,1
11:20:34.220,VIGILE,1,165.03,14.29,0.227,-1.106,3.299,-9.237,-0.112,0.064,-0.025,79.07,0.0,31.7,20,1,1
11:20:34.720,VIGILE,1,164.27,12.91,0.223,-1.207,3.026,-8.823,-0.14,0.068,-0.039,73.21,0.0,31.7,20,1,1
11:20:35.220,VIGILE,1,164.34,13.19,0.25,-1.252,2.947,-8.792,-0.156,0.065,-0.016,81.46,0.0,31.7,20,1,1
11:20:35.720,VIGILE,1,167.22,17.28,0.254,-1.132,2.859,-9.079,-0.138,0.049,-0.013,75.62,0.0,31.7,20,1,1
11:20:36.220,VIGILE,1,166.7,16.65,0.249,-1.386,3.235,-9.285,-0.121,0.063,-0.011,80.19,0.0,31.7,20,1,1
11:20:36.720,VIGILE,1,170.85,12.86,0.263,-1.214,3.405,-9.115,-0.129,0.075,-0.026,75.66,0.0,31.7,20,1,1
11:20:37.220,VIGILE,1,174.21,15.71,0.255,-1.472,3.122,-9.213,-0.124,0.071,-0.013,72.96,0.0,31.7,20,1,1
11:20:37.720,VIGILE,1,174.61,17.96,0.27,-1.173,3.519,-9.007,-0.137,0.071,-0.025,77.81,0.0,31.7,20,1,1
11:20:38.220,VIGILE,1,177.19,16.16,0.28,-0.206,3.045,-8.406,-0.117,0.063,-0.007,81.77,0.0,31.7,20,1,1
11:20:38.721,VIGILE,1,170.13,13.19,0.278,-0.912,2.993,-8.906,-0.284,0.119,-0.049,78.87,0.0,31.7,20,1,1
11:20:39.221,VIGILE,1,168.81,13.91,0.276,-1.745,3.335,-9.131,-0.147,0.076,0.0,81.61,0.0,31.7,20,1,1
11:20:39.721,VIGILE,1,171.04,14.45,0.272,-1.903,3.941,-8.679,-0.083,0.055,-0.002,78.74,0.0,31.7,20,1,1
11:20:40.222,VIGILE,1,174.15,14.4,0.137,-1.413,3.017,-9.196,-0.128,0.05,0.001,75.6,0.0,31.7,20,1,1
11:20:40.722,VIGILE,1,173.49,15.39,0.256,-1.439,3.184,-9.239,-0.119,0.049,-0.014,78.48,0.0,31.7,20,1,1
11:20:41.222,VIGILE,1,174.3,16.83,0.252,-1.259,2.354,-9.108,-0.056,0.038,-0.016,78.19,0.0,31.7,20,1,1
11:20:41.722,VIGILE,1,175.47,18.78,0.289,-1.226,3.486,-8.861,-0.134,0.062,-0.021,78.52,0.0,31.6,20,1,1
11:20:42.222,VIGILE,1,177.41,15.55,0.292,-0.939,3.072,-9.048,-0.191,0.087,-0.022,73.93,0.0,31.6,20,1,1
11:20:42.722,VIGILE,1,177.03,12.91,0.247,-0.931,2.928,-8.76,-0.274,0.175,0.022,83.54,0.0,31.6,20,1,1
11:20:43.222,VIGILE,1,177.76,12.27,0.27,0.036,3.314,-7.752,-0.165,0.084,-0.066,85.67,0.0,31.6,20,1,1
11:20:43.722,VIGILE,1,-179.29,34.83,0.271,0.16,2.933,-9.237,-0.095,0.071,-0.026,86.33,0.0,31.6,20,1,1
11:20:44.222,VIGILE,1,179.31,31.99,0.265,-0.211,2.516,-9.017,-0.209,0.074,-0.045,81.67,0.0,31.6,20,1,1
11:20:44.722,VIGILE,1,-179.72,20.22,0.266,-0.235,2.473,-10.001,-0.167,0.057,-0.038,82.02,0.0,31.6,20,1,1
11:20:45.222,VIGILE,1,179.72,16.47,0.266,-0.338,2.782,-9.009,-0.158,0.11,-0.022,81.74,0.0,31.6,20,1,1
11:20:45.722,VIGILE,1,176.83,17.2,0.284,-0.611,3.084,-9.503,-0.135,0.097,-0.01,79.24,0.0,31.6,20,1,1
11:20:46.222,VIGILE,1,178.58,17.74,0.274,-1.283,3.065,-8.734,-0.126,0.032,-0.016,76.82,0.0,31.6,20,1,1
11:20:46.722,VIGILE,1,178.99,18.73,0.256,-1.149,3.22,-9.115,-0.11,0.065,-0.019,78.66,0.0,31.6,20,1,1
11:20:47.222,VIGILE,1,179.91,19.65,0.268,-1.188,3.201,-8.871,-0.077,0.057,-0.019,79.44,0.0,31.6,20,1,1
11:20:47.722,VIGILE,1,-176.96,19.0,0.274,-1.068,2.322,-9.371,-0.128,0.099,-0.017,81.36,0.0,31.6,20,1,1
11:20:48.223,VIGILE,1,176.98,15.25,0.276,-1.554,2.768,-10.053,-0.155,0.058,-0.019,88.43,0.0,31.6,20,1,1
11:20:48.723,VIGILE,1,178.26,13.37,0.269,-0.012,2.354,-9.124,-0.198,0.073,-0.024,87.81,0.0,31.6,20,1,1
11:20:49.223,VIGILE,1,-176.37,14.47,0.275,0.309,3.124,-9.572,-0.132,0.009,-0.061,88.29,0.0,31.6,20,1,1
11:20:49.723,VIGILE,1,173.81,10.17,0.282,-0.443,4.513,-8.894,0.129,0.087,-0.05,78.93,0.0,31.6,20,1,1
11:20:50.223,VIGILE,1,174.05,14.13,0.281,-1.556,2.818,-8.899,-0.068,0.111,-0.053,89.4,0.0,31.6,20,1,1
11:20:50.723,VIGILE,1,175.37,19.38,0.302,-0.907,2.933,-9.474,-0.208,0.083,-0.055,80.94,0.0,31.6,20,1,1
11:20:51.223,VIGILE,1,173.38,17.98,0.273,-2.081,4.003,-9.108,-0.066,0.061,-0.03,78.83,0.0,31.6,20,1,1
11:20:51.723,VIGILE,1,171.2,18.67,0.275,-2.947,3.972,-8.473,-0.057,0.043,-0.022,74.21,0.0,31.6,20,1,1
11:20:52.223,VIGILE,1,170.14,16.66,0.246,-2.167,3.85,-9.105,-0.203,0.08,-0.045,77.76,0.0,31.6,20,1,1
11:20:52.724,VIGILE,1,173.39,19.26,0.256,-1.827,3.369,-8.911,-0.157,0.067,-0.036,75.65,0.0,31.6,20,1,1
11:20:53.224,VIGILE,1,175.2,19.86,0.259,-1.46,3.074,-8.873,-0.149,0.078,-0.04,77.01,0.0,31.6,20,1,1
11:20:53.724,VIGILE,1,172.74,19.76,0.251,-1.396,3.601,-8.909,-0.145,0.07,-0.023,82.21,0.0,31.6,20,1,1
11:20:54.224,VIGILE,1,170.93,18.55,0.267,-1.549,3.402,-8.849,-0.15,0.077,-0.02,74.03,0.0,31.6,20,1,1
11:20:54.724,VIGILE,1,169.73,24.95,0.244,-1.063,3.8,-9.378,-0.171,0.095,-0.01,77.73,0.0,31.6,20,1,1
11:20:55.224,VIGILE,1,162.99,23.06,0.234,-1.034,3.855,-8.94,-0.14,0.066,0.023,71.75,0.0,31.6,20,1,1
11:20:55.724,VIGILE,1,161.49,22.35,0.249,-1.985,4.329,-8.406,-0.149,0.058,0.017,74.97,0.0,31.6,20,1,1
11:20:56.224,VIGILE,1,155.71,16.45,0.229,-3.045,4.484,-7.796,-0.154,0.076,0.003,75.03,0.0,31.6,20,1,1
11:20:56.724,VIGILE,1,166.58,16.7,0.264,-3.05,4.829,-8.559,-0.116,0.042,-0.011,75.1,0.0,31.6,20,1,1
11:20:57.224,VIGILE,1,169.11,17.05,0.26,-1.642,3.814,-8.715,-0.114,0.075,-0.016,77.75,0.0,31.6,20,1,1
11:20:57.724,VIGILE,1,165.75,18.19,0.23,-1.123,3.721,-8.961,-0.123,0.054,-0.015,78.21,0.0,31.6,20,1,1
11:20:58.224,VIGILE,1,168.85,17.27,0.247,-1.049,3.85,-8.906,-0.115,0.05,0.017,78.65,0.0,31.6,20,1,1
11:20:58.724,VIGILE,1,173.38,21.03,0.265,-0.915,3.474,-8.957,-0.135,0.05,0.031,79.81,0.0,31.6,20,1,1
11:20:59.225,VIGILE,1,176.93,19.72,0.34,-1.142,3.474,-8.938,-0.131,0.041,0.033,83.61,0.0,31.6,20,1,1
11:20:59.725,VIGILE,1,174.5,20.21,0.284,0.259,3.428,-9.043,-0.149,0.055,0.056,82.93,0.0,31.6,20,1,1
11:21:00.225,VIGILE,1,168.84,13.45,0.255,-1.413,3.383,-5.964,-0.429,0.118,0.07,73.02,0.0,31.6,20,1,1
11:21:00.725,VIGILE,1,171.53,11.77,0.247,-1.188,3.045,-8.593,-0.084,0.034,0.038,87.56,0.0,31.6,20,1,1
11:21:01.225,VIGILE,1,171.92,4.22,0.255,-0.211,2.772,-9.105,-0.122,0.084,-0.039,77.79,0.0,31.6,20,1,1
11:21:01.725,VIGILE,1,171.22,-1.14,0.228,-1.994,4.156,-7.53,-0.497,0.185,-0.094,82.79,0.0,31.6,20,1,1
11:21:02.225,VIGILE,1,175.91,3.12,0.261,-4.489,5.346,-7.47,0.432,-0.119,0.051,88.48,0.0,31.6,20,1,1
11:21:02.725,VIGILE,1,173.91,11.49,0.223,-1.14,3.919,-8.523,-0.159,0.116,-0.085,89.22,0.0,31.6,20,1,1
11:21:03.225,VIGILE,1,168.4,10.47,0.234,-1.216,3.256,-9.112,-0.132,0.072,-0.067,79.87,0.0,31.6,20,1,1
11:21:03.725,VIGILE,1,178.38,15.44,0.249,-1.142,2.717,-8.511,-0.11,0.122,-0.073,88.49,0.0,31.6,20,1,1
11:21:04.225,VIGILE,1,178.85,19.57,0.265,0.273,3.017,-9.416,-0.116,0.069,-0.038,89.23,0.0,31.6,20,1,1
11:21:04.725,VIGILE,1,174.51,21.16,0.28,-1.089,2.27,-8.468,-0.116,0.029,-0.009,85.4,0.0,31.6,20,1,1
11:21:05.225,VIGILE,1,168.31,23.81,0.259,-1.554,3.907,-8.978,-0.104,0.027,0.005,88.63,0.0,31.6,20,1,1
11:21:05.725,VIGILE,1,178.39,38.37,0.296,4.025,1.602,-8.566,-0.038,0.133,0.065,88.83,0.0,31.6,20,1,1
11:21:06.226,VIGILE,1,166.61,35.71,0.174,1.645,2.138,-10.297,-0.182,0.034,0.035,81.32,0.0,31.6,20,1,1
11:21:06.726,VIGILE,1,172.28,30.11,0.154,-0.323,3.397,-9.323,-0.204,0.02,0.075,71.18,0.0,31.6,20,1,1
11:21:07.226,VIGILE,1,177.76,28.61,0.287,-0.864,3.634,-8.504,-0.098,0.036,0.079,83.62,0.0,31.6,20,1,1
11:21:07.726,VIGILE,1,164.98,24.79,0.283,-0.429,3.333,-9.752,-0.188,-0.007,0.024,82.57,0.0,31.6,20,1,1
11:21:08.226,VIGILE,1,177.85,28.92,0.293,1.302,4.805,-8.322,-0.254,0.022,0.065,73.91,0.0,31.6,20,1,1
11:21:08.726,VIGILE,1,176.37,28.32,0.279,0.227,4.144,-9.057,-0.195,0.031,0.081,78.68,0.0,31.6,20,1,1
11:21:09.226,VIGILE,1,177.59,24.78,0.252,-0.469,4.243,-8.94,-0.079,0.013,0.094,67.45,0.0,31.6,20,1,1
11:21:09.726,VIGILE,1,173.33,21.42,0.216,-0.084,3.838,-9.34,-0.1,0.051,0.049,71.57,0.0,31.6,20,1,1
11:21:10.226,VIGILE,1,178.12,24.69,0.246,-0.316,3.73,-9.084,-0.054,0.01,0.039,85.84,0.0,31.6,20,1,1
11:21:10.726,VIGILE,1,178.74,21.38,0.246,-1.144,3.737,-9.017,-0.155,0.072,0.004,86.1,0.0,31.6,20,1,1
11:21:11.226,VIGILE,1,175.86,20.68,0.252,-0.783,3.879,-8.803,-0.132,0.057,0.015,81.3,0.0,31.6,20,1,1
11:21:11.726,VIGILE,1,176.72,-26.39,0.269,-0.84,4.068,-9.263,-0.154,0.056,-0.005,81.47,0.0,31.7,21,1,1
11:21:12.226,VIGILE,1,175.57,-29.94,0.291,-0.871,3.28,-8.624,-0.053,0.037,0.044,83.26,0.0,31.7,21,1,1
11:21:12.726,VIGILE,1,175.08,-26.1,0.275,-1.214,4.52,-8.794,-0.12,0.063,0.064,84.96,0.0,31.7,21,1,1
11:21:13.226,VIGILE,1,171.73,-21.75,0.267,-1.638,4.068,-8.976,-0.101,0.025,0.064,73.31,0.0,31.7,21,1,1
11:21:13.727,VIGILE,1,175.23,16.08,0.233,-1.279,3.323,-8.272,-0.105,0.036,0.039,78.49,0.0,31.7,21,1,1
11:21:14.227,VIGILE,1,162.5,3.35,0.224,-2.093,4.472,-8.437,-0.121,0.045,0.04,76.01,0.0,31.8,21,1,1
11:21:14.727,VIGILE,1,159.38,5.01,0.204,-2.832,3.9,-8.557,-0.124,0.09,0.024,76.83,0.0,31.8,21,1,1
11:21:15.227,VIGILE,1,161.06,5.44,0.193,-2.868,4.039,-8.291,-0.128,0.063,-0.015,78.94,0.0,31.8,21,1,1
11:21:15.727,VIGILE,1,164.94,6.19,0.212,-2.763,3.809,-8.277,-0.161,0.051,-0.022,75.85,0.0,31.8,21,1,1
11:21:16.227,VIGILE,1,173.66,9.49,0.261,-1.468,3.644,-8.892,-0.14,0.074,-0.016,76.53,0.0,31.8,21,1,1
11:21:16.727,VIGILE,1,172.71,9.15,0.244,-1.089,3.596,-9.105,-0.127,0.075,-0.014,72.28,0.0,31.8,21,1,1
11:21:17.227,VIGILE,1,170.9,7.77,0.25,-1.025,3.242,-8.878,-0.106,0.052,-0.003,79.6,0.0,31.8,21,1,1
11:21:17.727,VIGILE,1,164.53,2.38,0.225,-1.657,3.424,-8.851,-0.136,0.052,-0.018,69.79,0.0,31.8,21,1,1
11:21:18.227,VIGILE,1,166.0,4.15,0.213,-1.719,3.579,-8.349,-0.144,0.082,-0.025,81.37,0.0,31.8,21,1,1
11:21:18.727,VIGILE,1,169.73,14.74,0.245,-1.753,3.333,-8.916,-0.129,0.059,-0.005,69.0,0.0,31.8,21,1,1
11:21:19.227,VIGILE,1,172.14,9.22,0.246,-1.753,3.575,-8.789,-0.133,0.057,-0.011,77.71,0.0,31.8,21,1,1
11:21:19.727,VIGILE,1,172.78,7.38,0.21,-1.504,3.309,-8.835,-0.144,0.073,-0.015,72.17,0.0,31.8,21,1,1
11:21:20.227,VIGILE,1,173.02,9.59,0.215,-1.365,3.61,-9.06,-0.155,0.064,-0.019,71.19,0.0,31.8,21,1,1
11:21:20.727,VIGILE,1,175.34,8.25,0.223,-1.432,3.419,-8.873,-0.128,0.06,-0.011,72.8,0.0,31.8,21,1,1
11:21:21.228,VIGILE,1,174.39,9.24,0.222,-1.211,3.383,-8.871,-0.146,0.076,-0.014,66.94,0.0,31.8,21,1,1
11:21:21.728,VIGILE,1,173.99,8.16,0.189,-0.898,3.666,-8.885,-0.119,0.081,-0.014,79.08,0.0,31.9,20,1,1
11:21:22.228,VIGILE,1,176.39,9.0,0.236,-1.051,3.302,-9.038,-0.14,0.075,-0.021,73.8,0.0,31.9,20,1,1
11:21:22.728,VIGILE,1,178.48,11.99,0.233,-0.627,3.129,-8.552,-0.175,0.083,-0.015,83.86,0.0,31.9,20,1,1
11:21:23.228,VIGILE,1,177.31,16.82,0.22,-0.919,3.529,-9.196,-0.12,0.076,-0.016,84.74,0.0,31.9,20,1,1
11:21:23.728,VIGILE,1,177.76,18.57,0.232,-1.125,3.417,-8.751,-0.126,0.06,-0.027,83.34,0.0,31.9,20,1,1
11:21:24.228,VIGILE,1,177.9,18.14,0.243,-0.804,3.215,-9.007,-0.127,0.058,-0.014,81.3,0.0,32.0,20,1,1
11:21:24.728,VIGILE,1,171.96,18.48,0.241,-1.19,3.646,-9.199,-0.118,0.052,-0.016,79.65,0.0,32.0,20,1,1
11:21:25.228,VIGILE,1,178.37,18.4,0.234,-1.144,3.486,-8.839,-0.142,0.058,-0.016,75.97,0.0,32.0,20,1,1
11:21:25.728,VIGILE,1,177.22,19.37,0.203,-1.051,3.412,-9.0,-0.153,0.077,-0.017,82.54,0.0,32.0,20,1,1
11:21:26.228,VIGILE,1,179.26,18.92,0.212,-1.01,3.285,-8.935,-0.145,0.074,-0.012,76.84,0.0,32.0,20,1,1
11:21:26.728,VIGILE,1,178.92,17.95,0.218,-1.082,3.376,-9.057,-0.143,0.069,-0.02,81.73,0.0,32.0,20,1,1
11:21:27.228,VIGILE,1,176.6,14.48,0.062,-1.152,3.419,-8.93,-0.124,0.062,-0.017,78.86,0.0,32.0,20,1,1
11:21:27.728,VIGILE,1,178.11,15.51,0.222,-1.168,3.309,-8.976,-0.127,0.063,-0.021,83.21,0.0,32.0,20,1,1
11:21:28.228,VIGILE,1,178.07,18.28,0.223,-0.864,3.34,-9.096,-0.124,0.074,-0.01,83.3,0.0,32.0,20,1,1
11:21:28.728,VIGILE,1,174.33,15.81,0.219,-1.094,3.235,-8.83,-0.146,0.067,-0.02,80.93,0.0,32.0,20,1,1
11:21:29.229,VIGILE,1,176.11,16.15,0.262,-1.034,3.225,-8.947,-0.127,0.067,-0.018,80.27,0.0,32.0,20,1,1
11:21:29.729,VIGILE,1,174.18,15.69,0.218,-1.12,3.378,-8.959,-0.135,0.073,-0.019,80.02,0.0,32.0,20,1,1
11:21:30.229,VIGILE,1,170.17,10.45,0.11,-1.006,3.282,-8.945,-0.128,0.071,-0.014,79.06,0.0,32.0,20,1,1
11:21:30.729,VIGILE,1,172.56,10.02,0.2,-1.417,3.622,-8.911,-0.146,0.064,-0.022,80.43,0.0,32.0,20,1,1
11:21:31.229,VIGILE,1,172.75,9.99,0.204,-1.3,3.393,-8.906,-0.117,0.068,-0.016,82.6,0.0,32.0,20,1,1
11:21:31.729,VIGILE,1,172.94,10.03,0.216,-1.12,3.424,-8.734,-0.124,0.055,-0.018,84.56,0.0,32.1,21,1,1
11:21:32.229,VIGILE,1,177.4,10.7,0.222,-0.893,3.338,-8.935,-0.139,0.065,-0.019,80.33,0.0,32.1,21,1,1
11:21:32.729,VIGILE,1,178.93,11.42,0.223,-0.939,3.333,-8.916,-0.139,0.067,-0.018,81.77,0.0,32.1,21,1,1
11:21:33.229,VIGILE,1,179.24,6.44,0.049,-0.955,3.311,-9.031,-0.14,0.071,-0.016,78.93,0.0,32.1,21,1,1
11:21:33.729,VIGILE,1,-177.91,11.9,0.218,-0.962,3.326,-8.916,-0.131,0.066,-0.022,80.11,0.0,32.1,21,1,1
11:21:34.229,VIGILE,1,-179.09,10.62,0.222,-1.041,3.328,-9.191,-0.142,0.067,-0.022,82.66,0.0,32.2,21,1,1
11:21:34.729,VIGILE,1,179.19,12.13,0.213,-0.91,3.232,-8.89,-0.131,0.063,-0.015,79.97,0.0,32.2,21,1,1
11:21:35.229,VIGILE,1,-179.27,12.83,0.228,-0.924,3.338,-9.002,-0.135,0.064,-0.019,85.07,0.0,32.2,21,1,1
11:21:35.729,VIGILE,1,-179.69,13.57,0.218,-1.13,3.338,-8.916,-0.135,0.064,-0.016,80.75,0.0,32.2,21,1,1
11:21:36.229,VIGILE,1,179.31,12.21,0.221,-0.915,3.218,-8.94,-0.143,0.055,-0.017,83.84,0.0,32.2,21,1,1
11:21:36.729,VIGILE,1,178.16,12.23,0.198,-0.836,3.349,-9.12,-0.129,0.063,-0.019,82.0,0.0,32.3,21,1,1
11:21:37.230,VIGILE,1,177.35,10.86,0.23,-1.109,3.203,-8.78,-0.133,0.066,-0.02,81.96,0.0,32.3,21,1,1
11:21:37.730,VIGILE,1,175.96,10.0,0.215,-0.989,3.515,-9.131,-0.127,0.059,-0.023,81.14,0.0,32.3,21,1,1
11:21:38.230,VIGILE,1,174.28,9.13,0.204,-1.089,3.266,-8.914,-0.132,0.065,-0.018,82.92,0.0,32.3,21,1,1
11:21:38.730,VIGILE,1,172.89,12.19,0.216,-0.946,3.278,-9.093,-0.136,0.061,-0.015,78.44,0.0,32.3,21,1,1
11:21:39.230,VIGILE,1,175.46,6.13,0.197,-1.068,3.352,-8.961,-0.136,0.07,-0.024,63.37,0.0,32.4,20,1,1
11:21:39.730,VIGILE,1,174.04,5.62,0.224,-0.974,3.242,-8.835,-0.13,0.06,-0.015,70.37,0.0,32.4,20,1,1
11:21:40.230,VIGILE,1,175.21,8.93,0.192,-1.027,3.273,-9.1,-0.141,0.066,-0.021,75.33,0.0,32.4,20,1,1
11:21:40.730,VIGILE,1,176.37,9.39,0.174,-0.994,3.314,-8.966,-0.133,0.064,-0.018,73.79,0.0,32.4,20,1,1
11:21:41.230,VIGILE,1,176.37,9.44,0.193,-0.929,3.227,-9.005,-0.137,0.073,-0.025,72.06,0.0,32.4,20,1,1
11:21:41.730,VIGILE,1,175.62,9.39,0.173,-0.903,3.251,-9.151,-0.133,0.066,-0.014,74.97,0.0,32.5,20,1,1
11:21:42.230,VIGILE,1,172.03,7.31,0.067,-0.994,3.316,-8.885,-0.132,0.071,-0.016,76.99,0.0,32.5,20,1,1
11:21:42.730,VIGILE,1,173.2,8.94,0.128,-1.01,3.282,-9.045,-0.142,0.071,-0.021,81.88,0.0,32.5,20,1,1
11:21:43.230,VIGILE,1,176.95,10.11,0.23,-0.907,3.407,-9.05,-0.123,0.06,-0.014,80.18,0.0,32.5,20,1,1
11:21:43.730,VIGILE,1,175.91,10.99,0.227,-1.013,3.354,-8.923,-0.14,0.069,-0.018,82.39,0.0,32.5,20,1,1
11:21:44.230,VIGILE,1,174.73,17.71,0.315,-0.977,3.354,-9.033,-0.126,0.068,-0.022,82.64,0.0,32.5,20,1,1
11:21:44.730,VIGILE,1,172.92,28.69,0.389,-1.065,3.275,-9.048,-0.138,0.07,-0.022,81.1,0.0,32.5,20,1,1
11:21:45.231,VIGILE,1,167.56,23.85,0.263,-0.919,3.347,-9.096,-0.128,0.067,-0.023,83.31,0.0,32.5,20,1,1
11:21:45.731,VIGILE,1,172.3,24.15,0.254,-0.546,3.256,-9.052,-0.139,0.072,-0.015,80.6,0.0,32.5,20,1,1
11:21:46.231,VIGILE,1,175.53,20.75,0.079,0.062,3.065,-9.634,-0.153,0.079,-0.022,85.36,0.0,32.5,20,1,1
11:21:46.731,VIGILE,1,178.4,24.8,0.271,0.192,3.065,-9.567,-0.098,0.051,-0.012,80.29,0.0,32.5,20,1,1
11:21:47.231,VIGILE,1,-179.72,23.7,0.27,-0.172,2.986,-9.651,-0.099,0.064,-0.01,80.99,0.0,32.5,20,1,1
11:21:47.731,VIGILE,1,173.14,20.45,0.264,-0.146,2.602,-10.187,-0.071,0.046,-0.016,85.24,0.0,32.5,20,1,1
11:21:48.231,VIGILE,1,171.31,19.42,0.24,0.318,2.631,-9.124,-0.111,0.072,-0.011,81.4,0.0,32.5,20,1,1
11:21:48.731,VIGILE,1,175.67,19.0,0.252,-0.206,2.722,-9.522,-0.078,0.046,0.015,87.91,0.0,32.5,20,1,1
11:21:49.231,VIGILE,1,172.76,18.08,0.238,-0.558,2.923,-9.421,-0.122,0.066,-0.015,80.88,0.0,32.5,20,1,1
11:21:49.731,VIGILE,1,176.87,15.83,0.252,-1.255,4.13,-9.766,-0.068,0.051,-0.015,81.74,0.0,32.5,20,1,1
11:21:50.231,VIGILE,1,172.66,17.57,0.244,-0.852,3.349,-9.625,-0.144,0.049,-0.01,79.15,0.0,32.5,20,1,1
11:21:50.731,VIGILE,1,172.44,15.96,0.157,-1.556,2.878,-8.464,-0.165,0.084,-0.023,82.13,0.0,32.5,20,1,1
11:21:51.231,VIGILE,1,174.64,18.1,0.248,-0.436,2.729,-9.256,-0.107,0.076,-0.011,87.46,0.0,32.5,20,1,1
11:21:51.731,VIGILE,1,176.24,19.96,0.252,0.821,2.301,-9.452,-0.104,0.104,-0.013,83.35,0.0,32.5,20,1,1
11:21:52.231,VIGILE,1,164.73,11.12,0.249,-0.634,2.076,-8.985,-0.095,0.063,-0.014,77.31,0.0,32.5,20,1,1
11:21:52.731,VIGILE,1,173.57,19.11,0.237,0.316,3.596,-9.076,-0.221,0.112,-0.012,80.85,0.0,32.5,20,1,1
11:21:53.232,VIGILE,1,172.98,20.47,0.252,-0.254,3.041,-8.246,-0.12,0.087,-0.026,84.86,0.0,32.5,20,1,1
11:21:53.732,VIGILE,1,173.93,20.57,0.203,0.345,2.617,-8.849,-0.191,0.146,-0.009,84.3,0.0,32.5,20,1,1
11:21:54.232,VIGILE,1,178.33,20.06,0.217,-0.776,3.587,-10.795,-0.029,0.014,-0.033,81.65,0.0,32.5,20,1,1
11:21:54.732,VIGILE,1,174.87,17.59,0.245,-0.347,3.077,-8.033,-0.179,0.082,-0.025,81.81,0.0,32.5,20,1,1
11:21:55.232,VIGILE,1,171.67,19.37,0.229,0.678,3.414,-8.033,-0.061,0.098,-0.02,84.84,0.0,32.5,20,1,1
11:21:55.732,VIGILE,1,175.84,19.07,0.323,-0.761,3.984,-7.877,-0.171,0.058,-0.066,84.02,0.0,32.5,20,1,1
11:21:56.232,VIGILE,1,174.07,22.7,0.256,-1.3,3.235,-8.65,-0.133,0.029,-0.031,81.74,0.0,32.5,20,1,1
11:21:56.732,VIGILE,1,176.2,27.9,0.238,-1.204,2.433,-9.263,-0.193,0.095,-0.028,75.89,0.0,32.5,20,1,1
11:21:57.232,VIGILE,1,173.05,19.52,0.23,-0.414,1.635,-7.379,-0.274,0.112,-0.02,83.66,0.0,32.5,20,1,1
11:21:57.732,VIGILE,1,-178.88,24.27,0.258,0.618,2.935,-10.429,-0.233,-0.014,-0.066,87.78,0.0,32.5,20,1,1
11:21:58.232,VIGILE,1,179.33,22.24,0.269,-0.493,3.074,-9.486,-0.187,0.004,-0.023,77.57,0.0,32.5,20,1,1
11:21:58.732,VIGILE,1,176.89,17.24,0.182,-0.235,2.018,-8.454,-0.128,0.051,-0.042,85.16,0.0,32.5,20,1,1
11:21:59.232,VIGILE,1,179.32,18.54,0.243,-1.697,3.345,-8.99,-0.159,0.054,-0.077,77.65,0.0,32.5,20,1,1
11:21:59.732,VIGILE,1,176.97,22.02,0.252,-0.989,3.452,-9.246,-0.169,0.079,-0.025,77.23,0.0,32.5,20,1,1
11:22:00.232,VIGILE,1,174.76,22.82,0.254,-1.492,3.426,-9.311,-0.182,0.056,-0.015,81.35,0.0,32.5,20,1,1
11:22:00.732,VIGILE,1,175.76,21.09,0.234,-0.321,3.065,-8.207,-0.178,0.101,-0.04,80.58,0.0,32.5,20,1,1
11:22:01.233,VIGILE,1,-179.98,16.67,0.219,-0.941,3.692,-8.339,-0.238,0.108,-0.002,83.64,0.0,32.5,20,1,1
11:22:01.733,VIGILE,1,177.97,16.65,0.244,-1.326,3.508,-8.763,-0.117,0.058,0.009,79.85,0.0,32.5,20,1,1
11:22:02.233,VIGILE,1,178.19,16.97,0.23,-0.773,3.543,-9.313,-0.153,0.064,-0.011,84.14,0.0,32.5,20,1,1
11:22:02.733,VIGILE,1,176.64,19.0,0.246,-0.816,3.397,-10.238,-0.055,0.031,-0.007,85.41,0.0,32.5,20,1,1
11:22:03.233,VIGILE,1,171.03,18.59,0.23,-0.424,3.677,-7.949,-0.153,0.104,-0.014,89.35,0.0,32.5,20,1,1
11:22:03.733,VIGILE,1,171.63,20.08,0.233,-0.922,3.723,-8.71,-0.141,0.058,-0.022,81.82,0.0,32.5,20,1,1
11:22:04.233,VIGILE,1,172.86,16.88,0.232,-0.532,4.317,-9.371,-0.184,0.065,-0.018,77.1,0.0,32.5,20,1,1
11:22:04.733,VIGILE,1,171.39,17.62,0.265,-1.956,6.833,-9.345,0.115,0.074,-0.003,88.11,0.0,32.5,20,1,1
11:22:05.233,VIGILE,1,172.45,15.83,0.229,-2.622,1.446,-8.712,-0.037,0.17,-0.028,89.02,0.0,32.5,20,1,1
11:22:05.733,VIGILE,1,152.77,11.92,0.171,-1.065,5.478,-10.906,-0.217,0.139,0.018,89.57,0.0,32.5,20,1,1
11:22:06.233,VIGILE,1,153.71,9.79,0.199,-2.112,3.792,-7.549,0.007,-0.015,-0.015,89.06,0.0,32.5,20,1,1
11:22:06.733,VIGILE,1,169.71,-2.67,0.199,-0.407,1.571,-8.475,0.019,0.135,0.033,85.85,0.0,32.6,20,1,1
11:22:07.233,MALORE,0,0.0,0.0,0.0,-0.663,3.761,-8.868,-0.128,0.064,-0.025,77.83,0.0,32.6,20,1,1
11:22:07.733,MALORE,1,-172.96,-1.39,0.284,-0.036,3.816,-8.339,-0.18,0.172,-0.058,83.0,0.0,32.6,20,1,1
11:22:08.233,MALORE,0,0.0,0.0,0.0,-1.202,3.814,-9.103,-0.189,0.015,0.002,88.46,0.0,32.6,20,1,1
11:22:08.733,MALORE,1,-179.61,-5.17,0.245,-0.215,5.904,-7.439,-0.017,0.037,-0.018,84.61,0.0,32.6,20,1,1
11:22:09.234,MALORE,1,-178.55,-16.82,0.096,-1.36,5.1,-11.162,-0.123,0.118,0.041,87.73,0.0,32.6,20,1,1
11:22:09.734,MALORE,1,-176.55,-54.49,0.414,0.522,4.207,-9.06,-0.216,0.139,-0.102,87.55,0.0,32.6,20,1,1
11:22:10.234,MALORE,1,-180.0,-5.78,0.059,-0.302,4.556,-9.682,-0.131,0.071,-0.016,81.74,0.0,32.6,20,1,1
11:22:10.734,MALORE,1,-169.92,-14.03,0.258,-0.577,4.017,-8.054,-0.183,0.062,-0.004,84.15,0.0,32.6,20,1,1
11:22:11.234,MALORE,1,-140.82,-6.47,0.116,-0.713,3.57,-8.533,-0.109,0.042,0.018,79.45,0.0,32.6,20,1,1
11:22:11.734,MALORE,1,-159.58,-9.87,0.294,-1.927,2.95,-10.355,0.029,-0.007,0.062,79.92,0.0,32.6,20,1,1
11:22:12.234,MALORE,1,-161.28,-5.12,0.122,-1.25,4.075,-9.694,-0.112,0.05,0.034,88.07,0.0,32.6,20,1,1
11:22:12.734,MALORE,1,-161.82,-20.71,0.286,-1.358,3.014,-8.765,-0.087,0.029,-0.046,81.62,0.0,32.6,20,1,1
11:22:13.234,MALORE,1,-173.82,19.8,0.107,-1.374,3.053,-9.184,-0.026,0.092,-0.004,80.69,0.0,32.6,20,1,1
11:22:13.734,MALORE,0,0.0,0.0,0.0,-0.692,2.284,-7.544,-0.133,0.054,-0.058,85.99,0.0,32.6,20,1,1
11:22:14.234,MALORE,1,164.79,25.82,0.138,-0.072,3.163,-8.499,-0.18,0.095,-0.078,80.28,0.0,32.5,20,1,1
11:22:14.734,MALORE,1,162.02,24.87,0.184,-2.674,3.141,-7.345,-0.424,0.027,-0.099,79.49,0.0,32.5,20,1,1
11:22:15.235,MALORE,0,0.0,0.0,0.0,-0.915,3.048,-6.694,0.023,0.141,0.037,87.56,0.0,32.5,20,1,1
11:22:15.735,MALORE,1,-154.4,4.04,0.247,0.141,4.096,-12.081,-0.492,0.14,-0.035,89.21,0.0,32.5,20,1,1
11:22:16.235,MALORE,0,0.0,0.0,0.0,-1.906,4.506,-9.232,0.053,0.069,0.062,86.09,0.0,32.5,20,1,1
11:22:16.735,VIGILE,1,166.17,13.61,0.148,-0.472,2.138,-9.562,-0.021,0.073,-0.02,87.1,0.0,32.5,20,1,1
11:22:17.235,VIGILE,1,174.05,27.5,0.268,-0.658,2.938,-9.167,-0.164,0.115,0.003,87.99,0.0,32.5,20,1,1
11:22:17.735,VIGILE,1,169.75,14.14,0.102,-1.666,2.655,-9.033,0.035,-0.01,-0.013,87.89,0.0,32.5,20,1,1
11:22:18.235,VIGILE,1,162.14,13.03,0.181,-0.235,1.362,-7.061,-0.287,0.022,-0.082,88.83,0.0,32.5,20,1,1
11:22:18.735,VIGILE,1,163.06,10.64,0.176,-0.347,3.697,-9.541,-0.083,0.18,0.011,85.05,0.0,32.5,20,1,1
11:22:19.235,VIGILE,1,-175.63,38.76,0.216,1.216,1.015,-7.47,-0.302,-0.003,-0.099,85.55,0.0,32.5,20,1,1
11:22:19.735,VIGILE,1,163.52,15.07,0.186,0.069,3.206,-9.369,-0.059,0.135,0.043,81.44,0.0,32.5,20,1,1
11:22:20.235,VIGILE,1,160.53,14.66,0.17,-0.414,3.912,-8.698,-0.089,0.04,0.011,82.2,0.0,32.5,20,1,1
11:22:20.735,VIGILE,1,165.82,14.78,0.178,-1.958,4.041,-9.299,-0.023,0.001,0.04,86.22,0.0,32.5,20,1,1
11:22:21.235,VIGILE,1,167.28,17.71,0.178,-1.496,3.673,-9.467,-0.059,0.045,0.013,73.82,0.0,32.5,20,1,1
11:22:21.735,VIGILE,1,178.91,28.5,0.149,2.576,0.093,-12.184,1.266,-0.305,0.13,88.08,0.0,32.5,20,1,1
11:22:22.235,VIGILE,1,166.8,14.63,0.132,-1.559,3.177,-9.488,-0.106,0.085,0.016,89.59,0.0,32.5,20,1,1
11:22:22.735,VIGILE,1,167.24,33.17,0.21,-0.737,2.547,-8.741,-0.245,0.044,-0.01,87.36,0.0,32.5,20,1,1
11:22:23.236,VIGILE,1,165.84,13.42,0.193,-0.601,3.855,-10.345,-0.023,0.061,0.066,81.18,0.0,32.5,20,1,1
11:22:23.736,VIGILE,1,177.49,14.61,0.225,-0.529,4.092,-8.473,-0.152,0.067,0.024,77.67,0.0,32.5,20,1,1
11:22:24.236,VIGILE,1,171.19,14.5,0.239,-0.144,4.219,-8.547,-0.137,0.047,0.016,78.82,0.0,32.4,20,1,1
11:22:24.736,VIGILE,1,174.21,10.72,0.204,-0.735,3.443,-7.855,-0.187,0.068,-0.034,79.99,1777.01,32.4,20,1,1
11:22:25.236,VIGILE,1,175.6,16.8,0.217,-1.006,3.591,-9.323,-0.1,0.06,-0.038,76.79,0.0,32.4,20,1,1
11:22:25.736,VIGILE,1,-179.72,11.72,0.213,-0.35,1.911,-8.933,-0.123,0.122,-0.08,78.79,0.0,32.4,20,1,1
11:22:26.236,VIGILE,1,179.35,14.6,0.221,-5.205,1.302,-6.239,-0.835,0.467,-0.34,89.16,0.0,32.4,20,1,1
11:22:26.736,VIGILE,1,177.42,15.2,0.217,-0.124,2.904,-8.308,-0.094,-0.024,-0.106,89.26,0.0,32.4,20,1,1
11:22:27.236,VIGILE,1,176.7,16.92,0.21,-0.532,4.41,-8.758,-0.151,0.103,-0.023,84.03,0.0,32.4,20,1,1
11:22:27.736,VIGILE,1,178.88,18.7,0.21,2.523,5.667,-9.503,-0.173,-0.033,0.01,88.12,0.0,32.4,20,1,1
11:22:28.236,VIGILE,1,-176.73,18.84,0.218,-0.84,4.039,-8.059,-0.213,0.114,-0.023,84.08,0.0,32.4,20,1,1
11:22:28.736,VIGILE,1,-179.52,19.57,0.224,1.068,3.869,-9.747,-0.24,-0.007,-0.057,85.83,0.0,32.4,20,1,1
11:22:29.236,VIGILE,1,175.67,28.42,0.203,-1.405,3.522,-8.815,-0.12,0.13,-0.045,82.65,0.0,32.4,20,1,1
11:22:29.736,VIGILE,1,171.55,46.61,0.312,-0.702,4.36,-8.523,-0.145,0.069,-0.013,85.25,0.0,32.4,20,1,1
11:22:30.236,VIGILE,1,167.34,51.17,0.279,-1.073,4.034,-9.416,-0.059,0.022,0.016,81.9,0.0,32.4,20,1,1
11:22:30.736,VIGILE,1,173.54,50.82,0.255,0.038,2.921,-6.354,-0.134,0.062,-0.025,84.22,0.0,32.4,20,1,1
11:22:31.237,VIGILE,1,172.96,26.27,0.223,-0.857,3.266,-8.789,-0.104,0.146,-0.016,82.67,0.0,32.4,20,1,1
11:22:31.737,VIGILE,1,174.62,19.0,0.262,0.275,3.654,-9.275,-0.098,-0.01,-0.045,87.31,0.0,32.4,19,1,1
11:22:32.237,VIGILE,1,-174.95,14.63,0.176,-2.296,7.719,-2.715,-1.127,0.513,0.104,89.21,0.0,32.4,19,1,1
11:22:32.737,VIGILE,1,177.94,16.9,0.229,-1.3,2.792,-9.955,0.16,-0.003,0.058,89.55,0.0,32.4,19,1,1
11:22:33.237,VIGILE,1,174.68,17.42,0.201,-0.553,3.864,-9.843,-0.085,0.068,-0.003,79.29,0.0,32.4,19,1,1
11:22:33.737,VIGILE,1,171.55,17.69,0.225,-1.041,3.551,-8.552,-0.134,0.059,0.028,86.92,0.0,32.4,19,1,1
11:22:34.237,VIGILE,1,172.56,13.64,0.222,-0.836,2.816,-9.002,-0.136,0.036,0.009,79.45,0.0,32.4,19,1,1
11:22:34.737,VIGILE,1,177.08,13.04,0.204,-0.649,3.1,-8.959,-0.087,0.058,-0.016,82.37,0.0,32.4,19,1,1
11:22:35.237,VIGILE,1,175.58,13.05,0.21,-1.384,2.804,-7.949,-0.335,0.164,-0.051,85.4,0.0,32.4,19,1,1
11:22:35.737,VIGILE,1,174.43,10.52,0.217,-0.857,2.847,-9.601,-0.163,0.094,-0.045,78.75,0.0,32.4,19,1,1
11:22:36.237,VIGILE,1,174.32,10.71,0.228,-0.548,3.017,-9.072,-0.136,0.108,-0.025,84.57,0.0,32.4,19,1,1
11:22:36.737,VIGILE,1,169.3,14.84,0.214,-2.377,1.932,-8.272,-0.18,0.046,-0.046,82.66,0.0,32.4,19,1,1
11:22:37.237,VIGILE,1,173.02,17.72,0.244,-0.189,2.43,-9.816,-0.38,0.311,-0.057,88.66,0.0,32.4,19,1,1
11:22:37.737,VIGILE,1,170.56,16.7,0.27,-0.778,2.514,-7.707,-0.261,0.058,-0.006,79.17,0.0,32.4,19,1,1
11:22:38.237,VIGILE,1,171.45,14.29,0.238,-1.422,3.136,-9.352,-0.06,0.065,-0.005,84.57,0.0,32.4,19,1,1
11:22:38.737,VIGILE,1,171.81,14.12,0.238,-0.97,3.038,-9.342,-0.131,0.038,-0.01,82.37,0.0,32.4,19,1,1
11:22:39.238,VIGILE,1,172.84,18.0,0.229,-0.51,2.976,-8.519,-0.235,0.109,-0.066,83.98,0.0,32.3,19,1,1
11:22:39.738,VIGILE,1,173.8,17.27,0.246,-1.149,3.68,-9.878,-0.036,0.045,-0.025,80.23,0.0,32.3,19,1,1
11:22:40.238,VIGILE,1,170.97,12.76,0.222,-1.585,1.899,-8.703,-0.103,0.108,-0.087,82.94,0.0,32.3,19,1,1
11:22:40.738,VIGILE,1,175.87,13.28,0.22,-1.401,4.106,-8.499,-0.147,0.084,-0.032,82.86,0.0,32.3,19,1,1
11:22:41.238,VIGILE,1,174.33,6.52,0.23,-1.441,2.732,-8.887,-0.215,0.107,-0.027,83.07,0.0,32.3,19,1,1
11:22:41.738,VIGILE,1,172.76,6.65,0.22,-2.437,2.365,-10.556,-0.139,0.065,-0.075,86.58,0.0,32.3,19,1,1
11:22:42.238,VIGILE,1,173.29,8.63,0.222,-0.735,1.41,-11.339,0.067,-0.038,-0.042,81.63,0.0,32.3,19,1,1
11:22:42.738,VIGILE,1,177.67,7.26,0.235,-1.188,2.471,-9.17,-0.096,0.115,-0.001,87.27,0.0,32.3,19,1,1
11:22:43.238,VIGILE,1,172.73,6.59,0.223,-2.073,2.993,-8.765,-0.143,0.112,-0.058,86.12,0.0,32.3,19,1,1
11:22:43.738,VIGILE,1,-178.2,6.03,0.249,-0.029,3.943,-6.934,0.009,-0.1,-0.13,76.43,0.0,32.3,19,1,1
11:22:44.238,VIGILE,1,-176.63,6.28,0.258,-1.539,1.616,-9.029,-0.228,0.124,-0.163,85.08,0.0,32.3,19,1,1
11:22:44.738,VIGILE,1,-176.01,18.26,0.248,-1.295,0.972,-10.776,-0.361,0.114,-0.229,89.33,0.0,32.3,19,1,1
11:22:45.238,VIGILE,1,-175.16,22.67,0.265,-0.034,2.363,-6.333,-0.221,0.125,-0.025,86.2,0.0,32.3,19,1,1
11:22:45.738,VIGILE,1,179.05,17.73,0.243,-0.019,1.872,-8.131,-0.17,0.079,0.043,86.97,0.0,32.3,19,1,1
11:22:46.238,VIGILE,1,179.35,33.97,0.239,-0.986,4.602,-9.503,0.018,-0.075,0.136,88.15,0.0,32.3,19,1,1
11:22:46.738,VIGILE,1,171.31,9.87,0.248,1.231,3.297,-5.047,-0.385,0.126,0.016,86.21,0.0,32.2,19,1,1
11:22:47.239,VIGILE,1,178.26,16.74,0.225,-0.496,4.243,-9.294,0.212,-0.079,0.132,87.88,0.0,32.2,19,1,1
11:22:47.739,VIGILE,1,177.8,12.85,0.247,-0.022,2.634,-10.302,0.343,-0.095,0.123,89.09,0.0,32.2,19,1,1
11:22:48.239,VIGILE,1,-179.4,15.51,0.197,1.24,2.071,-9.378,-0.228,0.029,0.006,89.42,0.0,32.2,19,1,1
11:22:48.739,VIGILE,1,-179.61,15.6,0.219,-0.472,2.495,-8.93,-0.154,0.079,-0.013,80.98,0.0,32.2,19,1,1
11:22:49.239,VIGILE,1,-179.66,17.01,0.239,-1.075,3.649,-9.352,-0.092,0.039,-0.0,80.07,0.0,32.2,19,1,1
11:22:49.739,VIGILE,1,174.31,15.23,0.21,-1.19,3.225,-8.961,-0.128,0.07,-0.034,84.21,0.0,32.2,19,1,1
11:22:50.239,VIGILE,1,172.62,15.58,0.191,-1.422,3.563,-9.345,-0.156,0.056,-0.005,81.97,0.0,32.2,19,1,1
11:22:50.739,VIGILE,1,173.7,16.51,0.218,-1.08,3.165,-9.158,-0.142,0.111,-0.022,84.92,0.0,32.2,19,1,1
11:22:51.239,VIGILE,1,170.95,19.76,0.206,-1.367,3.5,-8.487,-0.137,0.074,-0.011,83.98,0.0,32.2,19,1,1
11:22:51.739,VIGILE,1,173.46,16.7,0.212,-3.517,4.903,-9.007,-0.104,0.221,0.041,87.09,0.0,32.2,19,1,1
11:22:52.239,VIGILE,1,173.35,13.52,0.191,1.48,3.038,-7.654,-0.947,0.188,-0.103,89.46,0.0,32.2,19,1,1
11:22:52.739,VIGILE,1,176.29,25.38,0.232,0.809,1.599,-10.259,-0.114,-0.024,0.011,85.2,0.0,32.2,19,1,1
11:22:53.239,VIGILE,1,174.91,19.58,0.236,-0.905,3.098,-9.012,-0.16,0.069,-0.004,83.76,0.0,32.2,19,1,1
11:22:53.739,VIGILE,1,173.27,15.73,0.201,-0.917,3.788,-9.555,-0.105,0.058,0.01,85.38,0.0,32.2,19,1,1
11:22:54.239,VIGILE,1,177.55,15.16,0.197,-0.611,3.361,-8.815,-0.175,0.083,-0.022,81.15,0.0,32.2,19,1,1
11:22:54.739,VIGILE,1,177.47,14.87,0.216,-0.867,3.218,-9.239,-0.203,0.075,-0.034,85.01,0.0,32.2,19,1,1
11:22:55.240,VIGILE,1,174.72,13.35,0.23,-0.201,4.192,-9.39,-0.105,0.102,-0.042,87.85,0.0,32.2,19,1,1
11:22:55.740,VIGILE,1,175.51,16.79,0.21,-1.638,3.644,-9.088,-0.164,0.105,-0.027,87.12,0.0,32.2,19,1,1
11:22:56.240,VIGILE,1,164.46,17.99,0.206,-2.617,4.82,-8.923,-0.42,0.045,0.027,88.98,0.0,32.2,19,1,1
11:22:56.740,VIGILE,1,167.2,19.79,0.241,-1.709,3.804,-9.019,-0.148,0.106,-0.058,87.63,0.0,32.2,19,1,1
11:22:57.240,VIGILE,1,171.41,19.82,0.246,-0.606,3.529,-8.566,-0.201,0.128,-0.014,79.65,0.0,32.2,19,1,1
11:22:57.740,VIGILE,1,167.69,16.99,0.233,-0.584,3.622,-8.648,-0.102,0.08,-0.044,81.69,0.0,32.2,19,1,1
11:22:58.240,VIGILE,1,173.47,18.31,0.241,-0.654,3.436,-8.686,-0.199,0.082,-0.054,79.04,0.0,32.2,19,1,1
11:22:58.740,VIGILE,1,172.77,18.25,0.236,-1.094,3.273,-8.796,-0.167,0.094,-0.019,82.32,0.0,32.2,19,1,1
11:22:59.240,VIGILE,1,172.37,20.98,0.226,-0.318,2.952,-8.827,-0.166,0.1,-0.037,73.44,0.0,32.1,19,1,1
11:22:59.740,VIGILE,1,169.18,20.01,0.122,-0.656,2.658,-8.957,-0.122,0.076,-0.032,78.29,0.0,32.1,19,1,1
11:23:00.240,VIGILE,1,173.94,23.69,0.225,-1.429,3.539,-9.44,-0.133,0.083,-0.004,75.32,0.0,32.1,19,1,1
11:23:00.740,VIGILE,1,169.8,24.53,0.214,-0.251,3.055,-8.341,-0.186,0.036,-0.022,81.27,0.0,32.1,19,1,1
11:23:01.240,VIGILE,1,174.17,25.07,0.213,0.886,2.813,-10.7,-0.128,0.069,-0.022,84.07,0.0,32.1,19,1,1
11:23:01.740,VIGILE,1,172.32,25.5,0.23,-1.274,3.294,-8.286,-0.221,0.064,0.028,80.59,0.0,32.1,19,1,1
11:23:02.240,VIGILE,1,174.39,21.83,0.24,-0.953,3.057,-8.775,-0.138,0.111,0.007,85.93,0.0,32.1,19,1,1
11:23:02.740,VIGILE,1,174.32,23.41,0.225,-0.795,3.443,-9.182,0.323,-0.125,0.245,84.47,0.0,32.1,19,1,1
11:23:03.241,VIGILE,1,161.89,14.01,0.239,-0.158,2.643,-7.891,-0.086,0.089,0.049,88.08,0.0,32.1,19,1,1
11:23:03.741,VIGILE,1,168.02,12.66,0.251,-0.304,3.699,-9.519,-0.073,0.005,0.04,84.81,0.0,32.1,19,1,1
11:23:04.241,VIGILE,1,171.51,18.58,0.165,-0.294,3.005,-9.146,-0.194,0.084,-0.032,83.41,0.0,32.1,19,1,1
11:23:04.741,VIGILE,1,176.51,15.56,0.23,-0.244,3.134,-9.005,-0.129,0.076,-0.024,77.4,0.0,32.1,19,1,1
11:23:05.241,VIGILE,1,173.11,14.15,0.212,-1.537,3.51,-8.93,-0.123,0.062,0.003,79.49,0.0,32.1,19,1,1
11:23:05.741,VIGILE,1,174.31,15.77,0.239,-1.018,3.567,-9.333,-0.119,0.039,-0.005,79.59,0.0,32.1,19,1,1
11:23:06.241,VIGILE,1,172.79,12.84,0.227,-1.192,3.297,-8.468,-0.164,0.038,-0.026,73.46,0.0,32.1,19,1,1
11:23:06.741,VIGILE,1,170.58,11.77,0.215,-1.35,3.249,-9.079,-0.127,0.1,-0.031,78.43,0.0,32.1,19,1,1
11:23:07.241,VIGILE,1,172.78,12.83,0.245,-1.109,3.428,-9.045,-0.175,0.108,-0.067,75.12,0.0,32.1,19,1,1
11:23:07.741,VIGILE,1,170.69,13.69,0.216,0.467,3.615,-8.995,-0.242,0.107,-0.08,83.78,0.0,32.1,19,1,1
11:23:08.242,VIGILE,1,169.45,10.33,0.227,-1.69,4.017,-9.646,-0.162,0.125,-0.024,87.76,0.0,32.1,19,1,1
11:23:08.742,VIGILE,1,174.33,9.15,0.237,-1.717,2.303,-8.499,-0.08,0.039,-0.041,81.48,0.0,32.1,19,1,1
11:23:09.242,VIGILE,1,170.54,12.0,0.232,-0.563,2.768,-9.749,-0.072,0.122,-0.043,87.03,0.0,32.0,19,1,1
11:23:09.742,VIGILE,1,167.16,9.7,0.043,-1.326,3.225,-8.598,-0.192,0.108,-0.045,81.42,0.0,32.0,19,1,1
11:23:10.242,VIGILE,1,170.23,13.77,0.216,-1.626,3.268,-8.495,-0.131,0.044,-0.046,78.53,0.0,32.0,19,1,1
11:23:10.742,VIGILE,1,174.7,13.87,0.213,-0.572,3.235,-8.095,-0.154,0.11,0.002,85.23,0.0,32.0,19,1,1
11:23:11.242,VIGILE,1,177.58,18.34,0.215,-0.213,4.314,-7.937,-0.122,0.061,-0.042,74.83,0.0,32.0,19,1,1
11:23:11.742,VIGILE,1,177.32,14.83,0.233,-1.111,4.116,-9.268,-0.119,0.025,-0.021,74.63,0.0,32.0,19,1,1
11:23:12.242,VIGILE,1,177.53,20.77,0.253,-1.221,4.223,-9.661,-0.084,0.051,-0.026,81.17,0.0,32.0,19,1,1
11:23:12.742,VIGILE,1,178.73,17.91,0.227,-0.455,2.274,-7.611,-0.228,0.044,-0.026,85.43,0.0,32.0,19,1,1
11:23:13.242,VIGILE,1,176.83,16.25,0.246,-3.608,4.997,-7.168,0.015,0.072,-0.007,71.44,0.0,32.0,19,1,1
11:23:13.742,VIGILE,1,173.65,18.58,0.185,-1.312,3.445,-8.792,-0.108,0.082,-0.012,82.42,0.0,32.0,19,1,1
11:23:14.243,VIGILE,1,172.53,19.67,0.241,-0.888,3.953,-9.033,-0.127,0.098,-0.016,78.29,0.0,32.0,18,1,1
11:23:14.743,VIGILE,1,173.79,17.99,0.246,-1.109,3.089,-8.952,-0.165,0.043,-0.016,83.27,0.0,32.0,18,1,1
11:23:15.243,VIGILE,1,173.44,22.59,0.203,-0.642,4.745,-8.547,-0.056,0.029,-0.004,84.06,0.0,32.0,18,1,1
11:23:15.743,VIGILE,1,170.55,22.98,0.222,-1.549,4.415,-8.212,-0.127,0.072,-0.018,78.05,0.0,32.0,18,1,1
11:23:16.243,VIGILE,1,171.83,15.87,0.231,-1.381,3.883,-8.77,-0.136,0.065,-0.016,70.08,0.0,32.0,18,1,1
11:23:16.743,VIGILE,1,170.29,19.21,0.244,-1.492,3.907,-8.504,-0.131,0.067,-0.007,81.17,0.0,32.0,18,1,1
11:23:17.243,VIGILE,1,173.51,21.43,0.27,-1.628,4.13,-8.655,-0.148,0.071,-0.016,82.01,0.0,32.0,18,1,1
11:23:17.743,VIGILE,1,168.5,23.28,0.057,-1.664,3.919,-8.507,-0.139,0.066,-0.008,82.2,0.0,32.0,18,1,1
11:23:18.243,VIGILE,1,166.08,28.52,0.171,-1.559,4.192,-8.77,-0.157,0.067,-0.018,74.73,0.0,32.0,18,1,1
11:23:18.743,VIGILE,1,169.42,19.23,0.276,-1.848,4.051,-8.655,-0.133,0.072,-0.016,80.9,0.0,32.0,18,1,1
11:23:19.243,DISTRAZIONE,1,163.24,17.0,0.05,-1.233,4.099,-8.497,-0.128,0.067,0.007,79.24,0.0,32.0,18,1,1
11:23:19.743,DISTRAZIONE,1,175.78,66.88,0.422,-1.815,4.168,-8.543,-0.145,0.052,-0.006,80.12,0.0,32.0,18,1,1
11:23:20.243,DISTRAZIONE,1,175.83,33.42,0.363,-2.588,4.197,-8.461,-0.099,0.051,-0.005,76.42,0.0,32.0,18,1,1
11:23:20.743,DISTRAZIONE,1,166.18,23.11,0.276,-2.342,3.651,-8.868,-0.152,0.09,-0.006,80.2,0.0,32.0,18,1,1
11:23:21.243,DISTRAZIONE,1,171.56,33.18,0.09,-1.633,3.57,-8.619,-0.14,0.058,-0.008,71.69,0.0,32.0,18,1,1
11:23:21.743,DISTRAZIONE,1,172.21,33.03,0.104,-1.997,3.876,-8.612,-0.12,0.066,-0.024,76.12,0.0,32.0,18,1,1
11:23:22.243,DISTRAZIONE,1,176.3,28.23,0.302,-1.97,4.247,-8.622,-0.117,0.083,-0.013,68.02,0.0,32.0,18,1,1
11:23:22.744,DISTRAZIONE,1,177.49,30.78,0.114,-0.998,3.749,-8.744,-0.123,0.068,-0.024,73.36,0.0,32.0,18,1,1
11:23:23.244,DISTRAZIONE,1,-178.22,31.57,0.207,-1.008,3.8,-8.859,-0.131,0.064,-0.015,78.88,0.0,32.0,18,1,1
11:23:23.744,DISTRAZIONE,1,-178.51,30.39,0.182,-0.941,3.8,-8.827,-0.143,0.07,-0.022,79.62,0.0,32.0,18,1,1
11:23:24.244,DISTRAZIONE,1,-178.11,29.96,0.13,-1.135,3.589,-8.715,-0.125,0.064,-0.013,80.43,0.0,32.0,18,1,1
11:23:24.744,DISTRAZIONE,1,-175.67,31.89,0.108,-0.9,3.84,-8.961,-0.145,0.066,-0.017,83.85,0.0,32.0,18,1,1
11:23:25.244,DISTRAZIONE,1,-176.69,29.33,0.221,-0.843,3.5,-8.839,-0.139,0.073,-0.021,81.42,0.0,32.0,18,1,1
11:23:25.744,DISTRAZIONE,1,-175.96,33.21,0.351,-0.802,3.718,-9.0,-0.13,0.065,-0.018,81.2,0.0,32.0,18,1,1
11:23:26.244,DISTRAZIONE,1,-177.92,32.92,0.102,-0.912,3.622,-8.751,-0.138,0.067,-0.018,80.66,0.0,32.0,18,1,1
11:23:26.744,DISTRAZIONE,1,-177.83,35.71,0.13,-0.675,3.527,-8.875,-0.133,0.068,-0.018,80.42,0.0,32.0,18,1,1
11:23:27.244,DISTRAZIONE,1,-179.12,33.56,0.131,-0.886,3.687,-8.854,-0.127,0.068,-0.016,80.35,0.0,32.0,18,1,1
11:23:27.744,DISTRAZIONE,1,-178.92,32.75,0.135,-0.745,3.548,-8.933,-0.13,0.069,-0.016,78.78,0.0,32.0,18,1,1
11:23:28.244,DISTRAZIONE,1,-178.49,31.34,0.119,-0.757,3.62,-9.009,-0.137,0.066,-0.015,78.21,0.0,32.0,18,1,1
11:23:28.744,DISTRAZIONE,1,-178.52,29.89,0.139,-0.795,3.632,-8.89,-0.123,0.067,-0.015,80.63,0.0,32.0,18,1,1
11:23:29.244,DISTRAZIONE,1,179.47,31.03,0.121,-0.757,3.543,-9.005,-0.14,0.065,-0.024,79.74,0.0,32.0,18,1,1
11:23:29.744,DISTRAZIONE,1,-179.35,31.0,0.129,-0.718,3.498,-8.863,-0.117,0.071,-0.016,80.39,0.0,32.0,18,1,1
11:23:30.244,DISTRAZIONE,1,177.43,35.43,0.118,-0.749,3.651,-8.887,-0.136,0.067,-0.017,80.43,0.0,32.0,18,1,1
11:23:30.745,DISTRAZIONE,1,176.53,40.69,0.352,-0.864,3.486,-8.966,-0.13,0.061,-0.015,80.54,0.0,32.0,18,1,1
11:23:31.245,DISTRAZIONE,1,167.79,40.71,0.446,-0.589,3.632,-8.938,-0.129,0.061,-0.019,82.61,0.0,32.0,18,1,1
11:23:31.745,DISTRAZIONE,1,153.62,29.5,0.171,-0.73,3.431,-8.712,-0.142,0.059,-0.016,78.93,0.0,32.0,18,1,1
11:23:32.245,DISTRAZIONE,1,162.75,34.53,0.111,-0.814,3.656,-9.179,-0.137,0.066,-0.025,80.5,0.0,32.0,18,1,1
11:23:32.745,DISTRAZIONE,1,160.97,42.27,0.304,-0.742,3.551,-8.827,-0.133,0.067,-0.013,79.65,0.0,32.0,18,1,1
11:23:33.245,DISTRAZIONE,1,155.15,24.0,0.156,-0.67,3.603,-8.89,-0.138,0.074,-0.019,78.11,0.0,32.0,18,1,1
11:23:33.745,DISTRAZIONE,1,164.32,30.43,0.199,-0.886,3.519,-8.868,-0.138,0.068,-0.018,81.73,0.0,32.0,18,1,1
11:23:34.245,DISTRAZIONE,1,152.66,70.68,0.293,-0.702,3.68,-8.966,-0.129,0.068,-0.016,81.2,0.0,32.0,18,1,1
11:23:34.745,DISTRAZIONE,1,140.92,-69.34,0.256,-0.905,3.565,-8.863,-0.136,0.073,-0.022,80.15,0.0,32.0,18,1,1
11:23:35.245,DISTRAZIONE,0,0.0,0.0,0.0,-0.67,3.687,-8.981,-0.131,0.065,-0.016,80.48,0.0,32.0,18,1,1
11:23:35.745,DISTRAZIONE,1,162.99,37.93,0.383,-0.649,3.519,-8.866,-0.138,0.067,-0.019,81.79,0.0,32.0,18,1,1
11:23:36.245,DISTRAZIONE,1,156.47,31.74,0.235,-0.697,3.553,-9.021,-0.123,0.063,-0.016,80.32,0.0,32.0,18,1,1
11:23:36.745,DISTRAZIONE,1,152.35,46.18,0.228,-0.869,3.745,-8.885,-0.138,0.067,-0.025,80.63,0.0,32.0,17,1,1
11:23:37.245,DISTRAZIONE,0,0.0,0.0,0.0,-0.663,3.56,-8.859,-0.138,0.062,-0.017,83.98,0.0,32.0,17,1,1
11:23:37.745,DISTRAZIONE,1,136.07,82.13,0.481,-0.735,3.493,-8.875,-0.14,0.072,-0.022,82.03,0.0,32.0,17,1,1
11:23:38.246,DISTRAZIONE,1,122.7,82.43,0.51,-0.704,3.63,-8.801,-0.12,0.054,-0.014,82.44,0.0,32.0,17,1,1
11:23:38.746,DISTRAZIONE,1,117.21,82.26,0.537,-0.804,3.5,-9.021,-0.146,0.068,-0.019,83.61,0.0,32.0,17,1,1
11:23:39.246,DISTRAZIONE,1,-166.72,-6.45,0.317,-0.69,3.646,-8.971,-0.132,0.07,-0.016,80.12,0.0,32.0,17,1,1
11:23:39.746,DISTRAZIONE,0,0.0,0.0,0.0,-0.723,3.584,-8.978,-0.14,0.064,-0.018,82.12,0.0,32.0,17,1,1
11:23:40.246,DISTRAZIONE,1,151.05,69.03,0.399,-0.85,3.546,-8.82,-0.127,0.066,-0.013,81.54,0.0,32.0,17,1,1
11:23:40.746,DISTRAZIONE,0,0.0,0.0,0.0,-0.74,3.68,-8.985,-0.127,0.067,-0.014,80.13,0.0,32.0,17,1,1
11:23:41.246,DISTRAZIONE,1,135.71,77.25,0.417,-0.838,3.414,-8.894,-0.149,0.072,-0.021,81.7,0.0,32.0,17,1,1
11:23:41.746,DISTRAZIONE,0,0.0,0.0,0.0,-0.649,3.625,-8.945,-0.128,0.055,-0.013,83.46,0.0,32.0,17,1,1
11:23:42.246,DISTRAZIONE,1,131.37,74.23,0.339,-0.797,3.488,-8.701,-0.142,0.065,-0.02,82.77,0.0,32.0,17,1,1
11:23:42.746,DISTRAZIONE,0,0.0,0.0,0.0,-0.67,3.63,-8.916,-0.132,0.067,-0.019,81.15,0.0,32.0,17,1,1
11:23:43.246,DISTRAZIONE,1,170.65,43.99,0.531,-0.821,3.615,-8.95,-0.129,0.062,-0.016,81.61,0.0,32.0,17,1,1
11:23:43.746,DISTRAZIONE,0,0.0,0.0,0.0,-0.848,3.45,-8.906,-0.123,0.068,-0.019,81.23,0.0,32.0,17,1,1
11:23:44.246,DISTRAZIONE,1,164.12,10.24,0.237,-0.599,3.699,-8.983,-0.139,0.066,-0.015,82.88,0.0,31.9,17,1,1
11:23:44.746,DISTRAZIONE,0,0.0,0.0,0.0,-0.831,3.347,-8.847,-0.139,0.07,-0.024,76.38,0.0,31.9,17,1,1
11:23:45.246,DISTRAZIONE,0,0.0,0.0,0.0,-0.807,3.725,-9.091,-0.128,0.07,-0.017,81.41,0.0,31.9,17,1,1
11:23:45.746,DISTRAZIONE,1,178.23,58.19,0.458,-0.728,3.503,-8.736,-0.128,0.068,-0.018,81.86,0.0,31.9,17,1,1
11:23:46.246,DISTRAZIONE,1,161.91,52.65,0.494,-0.742,3.692,-9.05,-0.135,0.073,-0.017,78.73,0.0,31.9,17,1,1
11:23:46.747,DISTRAZIONE,1,154.81,51.61,0.43,-0.783,3.498,-8.88,-0.141,0.062,-0.021,82.62,0.0,31.9,17,1,1
11:23:47.247,DISTRAZIONE,1,161.05,60.66,0.46,-0.788,3.689,-9.009,-0.132,0.064,-0.014,81.57,0.0,31.9,17,1,1
11:23:47.747,DISTRAZIONE,1,160.42,61.0,0.517,-0.654,3.541,-8.947,-0.15,0.073,-0.024,82.72,0.0,31.9,17,1,1
11:23:48.247,DISTRAZIONE,1,160.22,65.13,0.473,-0.761,3.666,-8.961,-0.128,0.063,-0.019,79.86,0.0,31.9,17,1,1
11:23:48.747,DISTRAZIONE,1,-178.48,22.6,0.089,-0.807,3.606,-8.926,-0.147,0.061,-0.019,81.53,0.0,31.9,17,1,1
11:23:49.247,DISTRAZIONE,1,165.44,21.85,0.052,-0.73,3.613,-8.854,-0.124,0.064,-0.015,81.24,0.0,31.9,17,1,1
11:23:49.747,DISTRAZIONE,1,174.74,27.11,0.065,-0.833,3.694,-8.997,-0.133,0.073,-0.017,81.55,0.0,31.9,17,1,1
11:23:50.247,DISTRAZIONE,0,0.0,0.0,0.0,-0.852,3.546,-8.894,-0.133,0.076,-0.018,81.5,0.0,31.9,17,1,1
11:23:50.747,DISTRAZIONE,1,169.15,71.99,0.641,-0.622,3.673,-8.993,-0.141,0.075,-0.024,82.41,0.0,31.9,17,1,1
11:23:51.247,DISTRAZIONE,1,163.97,40.77,0.369,-0.838,3.4,-8.693,-0.144,0.063,-0.022,81.03,0.0,31.9,17,1,1
11:23:51.747,DISTRAZIONE,0,0.0,0.0,0.0,-0.754,3.749,-8.983,-0.127,0.068,-0.018,82.35,0.0,31.9,17,1,1
11:23:52.247,DISTRAZIONE,0,0.0,0.0,0.0,-0.994,3.63,-8.878,-0.12,0.064,-0.012,81.31,0.0,31.9,17,1,1
11:23:52.747,DISTRAZIONE,0,0.0,0.0,0.0,-0.692,3.541,-9.036,-0.137,0.069,-0.018,81.0,0.0,31.9,17,1,1
11:23:53.247,DISTRAZIONE,1,-179.19,74.96,0.285,-0.862,3.771,-8.959,-0.135,0.065,-0.014,80.95,0.0,31.9,17,1,1
11:23:53.748,DISTRAZIONE,0,0.0,0.0,0.0,-0.843,3.5,-8.904,-0.124,0.069,-0.013,81.21,0.0,31.9,17,1,1
11:23:54.248,DISTRAZIONE,1,176.19,21.12,0.24,-0.807,3.692,-8.971,-0.148,0.078,-0.024,78.51,0.0,31.8,17,1,1
11:23:54.748,DISTRAZIONE,1,175.95,15.17,0.25,-0.761,3.627,-8.926,-0.13,0.076,-0.026,81.85,0.0,31.8,17,1,1
11:23:55.248,VIGILE,1,-178.99,17.44,0.259,0.256,3.218,-9.383,-0.127,0.072,-0.018,74.31,0.0,31.8,17,1,1
11:23:55.748,VIGILE,1,174.14,20.93,0.268,0.414,2.624,-9.486,-0.137,0.064,-0.023,81.69,0.0,31.8,17,1,1
11:23:56.248,VIGILE,1,177.79,17.56,0.253,1.034,2.741,-9.629,-0.064,0.064,-0.011,86.24,0.0,31.8,17,1,1
11:23:56.748,VIGILE,1,164.72,14.65,0.242,-0.309,3.108,-8.748,-0.105,0.02,-0.014,81.95,0.0,31.8,17,1,1
11:23:57.248,VIGILE,1,179.2,15.99,0.276,0.991,3.031,-9.814,-0.155,0.082,-0.016,77.9,0.0,31.8,17,1,1
11:23:57.748,VIGILE,1,174.01,16.85,0.248,0.261,3.457,-9.1,-0.148,0.057,-0.018,78.55,0.0,31.8,17,1,1
11:23:58.248,VIGILE,1,177.29,18.13,0.325,-1.906,3.728,-8.554,-0.175,0.105,0.001,86.01,0.0,31.8,17,1,1
11:23:58.748,VIGILE,1,166.63,18.27,0.273,-0.613,3.278,-9.203,-0.127,0.061,-0.015,80.02,0.0,31.8,17,1,1
11:23:59.248,VIGILE,1,177.96,22.6,0.284,0.448,2.866,-8.473,-0.149,0.079,-0.003,88.61,0.0,31.8,17,1,1
11:23:59.748,VIGILE,1,177.66,13.13,0.056,0.402,2.878,-9.831,-0.114,0.021,-0.025,84.6,0.0,31.8,17,1,1
11:24:00.248,VIGILE,1,175.22,15.2,0.228,0.575,3.433,-9.601,-0.096,0.064,-0.002,75.79,0.0,31.8,17,1,1
11:24:00.748,VIGILE,1,170.82,17.06,0.239,-0.527,3.079,-10.18,-0.102,0.031,0.007,80.23,0.0,31.8,17,1,1
11:24:01.248,VIGILE,1,171.42,17.94,0.207,-0.122,2.907,-9.529,-0.118,0.054,-0.017,83.27,0.0,31.8,17,1,1
11:24:01.748,VIGILE,1,175.34,15.92,0.265,0.5,2.38,-9.969,-0.119,0.058,0.007,84.47,0.0,31.7,17,1,1
11:24:02.249,VIGILE,1,177.58,16.42,0.258,-0.464,3.385,-9.462,-0.132,0.069,0.009,82.58,0.0,31.7,17,1,1
11:24:02.749,VIGILE,1,171.43,15.78,0.265,-0.936,4.329,-8.899,-0.099,0.041,-0.026,81.19,0.0,31.7,17,1,1
11:24:03.249,VIGILE,1,162.97,16.38,0.267,-2.028,4.721,-10.343,0.323,0.016,0.105,85.92,0.0,31.7,17,1,1
11:24:03.749,VIGILE,1,167.89,19.73,0.255,-1.513,3.488,-8.521,-0.12,0.051,-0.018,88.34,0.0,31.7,17,1,1
11:24:04.249,VIGILE,1,164.22,21.89,0.272,-1.092,3.61,-9.093,-0.169,0.059,-0.017,78.31,0.0,31.7,17,1,1
11:24:04.749,VIGILE,1,166.87,21.63,0.263,-0.855,3.534,-8.578,-0.1,0.054,-0.001,79.57,0.0,31.7,17,1,1
11:24:05.249,VIGILE,1,159.44,17.5,0.068,-1.305,3.242,-8.756,-0.179,0.075,-0.031,86.0,0.0,31.7,17,1,1
11:24:05.749,VIGILE,1,165.11,18.91,0.258,-1.202,3.776,-9.234,-0.118,0.087,-0.017,78.56,0.0,31.7,17,1,1
11:24:06.249,VIGILE,1,168.0,21.38,0.273,-1.731,3.998,-9.024,-0.073,0.045,-0.025,76.64,0.0,31.7,17,1,1
11:24:06.749,VIGILE,1,164.62,16.87,0.252,-1.355,4.25,-8.983,-0.183,0.057,-0.035,78.67,0.0,31.7,17,1,1
11:24:07.249,VIGILE,1,165.7,17.6,0.229,-1.123,3.555,-8.303,-0.141,0.072,-0.023,75.2,0.0,31.7,17,1,1
11:24:07.749,VIGILE,1,162.97,17.76,0.259,-1.338,3.627,-9.093,-0.104,0.064,-0.009,76.35,0.0,31.7,17,1,1
11:24:08.249,VIGILE,1,165.38,18.25,0.237,-1.408,3.474,-8.626,-0.149,0.093,-0.019,72.55,0.0,31.7,17,1,1
11:24:08.749,VIGILE,1,165.37,20.01,0.253,-1.561,3.742,-8.966,-0.115,0.069,-0.008,84.32,0.0,31.7,17,1,1
11:24:09.249,VIGILE,1,163.01,17.31,0.255,-1.432,3.792,-9.009,-0.148,0.054,-0.013,78.06,0.0,31.7,18,1,1
11:24:09.750,VIGILE,1,163.27,19.32,0.238,-1.326,4.077,-8.449,-0.11,0.05,-0.016,77.7,0.0,31.7,18,1,1
11:24:10.250,VIGILE,1,159.76,16.74,0.228,-1.841,4.116,-8.681,-0.15,0.092,-0.03,78.44,0.0,31.7,18,1,1
11:24:10.750,VIGILE,1,159.59,17.32,0.235,-1.75,4.022,-8.375,-0.138,0.065,-0.014,74.74,0.0,31.7,18,1,1
11:24:11.250,VIGILE,1,157.74,13.77,0.232,-1.848,3.62,-8.789,-0.154,0.074,-0.021,79.87,0.0,31.7,18,1,1
11:24:11.750,VIGILE,1,160.27,20.28,0.226,-1.377,3.78,-8.734,-0.116,0.067,-0.01,76.78,0.0,31.6,18,1,1
11:24:12.250,VIGILE,1,159.41,18.94,0.222,-1.894,4.065,-8.971,-0.101,0.046,-0.012,77.54,0.0,31.6,18,1,1
11:24:12.750,VIGILE,1,156.67,15.42,0.213,-1.985,3.883,-8.703,-0.147,0.069,-0.023,76.02,0.0,31.6,18,1,1
11:24:13.250,VIGILE,1,162.27,19.56,0.231,-1.769,3.893,-8.808,-0.14,0.07,-0.019,78.91,0.0,31.6,18,1,1
11:24:13.750,VIGILE,1,161.39,18.6,0.222,-1.7,3.709,-8.756,-0.128,0.074,-0.021,85.46,0.0,31.6,18,1,1
11:24:14.250,VIGILE,1,159.84,18.12,0.214,-1.822,3.843,-8.95,-0.133,0.064,-0.017,79.02,0.0,31.6,18,1,1
11:24:14.750,VIGILE,1,150.45,15.97,0.035,-1.07,3.419,-9.048,-0.139,0.066,-0.02,79.55,0.0,31.6,18,1,1
11:24:15.250,VIGILE,1,152.54,16.81,0.037,-0.958,3.369,-8.942,-0.136,0.067,-0.015,80.59,0.0,31.6,18,1,1
11:24:15.750,VIGILE,1,174.3,29.93,0.108,-0.869,3.369,-9.093,-0.142,0.063,-0.023,81.91,0.0,31.6,18,1,1
11:24:16.250,VIGILE,1,173.33,33.42,0.12,-0.912,3.4,-9.007,-0.116,0.054,-0.011,82.58,0.0,31.6,18,1,1
11:24:16.750,VIGILE,1,161.6,32.26,0.104,-0.855,3.318,-9.019,-0.147,0.067,-0.02,82.55,0.0,31.6,18,1,1
11:24:17.250,VIGILE,1,155.6,24.27,0.068,-0.862,3.359,-9.017,-0.132,0.065,-0.019,86.08,0.0,31.6,18,1,1
11:24:17.750,VIGILE,1,156.03,22.46,0.076,-0.883,3.321,-9.005,-0.135,0.07,-0.023,80.84,0.0,31.6,18,1,1
11:24:18.251,VIGILE,1,155.48,24.61,0.108,-0.907,3.306,-9.007,-0.128,0.056,-0.015,85.58,0.0,31.6,18,1,1
11:24:18.751,VIGILE,1,161.58,29.8,0.122,-0.881,3.517,-9.052,-0.131,0.07,-0.017,80.56,0.0,31.6,18,1,1
11:24:19.251,VIGILE,1,162.97,32.05,0.16,-0.852,3.309,-9.005,-0.143,0.069,-0.015,82.51,0.0,31.6,19,1,1
11:24:19.751,VIGILE,1,161.64,35.69,0.192,-0.91,3.462,-8.966,-0.114,0.054,-0.009,79.49,0.0,31.6,19,1,1
11:24:20.251,SONNOLENZA,1,153.2,61.34,0.286,-0.96,3.44,-9.256,-0.131,0.067,-0.016,82.58,0.0,31.6,19,1,1
11:24:20.751,SONNOLENZA,1,158.16,68.85,0.476,-0.898,3.338,-8.868,-0.133,0.067,-0.017,82.78,0.0,31.6,19,1,1
11:24:21.251,SONNOLENZA,0,0.0,0.0,0.0,-0.85,3.378,-9.021,-0.135,0.065,-0.017,81.82,0.0,31.6,19,1,1
11:24:21.751,SONNOLENZA,1,138.01,67.58,0.454,-0.953,3.34,-8.947,-0.133,0.071,-0.015,82.07,0.0,31.6,19,1,1
11:24:22.251,SONNOLENZA,0,0.0,0.0,0.0,-0.797,3.476,-9.033,-0.127,0.063,-0.016,80.64,0.0,31.6,19,1,1
11:24:22.751,SONNOLENZA,1,161.67,-9.28,0.043,-0.886,3.108,-8.921,-0.139,0.066,-0.023,82.78,0.0,31.6,19,1,1
11:24:23.251,SONNOLENZA,1,165.03,-5.66,0.032,-0.836,3.417,-9.072,-0.128,0.069,-0.021,82.61,0.0,31.6,19,1,1
11:24:23.751,SONNOLENZA,1,161.68,17.11,0.035,-0.936,3.373,-9.093,-0.144,0.071,-0.02,82.72,0.0,31.6,19,1,1
11:24:24.251,SONNOLENZA,1,173.8,40.09,0.254,-0.792,3.414,-9.0,-0.126,0.07,-0.012,82.56,0.0,31.6,19,1,1
11:24:24.751,SONNOLENZA,1,153.64,33.42,0.166,-0.986,3.419,-9.014,-0.138,0.072,-0.02,80.61,0.0,31.6,19,1,1
11:24:25.251,SONNOLENZA,1,152.42,34.77,0.141,-0.821,3.282,-8.99,-0.124,0.067,-0.009,82.85,0.0,31.6,19,1,1
11:24:25.751,SONNOLENZA,1,149.76,26.9,0.137,-0.694,3.393,-9.05,-0.138,0.064,-0.018,81.61,0.0,31.6,19,1,1
11:24:26.252,SONNOLENZA,1,147.12,26.5,0.134,-0.977,3.23,-8.909,-0.126,0.062,-0.011,81.4,0.0,31.6,19,1,1
11:24:26.752,SONNOLENZA,1,147.88,28.08,0.119,-0.871,3.433,-9.184,-0.134,0.067,-0.02,79.36,0.0,31.6,19,1,1
11:24:27.252,SONNOLENZA,1,147.33,29.96,0.117,-0.9,3.335,-8.758,-0.149,0.075,-0.022,85.57,0.0,31.6,19,1,1
11:24:27.752,SONNOLENZA,1,148.94,30.34,0.185,-0.819,3.412,-9.115,-0.132,0.071,-0.019,80.91,0.0,31.6,19,1,1
11:24:28.252,SONNOLENZA,0,0.0,0.0,0.0,-0.967,3.381,-8.995,-0.135,0.072,-0.022,82.5,0.0,31.6,19,1,1
11:24:28.752,SONNOLENZA,1,156.05,50.77,0.434,-0.788,3.39,-8.954,-0.134,0.063,-0.019,82.23,0.0,31.6,19,1,1
11:24:29.252,SONNOLENZA,0,0.0,0.0,0.0,-0.778,3.373,-9.108,-0.142,0.068,-0.018,82.08,0.0,31.5,19,1,1
11:24:29.752,SONNOLENZA,0,0.0,0.0,0.0,-0.888,3.345,-8.899,-0.128,0.058,-0.013,82.75,0.0,31.5,19,1,1
11:24:30.252,SONNOLENZA,1,-175.13,16.37,0.066,-0.79,3.364,-9.124,-0.137,0.06,-0.02,79.96,0.0,31.5,19,1,1
11:24:30.752,SONNOLENZA,1,167.1,34.62,0.068,-0.814,3.302,-8.904,-0.144,0.073,-0.022,80.64,0.0,31.5,19,1,1
11:24:31.252,SONNOLENZA,1,160.78,30.87,0.099,-0.828,3.46,-8.995,-0.136,0.076,-0.014,84.94,0.0,31.5,19,1,1
11:24:31.752,SONNOLENZA,1,172.61,31.19,0.049,-1.03,3.414,-8.957,-0.137,0.067,-0.019,80.17,0.0,31.5,19,1,1
11:24:32.252,SONNOLENZA,0,0.0,0.0,0.0,-0.855,3.292,-9.038,-0.127,0.055,-0.019,82.26,0.0,31.5,19,1,1
11:24:32.752,SONNOLENZA,1,-178.57,71.21,0.56,-0.927,3.455,-9.041,-0.14,0.077,-0.022,80.35,0.0,31.5,19,1,1
11:24:33.252,SONNOLENZA,1,161.11,49.18,0.58,-0.886,3.27,-8.918,-0.124,0.067,-0.018,81.89,0.0,31.5,19,1,1
11:24:33.752,SONNOLENZA,1,160.9,32.32,0.152,-0.883,3.421,-9.143,-0.133,0.057,-0.014,82.28,0.0,31.5,19,1,1
11:24:34.253,SONNOLENZA,1,156.92,15.41,0.022,-0.833,3.318,-8.813,-0.133,0.07,-0.018,79.87,0.0,31.5,19,1,1
11:24:34.753,SONNOLENZA,1,176.07,17.01,0.035,-0.931,3.426,-9.175,-0.126,0.073,-0.016,84.55,0.0,31.5,19,1,1
11:24:35.253,SONNOLENZA,1,-178.26,17.91,0.065,-0.984,3.297,-8.928,-0.136,0.072,-0.021,82.88,0.0,31.5,19,1,1
11:24:35.753,SONNOLENZA,1,169.56,27.45,0.227,-0.836,3.409,-9.014,-0.125,0.065,-0.018,80.58,0.0,31.5,19,1,1
11:24:36.253,SONNOLENZA,1,164.45,60.79,0.359,-0.848,3.213,-8.866,-0.133,0.077,-0.016,82.35,0.0,31.5,19,1,1
11:24:36.753,SONNOLENZA,1,163.02,46.55,0.42,-0.754,3.371,-9.005,-0.133,0.072,-0.021,83.96,0.0,31.5,19,1,1
11:24:37.253,SONNOLENZA,1,170.49,14.05,0.064,-0.967,3.275,-8.904,-0.134,0.071,-0.02,80.78,0.0,31.5,19,1,1
11:24:37.753,SONNOLENZA,0,0.0,0.0,0.0,-0.804,3.409,-9.072,-0.132,0.068,-0.012,82.68,0.0,31.5,19,1,1
11:24:38.253,SONNOLENZA,1,-162.98,8.38,0.103,-0.924,3.371,-9.005,-0.134,0.066,-0.019,85.04,0.0,31.5,19,1,1
11:24:38.753,SONNOLENZA,1,-172.0,18.7,0.132,-0.871,3.29,-9.026,-0.131,0.063,-0.013,78.45,0.0,31.5,19,1,1
11:24:39.253,SONNOLENZA,1,-177.79,21.54,0.28,-0.776,3.464,-9.041,-0.148,0.071,-0.019,79.93,0.0,31.5,19,1,1
11:24:39.753,SONNOLENZA,1,176.57,22.58,0.259,-0.891,3.182,-8.902,-0.136,0.068,-0.019,78.59,0.0,31.5,19,1,1
11:24:40.253,SONNOLENZA,1,177.94,14.9,0.035,-0.915,3.493,-9.189,-0.134,0.07,-0.017,79.61,0.0,31.5,19,1,1
11:24:40.753,SONNOLENZA,1,-169.1,8.98,0.085,-0.766,3.299,-8.856,-0.133,0.067,-0.019,81.4,0.0,31.5,19,1,1
11:24:41.253,SONNOLENZA,1,179.03,20.24,0.238,-0.843,3.44,-9.151,-0.133,0.07,-0.014,81.25,0.0,31.5,19,1,1
11:24:41.753,SONNOLENZA,1,176.54,22.36,0.288,-1.015,3.436,-8.981,-0.124,0.058,-0.015,80.44,0.0,31.5,20,1,1
11:24:42.254,SONNOLENZA,1,173.88,23.02,0.327,-0.8,3.304,-8.945,-0.134,0.066,-0.015,80.27,0.0,31.5,20,1,1
11:24:42.754,SONNOLENZA,1,176.89,24.19,0.265,-0.759,3.431,-9.11,-0.136,0.067,-0.022,80.86,0.0,31.5,20,1,1
11:24:43.254,SONNOLENZA,1,-175.99,15.34,0.049,-0.903,3.249,-8.868,-0.133,0.066,-0.023,81.51,0.0,31.5,20,1,1
11:24:43.754,SONNOLENZA,1,-164.64,10.95,0.108,-0.936,3.527,-9.187,-0.124,0.059,-0.017,84.07,0.0,31.5,20,1,1
11:24:44.254,SONNOLENZA,1,-176.97,19.31,0.237,-0.97,3.316,-8.966,-0.139,0.062,-0.016,81.54,0.0,31.5,20,1,1
11:24:44.754,SONNOLENZA,1,177.14,20.73,0.229,-0.757,3.349,-9.122,-0.131,0.066,-0.021,82.31,0.0,31.5,20,1,1
11:24:45.254,SONNOLENZA,1,156.82,16.58,0.021,-1.018,3.39,-9.021,-0.135,0.06,-0.015,81.9,0.0,31.5,20,1,1
11:24:45.754,SONNOLENZA,1,155.22,18.83,0.099,-0.848,3.33,-9.007,-0.138,0.071,-0.013,82.16,0.0,31.5,20,1,1
11:24:46.254,SONNOLENZA,1,151.33,16.36,0.075,-0.733,3.385,-9.093,-0.138,0.071,-0.02,82.33,0.0,31.5,20,1,1
11:24:46.754,SONNOLENZA,1,154.33,9.12,0.025,-0.907,3.208,-8.851,-0.147,0.068,-0.016,83.34,0.0,31.5,20,1,1
11:24:47.254,SONNOLENZA,1,157.01,-13.58,0.194,-0.924,3.438,-9.091,-0.125,0.064,-0.02,81.06,0.0,31.5,20,1,1
11:24:47.755,SONNOLENZA,1,161.53,10.34,0.231,-1.027,3.299,-8.971,-0.138,0.067,-0.019,79.32,0.0,31.5,20,1,1
11:24:48.255,VIGILE,1,166.55,57.09,0.419,-0.785,3.347,-9.079,-0.132,0.073,-0.016,83.86,0.0,31.5,20,1,1
11:24:48.755,VIGILE,1,169.87,49.85,0.406,-0.833,3.417,-9.275,-0.177,0.08,-0.017,79.99,0.0,31.5,20,1,1
11:24:49.255,VIGILE,1,166.04,37.98,0.262,-0.972,3.34,-9.026,-0.135,0.074,-0.018,81.03,0.0,31.5,20,1,1
11:24:49.755,VIGILE,1,-178.81,24.02,0.273,-0.565,3.369,-9.208,-0.184,0.077,-0.03,88.85,0.0,31.5,20,1,1
11:24:50.255,VIGILE,1,-176.19,20.61,0.273,0.479,2.691,-9.565,-0.116,0.081,-0.016,78.93,0.0,31.5,20,1,1
11:24:50.755,VIGILE,1,176.82,19.7,0.253,-0.239,3.45,-9.711,-0.004,0.142,-0.018,89.32,0.0,31.5,20,1,1
11:24:51.255,VIGILE,1,177.99,22.52,0.234,0.486,2.658,-9.222,-0.084,0.056,-0.007,85.95,0.0,31.5,20,1,1
11:24:51.755,VIGILE,1,-178.75,22.89,0.268,0.158,3.01,-8.792,-0.123,0.045,-0.014,85.37,0.0,31.5,20,1,1
11:24:52.256,VIGILE,1,-173.79,20.3,0.299,0.259,3.127,-9.424,-0.112,0.051,-0.005,77.43,0.0,31.5,20,1,1
11:24:52.756,VIGILE,1,-177.47,19.91,0.298,0.443,2.837,-9.507,-0.122,0.022,0.003,79.32,0.0,31.5,20,1,1
11:24:53.256,VIGILE,1,179.37,20.7,0.278,-0.249,3.124,-9.304,-0.079,0.052,0.015,77.92,0.0,31.5,20,1,1
11:24:53.756,VIGILE,1,179.94,19.98,0.265,-0.996,3.132,-9.103,-0.222,0.062,-0.027,76.04,0.0,31.5,20,1,1
11:24:54.256,VIGILE,1,177.28,19.26,0.258,-1.01,3.194,-8.715,-0.12,0.08,0.011,74.39,0.0,31.5,20,1,1
11:24:54.756,VIGILE,1,-178.42,18.21,0.26,-0.206,3.294,-9.689,-0.068,0.056,0.035,81.14,0.0,31.5,20,1,1
11:24:55.256,VIGILE,1,170.5,18.53,0.28,-0.512,3.424,-9.443,-0.126,0.032,-0.004,79.26,0.0,31.5,20,1,1
11:24:55.756,VIGILE,1,177.22,16.99,0.274,-0.505,2.998,-9.313,-0.186,0.048,-0.034,82.75,0.0,31.5,20,1,1
11:24:56.256,VIGILE,1,174.67,18.67,0.273,-0.479,3.555,-9.175,-0.112,0.062,0.004,77.74,0.0,31.5,20,1,1
11:24:56.756,VIGILE,1,174.32,19.73,0.267,-1.279,3.919,-9.653,-0.133,0.041,-0.008,77.76,0.0,31.5,20,1,1
11:24:57.256,VIGILE,1,167.18,16.59,0.271,-0.838,3.587,-9.476,-0.144,0.072,-0.023,86.8,0.0,31.5,20,1,1
11:24:57.756,VIGILE,1,166.4,17.45,0.276,-0.991,3.505,-8.629,-0.199,0.087,-0.043,76.03,0.0,31.5,20,1,1
11:24:58.256,VIGILE,1,159.31,16.64,0.256,-1.64,3.685,-8.657,-0.103,0.084,-0.027,87.33,0.0,31.5,20,1,1
11:24:58.756,VIGILE,1,162.84,16.11,0.241,-2.078,4.334,-8.799,-0.185,-0.031,-0.045,76.43,0.0,31.5,20,1,1
11:24:59.256,VIGILE,1,162.78,14.11,0.251,-2.626,5.514,-6.431,-0.149,0.165,0.039,89.1,0.0,31.5,20,1,1
11:24:59.756,VIGILE,1,166.77,12.88,0.255,-1.573,3.869,-7.712,-0.139,0.044,-0.009,85.15,0.0,31.5,20,1,1
11:25:00.257,VIGILE,1,171.35,15.05,0.27,0.034,4.53,-8.341,-0.1,-0.002,-0.034,79.76,0.0,31.5,20,1,1
11:25:00.757,VIGILE,1,170.07,16.52,0.231,-0.86,3.982,-8.933,-0.147,0.079,-0.018,77.85,0.0,31.5,20,1,1
11:25:01.257,VIGILE,1,166.3,11.3,0.226,-0.907,3.479,-8.734,-0.177,0.066,-0.005,81.73,0.0,31.5,20,1,1
11:25:01.757,VIGILE,1,170.04,8.99,0.252,-1.041,3.0,-8.648,-0.121,0.095,-0.017,80.26,0.0,31.5,20,1,1
11:25:02.257,VIGILE,1,176.86,5.72,0.259,-0.8,3.891,-9.052,-0.135,0.051,-0.015,80.34,0.0,31.5,20,1,1
11:25:02.757,VIGILE,1,176.33,-6.98,0.258,-0.692,3.005,-8.77,-0.131,0.073,-0.006,78.97,0.0,31.5,20,1,1
11:25:03.257,VIGILE,1,173.96,-5.38,0.041,-0.292,3.1,-8.679,-0.126,0.033,-0.005,77.98,0.0,31.5,20,1,1
11:25:03.757,VIGILE,1,170.31,-26.65,0.258,-0.381,3.038,-8.437,-0.169,0.08,-0.031,77.98,0.0,31.5,20,1,1
11:25:04.257,VIGILE,1,167.96,-35.03,0.347,-0.412,2.48,-10.276,-0.051,0.067,-0.08,77.98,0.0,31.5,20,1,1
11:25:04.757,VIGILE,0,0.0,0.0,0.0,-1.647,2.363,-9.512,-0.187,0.121,-0.2,77.98,0.0,31.5,20,1,1
11:25:05.257,VIGILE,1,172.74,-36.39,0.341,-2.093,1.453,-8.923,-0.24,0.218,-0.38,77.98,0.0,31.5,20,1,1
11:25:05.757,VIGILE,1,162.47,-28.6,0.301,-2.923,2.799,-9.632,-0.156,0.2,-0.463,77.98,0.0,31.5,20,1,1
11:25:06.257,VIGILE,1,176.78,-33.05,0.33,-2.334,2.983,-10.295,-0.219,0.31,-0.538,77.98,0.0,31.5,20,1,1
11:25:06.757,VIGILE,1,175.44,-23.48,0.275,-2.277,2.871,-10.185,-0.02,0.099,-0.634,77.98,0.0,31.5,20,1,1
11:25:07.257,VIGILE,1,-165.95,-26.02,0.288,-1.142,2.526,-8.399,0.015,0.287,-0.463,77.98,0.0,31.5,20,1,1
11:25:07.757,VIGILE,1,-177.93,18.27,0.295,1.396,3.199,-9.019,-0.139,0.063,-0.188,77.98,0.0,31.5,20,1,1
11:25:08.258,VIGILE,1,176.51,31.03,0.342,-0.199,2.971,-8.224,-0.152,0.057,-0.027,77.98,0.0,31.5,20,1,1
11:25:08.758,VIGILE,1,175.04,27.46,0.331,0.038,2.358,-9.574,-0.192,0.059,0.058,77.98,0.0,31.5,20,1,1
11:25:09.258,VIGILE,1,175.9,26.2,0.288,-1.116,2.356,-8.842,-0.062,0.013,0.07,77.98,0.0,31.5,20,1,1
11:25:09.758,VIGILE,1,176.44,21.42,0.223,-1.686,2.476,-9.634,-0.143,0.079,0.063,77.98,0.0,31.5,20,1,1
11:25:10.258,VIGILE,1,174.53,19.02,0.26,-0.984,1.925,-9.376,-0.15,-0.01,0.039,77.98,0.0,31.5,20,1,1
11:25:10.758,VIGILE,1,172.18,13.98,0.244,-2.002,2.883,-10.487,0.32,-0.07,0.06,77.98,0.0,31.5,20,1,1
11:25:11.258,VIGILE,1,172.58,9.7,0.305,-3.661,2.43,-7.697,-0.316,0.116,0.03,77.98,0.0,31.5,20,1,1
11:25:11.758,VIGILE,1,171.11,-2.26,0.267,-1.422,3.826,-8.595,-0.315,0.179,-0.045,77.98,0.0,31.5,20,1,1
11:25:12.258,VIGILE,1,164.24,-24.45,0.299,-0.429,3.972,-8.765,-0.197,0.038,-0.05,77.98,0.0,31.5,20,1,1
11:25:12.758,VIGILE,0,0.0,0.0,0.0,-1.791,1.604,-8.085,-0.148,0.052,-0.189,77.98,0.0,31.5,20,1,1
11:25:13.258,VIGILE,1,170.59,-33.85,0.409,-1.444,1.63,-7.815,-0.06,0.184,-0.277,77.98,0.0,31.5,20,1,1
11:25:13.758,VIGILE,1,163.02,-34.75,0.354,-4.719,1.31,-9.091,0.014,0.398,-0.478,77.98,0.0,31.5,20,1,1
11:25:14.258,VIGILE,1,160.93,-28.19,0.324,-2.009,0.893,-10.199,-0.118,0.293,-0.673,77.98,0.0,31.5,20,1,1
11:25:14.758,VIGILE,1,170.75,-31.36,0.366,-3.369,0.486,-9.534,-0.298,0.304,-0.667,77.98,0.0,31.5,20,1,1
11:25:15.258,VIGILE,1,176.61,-29.75,0.294,-3.534,1.894,-9.622,-0.216,0.24,-0.518,77.98,0.0,31.5,20,1,1
11:25:15.758,VIGILE,1,177.39,-15.16,0.232,-1.846,1.032,-9.922,-0.117,0.196,-0.433,77.98,0.0,31.5,20,1,1
11:25:16.259,VIGILE,1,-177.37,17.52,0.281,-0.91,2.157,-9.38,-0.128,0.157,-0.265,77.98,0.0,31.5,20,1,1
11:25:16.759,VIGILE,1,-176.81,20.02,0.283,0.249,2.576,-9.735,-0.172,0.09,-0.141,77.98,0.0,31.5,20,1,1
11:25:17.259,VIGILE,1,174.3,19.77,0.272,-0.254,1.867,-10.36,-0.103,0.03,-0.032,77.98,0.0,31.5,20,1,1
11:25:17.759,VIGILE,1,176.16,23.5,0.273,0.01,2.021,-9.304,-0.168,0.083,-0.085,77.98,0.0,31.5,20,1,1
11:25:18.259,VIGILE,1,176.91,23.43,0.255,-1.415,3.091,-8.988,-0.033,0.04,-0.005,77.98,0.0,31.5,20,1,1
11:25:18.759,VIGILE,1,171.43,20.04,0.185,-1.307,3.129,-9.177,-0.133,0.055,-0.024,77.98,0.0,31.5,20,1,1
11:25:19.259,VIGILE,1,170.94,23.74,0.244,-0.175,2.746,-10.357,-0.161,0.08,-0.035,77.98,0.0,31.5,20,1,1
11:25:19.759,VIGILE,1,170.27,23.15,0.267,-0.208,2.753,-9.503,-0.144,0.057,-0.025,77.98,0.0,31.5,20,1,1
11:25:20.259,VIGILE,1,171.71,21.9,0.279,-1.645,3.055,-8.973,-0.121,0.068,-0.021,77.98,0.0,31.5,20,1,1
11:25:20.759,VIGILE,1,172.37,21.76,0.275,-1.132,3.184,-9.148,-0.13,0.025,-0.022,77.98,0.0,31.5,20,1,1
11:25:21.259,VIGILE,1,173.69,24.65,0.258,-0.953,3.225,-8.981,-0.121,0.063,-0.009,77.98,0.0,31.5,20,1,1
11:25:21.759,VIGILE,1,172.35,22.02,0.229,-1.489,3.706,-9.002,-0.116,0.091,-0.022,77.98,0.0,31.5,20,1,1
11:25:22.259,VIGILE,1,172.23,22.09,0.228,-1.01,3.06,-9.584,-0.089,0.045,-0.01,77.98,0.0,31.5,20,1,1
11:25:22.759,VIGILE,1,171.34,25.78,0.254,-0.924,2.998,-8.72,-0.168,0.079,-0.058,77.98,0.0,31.5,20,1,1
11:25:23.259,VIGILE,1,173.72,26.88,0.272,-0.84,3.191,-9.105,-0.09,0.035,-0.003,77.98,0.0,31.5,20,1,1
11:25:23.759,VIGILE,1,168.12,19.64,0.231,-1.003,3.005,-9.51,-0.082,0.067,0.002,77.98,0.0,31.5,20,1,1
11:25:24.260,VIGILE,1,169.73,19.5,0.234,-1.219,3.316,-8.871,-0.11,0.064,-0.008,77.98,0.0,31.5,20,1,1
11:25:24.760,VIGILE,1,168.67,20.82,0.276,-1.135,3.089,-8.471,-0.095,0.062,-0.027,77.98,0.0,31.5,20,1,1
11:25:25.260,VIGILE,1,176.15,21.12,0.323,-1.513,2.851,-9.16,-0.049,0.037,0.012,77.98,0.0,31.5,20,1,1
11:25:25.760,VIGILE,1,177.19,21.81,0.246,-1.255,3.153,-9.244,-0.148,0.082,-0.034,77.98,0.0,31.5,20,1,1
11:25:26.260,VIGILE,1,176.33,18.11,0.247,-0.73,2.646,-9.151,-0.174,0.092,-0.008,77.98,0.0,31.5,20,1,1
11:25:26.760,VIGILE,1,178.96,18.78,0.254,-1.132,3.311,-8.617,-0.104,0.093,-0.007,77.98,0.0,31.4,20,1,1
11:25:27.260,VIGILE,1,-179.96,17.51,0.24,-1.202,3.424,-8.871,-0.103,0.025,-0.007,77.98,0.0,31.4,20,1,1
11:25:27.760,VIGILE,1,175.24,20.59,0.235,-1.377,3.158,-8.923,-0.106,0.069,-0.012,77.98,0.0,31.4,20,1,1
11:25:28.260,VIGILE,1,178.2,17.13,0.233,-0.783,2.974,-8.976,-0.154,0.067,-0.02,77.98,0.0,31.4,20,1,1
11:25:28.760,VIGILE,1,168.0,14.02,0.15,-0.924,3.168,-9.414,-0.144,0.057,-0.011,77.98,0.0,31.4,20,1,1
11:25:29.260,VIGILE,1,168.34,18.09,0.217,-1.29,3.496,-9.206,-0.117,0.071,-0.018,77.98,0.0,31.4,20,1,1
11:25:29.761,VIGILE,1,169.45,14.56,0.201,-1.429,3.282,-8.262,-0.144,0.064,-0.022,77.98,0.0,31.4,20,1,1
11:25:30.261,VIGILE,1,171.07,11.28,0.206,-1.223,3.388,-8.926,-0.098,0.052,-0.025,77.98,0.0,31.4,20,1,1
11:25:30.761,VIGILE,1,173.93,13.94,0.116,-1.209,2.823,-9.064,-0.136,0.042,-0.012,77.98,0.0,31.4,20,1,1
11:25:31.261,VIGILE,1,174.08,18.47,0.224,-1.14,3.333,-9.184,-0.123,0.07,-0.026,77.98,0.0,31.4,20,1,1
11:25:31.761,VIGILE,1,175.38,13.77,0.166,-1.415,3.01,-8.612,-0.181,0.107,-0.038,77.98,0.0,31.4,20,1,1
11:25:32.262,VIGILE,1,174.34,17.99,0.24,-1.544,3.61,-9.44,-0.127,0.066,-0.006,77.98,0.0,31.4,20,1,1
11:25:32.762,VIGILE,1,178.07,19.58,0.251,-0.96,3.347,-8.911,-0.161,0.066,-0.028,77.98,0.0,31.4,20,1,1
11:25:33.262,VIGILE,1,177.81,16.53,0.241,-1.13,3.266,-9.115,-0.134,0.08,-0.02,77.98,0.0,31.4,20,1,1
11:25:33.762,VIGILE,1,179.45,18.6,0.254,-0.871,2.497,-8.832,-0.107,0.05,-0.012,77.98,0.0,31.4,20,1,1
11:25:34.262,VIGILE,1,176.31,19.8,0.212,-0.792,3.165,-9.369,-0.156,0.058,-0.009,77.98,0.0,31.4,20,1,1
11:25:34.762,VIGILE,1,169.33,18.76,0.166,-0.924,3.043,-8.535,-0.107,0.041,-0.021,77.98,0.0,31.4,20,1,1
11:25:35.262,VIGILE,1,170.59,17.38,0.215,-1.211,3.074,-9.096,-0.147,0.087,-0.018,77.98,0.0,31.4,20,1,1
11:25:35.762,VIGILE,1,174.37,16.82,0.215,-0.893,3.148,-8.765,-0.196,0.083,-0.001,77.98,0.0,31.4,20,1,1
11:25:36.262,VIGILE,1,163.68,14.65,0.229,-1.42,3.584,-8.993,-0.092,0.041,-0.023,77.98,0.0,31.4,20,1,1
11:25:36.762,VIGILE,1,166.65,16.2,0.243,-1.144,2.909,-9.165,-0.161,0.099,-0.002,77.98,0.0,31.4,20,1,1
11:25:37.263,VIGILE,1,162.86,13.73,0.117,-1.678,3.28,-9.153,-0.107,0.023,-0.009,77.98,0.0,31.4,20,1,1
11:25:37.763,VIGILE,1,171.81,15.05,0.205,-1.259,3.357,-9.244,-0.134,0.079,-0.033,77.98,0.0,31.4,20,1,1
11:25:38.263,VIGILE,1,177.48,17.54,0.217,-0.781,3.191,-9.756,-0.125,0.055,-0.022,77.98,0.0,31.4,20,1,1
11:25:38.763,VIGILE,1,170.49,18.09,0.21,-0.582,2.945,-9.943,-0.144,0.031,-0.038,77.98,0.0,31.4,20,1,1
11:25:39.263,VIGILE,1,177.06,15.58,0.187,-0.625,3.239,-9.752,-0.145,0.05,-0.026,77.98,0.0,31.4,20,1,1
11:25:39.763,VIGILE,1,175.87,19.7,0.239,-0.845,3.371,-9.622,-0.105,0.052,-0.025,77.98,0.0,31.4,20,1,1
11:25:40.263,VIGILE,1,174.15,20.95,0.248,-1.336,2.964,-9.076,-0.102,0.05,0.006,77.98,0.0,31.4,20,1,1
11:25:40.763,VIGILE,1,172.42,21.17,0.247,0.661,2.935,-7.501,-0.199,0.054,-0.07,77.98,0.0,31.4,20,1,1
11:25:41.263,VIGILE,1,170.51,22.53,0.271,-1.226,2.854,-9.488,-0.023,0.038,0.023,77.98,0.0,31.4,20,1,1
11:25:41.763,VIGILE,1,176.62,21.02,0.238,-1.164,3.575,-9.292,-0.18,0.104,-0.025,77.98,0.0,31.4,20,1,1
11:25:42.263,VIGILE,1,173.42,22.46,0.269,-1.046,3.529,-9.359,-0.092,0.056,-0.006,77.98,0.0,31.4,20,1,1
11:25:42.763,VIGILE,1,175.37,21.0,0.274,-0.642,2.966,-9.153,-0.144,0.078,-0.033,77.98,0.0,31.4,20,1,1
11:25:43.263,VIGILE,1,175.27,23.68,0.276,-1.018,2.789,-9.292,-0.161,0.072,-0.016,77.98,0.0,31.4,20,1,1
11:25:43.763,VIGILE,1,175.68,22.28,0.26,-0.318,2.986,-9.304,-0.093,0.068,-0.016,77.98,0.0,31.4,20,1,1
11:25:44.263,VIGILE,1,178.93,20.32,0.256,-0.512,2.449,-8.653,-0.124,0.072,-0.022,77.98,0.0,31.4,20,1,1
11:25:44.763,VIGILE,1,177.33,17.21,0.248,0.486,2.471,-10.041,-0.096,0.029,-0.06,77.98,0.0,31.4,20,1,1
11:25:45.264,VIGILE,1,179.62,14.9,0.193,-0.56,2.892,-9.134,-0.19,0.056,-0.015,77.98,0.0,31.4,20,1,1
11:25:45.764,VIGILE,1,-179.71,19.48,0.251,-0.271,3.11,-9.373,-0.175,0.112,-0.031,77.98,0.0,31.4,20,1,1
11:25:46.264,VIGILE,1,173.96,17.46,0.261,-0.874,3.036,-9.266,-0.084,0.034,-0.002,77.98,0.0,31.4,20,1,1
11:25:46.764,VIGILE,1,173.43,20.09,0.295,-1.104,3.407,-9.335,-0.143,0.083,-0.018,77.98,0.0,31.4,20,1,1
11:25:47.264,VIGILE,1,171.88,20.52,0.263,-0.67,4.233,-9.488,-0.066,0.094,-0.043,77.98,0.0,31.4,20,1,1
11:25:47.764,VIGILE,1,171.0,19.13,0.266,-1.003,3.244,-8.82,-0.152,0.064,-0.018,77.98,0.0,31.4,20,1,1
11:25:48.264,VIGILE,1,175.04,16.04,0.277,-0.867,3.419,-8.305,-0.135,0.065,-0.045,77.98,0.0,31.4,20,1,1
11:25:48.764,VIGILE,1,-179.92,14.56,0.278,-1.645,3.086,-10.357,0.059,0.116,0.037,77.98,0.0,31.4,20,1,1
11:25:49.264,VIGILE,1,176.52,18.34,0.276,-0.419,3.654,-9.064,-0.123,0.103,-0.021,77.98,0.0,31.4,20,1,1
11:25:49.764,VIGILE,1,172.13,15.46,0.269,-0.5,2.557,-9.986,-0.179,0.068,-0.019,77.98,0.0,31.4,20,1,1
11:25:50.264,VIGILE,1,169.64,15.01,0.208,-1.583,2.921,-8.631,-0.076,0.11,-0.03,77.98,0.0,31.4,20,1,1
11:25:50.764,VIGILE,1,171.74,17.83,0.242,-1.295,3.481,-8.827,-0.152,0.106,-0.033,77.98,0.0,31.4,20,1,1
11:25:51.264,VIGILE,1,171.7,16.03,0.249,-1.53,3.108,-8.89,-0.132,0.047,-0.019,77.98,0.0,31.4,20,1,1
11:25:51.764,VIGILE,1,174.05,15.86,0.257,-1.041,2.959,-8.729,-0.163,0.076,0.007,77.98,0.0,31.4,20,1,1
11:25:52.264,VIGILE,1,170.44,15.71,0.251,-1.065,3.237,-8.849,-0.113,0.076,-0.009,77.98,0.0,31.4,20,1,1
11:25:52.764,VIGILE,1,170.98,17.52,0.245,-1.19,3.345,-9.206,-0.046,0.019,0.026,77.98,0.0,31.4,20,1,1
11:25:53.265,VIGILE,1,169.8,14.19,0.058,-0.618,3.335,-8.708,-0.166,0.078,-0.042,77.98,0.0,31.4,20,1,1
11:25:53.765,VIGILE,1,174.84,19.92,0.228,-1.128,3.139,-9.029,-0.062,0.056,-0.013,77.98,0.0,31.4,20,1,1
11:25:54.265,VIGILE,1,176.35,19.13,0.249,-0.706,2.892,-8.921,-0.167,0.088,-0.044,77.98,0.0,31.4,20,1,1
11:25:54.765,VIGILE,1,176.58,18.94,0.247,-0.266,3.242,-9.323,-0.144,0.072,-0.025,77.98,0.0,31.4,20,1,1
11:25:55.265,VIGILE,1,176.19,23.0,0.274,-0.424,3.203,-9.033,-0.127,0.076,-0.034,77.98,0.0,31.4,20,1,1
11:25:55.765,VIGILE,1,173.78,20.44,0.248,-1.595,3.184,-8.667,-0.124,0.052,0.018,77.98,0.0,31.4,20,1,1
11:25:56.265,VIGILE,1,174.67,27.68,0.255,-1.152,3.699,-9.919,-0.122,0.056,-0.004,77.98,0.0,31.4,20,1,1
11:25:56.765,VIGILE,1,176.11,24.55,0.281,-2.83,3.041,-9.668,-0.028,0.057,0.053,77.98,0.0,31.4,20,1,1
11:25:57.265,VIGILE,1,178.6,22.06,0.256,-0.421,5.641,-7.46,-0.105,0.005,-0.023,77.98,0.0,31.4,20,1,1
11:25:57.765,VIGILE,1,175.97,22.09,0.266,-0.431,3.991,-8.736,-0.167,0.058,-0.039,77.98,0.0,31.4,20,1,1
11:25:58.265,VIGILE,1,174.8,17.99,0.23,-1.051,2.868,-9.146,-0.194,0.098,-0.038,77.98,0.0,31.4,20,1,1
11:25:58.765,VIGILE,1,169.95,17.24,0.24,-1.039,3.62,-8.976,-0.09,0.03,-0.019,77.98,0.0,31.4,20,1,1
11:25:59.265,VIGILE,1,169.75,14.44,0.251,-1.173,2.746,-8.914,-0.188,0.081,-0.067,77.98,0.0,31.4,20,1,1
11:25:59.765,VIGILE,1,172.19,13.6,0.251,-1.741,3.237,-9.199,-0.119,0.097,-0.053,77.98,0.0,31.4,20,1,1
11:26:00.265,VIGILE,1,176.73,15.79,0.231,-0.862,3.177,-8.866,-0.177,0.052,-0.016,77.98,0.0,31.4,20,1,1
11:26:00.765,VIGILE,1,174.43,17.73,0.244,-1.214,3.089,-8.191,-0.072,0.058,-0.009,77.98,0.0,31.4,20,1,1
11:26:01.266,VIGILE,1,171.5,18.84,0.229,-1.104,2.95,-9.266,-0.106,0.062,-0.014,77.98,0.0,31.4,20,1,1
11:26:01.766,VIGILE,1,169.89,20.66,0.194,-0.644,3.852,-9.031,-0.201,0.078,-0.014,77.98,0.0,31.4,20,1,1
11:26:02.266,VIGILE,1,172.95,16.6,0.19,-1.197,3.788,-8.964,-0.124,0.068,0.012,77.98,0.0,31.4,20,1,1
11:26:02.766,VIGILE,1,171.54,21.66,0.232,-0.903,3.232,-9.091,-0.115,0.046,0.018,77.98,0.0,31.4,20,1,1
11:26:03.266,VIGILE,1,171.37,21.53,0.226,-0.974,3.845,-9.127,-0.174,0.052,-0.013,77.98,0.0,31.4,20,1,1
11:26:03.766,VIGILE,1,167.22,25.51,0.238,-1.247,3.666,-9.325,-0.171,0.061,0.011,77.98,0.0,31.4,20,1,1
11:26:04.266,VIGILE,1,169.36,22.02,0.201,-1.365,3.663,-8.748,-0.122,0.022,0.025,77.98,0.0,31.4,19,1,1
11:26:04.766,VIGILE,1,167.33,24.0,0.215,-1.13,4.034,-8.466,-0.121,0.018,0.011,77.98,0.0,31.4,19,1,1
11:26:05.266,VIGILE,1,165.86,17.81,0.189,-1.434,4.001,-9.802,-0.176,0.046,0.012,77.98,0.0,31.4,19,1,1
11:26:05.766,VIGILE,1,163.5,17.71,0.183,-1.132,3.263,-8.768,-0.12,0.056,-0.006,77.98,0.0,31.4,19,1,1
11:26:06.266,VIGILE,1,166.26,20.91,0.177,-1.559,3.196,-8.698,-0.171,0.061,-0.001,77.98,0.0,31.4,19,1,1
11:26:06.766,VIGILE,1,169.03,17.25,0.211,-0.819,2.935,-8.952,-0.076,0.038,0.005,77.98,0.0,31.4,19,1,1
11:26:07.266,VIGILE,1,158.07,14.6,0.204,-1.147,3.575,-9.036,-0.118,0.074,-0.015,77.98,0.0,31.4,19,1,1
11:26:07.766,VIGILE,1,171.8,17.38,0.283,-1.326,3.309,-9.464,-0.103,0.024,0.013,77.98,0.0,31.4,19,1,1
11:26:08.266,VIGILE,1,-179.2,22.79,0.279,-1.24,3.529,-8.648,-0.098,0.055,-0.001,77.98,0.0,31.4,19,1,1
11:26:08.767,VIGILE,1,177.29,13.63,0.249,-1.518,3.357,-8.964,-0.161,0.082,-0.021,77.98,0.0,31.4,19,1,1
11:26:09.267,VIGILE,1,178.45,10.48,0.223,-1.377,3.244,-9.22,-0.147,0.083,-0.021,77.98,0.0,31.4,19,1,1
11:26:09.767,VIGILE,1,178.34,10.51,0.235,-0.362,3.46,-8.499,-0.16,0.067,-0.031,77.98,0.0,31.4,19,1,1
11:26:10.267,VIGILE,1,179.65,16.13,0.246,-1.271,3.005,-9.292,-0.115,0.065,-0.01,77.98,0.0,31.4,19,1,1
11:26:10.767,VIGILE,1,-179.93,25.28,0.287,-1.566,2.868,-9.029,-0.14,0.106,-0.029,77.98,0.0,31.4,19,1,1
11:26:11.267,VIGILE,1,175.34,25.82,0.183,-0.965,2.974,-8.665,-0.177,0.079,-0.031,77.98,0.0,31.4,19,1,1
11:26:11.767,VIGILE,1,176.66,20.34,0.224,-0.97,2.945,-9.225,-0.167,0.094,-0.021,77.98,0.0,31.4,18,1,1
11:26:12.267,VIGILE,1,169.52,14.8,0.22,0.409,3.847,-8.538,-0.156,0.146,-0.089,77.98,0.0,31.4,18,1,1
11:26:12.767,VIGILE,1,175.27,16.65,0.233,-0.646,3.5,-9.187,-0.145,0.078,-0.022,77.98,0.0,31.4,18,1,1
11:26:13.267,VIGILE,1,173.94,13.26,0.21,-0.749,3.249,-8.765,-0.149,0.092,-0.014,77.98,0.0,31.4,18,1,1
11:26:13.767,VIGILE,1,170.65,14.71,0.209,-1.082,3.476,-9.242,-0.171,0.051,-0.029,77.98,0.0,31.4,18,1,1
11:26:14.267,VIGILE,1,173.27,20.52,0.244,-0.919,3.146,-9.378,-0.087,0.034,-0.005,77.98,0.0,31.5,18,1,1
11:26:14.767,VIGILE,1,169.76,23.78,0.218,-2.042,2.698,-9.352,-0.159,0.124,-0.015,77.98,0.0,31.5,18,1,1
11:26:15.267,VIGILE,1,171.07,20.5,0.227,-0.766,3.091,-9.194,-0.138,0.059,-0.029,77.98,0.0,31.5,18,1,1
11:26:15.767,VIGILE,1,171.58,16.45,0.217,-1.314,2.875,-9.443,-0.131,0.033,-0.013,77.98,0.0,31.5,18,1,1
11:26:16.268,VIGILE,1,167.48,12.02,0.24,-1.183,2.533,-9.251,-0.131,0.063,-0.025,77.98,0.0,31.5,18,1,1
11:26:16.768,VIGILE,1,170.58,14.78,0.258,-1.228,3.074,-9.524,-0.071,0.033,-0.003,77.98,0.0,31.5,18,1,1
11:26:17.268,VIGILE,1,169.99,15.11,0.231,-0.867,3.275,-9.163,-0.144,0.085,-0.022,77.98,0.0,31.5,18,1,1
11:26:17.768,VIGILE,1,169.41,18.37,0.228,-0.776,2.887,-9.263,-0.213,0.109,-0.029,77.98,0.0,31.5,18,1,1
11:26:18.268,VIGILE,1,172.66,20.55,0.249,-1.312,3.029,-9.385,-0.102,0.056,-0.013,77.98,0.0,31.5,18,1,1
11:26:18.768,VIGILE,1,170.16,22.66,0.236,-1.08,2.902,-9.16,-0.153,0.065,-0.011,77.98,0.0,31.5,18,1,1
11:26:19.268,VIGILE,1,170.75,20.42,0.205,-0.917,3.254,-9.177,-0.181,0.096,-0.028,77.98,0.0,31.5,18,1,1
11:26:19.768,VIGILE,1,174.03,44.34,0.284,-1.46,3.16,-9.397,-0.084,0.066,0.006,77.98,0.0,31.5,18,1,1
11:26:20.268,VIGILE,1,178.22,43.6,0.278,-1.3,3.486,-9.072,-0.115,0.056,-0.006,77.98,0.0,31.5,18,1,1
11:26:20.768,VIGILE,1,178.26,42.17,0.289,-1.513,3.488,-9.131,-0.129,0.045,-0.017,77.98,0.0,31.5,18,1,1
11:26:21.268,VIGILE,1,179.01,38.48,0.29,-0.505,2.851,-9.811,-0.094,0.049,-0.003,77.98,0.0,31.5,18,1,1
11:26:21.768,VIGILE,1,175.47,38.23,0.299,-0.946,2.866,-9.469,-0.193,0.084,-0.042,77.98,0.0,31.5,18,1,1
11:26:22.268,VIGILE,1,172.79,42.14,0.25,-1.168,3.199,-8.66,-0.184,0.096,-0.042,77.98,0.0,31.5,18,1,1
11:26:22.768,VIGILE,1,173.2,40.8,0.294,-1.353,2.796,-9.606,-0.106,0.058,-0.035,77.98,0.0,31.5,18,1,1
11:26:23.268,VIGILE,1,174.45,23.98,0.28,-1.061,3.632,-9.148,-0.09,0.072,-0.029,77.98,0.0,31.5,18,1,1
11:26:23.768,VIGILE,1,165.85,18.92,0.263,-1.044,3.704,-8.935,-0.123,0.077,-0.005,77.98,0.0,31.5,18,1,1
11:26:24.268,VIGILE,1,166.92,18.99,0.249,-1.302,3.891,-9.388,-0.036,0.032,0.05,77.98,0.0,31.4,18,1,1
11:26:24.769,VIGILE,1,168.94,18.04,0.252,-1.044,3.436,-8.993,-0.1,0.071,-0.007,77.98,0.0,31.4,18,1,1
11:26:25.269,VIGILE,1,174.08,20.37,0.268,-0.871,4.223,-9.232,-0.069,0.025,0.036,77.98,0.0,31.4,18,1,1
11:26:25.769,VIGILE,1,175.98,21.85,0.245,-1.154,3.814,-8.557,-0.066,0.055,0.051,77.98,0.0,31.4,18,1,1
11:26:26.269,VIGILE,1,172.72,23.39,0.265,-0.122,3.491,-8.894,-0.114,0.028,-0.007,77.98,0.0,31.4,18,1,1
11:26:26.769,VIGILE,1,174.07,40.68,0.275,-0.998,3.036,-9.301,-0.123,0.019,-0.009,77.98,0.0,31.4,18,1,1
11:26:27.269,VIGILE,1,174.36,38.09,0.274,-1.176,3.0,-8.933,-0.087,0.059,-0.017,77.98,0.0,31.4,18,1,1
11:26:27.769,VIGILE,1,173.62,41.72,0.216,-1.923,3.158,-9.558,-0.121,0.039,-0.009,77.98,0.0,31.4,18,1,1
11:26:28.269,VIGILE,1,176.21,41.5,0.283,-1.221,2.981,-9.029,-0.188,0.068,-0.048,77.98,0.0,31.4,18,1,1
11:26:28.769,VIGILE,1,177.98,38.9,0.293,-0.898,3.021,-9.347,-0.136,0.081,-0.03,77.98,0.0,31.4,18,1,1
11:26:29.269,VIGILE,1,175.11,38.85,0.319,-0.881,2.914,-9.218,-0.172,0.096,-0.041,77.98,0.0,31.4,18,1,1
11:26:29.769,VIGILE,1,178.13,25.08,0.319,-1.08,3.44,-8.902,-0.111,0.057,-0.033,77.98,0.0,31.4,18,1,1
11:26:30.269,VIGILE,1,171.56,34.37,0.091,-1.353,2.971,-9.225,-0.151,0.09,-0.017,77.98,0.0,31.4,18,1,1
11:26:30.769,VIGILE,1,173.85,37.55,0.27,-0.874,3.108,-9.392,-0.176,0.068,-0.013,77.98,0.0,31.4,18,1,1
11:26:31.269,VIGILE,1,173.37,21.85,0.273,-1.279,3.685,-8.971,-0.162,0.061,-0.022,77.98,0.0,31.4,18,1,1
11:26:31.769,VIGILE,1,176.59,23.5,0.281,-0.824,3.244,-9.266,-0.161,0.088,-0.027,77.98,0.0,31.4,18,1,1
11:26:32.270,VIGILE,1,173.22,20.82,0.281,-1.12,3.057,-9.096,-0.133,0.072,-0.025,77.98,0.0,31.4,18,1,1
11:26:32.770,VIGILE,1,163.25,14.33,0.242,-0.917,3.235,-9.199,-0.133,0.074,-0.014,77.98,0.0,31.4,18,1,1
11:26:33.270,VIGILE,1,166.52,14.84,0.25,-1.192,3.78,-8.298,-0.147,0.085,-0.019,77.98,0.0,31.4,18,1,1
11:26:33.770,VIGILE,1,167.92,15.1,0.258,-1.144,3.309,-9.347,-0.119,0.056,-0.008,77.98,0.0,31.4,18,1,1
11:26:34.270,VIGILE,1,169.71,15.43,0.267,-1.216,3.175,-9.222,-0.105,0.059,-0.01,77.98,0.0,31.4,18,1,1
11:26:34.770,VIGILE,1,172.27,14.03,0.249,-1.068,3.261,-8.832,-0.146,0.073,-0.024,77.98,0.0,31.4,18,1,1
11:26:35.270,VIGILE,1,163.38,9.85,0.117,-1.034,3.481,-9.117,-0.138,0.089,-0.039,77.98,0.0,31.4,18,1,1
11:26:35.770,VIGILE,1,165.72,14.63,0.245,-1.061,3.048,-8.559,-0.149,0.06,-0.033,77.98,0.0,31.4,18,1,1
11:26:36.270,VIGILE,1,165.55,16.08,0.248,-0.915,3.472,-9.337,-0.126,0.064,-0.022,77.98,0.0,31.4,18,1,1
11:26:36.770,VIGILE,1,164.48,16.09,0.258,-1.623,3.115,-9.175,-0.09,0.037,0.013,77.98,0.0,31.4,18,1,1
11:26:37.270,VIGILE,1,170.26,20.37,0.279,-1.178,3.251,-8.449,-0.158,0.079,-0.046,77.98,0.0,31.4,18,1,1
11:26:37.770,VIGILE,1,168.41,15.63,0.268,-2.322,3.656,-9.024,-0.116,0.054,-0.004,77.98,0.0,31.4,18,1,1
11:26:38.270,VIGILE,1,171.31,14.44,0.274,-2.04,3.654,-8.645,-0.142,0.071,-0.017,77.98,0.0,31.4,18,1,1
11:26:38.770,VIGILE,1,169.33,13.67,0.252,-2.322,3.625,-8.729,-0.126,0.08,-0.019,77.98,0.0,31.4,18,1,1
11:26:39.270,VIGILE,1,168.51,13.33,0.243,-1.307,2.928,-9.153,-0.13,0.06,-0.01,77.98,0.0,31.4,18,1,1
11:26:39.770,VIGILE,1,168.14,15.46,0.264,-1.343,3.551,-8.997,-0.136,0.075,-0.018,77.98,0.0,31.4,18,1,1
11:26:40.271,VIGILE,1,164.83,16.36,0.252,-1.592,3.591,-8.701,-0.135,0.082,-0.028,77.98,0.0,31.4,18,1,1
11:26:40.771,VIGILE,1,166.19,13.79,0.259,-2.447,3.697,-8.875,-0.127,0.061,-0.014,77.98,0.0,31.4,18,1,1
11:26:41.271,VIGILE,1,166.16,18.34,0.246,-2.545,3.905,-8.622,-0.138,0.067,-0.031,77.98,0.0,31.4,18,1,1
11:26:41.771,VIGILE,1,167.88,13.73,0.255,-2.002,3.737,-8.78,-0.104,0.055,-0.012,77.98,0.0,31.4,18,1,1
11:26:42.271,VIGILE,1,167.88,17.96,0.266,-1.82,3.587,-8.909,-0.15,0.078,-0.031,77.98,0.0,31.4,18,1,1
11:26:42.771,VIGILE,1,167.31,13.84,0.264,-1.456,3.584,-8.552,-0.152,0.076,-0.011,77.98,0.0,31.4,18,1,1
11:26:43.271,VIGILE,1,171.05,15.83,0.277,-1.147,3.249,-9.057,-0.145,0.076,-0.019,77.98,0.0,31.4,18,1,1
11:26:43.771,VIGILE,1,166.77,16.02,0.262,-1.516,3.28,-8.871,-0.107,0.05,-0.02,77.98,0.0,31.4,18,1,1
11:26:44.271,VIGILE,1,169.94,13.19,0.187,-1.537,3.273,-8.945,-0.149,0.077,-0.03,77.98,0.0,31.4,18,1,1
11:26:44.772,VIGILE,1,168.84,10.78,0.228,-1.925,3.294,-8.93,-0.134,0.07,-0.013,77.98,0.0,31.4,18,1,1
11:26:45.272,VIGILE,1,175.56,9.28,0.284,-1.173,3.268,-9.096,-0.139,0.072,-0.019,77.98,0.0,31.4,18,1,1
11:26:45.772,VIGILE,1,166.21,14.36,0.044,-1.058,3.079,-8.933,-0.128,0.067,-0.022,77.98,0.0,31.4,18,1,1
11:26:46.272,VIGILE,1,177.27,18.36,0.26,-0.97,3.141,-9.175,-0.13,0.067,-0.015,77.98,0.0,31.4,18,1,1
11:26:46.772,VIGILE,1,176.24,20.71,0.257,-1.094,3.165,-9.108,-0.127,0.062,-0.007,77.98,0.0,31.4,18,1,1
11:26:47.272,VIGILE,1,177.3,19.9,0.271,-1.025,3.007,-9.239,-0.13,0.06,-0.024,77.98,0.0,31.4,18,1,1
11:26:47.772,VIGILE,1,176.62,14.5,0.098,-0.929,3.108,-9.242,-0.137,0.066,-0.022,77.98,0.0,31.4,18,1,1
11:26:48.272,VIGILE,1,176.42,22.97,0.256,-0.958,2.95,-8.997,-0.147,0.07,-0.024,77.98,0.0,31.4,18,1,1
11:26:48.772,VIGILE,1,175.49,18.88,0.264,-1.056,3.259,-9.234,-0.122,0.064,-0.014,77.98,0.0,31.4,18,1,1
11:26:49.272,VIGILE,1,172.16,7.42,0.223,-0.986,3.0,-8.997,-0.129,0.064,-0.018,77.98,0.0,31.4,17,1,1
11:26:49.772,VIGILE,1,172.31,0.87,0.121,-0.876,2.947,-9.122,-0.131,0.07,-0.015,77.98,0.0,31.4,17,1,1
11:26:50.272,VIGILE,1,172.59,1.23,0.227,-1.101,3.232,-9.129,-0.13,0.076,-0.013,77.98,0.0,31.4,17,1,1
11:26:50.772,VIGILE,1,172.69,33.57,0.364,-0.948,3.096,-9.163,-0.14,0.066,-0.017,77.98,0.0,31.4,17,1,1
11:26:51.272,VIGILE,1,172.17,33.79,0.342,-0.876,3.048,-9.182,-0.14,0.072,-0.021,77.98,0.0,31.4,17,1,1
11:26:51.772,VIGILE,1,172.43,29.44,0.312,-1.044,3.031,-8.914,-0.132,0.067,-0.015,77.98,0.0,31.3,17,1,1
11:26:52.272,VIGILE,1,178.82,19.59,0.263,-1.018,3.225,-9.297,-0.139,0.068,-0.019,77.98,0.0,31.3,17,1,1
11:26:52.773,VIGILE,1,-176.95,17.35,0.302,-0.867,2.954,-8.885,-0.143,0.072,-0.022,77.98,0.0,31.3,17,1,1
11:26:53.273,VIGILE,1,-177.92,33.23,0.126,-0.95,3.129,-9.203,-0.136,0.065,-0.019,77.98,0.0,31.3,17,1,1
11:26:53.773,VIGILE,1,178.64,29.0,0.29,-1.082,3.069,-8.94,-0.135,0.073,-0.019,77.98,0.0,31.3,17,1,1
11:26:54.273,DISTRAZIONE,1,179.58,25.81,0.28,-0.922,3.081,-9.105,-0.132,0.063,-0.016,77.98,0.0,31.3,16,1,1
11:26:54.773,DISTRAZIONE,1,174.14,24.81,0.324,-1.087,3.005,-9.0,-0.133,0.071,-0.019,77.98,0.0,31.3,16,1,1
11:26:55.273,DISTRAZIONE,1,176.82,26.49,0.276,-0.895,3.151,-9.105,-0.135,0.064,-0.024,77.98,0.0,31.3,16,1,1
11:26:55.773,DISTRAZIONE,1,179.51,26.53,0.293,-0.972,2.892,-8.825,-0.134,0.068,-0.022,77.98,0.0,31.3,16,1,1
11:26:56.273,DISTRAZIONE,1,179.17,24.49,0.275,-0.776,2.926,-9.287,-0.139,0.07,-0.012,77.98,0.0,31.3,16,1,1
11:26:56.773,DISTRAZIONE,1,175.76,22.67,0.237,-0.649,3.067,-9.163,-0.114,0.066,-0.01,77.98,0.0,31.2,16,1,1
11:26:57.273,DISTRAZIONE,1,-178.77,27.94,0.076,-0.661,2.974,-9.069,-0.122,0.054,-0.016,77.98,0.0,31.2,16,1,1
11:26:57.773,DISTRAZIONE,1,-177.13,32.17,0.099,-1.116,3.055,-8.744,-0.148,0.066,-0.018,77.98,0.0,31.2,16,1,1
11:26:58.273,DISTRAZIONE,1,-176.32,36.55,0.357,-1.07,3.05,-8.935,-0.147,0.077,-0.024,77.98,0.0,31.2,16,1,1
11:26:58.773,DISTRAZIONE,1,-178.89,40.35,0.21,-1.63,3.175,-9.014,-0.123,0.076,-0.019,77.98,0.0,31.2,16,1,1
11:26:59.273,DISTRAZIONE,1,-178.9,37.34,0.301,-0.057,2.761,-9.718,-0.114,0.077,-0.017,77.98,0.0,31.1,16,1,1
11:26:59.773,DISTRAZIONE,1,-178.97,38.43,0.379,0.249,2.399,-10.072,-0.113,0.059,-0.016,77.98,0.0,31.1,16,1,1
11:27:00.273,DISTRAZIONE,1,-175.69,38.91,0.394,0.699,2.533,-9.273,-0.111,0.059,-0.004,77.98,0.0,31.1,16,1,1
11:27:00.774,DISTRAZIONE,1,-176.43,63.69,0.255,-1.401,3.084,-9.208,-0.09,0.03,-0.006,77.98,0.0,31.1,16,1,1
11:27:01.274,DISTRAZIONE,1,-178.47,36.47,0.167,-1.156,3.098,-9.29,-0.137,0.063,-0.017,77.98,0.0,31.1,16,1,1
11:27:01.774,DISTRAZIONE,1,171.19,62.37,0.161,-1.061,3.328,-9.067,-0.182,0.072,-0.031,77.98,0.0,31.1,16,1,1
11:27:02.274,DISTRAZIONE,1,172.74,36.55,0.389,-1.86,3.462,-8.815,-0.135,0.055,-0.009,77.98,0.0,31.1,16,1,1
11:27:02.774,DISTRAZIONE,1,173.5,18.52,0.07,-1.417,3.196,-8.971,-0.135,0.067,-0.02,77.98,0.0,31.1,16,1,1
11:27:03.274,DISTRAZIONE,1,172.42,13.46,0.029,-1.391,3.287,-9.045,-0.13,0.051,-0.009,77.98,0.0,31.1,16,1,1
11:27:03.774,DISTRAZIONE,1,166.5,11.19,0.063,-0.96,3.247,-9.172,-0.11,0.047,-0.014,77.98,0.0,31.1,16,1,1
11:27:04.274,DISTRAZIONE,1,176.65,49.61,0.125,-1.657,3.5,-8.701,-0.046,0.031,0.006,77.98,0.0,31.0,16,1,1
11:27:04.774,DISTRAZIONE,1,170.33,68.13,0.39,-0.855,3.041,-9.182,-0.151,0.078,-0.024,77.98,0.0,31.0,16,1,1
11:27:05.274,DISTRAZIONE,1,175.99,38.88,0.428,-0.359,2.655,-8.909,-0.154,0.093,-0.029,77.98,0.0,31.0,16,1,1
11:27:05.774,DISTRAZIONE,1,175.12,41.02,0.46,2.605,1.707,-10.781,-0.144,0.068,-0.037,77.98,0.0,31.0,16,1,1
11:27:06.274,VIGILE,1,179.2,73.11,0.415,0.57,2.399,-9.5,-0.082,0.077,0.004,77.98,0.0,31.0,16,1,1
11:27:06.774,VIGILE,1,179.37,24.79,0.311,1.065,2.229,-10.532,-0.141,0.069,0.0,77.98,0.0,31.0,16,1,1
11:27:07.274,VIGILE,1,168.35,17.37,0.238,0.532,2.504,-9.462,-0.126,0.094,-0.005,77.98,0.0,31.0,16,1,1
11:27:07.774,VIGILE,1,173.45,14.99,0.249,0.467,2.227,-10.534,-0.175,0.06,-0.033,77.98,0.0,31.0,16,1,1
11:27:08.274,VIGILE,1,175.45,13.76,0.268,-1.214,3.055,-9.606,-0.18,0.095,-0.039,77.98,0.0,31.0,16,1,1
11:27:08.775,VIGILE,1,176.84,21.89,0.269,0.505,2.665,-9.354,-0.229,0.106,-0.048,77.98,0.0,31.0,16,1,1
11:27:09.275,VIGILE,1,174.24,25.45,0.3,-1.518,3.053,-9.222,-0.134,0.04,-0.007,77.98,0.0,31.0,16,1,1
11:27:09.775,VIGILE,1,176.44,32.34,0.391,-2.303,4.18,-8.684,-0.144,0.031,0.056,77.98,0.0,31.0,16,1,1
11:27:10.275,VIGILE,1,172.8,40.76,0.471,-2.488,7.587,-7.274,-0.03,-0.042,0.198,77.98,0.0,31.0,16,1,1
11:27:10.775,VIGILE,1,169.31,40.15,0.493,-0.819,5.258,-7.951,-0.061,-0.088,0.391,77.98,0.0,31.0,16,1,1
11:27:11.275,VIGILE,1,164.77,36.5,0.413,-2.282,6.12,-7.8,-0.02,-0.143,0.446,77.98,0.0,31.0,16,1,1
11:27:11.775,VIGILE,1,173.03,34.14,0.342,0.249,4.568,-6.819,-0.253,0.04,0.502,77.98,0.0,31.0,16,1,1
11:27:12.275,VIGILE,0,0.0,0.0,0.0,-0.984,3.67,-7.195,-0.263,-0.021,0.491,77.98,0.0,31.0,16,1,1
11:27:12.775,VIGILE,1,168.62,24.64,0.236,-1.848,3.433,-8.229,0.027,-0.053,0.426,77.98,0.0,31.0,16,1,1
11:27:13.275,VIGILE,1,-174.79,28.08,0.33,-0.084,3.007,-8.444,-0.078,-0.001,0.276,77.98,0.0,31.0,16,1,1
11:27:13.775,VIGILE,1,179.43,10.8,0.26,0.52,3.115,-9.651,-0.122,-0.027,0.142,77.98,0.0,31.0,16,1,1
11:27:14.275,VIGILE,1,176.55,-8.38,0.255,-0.939,2.789,-9.404,-0.184,0.107,0.024,77.98,0.0,31.0,17,1,1
11:27:14.775,VIGILE,1,167.51,-17.38,0.238,-1.118,1.276,-8.471,-0.139,0.128,-0.072,77.98,0.0,31.0,17,1,1
11:27:15.275,VIGILE,1,162.36,-27.57,0.279,-1.049,1.365,-9.864,-0.372,0.217,-0.112,77.98,0.0,31.0,17,1,1
11:27:15.775,VIGILE,1,165.69,-35.77,0.354,-3.316,3.871,-9.543,-0.189,0.171,-0.05,77.98,0.0,31.0,17,1,1
11:27:16.275,VIGILE,1,169.65,-36.28,0.36,-2.411,2.945,-8.533,-0.025,0.107,-0.257,77.98,0.0,31.0,17,1,1
11:27:16.776,VIGILE,1,170.7,-29.54,0.27,-2.354,1.432,-10.623,-0.081,0.161,-0.285,77.98,0.0,31.0,17,1,1
11:27:17.276,VIGILE,1,168.44,-28.3,0.337,-2.449,3.201,-10.25,0.086,0.062,-0.316,77.98,0.0,31.0,17,1,1
11:27:17.776,VIGILE,1,167.81,-26.48,0.24,-2.361,2.947,-9.469,-0.214,0.187,-0.4,77.98,0.0,31.0,17,1,1
11:27:18.276,VIGILE,1,172.13,-27.4,0.263,-1.226,2.049,-10.925,-0.184,0.23,-0.347,77.98,0.0,31.0,17,1,1
11:27:18.776,VIGILE,1,170.8,-21.79,0.198,-2.231,3.199,-10.166,0.241,0.141,-0.221,77.98,0.0,31.0,17,1,1
11:27:19.276,VIGILE,1,176.07,-19.11,0.219,-0.716,1.978,-7.951,0.163,0.037,-0.252,77.98,0.0,31.0,17,1,1
11:27:19.776,VIGILE,1,173.53,-6.41,0.209,-1.712,1.946,-10.362,0.064,0.092,-0.26,77.98,0.0,31.0,17,1,1
11:27:20.276,VIGILE,1,171.86,-9.72,0.229,-4.42,3.249,-7.982,-0.416,0.255,-0.294,77.98,0.0,31.0,17,1,1
11:27:20.776,VIGILE,1,174.86,1.6,0.259,-2.734,1.772,-8.416,-0.527,0.399,-0.189,77.98,0.0,31.0,17,1,1
11:27:21.276,VIGILE,1,-178.96,16.88,0.192,-2.926,2.605,-4.762,-1.119,0.528,-0.045,77.98,0.0,31.0,17,1,1
11:27:21.776,VIGILE,1,170.24,27.13,0.261,-1.477,3.445,-8.236,-0.118,0.093,0.022,77.98,0.0,30.9,18,1,1
11:27:22.277,VIGILE,1,167.39,14.72,0.215,-1.621,2.303,-7.93,-0.11,-0.007,0.056,77.98,0.0,30.9,18,1,1
11:27:22.777,VIGILE,0,0.0,0.0,0.0,-1.757,3.067,-10.283,0.106,-0.178,0.062,77.98,0.0,30.9,18,1,1
11:27:23.277,VIGILE,1,162.21,-35.03,0.274,-3.704,6.917,-8.873,-0.094,-0.013,0.158,77.98,0.0,30.9,18,1,1
11:27:23.777,VIGILE,1,168.78,-22.69,0.041,0.01,5.844,-9.215,-0.134,-0.084,0.229,77.98,0.0,30.9,18,1,1
11:27:24.277,VIGILE,1,169.7,66.0,0.382,-0.527,3.869,-8.456,-0.016,-0.06,0.291,77.98,0.0,30.9,18,1,1
11:27:24.777,VIGILE,1,167.42,45.44,0.449,0.967,3.778,-9.184,-0.006,-0.119,0.215,77.98,0.0,30.9,18,1,1
11:27:25.277,VIGILE,1,162.51,76.29,0.368,-1.202,5.662,-8.291,-0.049,-0.098,0.259,77.98,0.0,30.9,18,1,1
11:27:25.777,VIGILE,1,166.32,47.85,0.559,-1.125,4.709,-8.413,0.0,-0.056,0.426,77.98,0.0,30.9,18,1,1
11:27:26.277,VIGILE,1,166.75,42.91,0.398,-0.431,4.877,-8.475,-0.042,-0.198,0.48,77.98,0.0,30.9,18,1,1
11:27:26.777,VIGILE,1,174.7,36.01,0.303,0.144,4.429,-8.349,-0.033,-0.119,0.512,77.98,0.0,30.9,18,1,1
11:27:27.277,VIGILE,1,-171.75,32.3,0.186,0.101,4.429,-9.16,-0.103,-0.088,0.371,77.98,0.0,30.9,18,1,1
11:27:27.777,VIGILE,1,-177.76,28.57,0.335,0.883,3.117,-9.165,-0.107,-0.018,0.224,77.98,0.0,30.9,18,1,1
11:27:28.277,VIGILE,1,176.79,20.5,0.242,0.055,3.472,-9.72,-0.016,-0.076,0.154,77.98,0.0,30.9,18,1,1
11:27:28.777,VIGILE,1,178.63,27.72,0.309,-1.86,3.196,-10.195,-0.157,0.039,-0.027,77.98,0.0,30.9,18,1,1
11:27:29.278,VIGILE,1,178.56,37.11,0.314,-1.468,0.527,-9.313,-0.092,0.002,-0.084,77.98,0.0,30.9,18,1,1
11:27:29.778,VIGILE,1,178.95,42.53,0.346,-2.605,3.012,-8.404,-0.173,0.07,-0.006,77.98,0.0,30.9,18,1,1
11:27:30.278,VIGILE,1,169.7,64.66,0.385,-0.972,4.101,-8.842,-0.155,-0.005,0.123,77.98,0.0,30.9,18,1,1
11:27:30.778,VIGILE,1,169.98,42.04,0.396,-0.656,5.138,-8.349,-0.173,-0.036,0.273,77.98,0.0,30.9,18,1,1
11:27:31.278,VIGILE,1,163.13,37.83,0.247,-0.852,4.779,-8.363,-0.124,-0.027,0.362,77.98,0.0,30.9,18,1,1
11:27:31.778,VIGILE,1,169.77,34.62,0.263,-2.033,5.03,-7.815,-0.169,-0.032,0.341,77.98,0.0,30.9,18,1,1
11:27:32.278,VIGILE,1,170.42,31.52,0.291,-1.899,5.641,-8.653,-0.027,-0.086,0.322,77.98,0.0,30.9,18,1,1
11:27:32.778,VIGILE,1,172.86,28.46,0.28,-1.906,4.87,-7.803,-0.091,-0.047,0.249,77.98,0.0,30.9,18,1,1
11:27:33.278,VIGILE,1,175.16,28.79,0.31,-1.973,3.857,-8.698,-0.095,0.013,0.136,77.98,0.0,30.9,18,1,1
11:27:33.778,VIGILE,1,173.97,20.2,0.051,-1.204,3.615,-8.689,-0.131,0.065,0.029,77.98,0.0,30.9,18,1,1
11:27:34.279,VIGILE,1,172.23,19.91,0.266,-0.848,3.515,-8.959,-0.152,0.06,0.013,77.98,0.0,30.8,18,1,1
11:27:34.779,VIGILE,1,159.47,25.82,0.24,-1.326,3.852,-8.545,-0.204,0.086,-0.042,77.98,0.0,30.8,18,1,1
11:27:35.279,VIGILE,1,156.09,21.97,0.156,-1.901,3.812,-8.969,-0.14,0.064,-0.009,77.98,0.0,30.8,18,1,1
11:27:35.779,VIGILE,1,152.88,14.03,0.178,-0.927,3.383,-8.803,-0.153,0.073,-0.029,77.98,0.0,30.8,18,1,1
11:27:36.279,VIGILE,1,154.43,9.89,0.202,-1.858,4.173,-8.976,-0.134,0.043,-0.034,77.98,0.0,30.8,18,1,1
11:27:36.779,VIGILE,1,160.94,17.45,0.232,-2.253,4.839,-8.332,-0.153,0.066,-0.031,77.98,0.0,30.9,19,1,1
11:27:37.279,VIGILE,1,170.0,14.27,0.239,-0.687,3.531,-8.787,-0.119,0.069,-0.015,77.98,0.0,30.9,19,1,1
11:27:37.779,VIGILE,1,167.82,14.22,0.244,-0.036,3.069,-9.0,-0.12,0.064,-0.059,77.98,0.0,30.9,19,1,1
11:27:38.279,VIGILE,1,165.04,15.58,0.22,-1.027,4.298,-9.21,-0.08,0.071,-0.108,77.98,0.0,30.9,19,1,1
11:27:38.779,VIGILE,1,159.66,15.87,0.098,-2.873,1.621,-11.681,-0.057,0.108,-0.063,77.98,0.0,30.9,19,1,1
11:27:39.279,VIGILE,1,174.33,21.63,0.234,1.001,2.574,-9.292,-0.139,0.173,-0.016,77.98,0.0,30.9,19,1,1
11:27:39.779,VIGILE,1,174.79,7.8,0.224,0.165,2.703,-10.831,0.171,0.014,-0.0,77.98,0.0,30.9,19,1,1
11:27:40.279,VIGILE,1,-176.62,35.17,0.312,-0.455,4.369,-8.811,-0.04,-0.018,0.075,77.98,0.0,30.9,19,1,1
11:27:40.779,VIGILE,1,-178.52,22.86,0.287,-1.106,1.942,-8.753,-0.187,0.003,0.088,77.98,0.0,30.9,19,1,1
11:27:41.279,VIGILE,1,177.78,26.44,0.275,-0.771,2.145,-9.127,-0.062,-0.011,-0.004,77.98,0.0,30.9,19,1,1
11:27:41.779,VIGILE,1,175.11,25.1,0.263,-0.271,3.089,-8.856,-0.104,0.069,0.029,77.98,0.0,30.9,19,1,1
11:27:42.280,VIGILE,1,171.95,26.2,0.274,-0.929,3.294,-9.187,-0.096,0.009,0.054,77.98,0.0,30.9,19,1,1
11:27:42.780,VIGILE,1,173.21,22.72,0.273,-1.008,3.297,-9.191,-0.111,0.012,0.075,77.98,0.0,30.9,19,1,1
11:27:43.280,VIGILE,1,165.74,4.95,0.257,0.268,3.421,-9.12,-0.259,0.031,0.008,77.98,0.0,30.9,19,1,1
11:27:43.780,VIGILE,1,168.62,-6.31,0.227,-0.922,2.454,-9.598,-0.164,0.035,0.016,77.98,0.0,30.9,19,1,1
11:27:44.280,VIGILE,1,167.27,4.47,0.245,-0.883,4.702,-8.837,-0.145,0.027,-0.016,77.98,0.0,31.0,19,1,1
11:27:44.780,VIGILE,1,172.22,20.12,0.257,-1.259,2.957,-8.71,-0.125,0.036,0.047,77.98,0.0,31.0,19,1,1
11:27:45.280,VIGILE,1,176.86,44.85,0.311,-2.837,5.071,-8.521,-0.124,0.026,0.063,77.98,0.0,31.0,19,1,1
11:27:45.780,VIGILE,1,175.29,38.67,0.396,-3.591,3.45,-8.763,-0.116,0.035,0.043,77.98,0.0,31.0,19,1,1
11:27:46.280,VIGILE,1,179.36,36.37,0.339,-2.365,3.311,-8.732,-0.117,0.073,-0.002,77.98,0.0,31.0,19,1,1
11:27:46.780,VIGILE,1,-179.24,47.85,0.352,-0.761,2.835,-9.28,-0.126,0.071,-0.015,77.98,0.0,31.0,20,1,1
11:27:47.280,VIGILE,1,179.14,69.83,0.414,-1.204,3.244,-9.335,-0.132,0.067,-0.018,77.98,0.0,31.0,20,1,1
11:27:47.780,VIGILE,1,-174.63,72.6,0.451,-1.135,3.072,-8.995,-0.141,0.076,-0.013,77.98,0.0,31.0,20,1,1
11:27:48.280,VIGILE,1,-176.08,69.47,0.469,-1.123,3.156,-8.94,-0.12,0.077,-0.017,77.98,0.0,31.0,20,1,1
11:27:48.780,VIGILE,1,-170.53,70.65,0.581,-0.385,3.397,-8.543,-0.14,0.072,0.012,77.98,0.0,31.0,20,1,1
11:27:49.280,VIGILE,1,168.6,75.45,0.462,1.132,4.233,-9.735,-0.086,-0.027,0.212,77.98,0.0,31.0,20,1,1
11:27:49.781,VIGILE,1,170.33,38.53,0.454,-1.753,3.168,-9.237,-0.105,-0.018,0.239,77.98,0.0,31.0,20,1,1
11:27:50.281,VIGILE,1,170.05,38.24,0.354,-1.389,2.842,-9.024,-0.16,0.017,0.198,77.98,0.0,31.0,20,1,1
11:27:50.781,VIGILE,1,167.56,36.12,0.334,-1.374,3.338,-8.633,-0.069,0.004,0.149,77.98,0.0,31.0,20,1,1
11:27:51.281,VIGILE,1,171.57,47.48,0.364,-2.066,2.986,-9.05,-0.115,0.046,0.07,77.98,0.0,31.0,20,1,1
11:27:51.781,VIGILE,1,173.53,42.73,0.153,-1.587,3.194,-9.194,-0.144,0.07,-0.017,77.98,0.0,31.0,19,1,1
11:27:52.281,VIGILE,1,172.58,32.49,0.265,-1.089,3.23,-8.969,-0.124,0.061,-0.048,77.98,0.0,31.0,19,1,1
11:27:52.781,VIGILE,1,173.09,33.71,0.265,-0.204,3.16,-9.062,-0.121,0.085,-0.028,77.98,0.0,31.0,19,1,1
11:27:53.281,VIGILE,1,-174.52,30.27,0.129,-1.056,3.184,-9.258,-0.123,0.047,-0.019,77.98,0.0,31.0,19,1,1
11:27:53.781,VIGILE,0,0.0,0.0,0.0,-1.089,3.115,-8.622,-0.135,0.078,-0.02,77.98,0.0,31.0,19,1,1
11:27:54.281,VIGILE,1,-164.4,81.47,0.647,-0.862,3.005,-8.59,-0.114,0.055,-0.011,77.98,0.0,31.1,19,1,1
11:27:54.781,VIGILE,1,-174.29,69.06,0.208,-0.919,3.345,-8.904,-0.137,0.049,-0.018,77.98,0.0,31.1,19,1,1
11:27:55.281,VIGILE,1,-158.57,64.38,0.234,-0.931,3.498,-9.0,-0.115,0.084,-0.022,77.98,0.0,31.1,19,1,1
11:27:55.781,VIGILE,1,-170.68,37.96,0.274,-1.144,3.179,-9.143,-0.138,0.058,-0.014,77.98,0.0,31.1,19,1,1
11:27:56.281,VIGILE,1,-177.99,36.36,0.36,-0.991,3.043,-9.12,-0.128,0.067,-0.01,77.98,0.0,31.1,19,1,1
11:27:56.781,VIGILE,1,-158.66,63.31,0.159,-1.154,3.115,-8.961,-0.123,0.055,-0.005,77.98,0.0,31.2,18,1,1
11:27:57.281,VIGILE,1,-156.51,69.3,0.374,-0.881,3.235,-9.292,-0.13,0.063,-0.023,77.98,0.0,31.2,18,1,1
11:27:57.782,VIGILE,1,-133.04,75.73,0.729,-1.065,3.347,-9.014,-0.13,0.066,-0.016,77.98,0.0,31.2,18,1,1
11:27:58.282,VIGILE,1,-127.57,74.11,0.314,-1.154,3.275,-9.148,-0.123,0.066,-0.015,77.98,0.0,31.2,18,1,1
11:27:58.782,VIGILE,1,-138.93,69.58,0.238,-1.106,3.211,-9.158,-0.131,0.069,-0.014,77.98,0.0,31.2,18,1,1
11:27:59.282,VIGILE,1,-136.21,70.87,0.274,-1.14,3.184,-9.304,-0.134,0.065,-0.012,77.98,0.0,31.2,18,1,1
11:27:59.782,VIGILE,1,-135.82,70.47,0.241,-0.864,3.06,-9.074,-0.144,0.071,-0.021,77.98,0.0,31.2,18,1,1
11:28:00.282,VIGILE,1,-162.15,63.42,0.262,-1.039,3.309,-9.201,-0.156,0.073,-0.022,77.98,0.0,31.2,18,1,1
11:28:00.782,VIGILE,1,-172.93,31.47,0.196,-0.922,3.227,-9.069,-0.143,0.073,-0.022,77.98,0.0,31.2,18,1,1
11:28:01.282,VIGILE,1,-164.13,58.18,0.208,-1.132,3.153,-8.995,-0.131,0.063,-0.015,77.98,0.0,31.2,18,1,1
11:28:01.782,VIGILE,1,-174.64,36.32,0.18,-0.948,3.122,-9.366,-0.153,0.077,-0.024,77.98,0.0,31.3,17,1,1
11:28:02.282,VIGILE,1,-178.29,31.8,0.096,-1.065,3.072,-9.158,-0.131,0.071,-0.02,77.98,0.0,31.3,17,1,1
11:28:02.782,VIGILE,1,177.14,35.22,0.371,-0.728,3.146,-9.345,-0.25,0.111,-0.047,77.98,0.0,31.3,17,1,1
11:28:03.282,VIGILE,1,-178.61,68.86,0.427,-0.888,3.194,-9.165,-0.163,0.073,-0.023,77.98,0.0,31.3,17,1,1
11:28:03.782,VIGILE,1,-178.19,40.23,0.224,-1.202,3.508,-8.655,-0.135,0.054,0.021,77.98,0.0,31.3,17,1,1
11:28:04.282,VIGILE,1,-172.38,70.26,0.432,-0.687,2.887,-9.067,-0.118,0.05,0.045,77.98,0.0,31.3,17,1,1
11:28:04.782,VIGILE,0,0.0,0.0,0.0,-0.682,2.899,-9.108,-0.146,0.043,0.012,77.98,0.0,31.3,17,1,1
11:28:05.282,VIGILE,1,-178.62,74.18,0.284,-0.879,2.971,-9.024,-0.14,0.06,-0.004,77.98,0.0,31.3,17,1,1
11:28:05.783,VIGILE,1,168.43,65.05,0.568,-0.809,3.575,-9.045,-0.166,0.064,-0.02,77.98,0.0,31.3,17,1,1
11:28:06.283,VIGILE,1,176.83,32.19,0.294,-0.915,2.923,-9.237,-0.149,0.08,-0.017,77.98,0.0,31.3,17,1,1
11:28:06.783,VIGILE,1,-179.63,26.66,0.147,-1.056,3.414,-9.098,-0.128,0.073,-0.02,77.98,0.0,31.4,17,1,1
11:28:07.283,VIGILE,1,-175.02,18.8,0.078,-0.9,3.304,-9.251,-0.119,0.073,-0.016,77.98,0.0,31.4,17,1,1
11:28:07.783,VIGILE,1,-173.31,21.15,0.105,-0.857,3.077,-8.868,-0.147,0.069,-0.03,77.98,0.0,31.4,17,1,1
11:28:08.283,VIGILE,1,-170.87,24.05,0.12,-0.989,3.333,-8.887,-0.13,0.065,-0.023,77.98,0.0,31.4,17,1,1
11:28:08.783,VIGILE,1,-171.63,23.15,0.107,-1.044,3.187,-8.947,-0.131,0.07,-0.025,77.98,0.0,31.4,17,1,1
11:28:09.283,VIGILE,1,-174.05,26.88,0.359,-0.541,2.808,-9.56,-0.118,0.073,-0.02,77.98,0.0,31.5,17,1,1
11:28:09.783,VIGILE,1,-177.59,29.17,0.374,-0.517,3.656,-8.744,-0.096,0.055,0.008,77.98,0.0,31.5,17,1,1
11:28:10.283,VIGILE,1,173.56,24.45,0.294,-0.632,3.462,-9.318,-0.141,0.078,0.103,77.98,0.0,31.5,17,1,1
11:28:10.783,VIGILE,1,175.91,16.23,0.308,-0.611,2.895,-9.014,-0.119,0.05,0.065,77.98,0.0,31.5,17,1,1
11:28:11.283,VIGILE,1,173.54,30.13,0.314,-1.07,2.933,-9.021,-0.125,0.03,0.062,77.98,0.0,31.5,17,1,1
11:28:11.783,VIGILE,1,172.66,7.45,0.271,-0.965,3.349,-8.997,-0.139,0.05,0.039,77.98,0.0,31.5,17,1,1
11:28:12.283,VIGILE,1,172.46,26.71,0.297,-1.156,3.335,-8.995,-0.133,0.059,0.033,77.98,0.0,31.5,17,1,1
11:28:12.783,VIGILE,1,176.97,61.52,0.354,-0.946,3.311,-9.005,-0.121,0.043,0.021,77.98,0.0,31.5,17,1,1
11:28:13.284,VIGILE,1,173.05,30.31,0.269,-1.621,3.129,-9.024,-0.144,0.036,0.018,77.98,0.0,31.5,17,1,1
11:28:13.784,VIGILE,1,172.94,27.98,0.281,-1.405,3.268,-8.751,-0.132,0.066,-0.006,77.98,0.0,31.5,17,1,1
11:28:14.284,VIGILE,1,164.38,31.47,0.285,-0.891,3.27,-8.969,-0.141,0.068,-0.02,77.98,0.0,31.6,17,1,1
11:28:14.784,VIGILE,1,163.46,38.69,0.255,-0.697,3.211,-9.069,-0.144,0.072,-0.015,77.98,0.0,31.6,17,1,1
11:28:15.284,VIGILE,1,166.97,39.05,0.294,-0.692,3.321,-9.062,-0.134,0.06,-0.016,77.98,0.0,31.6,17,1,1
11:28:15.784,VIGILE,1,164.83,37.01,0.193,-0.96,3.309,-9.017,-0.137,0.059,-0.02,77.98,0.0,31.6,17,1,1
11:28:16.284,VIGILE,1,170.22,35.77,0.332,-0.857,3.433,-8.827,-0.115,0.043,0.005,77.98,0.0,31.6,17,1,1
11:28:16.784,VIGILE,1,166.35,35.59,0.297,-0.563,3.129,-9.019,-0.126,0.056,0.01,77.98,0.0,31.6,17,1,1
11:28:17.284,VIGILE,1,168.58,35.89,0.285,-0.917,3.306,-8.909,-0.144,0.054,0.003,77.98,0.0,31.6,17,1,1
11:28:17.784,VIGILE,1,167.94,35.77,0.291,-1.109,3.452,-9.091,-0.138,0.062,-0.012,77.98,0.0,31.6,17,1,1
11:28:18.284,VIGILE,1,167.87,35.35,0.297,-0.812,3.285,-9.206,-0.142,0.075,-0.011,77.98,0.0,31.6,17,1,1
11:28:18.784,VIGILE,1,167.18,35.2,0.276,-0.354,3.393,-9.064,-0.104,0.048,0.003,77.98,0.0,31.6,17,1,1
11:28:19.284,VIGILE,1,167.7,36.07,0.261,-1.927,3.938,-9.048,-0.122,0.037,-0.017,77.98,0.0,31.6,17,1,1
11:28:19.784,VIGILE,1,167.55,34.67,0.177,-0.606,3.33,-9.139,-0.134,0.067,-0.014,77.98,0.0,31.6,17,1,1
11:28:20.285,VIGILE,1,172.0,44.77,0.29,-0.819,3.51,-9.139,-0.134,0.072,-0.016,77.98,0.0,31.6,17,1,1
11:28:20.785,VIGILE,0,0.0,0.0,0.0,-0.833,3.134,-8.873,-0.134,0.062,-0.016,77.98,0.0,31.6,17,1,1
