Timestamp,Label_ML,Cam_Face_Det,Cam_Pitch,Cam_Yaw,Cam_EAR,Gyro_Acc_X,Gyro_Acc_Y,Gyro_Acc_Z,Gyro_Rot_X,Gyro_Rot_Y,Gyro_Rot_Z,Audio_dB,Light_Lux,Temp_C,Humidity_Perc,Gas_Pin,Alcohol_Pin
17:26:04.097,VIGILE,1,-173.28,-18.13,0.29,-0.929,3.498,-9.345,-0.116,0.061,-0.015,74.07,0.0,22.1,43,1,1
17:26:04.597,VIGILE,1,-175.99,-6.58,0.259,-1.082,3.359,-8.959,-0.144,0.078,-0.019,76.08,328.94,22.1,43,1,1
17:26:05.097,VIGILE,1,-177.61,-15.42,0.289,-1.061,3.328,-9.031,-0.135,0.066,-0.021,76.04,329.1,22.1,43,1,1
17:26:05.597,VIGILE,1,-176.1,-16.38,0.264,-1.008,3.402,-9.244,-0.146,0.069,-0.019,78.29,329.16,22.1,43,1,1
17:26:06.098,VIGILE,1,-175.27,-19.66,0.282,-0.414,3.364,-8.882,-0.184,0.091,-0.022,73.23,329.38,22.1,43,1,1
17:26:06.598,VIGILE,1,-179.26,-17.63,0.28,-0.986,3.519,-8.947,-0.141,0.057,-0.02,79.37,302.64,22.1,43,1,1
17:26:07.098,VIGILE,1,-177.26,-25.61,0.29,-1.137,3.448,-9.565,-0.126,0.07,-0.007,77.5,309.76,22.1,43,1,1
17:26:07.598,VIGILE,1,-176.57,-25.31,0.281,-0.601,3.014,-9.007,-0.137,0.066,-0.001,77.66,332.46,22.1,43,1,1
17:26:08.098,VIGILE,0,0.0,0.0,0.0,-0.725,2.751,-9.062,-0.136,0.07,-0.043,74.31,331.41,22.1,43,1,1
17:26:08.598,VIGILE,1,-176.63,-37.19,0.355,-0.522,2.796,-9.74,-0.167,0.124,-0.138,76.89,330.69,22.1,43,1,1
17:26:09.098,VIGILE,1,-176.33,-39.31,0.365,-0.697,2.294,-9.39,-0.175,0.152,-0.229,76.74,329.15,22.1,43,1,1
17:26:09.598,VIGILE,1,-178.09,-35.66,0.347,-1.094,3.206,-9.333,-0.201,0.152,-0.352,79.0,326.94,22.1,43,1,1
17:26:10.098,VIGILE,1,-176.32,-25.62,0.269,-2.073,2.966,-9.333,-0.186,0.196,-0.368,74.0,325.83,22.1,43,1,1
17:26:10.598,VIGILE,1,-176.45,-30.54,0.291,-1.499,2.813,-9.598,-0.174,0.183,-0.346,82.27,326.45,22.1,43,1,1
17:26:11.098,VIGILE,1,-175.86,-38.88,0.368,-1.738,2.816,-9.45,-0.165,0.192,-0.314,77.48,328.74,22.1,43,1,1
17:26:11.599,VIGILE,1,168.03,-53.19,0.363,-1.082,3.062,-9.167,-0.18,0.175,-0.259,72.62,331.15,22.1,43,1,1
17:26:12.099,VIGILE,1,-174.57,-45.77,0.345,-1.013,3.428,-8.722,-0.157,0.131,-0.144,76.65,335.04,22.1,43,1,1
17:26:12.599,VIGILE,1,177.78,-72.91,0.551,-1.717,4.108,-9.124,-0.111,0.064,-0.059,74.21,336.55,22.1,43,1,1
17:26:13.099,VIGILE,1,-177.41,-70.76,0.476,-1.204,3.948,-9.076,-0.108,0.047,0.025,77.43,337.77,22.1,43,1,1
17:26:13.599,VIGILE,1,-175.56,-29.12,0.305,-0.558,3.029,-9.266,-0.074,0.047,0.073,77.75,338.12,22.1,43,1,1
17:26:14.099,VIGILE,1,174.94,57.27,0.356,0.259,3.139,-9.177,-0.123,0.029,0.147,78.72,338.01,22.0,43,1,1
17:26:14.599,VIGILE,1,-176.15,44.15,0.403,0.558,3.431,-9.009,-0.131,-0.018,0.264,79.44,337.37,22.0,43,1,1
17:26:15.099,VIGILE,1,-178.54,47.43,0.418,-0.182,3.716,-8.957,-0.058,-0.054,0.343,79.83,335.04,22.0,43,1,1
17:26:15.599,VIGILE,1,-175.42,40.66,0.34,-0.876,3.297,-9.117,-0.107,-0.065,0.373,70.06,332.27,22.0,43,1,1
17:26:16.100,VIGILE,1,-175.78,42.15,0.356,-0.936,4.257,-8.997,-0.056,-0.069,0.334,72.71,331.53,22.0,43,1,1
17:26:16.600,VIGILE,1,-174.92,37.74,0.309,-0.685,3.302,-8.835,-0.063,-0.039,0.274,71.53,330.3,22.0,43,1,1
17:26:17.100,VIGILE,1,177.93,28.75,0.275,0.189,3.199,-8.715,-0.172,-0.003,0.238,67.23,329.76,22.0,43,1,1
17:26:17.600,VIGILE,1,-179.47,24.87,0.283,0.84,3.819,-9.445,-0.124,-0.004,0.137,80.14,331.19,22.0,43,1,1
17:26:18.100,VIGILE,1,-176.55,17.12,0.288,0.591,4.096,-9.134,-0.144,0.007,0.128,79.63,331.73,22.0,43,1,1
17:26:18.600,VIGILE,1,-175.83,16.17,0.268,-0.122,2.959,-9.17,-0.105,0.029,0.065,81.71,330.42,22.0,43,1,1
17:26:19.100,VIGILE,1,-175.66,14.78,0.294,-0.268,3.17,-8.997,-0.116,0.075,-0.013,71.89,334.86,22.0,43,1,1
17:26:19.600,VIGILE,1,-178.41,5.57,0.28,-0.297,2.478,-8.985,-0.174,0.074,-0.05,75.11,336.94,22.0,43,1,1
17:26:20.100,VIGILE,1,-177.9,10.16,0.271,-1.104,2.751,-8.825,-0.145,0.075,-0.042,77.61,306.4,22.0,43,1,1
17:26:20.600,VIGILE,1,-174.13,31.78,0.165,-1.439,3.517,-8.969,-0.091,0.06,-0.017,78.63,313.39,22.0,43,1,1
17:26:21.100,VIGILE,1,-175.34,26.55,0.217,-2.567,3.443,-9.436,-0.108,0.071,0.001,82.89,345.67,22.0,43,1,1
17:26:21.600,DISTRAZIONE,1,-174.28,27.08,0.251,-0.874,3.156,-8.878,-0.167,0.117,-0.026,80.89,352.64,22.0,43,1,1
17:26:22.100,DISTRAZIONE,0,0.0,0.0,0.0,-1.626,3.766,-9.328,-0.128,0.062,-0.022,77.76,351.89,22.0,43,1,1
17:26:22.601,DISTRAZIONE,1,-173.37,31.02,0.326,-1.81,3.486,-9.134,-0.134,0.076,-0.016,84.53,356.59,22.0,43,1,1
17:26:23.101,DISTRAZIONE,1,-174.63,23.94,0.304,-0.522,4.029,-9.072,-0.122,0.09,-0.024,78.15,346.7,22.0,43,1,1
17:26:23.601,DISTRAZIONE,0,0.0,0.0,0.0,-0.124,3.555,-9.881,-0.218,0.107,-0.016,80.13,359.54,22.0,43,1,1
17:26:24.101,DISTRAZIONE,1,-176.17,33.46,0.315,-0.962,3.275,-9.153,-0.148,0.042,0.013,84.49,375.94,22.0,43,1,1
17:26:24.601,DISTRAZIONE,1,-176.94,34.73,0.305,-1.185,3.256,-9.155,-0.178,0.074,-0.017,82.0,357.51,22.0,43,1,1
17:26:25.101,DISTRAZIONE,1,-156.34,69.82,0.285,-1.853,3.57,-9.251,-0.105,0.087,0.005,78.04,342.71,22.0,43,1,1
17:26:25.601,DISTRAZIONE,0,0.0,0.0,0.0,-1.7,3.493,-8.504,-0.067,0.059,-0.011,78.25,380.11,22.0,43,1,1
17:26:26.101,DISTRAZIONE,1,-172.71,24.38,0.318,-1.197,3.194,-9.342,-0.121,0.043,-0.014,72.69,376.17,22.0,43,1,1
17:26:26.601,DISTRAZIONE,1,-169.8,33.42,0.346,-1.635,3.421,-8.253,-0.123,0.069,0.004,78.55,381.71,22.0,43,1,1
17:26:27.101,DISTRAZIONE,1,-176.8,33.29,0.318,-0.575,3.323,-9.124,-0.119,0.171,-0.002,78.86,347.96,22.0,43,1,1
17:26:27.601,DISTRAZIONE,1,-177.64,18.75,0.268,-0.953,2.947,-9.426,-0.144,0.115,-0.025,75.18,370.28,22.0,43,1,1
17:26:28.101,DISTRAZIONE,1,-177.5,20.14,0.285,-1.135,3.503,-9.328,-0.168,0.137,-0.069,85.33,376.13,22.0,43,1,1
17:26:28.601,DISTRAZIONE,1,-168.64,36.11,0.161,-1.049,3.29,-9.321,-0.094,0.052,-0.015,83.78,365.62,22.0,43,1,1
17:26:29.102,DISTRAZIONE,1,-172.64,45.45,0.256,-1.013,3.388,-9.867,-0.174,0.085,-0.021,82.11,356.62,22.0,43,1,1
17:26:29.602,DISTRAZIONE,1,-175.49,38.1,0.33,-1.125,2.899,-8.789,-0.144,0.047,-0.007,80.31,371.49,22.0,43,1,1
17:26:30.102,DISTRAZIONE,1,-173.23,39.98,0.31,-0.948,3.486,-9.17,-0.119,0.055,0.02,74.75,364.19,22.0,43,1,1
17:26:30.602,DISTRAZIONE,0,0.0,0.0,0.0,-0.979,3.208,-9.026,-0.095,0.049,0.026,82.7,368.19,22.0,43,1,1
17:26:31.102,DISTRAZIONE,1,-173.05,30.95,0.276,-0.67,3.077,-9.51,-0.214,0.095,0.002,85.95,335.96,22.0,43,1,1
17:26:31.602,DISTRAZIONE,0,0.0,0.0,0.0,-0.752,3.077,-9.146,-0.147,0.06,-0.005,79.1,345.27,22.0,43,1,1
17:26:32.102,DISTRAZIONE,0,0.0,0.0,0.0,-1.326,3.019,-8.854,-0.17,0.073,0.011,80.02,361.72,22.0,43,1,1
17:26:32.602,DISTRAZIONE,0,0.0,0.0,0.0,-1.223,3.175,-9.098,-0.148,0.063,-0.013,80.33,355.18,22.0,43,1,1
17:26:33.102,DISTRAZIONE,1,-170.0,29.79,0.324,-0.979,3.666,-9.064,-0.088,0.038,0.006,82.87,359.37,22.0,43,1,1
17:26:33.602,DISTRAZIONE,1,-171.5,23.74,0.316,0.117,2.971,-9.105,-0.134,0.045,-0.021,79.42,347.88,22.0,43,1,1
17:26:34.102,DISTRAZIONE,1,-171.71,-7.74,0.106,-1.463,3.479,-9.689,-0.078,0.071,-0.019,79.19,349.76,22.0,44,1,1
17:26:34.602,DISTRAZIONE,1,-162.34,21.53,0.179,-1.13,3.062,-8.636,-0.12,0.071,-0.038,78.72,357.11,22.0,44,1,1
17:26:35.102,DISTRAZIONE,1,-173.52,24.74,0.326,-0.931,3.349,-9.206,-0.095,0.068,0.005,79.03,347.37,22.0,44,1,1
17:26:35.602,DISTRAZIONE,1,-166.42,27.29,0.346,0.486,3.529,-9.187,-0.146,0.053,0.072,83.69,318.24,22.0,44,1,1
17:26:36.102,DISTRAZIONE,1,-171.83,27.45,0.148,-0.163,3.541,-8.88,-0.119,-0.009,0.104,81.62,356.48,22.0,44,1,1
17:26:36.602,DISTRAZIONE,1,-158.91,19.07,0.131,1.123,4.132,-8.696,-0.197,0.049,0.118,85.36,352.35,22.0,44,1,1
17:26:37.102,DISTRAZIONE,1,-159.99,15.48,0.125,-0.68,3.685,-9.725,0.026,-0.077,0.162,89.58,353.03,22.0,44,1,1
17:26:37.603,VIGILE,1,-171.37,7.0,0.146,0.824,3.309,-9.239,-0.115,0.037,0.04,83.78,329.4,22.0,44,1,1
17:26:38.103,VIGILE,1,-175.7,16.27,0.137,-0.895,3.809,-8.638,0.03,-0.022,0.009,82.35,339.59,22.0,44,1,1
17:26:38.603,VIGILE,1,178.49,2.25,0.305,-0.141,2.976,-10.036,-0.142,0.074,-0.035,80.77,362.57,22.0,44,1,1
17:26:39.103,VIGILE,1,177.55,5.62,0.304,0.402,3.065,-8.152,-0.163,0.037,-0.043,83.98,365.0,22.0,44,1,1
17:26:39.603,VIGILE,1,179.14,2.72,0.31,-0.632,1.812,-9.222,-0.142,0.095,-0.014,87.5,353.81,22.0,44,1,1
17:26:40.103,VIGILE,1,178.55,-2.43,0.288,-1.219,3.543,-8.351,-0.015,0.054,-0.004,89.32,358.84,22.0,44,1,1
17:26:40.603,VIGILE,1,-179.21,1.7,0.31,0.898,2.435,-10.305,-0.343,0.151,-0.047,88.89,362.34,22.0,44,1,1
17:26:41.103,VIGILE,1,178.71,7.63,0.278,-1.889,3.836,-9.347,-0.085,0.054,-0.016,88.84,371.91,22.0,44,1,1
17:26:41.603,VIGILE,1,-179.11,5.78,0.313,-0.634,2.2,-9.246,-0.224,0.095,-0.014,86.01,346.07,22.0,44,1,1
17:26:42.103,VIGILE,1,-178.67,-4.17,0.274,-0.472,3.812,-9.639,-0.093,0.014,-0.015,84.19,335.6,22.0,44,1,1
17:26:42.603,VIGILE,1,-178.93,23.74,0.101,-1.846,3.713,-10.312,-0.104,0.006,-0.005,82.97,374.95,22.0,44,1,1
17:26:43.103,VIGILE,1,-179.24,1.63,0.273,-0.584,3.792,-8.885,-0.117,0.049,-0.01,84.88,376.04,22.0,44,1,1
17:26:43.603,VIGILE,1,178.64,1.05,0.297,-1.87,3.105,-9.21,-0.027,0.058,-0.005,78.04,384.77,22.0,44,1,1
17:26:44.103,VIGILE,1,178.21,1.68,0.305,0.18,4.118,-8.667,-0.276,0.1,-0.068,86.53,347.85,22.0,44,1,1
17:26:44.603,VIGILE,1,-179.74,-3.94,0.343,-1.085,3.352,-8.945,-0.121,0.021,-0.002,81.38,343.05,22.0,44,1,1
17:26:45.103,VIGILE,1,178.58,-2.31,0.313,-0.642,5.634,-9.737,-0.086,0.094,0.009,88.36,381.96,22.0,44,1,1
17:26:45.603,VIGILE,1,-179.12,-4.07,0.31,0.376,1.913,-8.794,-0.261,0.132,-0.026,87.63,373.71,22.0,44,1,1
17:26:46.104,VIGILE,1,178.41,4.36,0.306,-2.476,2.744,-10.089,-0.137,0.085,0.001,86.64,376.27,22.0,44,1,1
17:26:46.604,VIGILE,1,179.85,5.32,0.318,-1.013,2.574,-10.726,0.004,0.038,-0.027,87.67,347.48,22.0,44,1,1
17:26:47.104,VIGILE,1,-179.62,3.62,0.299,-0.57,2.073,-9.0,-0.159,0.073,-0.048,87.7,370.43,22.0,44,1,1
17:26:47.604,VIGILE,1,-179.08,0.09,0.284,0.081,3.22,-9.694,-0.15,0.048,-0.038,84.9,379.6,22.0,44,1,1
17:26:48.104,VIGILE,1,-179.64,-4.84,0.284,-2.274,3.213,-10.539,0.247,-0.016,0.026,85.21,369.31,22.0,44,1,1
17:26:48.604,VIGILE,1,179.55,2.79,0.301,-0.51,2.847,-10.642,-0.169,0.062,-0.038,85.84,365.52,22.0,44,1,1
17:26:49.104,VIGILE,1,179.89,1.85,0.275,-1.465,2.519,-8.971,-0.003,0.054,0.002,85.72,376.14,22.0,44,1,1
17:26:49.604,VIGILE,1,-178.11,-5.21,0.263,1.053,2.538,-9.203,0.007,0.062,0.003,89.01,368.41,22.0,44,1,1
17:26:50.104,VIGILE,1,-179.04,10.87,0.275,-1.149,2.14,-10.233,-0.216,0.087,-0.057,88.9,368.79,22.0,44,1,1
17:26:50.604,VIGILE,1,179.6,10.72,0.272,-1.173,3.335,-8.727,-0.007,0.037,-0.004,86.9,353.45,22.0,44,1,1
17:26:51.104,VIGILE,1,178.39,7.05,0.25,0.225,3.419,-10.716,-0.221,0.067,0.027,87.13,340.6,22.0,44,1,1
17:26:51.604,VIGILE,1,178.54,5.83,0.271,-2.119,5.042,-8.995,-0.124,0.1,0.005,82.41,362.51,22.0,44,1,1
17:26:52.104,VIGILE,1,179.17,6.36,0.302,-0.412,4.286,-9.946,0.178,0.107,0.032,87.11,357.04,22.0,44,1,1
17:26:52.604,VIGILE,1,-178.71,16.41,0.268,-1.477,2.95,-9.407,-0.059,0.055,0.026,78.85,357.51,22.0,44,1,1
17:26:53.104,VIGILE,1,-178.46,17.21,0.248,0.57,2.672,-6.194,-0.76,-0.044,0.041,88.92,334.44,22.0,44,1,1
17:26:53.604,VIGILE,1,-177.94,18.51,0.236,-1.879,1.015,-9.785,-0.142,0.092,-0.029,86.18,347.76,22.0,44,1,1
17:26:54.105,VIGILE,1,179.41,13.8,0.287,-1.221,1.994,-9.371,-0.399,0.216,-0.118,87.17,372.17,22.0,44,1,1
17:26:54.605,VIGILE,1,-179.89,19.87,0.268,-1.432,5.215,-9.208,-0.383,0.111,-0.049,76.56,377.09,22.0,44,1,1
17:26:55.105,VIGILE,1,-179.23,17.93,0.293,-1.745,4.63,-8.44,-0.217,0.137,-0.054,88.23,359.56,22.0,44,1,1
17:26:55.605,VIGILE,1,179.18,15.49,0.266,-0.335,2.483,-9.048,-0.346,0.152,-0.002,88.06,370.61,22.0,44,1,1
17:26:56.105,VIGILE,1,178.69,6.3,0.263,-1.037,3.869,-8.875,-0.166,0.052,-0.028,85.71,374.35,22.0,44,1,1
17:26:56.605,VIGILE,1,178.76,-13.41,0.28,-1.702,2.854,-8.475,-0.381,0.09,-0.01,87.2,384.4,22.0,44,1,1
17:26:57.105,VIGILE,1,179.76,4.79,0.293,-2.059,1.061,-8.641,-0.5,0.139,-0.227,87.2,353.45,22.0,44,1,1
17:26:57.605,VIGILE,1,-179.37,15.21,0.28,-0.534,3.919,-10.075,-0.1,0.048,-0.011,87.2,343.56,22.0,44,1,1
17:26:58.105,VIGILE,1,-177.9,15.61,0.27,1.125,4.322,-11.71,0.488,-0.068,0.159,87.2,382.4,22.0,44,1,1
17:26:58.605,VIGILE,1,-177.15,-0.42,0.124,-0.862,3.206,-9.136,-0.272,0.074,-0.039,87.2,378.93,22.0,44,1,1
17:26:59.105,VIGILE,1,179.47,50.99,0.341,-2.698,4.154,-8.66,-0.094,0.157,-0.024,87.2,383.95,22.0,44,1,1
17:26:59.605,VIGILE,1,177.76,43.35,0.374,-1.583,3.357,-8.143,-0.183,0.092,-0.044,87.2,350.31,22.0,44,1,1
17:27:00.105,VIGILE,1,179.95,-5.08,0.293,-3.388,5.128,-9.72,-0.012,0.056,0.026,87.2,353.22,22.0,44,1,1
17:27:00.605,VIGILE,0,0.0,0.0,0.0,-1.367,3.405,-10.183,-0.247,0.095,-0.041,87.2,382.76,22.0,44,1,1
17:27:01.105,VIGILE,0,0.0,0.0,0.0,-1.659,3.196,-10.704,-0.191,0.094,-0.047,87.2,371.44,22.0,44,1,1
17:27:01.605,VIGILE,1,-175.49,-19.79,0.317,-1.973,3.481,-9.373,-0.115,0.068,-0.006,87.2,363.71,22.0,45,1,1
17:27:02.105,VIGILE,1,-178.41,13.33,0.297,-2.428,3.179,-8.167,-0.24,0.171,0.023,87.2,326.58,22.0,45,1,1
17:27:02.606,VIGILE,1,-175.01,-10.2,0.279,-1.463,2.722,-10.02,-0.195,0.196,-0.022,87.2,295.99,22.0,45,1,1
17:27:03.106,VIGILE,1,179.83,19.63,0.276,-1.59,2.772,-9.761,-0.021,0.1,0.022,87.2,211.92,22.0,45,1,1
17:27:03.606,VIGILE,1,-179.19,18.07,0.284,-1.379,3.048,-9.488,-0.127,0.065,-0.015,87.2,17.15,22.0,45,1,1
17:27:04.106,VIGILE,1,-177.86,22.36,0.293,-1.207,3.067,-8.794,-0.165,0.027,-0.045,87.2,0.93,22.0,45,1,1
17:27:04.606,VIGILE,1,159.22,61.86,0.449,-1.173,3.163,-9.038,-0.115,0.03,-0.021,87.2,0.71,22.0,45,1,1
17:27:05.106,VIGILE,1,-175.75,17.89,0.314,-1.453,3.112,-9.12,-0.051,0.031,-0.007,87.2,0.61,22.0,45,1,1
17:27:05.606,VIGILE,1,-178.62,11.83,0.245,-0.637,3.206,-9.737,-0.071,0.067,-0.006,87.2,0.89,22.0,45,1,1
17:27:06.106,VIGILE,1,178.86,11.85,0.262,-1.276,2.952,-9.62,-0.097,0.058,-0.029,87.2,2.07,22.0,45,1,1
17:27:06.606,VIGILE,1,177.23,-1.41,0.268,-0.711,2.734,-8.823,-0.139,0.08,-0.016,87.2,7.68,22.0,45,1,1
17:27:07.106,VIGILE,1,178.43,-12.49,0.267,-1.077,3.072,-9.459,-0.1,0.052,-0.018,87.2,91.06,22.0,45,1,1
17:27:07.606,VIGILE,1,179.28,-10.86,0.307,-1.659,3.436,-9.898,-0.004,-0.013,-0.039,87.2,295.92,22.0,45,1,1
17:27:08.106,VIGILE,1,179.04,-19.28,0.28,-1.3,2.713,-9.51,-0.119,0.094,-0.079,87.2,332.62,22.0,45,1,1
17:27:08.606,VIGILE,1,-179.69,-15.85,0.282,-2.023,2.337,-10.432,-0.083,0.13,-0.082,87.2,308.75,22.0,45,1,1
17:27:09.106,VIGILE,1,179.23,-10.4,0.299,-1.69,1.144,-10.736,0.036,0.037,-0.103,87.2,307.64,22.0,45,1,1
17:27:09.606,VIGILE,1,178.44,1.89,0.29,-1.149,1.609,-9.488,-0.141,0.151,-0.133,87.2,346.88,22.0,45,1,1
17:27:10.106,VIGILE,1,177.93,18.7,0.262,-1.286,0.824,-10.195,-0.046,0.08,-0.105,87.2,352.56,22.0,45,1,1
17:27:10.607,VIGILE,1,178.98,21.16,0.271,-1.678,1.935,-11.258,-0.049,0.034,-0.077,87.2,337.53,22.0,45,1,1
17:27:11.107,VIGILE,1,178.9,19.91,0.246,-0.256,3.493,-9.778,-0.151,0.084,-0.044,87.2,348.51,22.0,45,1,1
17:27:11.607,VIGILE,1,-178.37,14.77,0.277,-0.706,3.9,-8.966,0.091,0.038,0.028,87.2,357.19,22.0,45,1,1
17:27:12.107,VIGILE,1,179.59,11.01,0.3,0.067,3.457,-9.052,-0.206,0.053,-0.022,87.2,374.64,22.0,45,1,1
17:27:12.607,VIGILE,1,179.25,8.75,0.293,-0.828,2.495,-10.312,-0.098,0.041,-0.003,87.2,356.25,22.0,45,1,1
17:27:13.107,VIGILE,1,177.27,6.82,0.281,0.034,3.51,-9.294,-0.095,0.07,0.003,87.2,344.41,22.0,45,1,1
17:27:13.607,VIGILE,1,180.0,-0.39,0.271,-1.317,3.28,-9.297,-0.083,0.068,-0.001,87.2,384.11,22.0,45,1,1
17:27:14.107,VIGILE,1,-179.87,2.36,0.252,-0.769,3.893,-8.981,-0.105,0.069,-0.012,87.2,380.75,22.0,45,1,1
17:27:14.607,VIGILE,1,179.42,10.14,0.159,-0.721,2.385,-9.538,-0.214,0.049,-0.026,87.2,390.86,22.0,45,1,1
17:27:15.107,VIGILE,1,-179.79,7.98,0.247,-0.934,4.166,-7.994,-0.082,-0.018,-0.045,87.2,355.63,22.0,45,1,1
17:27:15.607,VIGILE,1,-178.32,-3.99,0.273,-1.635,4.389,-8.751,0.081,0.013,0.036,87.2,352.99,22.0,45,1,1
17:27:16.108,VIGILE,1,-179.19,10.49,0.291,-1.104,4.338,-8.387,-0.435,0.057,-0.02,87.2,394.44,22.0,45,1,1
17:27:16.608,VIGILE,1,-177.83,-25.95,0.276,0.321,3.845,-7.915,-0.32,0.066,-0.018,87.2,390.25,22.0,45,1,1
17:27:17.108,VIGILE,1,178.58,3.63,0.239,-1.319,1.784,-7.389,-0.365,0.123,-0.034,87.2,395.36,22.0,45,1,1
17:27:17.608,VIGILE,1,-179.24,16.44,0.258,-2.16,2.215,-8.78,-0.158,-0.002,-0.068,87.2,364.51,22.0,45,1,1
17:27:18.108,VIGILE,1,177.78,18.05,0.256,-1.822,3.792,-8.595,-0.111,0.062,-0.016,87.2,387.54,22.0,45,1,1
17:27:18.608,VIGILE,1,179.92,17.05,0.266,-1.073,3.462,-9.376,-0.222,0.121,-0.016,87.2,396.78,22.0,45,1,1
17:27:19.108,VIGILE,1,178.63,0.38,0.273,-1.961,4.226,-8.909,-0.097,0.068,0.018,87.2,388.25,22.0,45,1,1
17:27:19.609,VIGILE,1,175.65,46.19,0.45,-1.068,3.608,-8.732,-0.139,0.064,0.001,87.2,388.64,22.0,45,1,1
17:27:20.109,VIGILE,1,174.33,48.3,0.506,-1.439,3.859,-8.959,-0.14,0.064,0.006,87.2,397.15,22.0,45,1,1
17:27:20.609,VIGILE,1,177.64,24.13,0.258,-1.714,3.273,-9.146,-0.125,0.053,0.009,87.2,392.37,22.0,45,1,1
17:27:21.109,VIGILE,1,177.4,15.08,0.269,-1.044,3.05,-8.748,-0.155,0.05,-0.001,87.2,398.29,22.0,45,1,1
17:27:21.609,VIGILE,1,178.02,11.25,0.275,-2.289,3.029,-10.343,-0.106,0.091,0.014,87.2,379.41,21.9,45,1,1
17:27:22.109,VIGILE,1,177.54,11.46,0.258,-1.7,3.666,-9.069,-0.069,0.043,0.01,87.2,362.41,21.9,45,1,1
17:27:22.609,VIGILE,1,177.68,10.4,0.265,-1.911,3.237,-9.28,-0.094,0.061,-0.013,87.2,388.53,21.9,45,1,1
17:27:23.109,VIGILE,1,177.08,6.73,0.269,-2.148,3.199,-9.239,-0.128,0.035,-0.041,87.2,380.45,21.9,45,1,1
17:27:23.609,VIGILE,1,178.29,3.85,0.276,-2.119,2.665,-9.258,-0.099,0.061,-0.033,87.2,381.25,21.9,45,1,1
17:27:24.109,VIGILE,1,179.68,20.37,0.258,-1.235,3.091,-8.918,-0.131,0.083,-0.052,87.2,349.82,21.9,45,1,1
17:27:24.609,VIGILE,1,176.54,13.89,0.251,-1.827,3.115,-9.086,-0.122,0.063,-0.053,87.2,358.05,21.9,45,1,1
17:27:25.110,VIGILE,1,177.73,8.42,0.278,-1.398,3.031,-8.655,-0.117,0.079,-0.073,87.2,374.6,21.9,45,1,1
17:27:25.610,VIGILE,1,179.63,10.54,0.292,-1.405,3.144,-9.266,-0.13,0.076,-0.022,87.2,365.65,21.9,45,1,1
17:27:26.110,VIGILE,1,-179.08,13.76,0.271,-0.692,2.775,-8.847,-0.146,0.041,-0.028,87.2,357.65,21.9,45,1,1
17:27:26.610,VIGILE,1,179.23,18.81,0.291,-2.088,3.328,-8.971,-0.116,0.071,-0.013,87.2,352.48,21.9,45,1,1
17:27:27.110,VIGILE,1,178.49,22.34,0.282,-2.318,3.685,-8.428,-0.108,0.08,-0.018,87.2,347.54,21.9,45,1,1
17:27:27.610,VIGILE,1,179.73,27.06,0.32,-2.464,5.066,-9.378,-0.137,0.039,0.133,87.2,363.32,21.9,45,1,1
17:27:28.110,VIGILE,1,-177.12,25.93,0.319,-0.929,5.485,-8.258,-0.13,-0.033,0.281,87.2,353.65,21.9,45,1,1
17:27:28.610,VIGILE,1,-176.59,15.44,0.279,-0.785,5.535,-8.768,-0.064,-0.137,0.386,87.2,342.99,21.9,45,1,1
17:27:29.110,VIGILE,1,-177.8,16.04,0.276,-1.451,4.827,-8.703,-0.044,-0.083,0.4,87.2,363.96,21.9,45,1,1
17:27:29.610,VIGILE,1,-175.25,25.26,0.206,-0.646,3.503,-8.332,0.016,-0.043,0.359,87.2,360.57,21.9,45,1,1
17:27:30.110,VIGILE,1,180.0,-4.96,0.233,-0.864,3.191,-10.549,-0.027,-0.052,0.246,87.2,367.42,21.9,45,1,1
17:27:30.610,VIGILE,1,179.21,-49.72,0.31,-1.041,2.023,-10.044,-0.047,0.026,0.018,87.2,335.46,21.9,45,1,1
17:27:31.110,VIGILE,0,0.0,0.0,0.0,-0.735,2.969,-8.909,-0.149,0.071,-0.023,87.2,325.9,21.9,45,1,1
17:27:31.610,VIGILE,1,-174.57,-19.18,0.295,0.474,2.856,-9.002,-0.16,0.06,-0.035,87.2,358.78,21.9,45,1,1
17:27:32.111,VIGILE,1,-179.31,4.9,0.262,-2.574,2.741,-9.505,-0.244,0.163,-0.007,87.2,352.99,21.9,45,1,1
17:27:32.611,VIGILE,1,178.32,17.56,0.241,1.044,4.056,-10.319,-0.297,0.091,-0.063,87.2,355.95,21.9,45,1,1
17:27:33.111,VIGILE,1,-179.33,24.29,0.299,-0.687,3.548,-8.514,-0.249,0.121,0.019,87.2,318.99,21.9,45,1,1
17:27:33.615,VIGILE,1,178.69,25.33,0.274,0.156,4.058,-8.566,-0.025,0.082,0.026,87.2,337.12,21.9,45,1,1
17:27:34.115,VIGILE,1,-179.33,19.68,0.264,-0.388,2.978,-10.216,-0.112,0.165,0.054,87.2,338.79,21.9,45,1,1
17:27:34.615,VIGILE,1,179.56,28.06,0.305,0.725,3.17,-8.768,-0.257,0.083,0.059,87.2,333.78,21.9,45,1,1
17:27:35.115,VIGILE,1,-179.61,24.53,0.318,-0.266,3.728,-9.218,-0.148,0.005,0.085,87.2,335.31,21.9,45,1,1
17:27:35.615,VIGILE,1,178.12,23.28,0.305,-0.014,3.658,-9.321,-0.134,0.062,0.065,87.2,322.82,21.9,45,1,1
17:27:36.115,VIGILE,1,177.9,-24.92,0.289,-0.773,3.402,-8.945,-0.111,0.042,0.029,87.2,327.39,21.9,45,1,1
17:27:36.615,VIGILE,1,178.38,-26.0,0.298,-0.184,3.067,-9.23,-0.149,0.067,0.007,87.2,334.74,21.9,45,1,1
17:27:37.115,VIGILE,1,176.75,-25.93,0.284,-0.857,3.309,-8.997,-0.096,0.029,0.051,87.2,331.2,21.9,45,1,1
17:27:37.615,VIGILE,1,177.35,-22.67,0.291,-0.196,3.139,-9.304,-0.146,0.068,0.004,87.2,302.75,21.9,45,1,1
17:27:38.115,VIGILE,1,178.94,-4.96,0.304,-1.252,3.438,-8.801,-0.131,0.044,0.026,87.2,344.55,21.9,45,1,1
17:27:38.615,VIGILE,1,175.15,47.25,0.383,-1.269,3.079,-9.483,-0.112,0.064,-0.019,87.2,344.29,21.9,45,1,1
17:27:39.115,VIGILE,1,177.68,44.32,0.376,-1.231,2.634,-9.002,-0.166,0.096,-0.064,87.2,340.51,21.9,45,1,1
17:27:39.615,VIGILE,1,-178.92,24.14,0.292,-1.403,3.615,-9.328,-0.092,0.062,-0.02,87.2,298.2,21.9,45,1,1
17:27:40.116,VIGILE,1,-178.61,2.16,0.286,-0.68,3.132,-9.251,-0.148,0.059,0.0,87.2,289.86,21.9,45,1,1
17:27:40.616,VIGILE,1,-178.04,-11.66,0.272,-0.29,2.907,-9.479,-0.165,0.079,-0.026,87.2,333.06,21.9,45,1,1
17:27:41.116,VIGILE,1,-178.88,-18.77,0.258,-0.706,2.732,-9.086,-0.098,0.042,-0.008,87.2,327.65,21.9,45,1,1
17:27:41.616,VIGILE,1,-177.58,-2.9,0.279,-0.644,2.842,-9.852,-0.111,0.045,-0.015,87.2,324.19,21.9,45,1,1
17:27:42.116,VIGILE,1,178.57,0.03,0.299,-0.721,3.122,-9.081,-0.143,0.038,-0.024,87.2,289.65,21.9,45,1,1
17:27:42.616,VIGILE,1,178.8,8.55,0.285,-0.702,2.954,-8.77,-0.186,0.074,-0.02,87.2,288.54,21.9,45,1,1
17:27:43.116,VIGILE,1,179.07,0.33,0.286,-0.757,3.177,-9.486,-0.116,0.045,-0.023,87.2,324.52,21.9,45,1,1
17:27:43.616,VIGILE,1,179.72,9.33,0.26,-0.97,2.693,-10.264,-0.174,0.013,-0.011,87.2,320.35,21.9,45,1,1
17:27:44.116,VIGILE,1,-175.67,-17.97,0.294,-0.816,3.117,-9.225,-0.164,0.05,-0.023,87.2,317.64,21.9,45,1,1
17:27:44.616,VIGILE,1,-175.64,-8.13,0.304,-1.176,3.426,-9.043,-0.132,0.078,-0.006,87.2,283.63,21.9,45,1,1
17:27:45.116,VIGILE,1,-178.34,-4.23,0.285,-0.874,3.084,-9.931,-0.164,0.048,-0.026,87.2,293.83,21.9,45,1,1
17:27:45.616,VIGILE,1,-176.58,-11.04,0.3,-1.046,3.077,-9.297,-0.137,0.056,-0.022,87.2,331.85,21.9,45,1,1
17:27:46.116,VIGILE,1,-178.14,-8.14,0.316,-0.419,2.813,-8.475,-0.178,0.09,-0.034,87.2,327.0,21.9,45,1,1
17:27:46.616,VIGILE,1,-178.35,-5.29,0.305,-1.075,3.148,-9.708,-0.108,0.06,0.002,87.2,322.13,21.9,45,1,1
17:27:47.116,VIGILE,1,-177.84,-10.51,0.28,-0.869,2.959,-8.799,-0.126,0.075,0.001,87.2,308.99,21.9,45,1,1
17:27:47.617,VIGILE,1,169.7,40.16,0.299,-0.603,3.05,-9.069,-0.198,0.082,-0.034,87.2,329.83,21.9,45,1,1
17:27:48.117,VIGILE,1,-177.11,12.18,0.249,-0.613,2.892,-9.297,-0.198,0.068,-0.038,87.2,327.61,21.9,45,1,1
17:27:48.617,VIGILE,1,-173.91,30.54,0.122,-1.324,2.892,-9.036,-0.144,0.073,-0.033,87.2,315.85,21.9,45,1,1
17:27:49.117,VIGILE,1,-175.48,24.25,0.189,-0.436,2.907,-9.285,-0.132,0.059,-0.022,87.2,282.17,21.9,45,1,1
17:27:49.617,DISTRAZIONE,1,-175.26,24.61,0.25,-1.264,3.031,-8.878,-0.113,0.058,-0.017,87.2,300.11,21.9,45,1,1
17:27:50.117,DISTRAZIONE,1,-173.19,22.56,0.258,-1.051,3.282,-9.179,-0.15,0.056,-0.021,87.2,298.09,21.9,45,1,1
17:27:50.617,DISTRAZIONE,1,-175.51,48.27,0.287,-1.252,3.402,-9.819,-0.132,0.051,-0.022,87.2,318.57,21.9,45,1,1
17:27:51.117,DISTRAZIONE,1,-174.62,34.48,0.154,-1.48,3.211,-8.768,-0.117,0.044,-0.022,87.2,314.08,21.9,45,1,1
17:27:51.617,DISTRAZIONE,1,-173.72,31.61,0.312,-0.649,2.775,-8.686,-0.161,0.063,-0.012,87.2,273.95,21.9,45,1,1
17:27:52.117,DISTRAZIONE,0,0.0,0.0,0.0,-1.039,3.874,-9.299,-0.18,0.083,0.027,87.2,282.79,21.9,45,1,1
17:27:52.617,DISTRAZIONE,1,152.95,68.87,0.425,-0.496,2.816,-9.055,-0.126,0.066,-0.017,87.2,284.23,21.9,45,1,1
17:27:53.118,DISTRAZIONE,1,179.17,15.16,0.325,-0.891,3.122,-8.88,-0.128,0.071,-0.009,87.2,299.94,21.9,45,1,1
17:27:53.618,DISTRAZIONE,1,-176.04,-32.6,0.114,-1.238,2.638,-9.026,-0.127,0.087,-0.045,87.2,281.65,21.9,45,1,1
17:27:54.118,DISTRAZIONE,0,0.0,0.0,0.0,-1.228,2.875,-9.354,-0.1,0.06,-0.014,87.2,274.82,21.9,45,1,1
17:27:54.618,DISTRAZIONE,1,179.85,26.95,0.301,-1.039,3.077,-9.122,-0.13,0.067,-0.025,87.2,304.41,21.9,45,1,1
17:27:55.118,DISTRAZIONE,0,0.0,0.0,0.0,-0.697,2.904,-9.203,-0.085,0.037,-0.005,87.2,292.36,21.9,45,1,1
17:27:55.618,DISTRAZIONE,1,176.68,-34.42,0.353,-0.79,3.045,-8.569,-0.131,0.087,-0.018,87.2,268.37,21.9,45,1,1
17:27:56.118,DISTRAZIONE,0,0.0,0.0,0.0,-1.76,3.575,-9.673,-0.101,0.062,-0.021,87.2,223.31,21.9,45,1,1
17:27:56.618,DISTRAZIONE,1,-177.29,-1.03,0.334,-0.802,2.832,-9.972,-0.143,0.076,-0.024,87.2,215.47,21.8,45,1,1
17:27:57.118,DISTRAZIONE,1,-178.28,19.94,0.321,-0.625,3.61,-8.99,-0.151,0.06,-0.004,87.2,257.52,21.8,45,1,1
17:27:57.618,DISTRAZIONE,1,-177.83,22.3,0.277,-0.541,3.093,-9.416,-0.115,0.005,0.0,87.2,266.2,21.8,45,1,1
17:27:58.118,DISTRAZIONE,1,-179.61,6.56,0.277,-0.826,3.395,-9.359,-0.133,0.043,-0.003,87.2,267.96,21.8,45,1,1
17:27:58.618,DISTRAZIONE,1,177.55,2.69,0.277,-0.979,2.993,-9.529,-0.096,0.061,-0.007,87.2,248.53,21.8,45,1,1
17:27:59.118,DISTRAZIONE,1,179.68,4.65,0.295,-2.081,3.472,-9.167,-0.136,0.063,-0.024,87.2,277.41,21.8,45,1,1
17:27:59.618,DISTRAZIONE,1,-179.19,19.78,0.202,-1.92,3.247,-9.148,-0.12,0.089,-0.008,87.2,301.12,21.8,45,1,1
17:28:00.118,DISTRAZIONE,1,-178.7,28.21,0.128,-1.463,3.376,-9.179,-0.119,0.072,-0.017,87.2,289.86,21.8,45,1,1
17:28:00.619,DISTRAZIONE,1,-176.82,20.44,0.291,-1.549,3.306,-8.926,-0.165,0.05,-0.028,87.2,245.44,21.8,45,1,1
17:28:01.119,DISTRAZIONE,1,-177.66,12.25,0.302,-1.803,3.127,-8.906,-0.114,0.062,-0.019,87.2,223.66,21.8,45,1,1
17:28:01.619,DISTRAZIONE,1,-176.47,29.77,0.176,-1.223,3.476,-9.833,-0.112,0.086,-0.038,87.2,272.09,21.8,45,1,1
17:28:02.119,DISTRAZIONE,1,-177.03,20.42,0.276,-1.784,3.685,-9.342,-0.064,0.055,-0.018,87.2,304.77,21.8,45,1,1
17:28:02.619,DISTRAZIONE,1,179.64,12.75,0.294,-1.149,3.103,-8.724,-0.166,0.073,-0.023,87.2,295.81,21.8,45,1,1
17:28:03.119,DISTRAZIONE,1,178.83,22.25,0.276,-1.197,3.311,-9.103,-0.157,0.081,-0.006,87.2,260.72,21.8,45,1,1
17:28:03.619,DISTRAZIONE,1,179.65,17.84,0.251,-0.996,3.455,-9.297,-0.124,0.053,-0.015,87.2,265.66,21.8,45,1,1
17:28:04.119,DISTRAZIONE,1,178.35,15.21,0.265,-1.135,3.134,-9.005,-0.153,0.067,-0.005,87.2,269.85,21.8,45,1,1
17:28:04.619,DISTRAZIONE,1,178.61,21.05,0.273,-1.087,3.596,-9.098,-0.175,0.09,-0.017,87.2,272.02,21.8,45,1,1
17:28:05.119,DISTRAZIONE,1,-179.61,23.1,0.288,-0.589,3.213,-8.916,-0.098,0.007,0.007,87.2,259.42,21.8,45,1,1
17:28:05.619,DISTRAZIONE,1,-174.31,36.11,0.148,-0.407,2.84,-8.253,-0.143,0.101,0.005,87.2,254.95,21.8,45,1,1
17:28:06.119,DISTRAZIONE,1,178.8,25.16,0.303,-2.1,4.408,-11.241,-0.244,0.051,-0.025,87.2,282.32,21.8,45,1,1
17:28:06.619,DISTRAZIONE,1,-176.98,21.9,0.309,-1.238,3.443,-8.684,-0.187,0.084,-0.029,87.2,294.77,21.8,45,1,1
17:28:07.119,DISTRAZIONE,1,-176.43,24.57,0.262,-0.615,3.287,-9.167,-0.14,0.067,-0.026,87.2,305.86,21.8,45,1,1
17:28:07.619,DISTRAZIONE,1,-177.96,31.87,0.193,-1.209,3.105,-9.017,-0.079,0.06,-0.011,87.2,288.37,21.8,45,1,1
17:28:08.119,DISTRAZIONE,1,-175.63,31.6,0.178,-1.12,3.445,-8.645,-0.153,0.041,-0.004,87.2,281.79,21.8,45,1,1
17:28:08.620,DISTRAZIONE,1,-176.43,31.88,0.28,-1.214,3.687,-8.765,-0.14,0.055,0.026,87.2,311.14,21.8,45,1,1
17:28:09.120,DISTRAZIONE,1,-172.45,31.49,0.283,-0.766,4.319,-8.909,-0.149,0.055,0.03,87.2,310.33,21.8,45,1,1
17:28:09.620,DISTRAZIONE,1,-154.65,11.31,0.128,-1.185,4.458,-9.146,-0.103,0.048,0.055,87.2,318.29,21.8,45,1,1
17:28:10.120,DISTRAZIONE,1,-172.15,33.07,0.321,-0.74,5.013,-7.908,-0.118,0.011,0.104,87.2,297.85,21.8,45,1,1
17:28:10.620,DISTRAZIONE,1,-172.58,35.52,0.271,-0.275,5.729,-8.753,-0.078,-0.037,0.234,87.2,299.88,21.8,45,1,1
17:28:11.120,DISTRAZIONE,1,-174.46,35.16,0.283,-0.84,5.861,-9.242,-0.054,-0.018,0.256,87.2,320.31,21.8,45,1,1
17:28:11.620,DISTRAZIONE,1,-174.71,34.75,0.302,-0.338,4.899,-7.903,-0.073,-0.006,0.233,87.2,307.76,21.8,46,1,1
17:28:12.120,DISTRAZIONE,1,-176.69,30.74,0.309,-0.807,4.554,-8.672,-0.066,-0.015,0.207,87.2,298.11,21.8,46,1,1
17:28:12.620,DISTRAZIONE,1,-178.87,34.2,0.298,-1.185,4.36,-9.412,-0.094,0.021,0.143,87.2,268.74,21.8,46,1,1
17:28:13.120,DISTRAZIONE,1,-175.15,15.46,0.276,-1.125,3.51,-9.426,-0.117,0.044,0.025,87.2,249.86,21.8,46,1,1
17:28:13.620,DISTRAZIONE,1,-173.33,35.68,0.256,-1.358,3.112,-9.536,-0.124,0.063,-0.037,87.2,269.01,21.8,46,1,1
17:28:14.120,DISTRAZIONE,1,-174.88,33.45,0.286,-1.192,3.328,-9.191,-0.166,0.058,-0.053,87.2,263.71,21.8,46,1,1
17:28:14.620,DISTRAZIONE,1,-175.45,32.18,0.274,-1.255,3.103,-9.024,-0.137,0.098,-0.033,87.2,265.4,21.8,46,1,1
17:28:15.120,DISTRAZIONE,1,-176.22,14.49,0.271,-1.03,3.247,-9.165,-0.118,0.09,-0.052,87.2,242.23,21.8,46,1,1
17:28:15.620,DISTRAZIONE,1,-175.93,6.43,0.295,-0.867,2.837,-9.378,-0.123,0.058,-0.054,87.2,251.82,21.8,46,1,1
17:28:16.120,DISTRAZIONE,1,-172.7,22.63,0.135,-1.13,2.981,-10.319,-0.07,0.054,-0.046,87.2,288.55,21.8,46,1,1
17:28:16.620,DISTRAZIONE,1,-175.27,15.9,0.294,-0.912,2.361,-9.591,-0.196,0.109,-0.074,87.2,294.96,21.8,46,1,1
17:28:17.121,DISTRAZIONE,1,-174.32,27.68,0.271,-1.137,2.375,-8.777,-0.074,0.105,-0.043,87.2,311.78,21.8,46,1,1
17:28:17.621,DISTRAZIONE,1,-174.68,27.73,0.193,-0.749,3.455,-9.419,-0.166,0.058,-0.048,87.2,309.04,21.8,46,1,1
17:28:18.121,DISTRAZIONE,1,-176.78,-6.12,0.272,-1.793,3.268,-9.728,-0.172,0.102,-0.068,87.2,301.46,21.8,46,1,1
17:28:18.621,DISTRAZIONE,1,-176.38,-8.14,0.285,-0.812,3.227,-8.715,-0.184,0.104,-0.053,87.2,308.93,21.8,46,1,1
17:28:19.121,DISTRAZIONE,1,-178.35,-3.89,0.265,-0.867,2.61,-9.299,-0.12,0.102,-0.032,87.2,293.16,21.8,46,1,1
17:28:19.621,DISTRAZIONE,1,-178.81,0.73,0.279,-1.322,3.357,-9.728,-0.122,0.058,-0.054,87.2,294.18,21.8,46,1,1
17:28:20.121,DISTRAZIONE,1,-178.71,-6.77,0.241,-0.924,3.089,-9.68,-0.141,0.072,-0.057,87.2,300.01,21.8,46,1,1
17:28:20.621,DISTRAZIONE,1,-177.68,-8.53,0.269,-1.329,3.103,-9.273,-0.169,0.075,-0.064,87.2,311.95,21.8,46,1,1
17:28:21.121,DISTRAZIONE,1,-176.11,-13.17,0.297,-1.073,3.117,-9.407,-0.178,0.056,-0.04,87.2,315.77,21.8,46,1,1
17:28:21.621,DISTRAZIONE,1,-169.66,24.07,0.255,-1.664,3.182,-8.945,-0.126,0.063,-0.025,87.2,294.18,21.8,46,1,1
17:28:22.121,DISTRAZIONE,1,-168.33,-30.66,0.321,-1.465,3.278,-8.966,-0.137,0.056,-0.035,87.2,286.12,21.8,46,1,1
17:28:22.621,DISTRAZIONE,1,-166.9,-1.87,0.139,-0.958,3.402,-9.479,-0.146,0.02,-0.018,87.2,295.89,21.8,46,1,1
17:28:23.121,DISTRAZIONE,1,-164.89,8.64,0.126,-1.434,3.28,-9.553,-0.104,0.045,-0.008,87.2,292.01,21.8,46,1,1
17:28:23.621,DISTRAZIONE,1,-172.55,-5.13,0.279,-0.512,3.007,-9.828,-0.115,0.059,-0.015,87.2,295.71,21.8,46,1,1
17:28:24.121,DISTRAZIONE,1,-163.01,13.28,0.119,-0.771,3.56,-9.395,-0.093,0.048,-0.022,87.2,281.23,21.8,46,1,1
17:28:24.621,DISTRAZIONE,1,-170.02,23.06,0.315,-1.422,3.045,-9.019,-0.114,0.078,-0.025,87.2,265.91,21.8,46,1,1
17:28:25.121,DISTRAZIONE,1,-174.19,20.95,0.291,-1.678,2.966,-9.263,-0.084,0.075,-0.006,87.2,289.63,21.8,46,1,1
17:28:25.622,DISTRAZIONE,1,178.86,-1.57,0.283,-1.116,2.555,-9.179,-0.114,0.055,-0.024,87.2,284.71,21.8,46,1,1
17:28:26.122,DISTRAZIONE,1,176.61,-0.78,0.29,-0.22,2.775,-7.721,-0.264,0.119,-0.046,87.2,282.4,21.8,46,1,1
17:28:26.622,DISTRAZIONE,1,177.83,-2.21,0.28,-1.422,2.1,-8.818,-0.157,0.05,-0.019,87.2,255.82,21.8,46,1,1
17:28:27.122,DISTRAZIONE,1,179.51,1.11,0.294,-1.774,3.338,-9.783,-0.147,0.051,-0.024,87.2,247.03,21.8,46,1,1
17:28:27.622,DISTRAZIONE,1,177.72,9.54,0.243,-1.456,3.223,-8.961,-0.133,0.069,-0.03,87.2,270.55,21.8,46,1,1
17:28:28.122,DISTRAZIONE,1,179.28,17.26,0.288,-1.396,2.804,-9.476,-0.166,0.096,-0.038,87.2,270.11,21.8,46,1,1
17:28:28.622,DISTRAZIONE,1,178.6,-2.72,0.268,-2.248,3.95,-10.74,-0.199,0.087,-0.049,87.2,274.31,21.8,46,1,1
17:28:29.122,DISTRAZIONE,1,-174.88,-5.71,0.175,-0.876,2.907,-9.045,-0.172,0.093,-0.033,87.2,252.1,21.8,46,1,1
17:28:29.622,DISTRAZIONE,1,-173.32,8.99,0.119,-1.544,3.44,-9.17,-0.136,0.063,-0.023,87.2,243.67,21.8,46,1,1
17:28:30.122,VIGILE,1,177.37,0.18,0.278,-0.776,3.136,-8.59,-0.175,0.088,-0.02,87.2,262.96,21.8,46,1,1
17:28:30.622,VIGILE,1,177.67,-2.45,0.284,-0.663,3.287,-9.445,-0.121,0.095,-0.024,87.2,256.67,21.8,46,1,1
17:28:31.122,VIGILE,1,178.96,-6.38,0.302,-0.86,3.132,-9.658,-0.119,0.046,-0.029,87.2,256.68,21.8,46,1,1
17:28:31.622,VIGILE,1,178.79,-6.1,0.267,-0.776,2.684,-9.838,-0.153,0.097,-0.055,87.2,247.92,21.8,45,1,1
17:28:32.122,VIGILE,1,178.83,-9.97,0.271,-1.068,2.842,-10.118,-0.087,0.082,-0.058,87.2,273.65,21.8,45,1,1
17:28:32.622,VIGILE,1,174.15,-7.2,0.274,-1.228,2.813,-9.364,-0.2,0.113,-0.083,87.2,281.43,21.8,45,1,1
17:28:33.123,VIGILE,1,176.7,-3.73,0.283,-0.996,2.48,-8.746,-0.152,0.103,-0.077,87.2,275.98,21.8,45,1,1
17:28:33.623,VIGILE,1,176.8,-1.38,0.276,-1.116,3.529,-9.392,-0.106,0.075,-0.054,87.2,272.03,21.8,45,1,1
17:28:34.123,VIGILE,1,177.23,-4.84,0.275,-1.48,3.139,-8.801,-0.155,0.074,-0.053,87.2,265.06,21.8,45,1,1
17:28:34.623,VIGILE,1,178.34,-6.93,0.226,-1.642,3.541,-9.541,-0.149,0.086,-0.044,87.2,259.59,21.8,45,1,1
17:28:35.123,VIGILE,1,179.37,-5.47,0.268,-1.396,2.935,-9.297,-0.134,0.037,-0.034,87.2,260.87,21.8,45,1,1
17:28:35.623,VIGILE,1,179.03,-7.86,0.185,-0.383,2.547,-8.99,-0.133,0.07,-0.04,87.2,254.16,21.8,45,1,1
17:28:36.123,VIGILE,1,175.69,-4.09,0.182,0.005,2.6,-9.06,-0.13,0.059,-0.039,87.2,234.68,21.8,45,1,1
17:28:36.623,VIGILE,1,178.43,-7.83,0.26,-1.058,2.715,-8.803,-0.147,0.087,-0.041,87.2,258.79,21.8,45,1,1
17:28:37.123,VIGILE,1,178.2,-9.63,0.158,-1.396,2.775,-8.88,-0.15,0.067,-0.021,87.2,257.26,21.8,45,1,1
17:28:37.623,VIGILE,1,179.52,-8.34,0.248,-0.816,2.725,-9.11,-0.147,0.104,-0.022,87.2,264.38,21.8,45,1,1
17:28:38.123,SONNOLENZA,1,178.89,-8.13,0.143,-1.006,2.909,-8.971,-0.178,0.079,-0.034,87.2,239.47,21.8,45,1,1
17:28:38.623,SONNOLENZA,1,177.7,-5.07,0.121,-0.68,2.705,-9.155,-0.134,0.089,-0.02,87.2,238.06,21.8,45,1,1
17:28:39.123,SONNOLENZA,1,175.57,-6.69,0.069,-1.032,3.206,-9.11,-0.13,0.078,-0.017,87.2,260.36,21.8,44,1,1
17:28:39.623,SONNOLENZA,1,178.58,-6.49,0.266,-0.579,3.158,-9.285,-0.113,0.081,-0.023,87.2,258.01,21.8,44,1,1
17:28:40.123,SONNOLENZA,1,177.51,-10.53,0.158,-0.994,2.856,-9.62,-0.128,0.063,-0.064,87.2,266.13,21.8,44,1,1
17:28:40.623,SONNOLENZA,1,177.29,-4.46,0.107,-0.946,2.761,-9.285,-0.133,0.074,-0.073,87.2,242.73,21.8,44,1,1
17:28:41.123,SONNOLENZA,1,177.6,-6.44,0.208,-1.01,2.665,-9.522,-0.08,0.077,-0.061,87.2,242.33,21.8,44,1,1
17:28:41.624,SONNOLENZA,1,178.32,-1.97,0.225,-1.259,2.346,-9.043,-0.18,0.104,-0.079,87.2,272.28,21.8,44,1,1
17:28:42.124,SONNOLENZA,1,179.81,-10.77,0.255,-0.326,3.062,-8.473,-0.168,0.104,-0.118,87.2,276.46,21.8,44,1,1
17:28:42.624,SONNOLENZA,1,-179.94,-11.97,0.232,-1.082,3.189,-8.653,-0.271,0.122,-0.084,87.2,287.19,21.8,44,1,1
17:28:43.124,SONNOLENZA,1,-179.64,-12.45,0.139,-1.434,2.289,-9.428,-0.095,0.074,-0.094,87.2,261.69,21.8,44,1,1
17:28:43.624,SONNOLENZA,1,179.42,-13.48,0.084,-1.271,2.856,-9.462,-0.121,0.079,-0.066,87.2,252.97,21.8,44,1,1
17:28:44.124,SONNOLENZA,1,178.87,-14.84,0.265,-1.365,3.187,-9.421,-0.103,0.052,-0.017,87.2,276.6,21.8,44,1,1
17:28:44.624,SONNOLENZA,1,-179.54,-12.67,0.236,-0.895,3.01,-9.012,-0.135,0.064,-0.005,87.2,260.69,21.8,44,1,1
17:28:45.124,SONNOLENZA,1,179.05,-10.4,0.158,-0.979,3.153,-9.069,-0.176,0.089,-0.014,87.2,247.52,21.8,44,1,1
17:28:45.627,SONNOLENZA,1,-178.47,-11.77,0.161,-0.359,3.079,-9.543,-0.127,0.034,-0.03,87.2,211.49,21.8,44,1,1
17:28:46.127,SONNOLENZA,1,179.42,-13.83,0.097,-1.216,3.651,-9.689,-0.055,0.063,-0.005,87.2,207.77,21.8,44,1,1
17:28:46.627,SONNOLENZA,1,-179.29,-8.44,0.286,-1.056,3.199,-9.546,-0.139,0.077,-0.033,87.2,196.37,21.8,44,1,1
17:28:47.127,SONNOLENZA,1,-178.72,-5.43,0.269,-1.283,3.256,-9.017,-0.094,0.022,-0.025,87.2,191.17,21.8,44,1,1
17:28:47.627,SONNOLENZA,1,-179.65,-9.75,0.22,-1.731,3.038,-8.612,-0.148,0.09,-0.029,87.2,191.09,21.8,44,1,1
17:28:48.127,SONNOLENZA,1,-179.12,-10.24,0.122,-1.669,3.366,-9.064,-0.154,0.095,-0.012,87.2,180.41,21.8,44,1,1
17:28:48.627,SONNOLENZA,1,-179.86,-11.05,0.099,-0.668,3.225,-9.21,-0.166,0.088,-0.032,87.2,185.51,21.8,44,1,1
17:28:49.127,SONNOLENZA,1,-178.82,-11.3,0.234,-1.085,3.091,-9.084,-0.102,0.057,-0.023,87.2,187.93,21.8,43,1,1
17:28:49.627,SONNOLENZA,1,-178.36,-11.89,0.266,-1.097,3.299,-9.048,-0.146,0.069,-0.026,87.2,192.35,21.8,43,1,1
17:28:50.127,SONNOLENZA,1,-179.3,-10.97,0.253,-1.101,2.796,-8.904,-0.139,0.079,-0.044,87.2,188.42,21.8,43,1,1
17:28:50.627,SONNOLENZA,1,-180.0,-8.55,0.203,-1.413,2.871,-8.995,-0.123,0.077,-0.039,87.2,196.09,21.8,43,1,1
17:28:51.127,SONNOLENZA,1,-179.7,-9.61,0.194,-1.188,2.998,-9.108,-0.171,0.078,-0.057,87.2,205.95,21.8,43,1,1
17:28:51.627,SONNOLENZA,1,179.9,-8.69,0.114,-0.867,3.247,-9.397,-0.183,0.074,-0.043,87.2,212.32,21.8,43,1,1
17:28:52.127,SONNOLENZA,1,179.7,-9.24,0.107,-1.183,3.419,-9.009,-0.105,0.09,-0.043,87.2,214.11,21.8,43,1,1
17:28:52.627,SONNOLENZA,1,-179.4,-8.33,0.062,-0.965,3.4,-9.177,-0.155,0.08,-0.052,87.2,211.0,21.8,43,1,1
17:28:53.127,SONNOLENZA,1,-177.73,-7.46,0.251,-1.008,3.055,-9.246,-0.168,0.072,-0.026,87.2,230.51,21.8,43,1,1
17:28:53.627,SONNOLENZA,1,-177.01,-13.07,0.27,-1.142,3.567,-9.112,-0.157,0.088,-0.005,87.2,234.77,21.8,43,1,1
17:28:54.128,SONNOLENZA,1,-179.26,-9.22,0.071,-1.575,3.488,-9.582,-0.136,0.068,-0.022,87.2,240.39,21.8,43,1,1
17:28:54.628,SONNOLENZA,1,178.07,-7.49,0.061,-1.599,3.326,-9.045,-0.13,0.065,-0.016,87.2,248.22,21.8,43,1,1
17:28:55.128,SONNOLENZA,1,-177.96,-7.34,0.273,-1.288,3.335,-9.045,-0.121,0.058,-0.024,87.2,252.24,21.8,43,1,1
17:28:55.628,SONNOLENZA,1,-179.71,-0.25,0.259,-1.48,3.613,-9.68,-0.141,0.087,-0.024,87.2,254.55,21.8,43,1,1
17:28:56.128,SONNOLENZA,1,-179.67,-4.33,0.291,-1.063,3.479,-8.921,-0.099,0.054,-0.021,87.2,255.04,21.8,43,1,1
17:28:56.628,VIGILE,1,-179.79,4.08,0.095,-1.405,3.115,-8.954,-0.116,0.072,-0.019,87.2,257.8,21.8,42,1,1
17:28:57.128,VIGILE,1,179.23,2.42,0.1,-1.058,2.916,-8.897,-0.181,0.082,-0.016,87.2,255.49,21.8,42,1,1
17:28:57.628,VIGILE,1,178.1,12.46,0.272,-1.094,3.601,-9.009,-0.166,0.073,-0.017,87.2,253.73,21.8,42,1,1
17:28:58.128,VIGILE,1,175.41,14.96,0.236,-1.791,4.106,-9.292,-0.119,0.034,-0.013,87.2,252.8,21.8,42,1,1
17:28:58.628,VIGILE,1,174.16,17.18,0.257,-3.349,3.498,-8.744,-0.149,0.073,0.002,87.2,252.81,21.8,42,1,1
17:28:59.128,VIGILE,1,177.1,17.63,0.292,-2.986,3.917,-8.926,-0.118,0.083,-0.003,87.2,254.26,21.9,42,1,1
17:28:59.628,VIGILE,1,174.94,27.07,0.279,-1.211,3.417,-9.041,-0.138,0.074,0.004,87.2,255.15,21.9,42,1,1
17:29:00.128,VIGILE,1,-174.87,17.11,0.306,-0.893,3.242,-9.373,-0.177,0.077,0.013,87.2,256.75,21.9,42,1,1
17:29:00.628,VIGILE,1,-177.79,10.25,0.294,-0.663,3.249,-9.203,-0.1,0.034,0.016,87.2,257.91,21.9,42,1,1
17:29:01.128,VIGILE,1,-178.43,7.51,0.289,-0.747,3.505,-9.677,-0.171,0.06,0.017,87.2,248.96,21.9,42,1,1
17:29:01.628,VIGILE,1,-177.41,7.75,0.288,-2.794,3.543,-9.1,-0.064,0.033,0.043,87.2,240.59,21.9,42,1,1
17:29:02.128,VIGILE,1,179.35,10.07,0.282,-1.197,3.302,-8.863,-0.135,0.067,0.029,87.2,262.75,21.9,42,1,1
17:29:02.628,VIGILE,1,179.3,-15.54,0.299,-0.752,3.797,-8.993,-0.122,0.072,0.042,87.2,263.69,21.9,42,1,1
17:29:03.129,VIGILE,0,0.0,0.0,0.0,-0.96,3.472,-9.232,-0.132,0.039,0.067,87.2,264.57,21.9,42,1,1
17:29:03.629,VIGILE,1,159.72,-61.43,0.36,-0.558,3.163,-8.72,-0.126,0.046,0.063,87.2,265.5,21.9,42,1,1
17:29:04.129,VIGILE,1,161.95,-60.98,0.371,-0.69,3.498,-9.218,-0.135,0.035,0.07,87.2,266.82,21.9,42,1,1
17:29:04.629,VIGILE,1,-174.51,-28.02,0.279,-0.833,3.747,-8.983,-0.113,0.035,0.075,87.2,255.11,21.9,42,1,1
17:29:05.129,VIGILE,1,179.65,-39.28,0.318,-0.551,3.464,-9.428,-0.108,0.033,0.093,87.2,255.41,21.9,42,1,1
17:29:05.629,VIGILE,1,-176.27,-22.55,0.285,-0.062,3.824,-9.227,-0.118,0.039,0.096,87.2,270.27,21.9,42,1,1
17:29:06.129,VIGILE,1,-174.85,28.49,0.326,-0.417,4.355,-10.218,-0.057,-0.014,0.106,87.2,270.66,21.9,42,1,1
17:29:06.629,VIGILE,1,-175.94,-5.81,0.315,-1.482,2.892,-9.4,-0.129,0.09,0.077,87.2,268.88,21.9,42,1,1
17:29:07.129,VIGILE,1,-178.59,41.37,0.346,-1.111,3.232,-9.517,-0.094,0.038,-0.006,87.2,246.0,21.9,42,1,1
17:29:07.629,VIGILE,1,-174.84,34.7,0.349,-0.745,4.085,-9.0,-0.127,0.031,0.06,87.2,248.3,21.9,42,1,1
17:29:08.129,VIGILE,1,-179.49,39.97,0.398,0.958,4.733,-9.249,-0.097,0.004,0.24,87.2,260.9,21.9,42,1,1
17:29:08.629,VIGILE,1,177.73,37.82,0.386,0.558,5.025,-9.199,-0.099,-0.057,0.319,87.2,251.96,21.9,42,1,1
17:29:09.129,VIGILE,1,176.03,37.19,0.374,0.196,5.301,-8.332,-0.123,-0.073,0.338,87.2,237.16,21.9,42,1,1
17:29:09.629,VIGILE,1,-178.89,37.16,0.355,0.156,5.847,-8.564,-0.117,-0.043,0.365,87.2,221.52,21.9,42,1,1
17:29:10.129,VIGILE,1,179.03,36.57,0.338,0.601,5.569,-8.447,-0.091,-0.074,0.389,87.2,182.26,21.9,42,1,1
17:29:10.629,VIGILE,1,-178.3,30.68,0.297,-0.007,5.701,-8.65,-0.076,-0.087,0.404,87.2,149.78,21.9,42,1,1
17:29:11.129,VIGILE,1,-178.89,26.67,0.287,0.213,5.25,-9.093,-0.067,-0.102,0.38,87.2,76.6,21.9,42,1,1
17:29:11.630,VIGILE,1,-178.8,8.59,0.307,-0.244,3.527,-9.17,-0.088,-0.017,0.221,87.2,15.88,21.9,42,1,1
17:29:12.130,VIGILE,1,179.87,-0.13,0.311,-0.448,2.449,-10.08,-0.157,0.044,-0.004,87.2,1.95,21.9,42,1,1
17:29:12.630,VIGILE,1,179.98,2.51,0.298,-0.069,2.595,-8.993,-0.193,0.074,-0.018,87.2,1.39,21.9,42,1,1
17:29:13.130,VIGILE,1,-179.75,13.25,0.283,0.512,3.522,-9.282,-0.216,0.086,-0.044,87.2,0.95,21.9,42,1,1
17:29:13.630,VIGILE,1,179.33,6.25,0.305,-0.524,3.038,-9.476,-0.153,0.088,-0.024,87.2,1.01,21.9,42,1,1
17:29:14.130,VIGILE,1,178.21,6.17,0.278,-0.984,2.689,-8.856,-0.076,0.053,0.005,87.2,2.19,22.0,42,1,1
17:29:14.630,VIGILE,1,178.48,19.69,0.245,-0.577,2.77,-9.543,-0.082,0.057,-0.013,87.2,15.14,22.0,42,1,1
17:29:15.130,VIGILE,1,176.65,16.97,0.255,-0.687,2.717,-8.796,-0.075,0.047,0.01,87.2,81.8,22.0,42,1,1
17:29:15.630,VIGILE,1,178.15,10.74,0.268,-0.915,3.225,-9.189,-0.173,0.081,-0.004,87.2,172.7,22.0,42,1,1
17:29:16.130,VIGILE,1,178.54,4.48,0.277,-1.039,3.251,-9.098,-0.187,0.066,-0.014,87.2,205.06,22.0,42,1,1
17:29:16.630,VIGILE,1,178.74,8.63,0.293,-0.534,2.772,-9.44,-0.15,0.066,-0.012,87.2,213.39,22.0,42,1,1
17:29:17.130,VIGILE,1,-179.59,3.62,0.279,-1.046,3.129,-9.665,-0.054,0.041,0.002,87.2,217.35,22.0,42,1,1
17:29:17.630,VIGILE,1,179.83,3.92,0.278,-0.874,3.077,-8.724,-0.123,0.029,-0.023,87.2,221.04,22.0,42,1,1
17:29:18.130,VIGILE,1,179.27,1.79,0.286,-0.869,3.802,-9.383,-0.129,0.025,-0.021,87.2,214.28,22.0,42,1,1
17:29:18.630,VIGILE,1,178.63,5.12,0.272,0.771,2.952,-9.1,-0.211,0.098,-0.047,87.2,224.77,22.0,42,1,1
17:29:19.130,VIGILE,1,-179.45,0.3,0.263,-1.039,2.911,-9.285,-0.184,0.092,-0.035,87.2,241.31,22.0,42,1,1
17:29:19.630,VIGILE,1,179.79,-6.98,0.281,-1.516,3.136,-9.471,-0.092,0.062,-0.005,87.2,258.06,22.0,42,1,1
17:29:20.130,VIGILE,1,-179.77,-5.5,0.274,-1.518,3.062,-9.979,-0.104,0.171,0.011,87.2,260.7,22.0,42,1,1
17:29:20.630,VIGILE,1,174.38,-0.95,0.271,-1.848,3.019,-8.729,-0.137,0.037,-0.024,87.2,255.53,22.0,42,1,1
17:29:21.130,VIGILE,1,176.11,1.39,0.313,-0.948,4.894,-10.293,-0.115,0.031,-0.048,87.2,249.86,22.0,42,1,1
17:29:21.631,VIGILE,1,177.8,-7.17,0.303,-1.628,3.033,-9.543,-0.129,0.03,-0.004,87.2,250.57,22.0,42,1,1
17:29:22.131,VIGILE,1,179.21,0.3,0.237,-0.622,4.561,-8.811,-0.159,0.054,-0.028,87.2,260.79,22.0,42,1,1
17:29:22.631,VIGILE,1,179.78,14.75,0.253,-1.008,3.239,-9.507,-0.08,0.001,-0.033,87.2,265.44,22.0,42,1,1
17:29:23.131,VIGILE,1,178.78,6.27,0.249,-1.116,3.819,-8.966,-0.057,0.018,-0.056,87.2,264.52,22.0,42,1,1
17:29:23.631,VIGILE,1,179.67,16.41,0.235,-1.618,3.141,-9.55,-0.199,0.093,-0.024,87.2,261.9,22.0,42,1,1
17:29:24.131,VIGILE,1,-178.92,-2.09,0.258,-1.501,3.235,-9.567,-0.094,0.014,-0.014,87.2,259.53,22.0,42,1,1
17:29:24.631,VIGILE,1,178.21,-11.4,0.26,-0.5,3.232,-8.717,-0.213,0.074,-0.042,87.2,260.08,22.0,42,1,1
17:29:25.131,VIGILE,1,177.31,-10.65,0.279,-1.161,3.215,-9.409,-0.146,0.075,-0.04,87.2,258.06,22.0,42,1,1
17:29:25.631,VIGILE,1,-176.6,31.58,0.173,-0.996,2.921,-9.38,-0.104,0.058,-0.059,87.2,260.48,22.0,42,1,1
17:29:26.131,VIGILE,1,-178.09,24.61,0.216,-1.872,2.938,-9.34,-0.1,0.053,-0.054,87.2,262.58,22.0,42,1,1
17:29:26.631,VIGILE,1,-177.4,-7.47,0.297,-1.956,3.223,-10.015,-0.106,0.097,-0.083,87.2,257.78,22.0,42,1,1
17:29:27.131,VIGILE,1,178.34,4.77,0.24,-2.749,2.26,-9.45,-0.093,0.076,-0.089,87.2,253.74,22.0,42,1,1
17:29:27.631,VIGILE,1,177.59,16.26,0.254,-1.144,2.392,-9.369,-0.184,0.111,-0.106,87.2,254.66,22.0,42,1,1
17:29:28.131,VIGILE,1,178.21,11.2,0.254,-1.276,2.473,-9.517,-0.17,0.092,-0.116,87.2,261.52,22.0,42,1,1
17:29:28.631,VIGILE,1,177.22,13.34,0.253,-0.764,2.686,-9.21,-0.164,0.079,-0.086,87.2,263.93,22.0,42,1,1
17:29:29.131,VIGILE,1,178.96,9.84,0.281,-0.407,3.033,-10.606,-0.307,0.192,0.012,87.2,259.22,22.0,42,1,1
17:29:29.631,VIGILE,1,179.03,10.48,0.295,0.426,3.862,-8.384,0.198,0.078,-0.073,87.2,240.48,22.0,42,1,1
17:29:30.131,VIGILE,1,179.04,18.84,0.286,-0.982,2.966,-10.056,-0.276,0.058,0.009,87.2,238.7,22.0,42,1,1
17:29:30.631,VIGILE,1,179.77,18.8,0.273,-0.761,3.175,-9.373,-0.193,0.103,-0.034,87.2,224.87,22.0,42,1,1
17:29:31.132,VIGILE,1,178.62,6.07,0.264,-1.199,3.464,-9.431,-0.138,0.097,-0.006,87.2,205.52,22.0,42,1,1
17:29:31.632,VIGILE,1,178.38,6.1,0.297,-0.728,2.77,-9.218,-0.151,0.071,-0.042,87.2,196.74,22.0,42,1,1
17:29:32.132,VIGILE,1,179.0,13.25,0.291,-1.46,3.077,-9.153,-0.146,0.114,-0.012,87.2,186.48,22.0,42,1,1
17:29:32.632,VIGILE,1,177.67,10.76,0.288,-0.196,2.861,-8.921,-0.163,0.067,-0.024,87.2,181.09,22.0,42,1,1
17:29:33.132,VIGILE,1,177.4,11.1,0.277,-1.549,2.473,-10.197,-0.027,0.065,-0.033,87.2,191.52,22.0,42,1,1
17:29:33.632,VIGILE,1,179.24,12.27,0.284,-0.488,2.998,-8.933,-0.219,0.082,-0.027,87.2,227.55,22.0,42,1,1
17:29:34.132,VIGILE,1,177.82,9.18,0.277,-1.142,4.056,-8.677,-0.075,0.053,-0.013,87.2,245.58,22.0,41,1,1
17:29:34.632,VIGILE,1,179.04,7.62,0.267,-0.826,2.83,-9.249,-0.173,0.082,-0.022,87.2,246.39,22.0,41,1,1
17:29:35.132,VIGILE,1,177.44,6.04,0.267,-0.56,3.17,-8.942,-0.153,0.07,-0.026,87.2,248.01,22.0,41,1,1
17:29:35.632,VIGILE,1,178.88,3.69,0.281,-1.132,2.921,-9.122,-0.111,0.047,-0.017,87.2,235.35,22.0,41,1,1
17:29:36.132,VIGILE,1,179.35,3.84,0.255,-1.389,3.536,-9.531,-0.147,0.069,-0.014,87.2,188.0,22.0,41,1,1
17:29:36.632,VIGILE,1,179.99,10.2,0.27,-1.013,3.27,-9.088,-0.117,0.078,-0.019,87.2,158.21,22.1,41,1,1
17:29:37.132,VIGILE,1,177.78,6.8,0.279,-0.479,3.682,-8.282,-0.099,0.043,-0.059,87.2,153.27,22.1,41,1,1
17:29:37.632,VIGILE,1,179.58,-2.79,0.318,-0.721,3.199,-10.484,-0.152,0.123,-0.02,87.2,192.56,22.1,41,1,1
17:29:38.132,VIGILE,1,178.29,-4.48,0.321,-1.003,3.455,-8.93,-0.147,0.04,-0.019,87.2,225.07,22.1,41,1,1
17:29:38.632,VIGILE,1,178.21,-6.71,0.284,-0.508,3.0,-9.026,-0.135,0.062,-0.019,87.2,227.22,22.1,41,1,1
17:29:39.132,VIGILE,1,179.56,-3.75,0.323,0.069,4.41,-7.456,-0.195,0.129,-0.025,87.2,206.57,22.1,41,1,1
17:29:39.633,VIGILE,1,179.64,-4.0,0.321,-0.649,3.61,-8.856,-0.084,0.096,0.001,87.2,210.05,22.1,41,1,1
17:29:40.133,VIGILE,1,176.46,-0.21,0.299,-1.774,3.558,-8.952,-0.096,0.078,-0.008,87.2,210.76,22.1,41,1,1
17:29:40.633,VIGILE,1,176.99,-3.38,0.253,-1.69,2.95,-9.354,-0.128,0.055,-0.033,87.2,214.27,22.1,41,1,1
17:29:41.133,VIGILE,1,177.84,4.43,0.267,-1.19,3.417,-9.33,-0.142,0.07,-0.028,87.2,239.88,22.1,41,1,1
17:29:41.633,VIGILE,1,178.46,1.13,0.27,-1.662,2.971,-9.052,-0.087,0.062,-0.004,87.2,234.39,22.1,41,1,1
17:29:42.133,VIGILE,1,179.53,-0.86,0.26,-0.582,3.211,-8.914,-0.219,0.047,-0.012,87.2,216.8,22.1,41,1,1
17:29:42.633,VIGILE,1,-177.37,19.63,0.274,-1.281,2.856,-9.201,-0.221,0.075,-0.016,87.2,186.73,22.1,41,1,1
17:29:43.133,VIGILE,1,-175.53,32.38,0.257,-1.808,3.824,-9.038,-0.084,0.071,-0.001,87.2,158.1,22.1,41,1,1
17:29:43.633,VIGILE,1,-177.79,22.57,0.264,-1.621,3.081,-8.983,-0.139,0.079,-0.021,87.2,160.4,22.1,41,1,1
17:29:44.133,VIGILE,1,-179.17,7.82,0.263,-1.456,3.598,-9.342,-0.11,0.052,-0.011,87.2,160.35,22.1,41,1,1
17:29:44.633,VIGILE,1,178.64,-0.48,0.247,-1.355,3.634,-9.754,-0.118,0.025,-0.011,87.2,162.12,22.1,41,1,1
17:29:45.133,VIGILE,1,178.92,1.16,0.235,-1.815,3.448,-9.179,-0.152,0.042,-0.022,87.2,164.78,22.1,41,1,1
17:29:45.633,VIGILE,1,178.13,2.1,0.249,-1.693,3.266,-9.009,-0.186,0.062,-0.039,87.2,168.1,22.1,41,1,1
17:29:46.133,VIGILE,1,176.79,5.11,0.261,-1.343,3.598,-8.923,-0.122,0.058,-0.014,87.2,169.92,22.1,41,1,1
17:29:46.633,VIGILE,1,176.15,15.96,0.256,-1.01,3.349,-9.586,-0.124,0.082,-0.014,87.2,170.13,22.2,41,1,1
17:29:47.133,VIGILE,1,177.4,4.21,0.234,-0.891,3.249,-9.019,-0.129,0.054,-0.018,87.2,181.51,22.2,41,1,1
17:29:47.633,VIGILE,1,177.76,1.05,0.247,-1.159,3.39,-9.613,-0.131,0.043,-0.021,87.2,189.11,22.2,41,1,1
17:29:48.133,VIGILE,1,179.58,-1.5,0.253,-1.377,3.194,-9.275,-0.124,0.064,-0.023,87.2,197.71,22.2,41,1,1
17:29:48.633,VIGILE,1,179.4,7.75,0.268,-1.046,3.567,-8.827,-0.187,0.079,-0.02,87.2,203.43,22.2,41,1,1
17:29:49.134,VIGILE,1,-179.25,2.07,0.255,-1.618,3.349,-9.136,-0.111,0.054,0.0,87.2,216.57,22.2,41,1,1
17:29:49.634,VIGILE,1,-179.53,4.6,0.266,-1.487,3.215,-9.06,-0.124,0.068,-0.017,87.2,240.89,22.2,41,1,1
17:29:50.134,VIGILE,1,177.7,7.42,0.259,-1.049,2.952,-8.94,-0.121,0.07,-0.018,87.2,266.88,22.2,41,1,1
17:29:50.634,VIGILE,1,-177.14,17.08,0.154,-1.109,2.88,-8.813,-0.132,0.077,-0.008,87.2,279.69,22.2,41,1,1
17:29:51.134,VIGILE,1,-175.11,14.4,0.122,-1.243,3.462,-9.045,-0.167,0.087,-0.022,87.2,278.47,22.2,41,1,1
17:29:51.634,EBBREZZA,1,-177.18,5.87,0.266,-1.331,3.189,-9.088,-0.152,0.08,-0.019,87.2,269.8,22.2,41,1,1
17:29:52.134,EBBREZZA,1,-177.07,0.91,0.279,-1.317,3.424,-9.048,-0.124,0.068,-0.014,87.2,259.96,22.2,41,1,1
17:29:52.634,EBBREZZA,1,-177.35,0.97,0.275,-1.753,3.314,-9.249,-0.116,0.06,-0.016,87.2,230.88,22.2,41,1,1
17:29:53.134,EBBREZZA,1,-178.73,-2.2,0.276,-1.116,3.151,-9.155,-0.095,0.038,-0.007,87.2,215.02,22.2,41,1,1
17:29:53.634,EBBREZZA,1,179.88,2.9,0.282,-1.049,2.947,-9.28,-0.123,0.052,-0.012,87.2,213.57,22.2,41,1,1
17:29:54.134,EBBREZZA,1,178.22,-1.46,0.239,-0.931,3.151,-8.99,-0.147,0.063,-0.028,87.2,192.48,22.3,40,1,1
17:29:54.634,EBBREZZA,1,177.93,2.03,0.236,-1.001,3.211,-9.136,-0.144,0.09,-0.03,87.2,181.99,22.3,40,1,1
17:29:55.134,EBBREZZA,1,179.24,-13.82,0.264,-1.073,3.029,-9.364,-0.092,0.043,-0.011,87.2,161.87,22.3,40,1,1
17:29:55.634,EBBREZZA,1,176.22,-4.08,0.285,-1.154,3.247,-9.129,-0.089,0.046,-0.009,87.2,160.0,22.3,40,1,1
17:29:56.134,EBBREZZA,1,174.85,1.4,0.278,-1.233,3.091,-8.825,-0.13,0.067,-0.007,87.2,177.07,22.3,40,1,1
17:29:56.634,EBBREZZA,1,177.8,-0.79,0.289,-0.974,2.998,-9.187,-0.169,0.102,-0.023,87.2,181.94,22.3,40,1,1
17:29:57.134,EBBREZZA,1,178.94,7.03,0.302,-1.19,3.0,-9.574,-0.111,0.057,-0.008,87.2,195.48,22.3,40,1,1
17:29:57.635,EBBREZZA,1,178.61,12.09,0.287,-1.192,3.002,-9.249,-0.131,0.068,-0.014,87.2,203.95,22.3,40,1,1
17:29:58.135,EBBREZZA,1,177.9,8.39,0.291,-0.168,3.227,-9.426,-0.114,0.074,-0.003,87.2,232.34,22.3,40,1,1
17:29:58.635,EBBREZZA,1,178.54,-1.03,0.312,0.326,2.938,-10.022,-0.17,0.103,-0.01,87.2,255.26,22.3,40,1,1
17:29:59.135,EBBREZZA,1,178.47,2.14,0.275,-0.429,2.693,-9.577,-0.141,0.059,-0.016,87.2,264.11,22.3,40,1,0
17:29:59.635,EBBREZZA,1,179.73,1.79,0.273,-0.51,3.065,-9.16,-0.108,0.038,0.012,87.2,261.6,22.3,40,1,0
17:30:00.135,EBBREZZA,1,179.46,0.65,0.278,-0.376,2.535,-9.029,-0.098,0.043,-0.011,87.2,282.84,22.3,40,1,0
17:30:00.635,EBBREZZA,1,178.62,0.43,0.279,-0.35,3.986,-8.112,-0.084,0.048,-0.044,87.2,270.12,22.3,40,1,0
17:30:01.135,EBBREZZA,1,179.16,-3.74,0.252,-1.07,4.051,-8.272,-0.155,0.078,-0.009,87.2,255.0,22.3,40,1,0
17:30:01.635,EBBREZZA,1,-176.04,8.79,0.244,-1.81,3.479,-8.799,-0.159,0.062,0.021,87.2,220.5,22.4,40,1,0
17:30:02.135,EBBREZZA,1,-175.98,33.27,0.297,0.606,3.266,-9.725,-0.143,0.078,0.041,87.2,223.76,22.4,40,1,0
17:30:02.635,EBBREZZA,1,-177.31,37.2,0.308,0.103,4.269,-9.048,-0.087,-0.017,0.152,87.2,244.45,22.4,40,1,0
17:30:03.135,EBBREZZA,1,-175.99,35.27,0.325,-0.196,5.26,-9.445,-0.102,-0.003,0.27,87.2,262.88,22.4,40,1,0
17:30:03.635,EBBREZZA,1,-177.6,31.34,0.32,-0.453,6.883,-9.354,0.005,-0.092,0.368,87.2,277.77,22.4,40,1,0
17:30:04.135,EBBREZZA,1,-179.32,32.7,0.322,0.081,5.169,-8.452,-0.084,-0.077,0.345,87.2,266.56,22.4,40,1,0
17:30:04.635,EBBREZZA,1,-179.35,27.8,0.299,0.675,5.224,-9.16,-0.09,-0.076,0.357,87.2,276.08,22.4,40,1,0
17:30:05.135,EBBREZZA,1,179.52,19.18,0.305,0.132,3.922,-9.088,-0.032,-0.059,0.252,87.2,280.64,22.4,40,1,0
17:30:05.635,EBBREZZA,1,177.3,17.32,0.257,-0.189,3.005,-9.608,-0.096,0.019,0.048,87.2,275.31,22.4,40,1,0
17:30:06.136,EBBREZZA,1,179.17,17.35,0.259,-0.055,3.067,-10.192,-0.168,0.078,-0.02,87.2,247.91,22.4,40,1,0
17:30:06.636,EBBREZZA,1,177.36,9.94,0.267,-0.227,3.096,-9.433,-0.205,0.082,-0.031,87.2,260.81,22.4,40,1,0
17:30:07.136,EBBREZZA,1,174.8,2.14,0.267,-0.579,2.959,-9.634,-0.121,0.074,-0.007,87.2,271.22,22.4,40,1,0
17:30:07.636,EBBREZZA,1,177.71,8.03,0.262,-1.106,3.326,-9.622,-0.043,-0.002,0.013,87.2,283.47,22.4,40,1,0
17:30:08.136,EBBREZZA,1,177.53,4.88,0.264,-1.24,3.172,-8.487,-0.151,0.068,-0.038,87.2,273.75,22.4,40,1,0
17:30:08.636,EBBREZZA,1,178.36,-0.23,0.275,-1.496,3.026,-9.084,-0.13,0.052,-0.023,87.2,252.24,22.4,40,1,0
17:30:09.136,EBBREZZA,1,177.77,5.01,0.262,-2.064,6.783,-8.085,-0.075,0.023,-0.014,87.2,264.23,22.4,40,1,0
17:30:09.636,EBBREZZA,1,177.39,0.02,0.247,-1.377,3.433,-10.113,-0.07,0.062,-0.007,87.2,256.9,22.4,40,1,0
17:30:10.136,EBBREZZA,1,179.4,1.91,0.27,-0.912,3.074,-9.311,-0.143,0.038,-0.03,87.2,255.74,22.4,40,1,0
17:30:10.636,EBBREZZA,1,178.18,8.64,0.247,-0.62,2.476,-9.538,-0.11,0.097,-0.017,87.2,235.45,22.4,40,1,0
17:30:11.136,EBBREZZA,1,176.17,9.01,0.262,-0.357,3.306,-9.543,-0.144,0.052,-0.024,87.2,226.17,22.4,40,1,0
17:30:11.636,EBBREZZA,1,178.48,9.22,0.258,-0.127,2.574,-8.942,-0.175,0.106,-0.02,87.2,256.47,22.5,40,1,1
17:30:12.136,EBBREZZA,1,174.94,10.2,0.276,-1.501,3.306,-9.321,-0.104,0.059,-0.007,87.2,262.05,22.5,40,1,1
17:30:12.636,EBBREZZA,1,175.74,4.36,0.262,-1.487,3.63,-9.412,-0.141,0.06,-0.019,87.2,274.31,22.5,40,1,1
17:30:13.136,EBBREZZA,1,176.74,6.69,0.245,-0.766,3.208,-8.909,-0.094,0.059,-0.013,87.2,265.34,22.5,40,1,1
17:30:13.636,EBBREZZA,1,-178.92,27.41,0.18,-0.089,2.356,-9.56,-0.098,0.056,-0.038,87.2,280.63,22.5,40,1,1
17:30:14.136,VIGILE,1,-178.42,20.66,0.227,-1.176,2.823,-9.366,-0.11,0.076,-0.011,87.2,306.35,22.5,40,1,1
17:30:14.636,VIGILE,1,-178.68,30.67,0.127,-1.231,3.215,-9.036,-0.115,0.059,-0.007,87.2,289.95,22.5,40,1,1
17:30:15.137,VIGILE,1,-175.85,24.57,0.214,-1.097,4.559,-8.684,-0.001,0.003,-0.034,87.2,270.49,22.5,40,1,1
17:30:15.637,VIGILE,1,-179.68,12.49,0.288,-2.016,3.316,-9.199,-0.084,0.056,-0.007,87.2,255.3,22.5,40,1,1
17:30:16.137,VIGILE,1,177.52,6.25,0.265,-1.46,3.682,-9.088,-0.125,0.041,-0.01,87.2,263.52,22.5,40,1,1
17:30:16.637,VIGILE,1,177.33,8.89,0.24,-0.943,3.177,-9.306,-0.111,0.069,-0.022,87.2,281.17,22.5,40,1,1
17:30:17.137,VIGILE,1,177.27,5.17,0.259,-0.886,3.211,-9.373,-0.166,0.07,-0.021,87.2,301.32,22.5,40,1,1
17:30:17.637,VIGILE,1,177.97,9.01,0.264,-0.886,2.856,-9.242,-0.107,0.079,-0.014,87.2,297.27,22.5,40,1,1
17:30:18.137,VIGILE,1,178.29,7.45,0.274,-0.874,2.947,-9.428,-0.138,0.046,-0.025,87.2,265.57,22.5,40,1,1
17:30:18.637,VIGILE,1,177.48,6.02,0.222,-0.907,3.168,-9.998,-0.231,0.071,-0.027,87.2,275.04,22.5,40,1,1
17:30:19.137,VIGILE,1,176.29,6.79,0.292,-0.275,2.509,-9.747,-0.289,0.194,-0.027,87.2,252.59,22.5,40,1,1
17:30:19.637,VIGILE,1,176.37,5.03,0.283,-0.311,3.788,-9.285,-0.186,0.075,-0.043,87.2,247.76,22.5,40,1,1
17:30:20.137,VIGILE,1,177.73,7.26,0.268,-1.305,3.029,-9.285,-0.125,0.073,-0.012,87.2,251.13,22.5,40,1,1
17:30:20.637,VIGILE,1,177.9,12.81,0.28,-0.323,2.512,-8.808,-0.197,0.123,-0.029,87.2,241.05,22.5,40,1,1
17:30:21.137,VIGILE,1,179.5,6.72,0.256,-0.632,3.321,-9.455,-0.144,0.088,-0.025,87.2,251.6,22.5,40,1,1
17:30:21.637,VIGILE,1,178.83,4.23,0.266,-1.578,3.16,-9.179,-0.013,0.005,-0.011,87.2,301.33,22.5,39,1,1
17:30:22.137,VIGILE,1,178.48,7.38,0.281,-1.058,3.247,-8.739,-0.124,0.031,-0.01,87.2,326.54,22.5,39,1,1
17:30:22.637,VIGILE,1,177.6,8.31,0.283,-1.209,3.16,-8.993,-0.137,0.072,-0.014,87.2,353.15,22.5,39,1,1
17:30:23.137,VIGILE,1,177.63,13.47,0.267,-1.36,3.445,-9.38,-0.157,0.08,-0.012,87.2,333.59,22.5,39,1,1
17:30:23.638,VIGILE,1,173.37,15.31,0.291,-1.539,3.917,-9.129,-0.126,-0.023,-0.039,87.2,354.53,22.5,39,1,1
17:30:24.138,VIGILE,1,177.24,17.69,0.264,-1.101,3.112,-9.014,-0.159,0.099,-0.005,87.2,364.46,22.6,39,1,1
17:30:24.638,VIGILE,1,174.08,17.3,0.287,-1.927,3.9,-9.457,-0.07,0.077,-0.016,87.2,372.32,22.6,39,1,1
17:30:25.138,VIGILE,1,172.21,19.91,0.274,-2.782,3.723,-8.617,-0.154,0.074,-0.032,87.2,374.26,22.6,39,1,1
17:30:25.638,VIGILE,1,179.98,33.24,0.289,-2.629,3.912,-8.669,-0.156,0.076,-0.026,87.2,351.13,22.6,39,1,1
17:30:26.138,VIGILE,1,-174.12,38.76,0.32,-1.92,3.989,-8.681,-0.088,0.064,0.018,87.2,368.49,22.6,39,1,1
17:30:26.638,VIGILE,1,-178.24,44.63,0.404,-2.646,4.343,-8.246,-0.146,0.055,0.031,87.2,385.66,22.6,39,1,1
17:30:27.138,VIGILE,1,174.0,51.71,0.57,-2.109,4.93,-8.633,-0.124,0.043,0.123,87.2,385.16,22.6,39,1,1
17:30:27.638,VIGILE,1,174.72,63.27,0.513,-0.467,4.772,-8.547,-0.026,-0.065,0.285,87.2,346.45,22.6,39,1,1
17:30:28.138,VIGILE,1,163.33,65.98,0.428,-0.532,6.098,-8.37,-0.015,-0.113,0.439,87.2,374.56,22.6,39,1,1
17:30:28.638,VIGILE,1,159.97,66.74,0.503,-0.345,4.966,-7.944,-0.098,-0.091,0.495,87.2,387.42,22.6,39,1,1
17:30:29.138,VIGILE,1,175.79,43.15,0.358,-1.046,7.233,-9.024,0.103,-0.229,0.512,87.2,396.49,22.6,39,1,1
17:30:29.638,VIGILE,1,-179.77,36.32,0.358,1.8,6.867,-8.061,-0.072,-0.032,0.639,87.2,366.63,22.6,39,1,1
17:30:30.138,VIGILE,1,178.18,32.26,0.308,1.403,3.036,-9.977,-0.083,-0.128,0.54,87.2,343.47,22.6,39,1,1
17:30:30.638,VIGILE,1,-177.19,25.71,0.264,0.34,3.251,-9.85,-0.065,-0.024,0.311,87.2,370.38,22.6,39,1,1
17:30:31.138,VIGILE,1,179.39,-5.91,0.302,0.168,3.005,-9.318,-0.144,0.058,0.111,87.2,367.97,22.6,39,1,1
17:30:31.638,VIGILE,1,-179.06,-8.88,0.304,-0.424,2.521,-10.254,-0.103,0.084,-0.006,87.2,371.53,22.6,39,1,1
17:30:32.139,VIGILE,1,178.0,-1.54,0.25,-0.821,2.777,-9.424,-0.137,0.036,-0.012,87.2,339.31,22.6,39,1,1
17:30:32.639,VIGILE,1,179.04,-2.65,0.267,0.661,3.555,-7.415,-0.412,0.012,0.023,87.2,326.65,22.6,39,1,1
17:30:33.139,VIGILE,1,-176.68,-10.95,0.273,3.922,-0.419,-10.968,0.483,-0.517,0.31,87.2,333.38,22.6,39,1,1
17:30:33.639,VIGILE,1,177.47,-6.86,0.258,-0.864,2.957,-9.723,-0.129,0.102,0.004,87.2,310.29,22.6,39,1,1
17:30:34.139,VIGILE,1,176.65,-8.69,0.238,-0.548,3.069,-8.744,-0.131,0.054,-0.007,87.2,335.77,22.7,39,1,1
17:30:34.639,SONNOLENZA,1,176.75,-5.56,0.221,-1.669,3.57,-8.942,-0.142,0.103,-0.017,87.2,365.14,22.7,39,1,1
17:30:35.139,SONNOLENZA,1,177.86,-6.47,0.126,-0.792,3.598,-8.243,-0.169,0.033,-0.023,87.2,314.57,22.7,39,1,1
17:30:35.639,SONNOLENZA,1,177.39,-2.03,0.149,-1.334,2.55,-9.685,-0.163,0.073,-0.008,87.2,317.27,22.7,39,1,1
17:30:36.139,SONNOLENZA,1,174.91,14.72,0.172,-0.699,4.142,-8.317,-0.181,0.076,-0.006,87.2,332.63,22.7,39,1,1
17:30:36.639,SONNOLENZA,1,179.94,9.35,0.199,-2.382,3.658,-5.138,0.627,-0.294,-0.246,87.2,330.9,22.7,39,1,1
17:30:37.139,SONNOLENZA,1,178.51,2.0,0.235,0.445,3.898,-7.219,-0.888,-0.187,0.354,87.2,386.94,22.7,39,1,1
17:30:37.639,SONNOLENZA,1,-177.26,18.89,0.231,-2.14,3.589,-10.226,-0.158,0.102,0.133,87.2,392.28,22.7,39,1,1
17:30:38.139,SONNOLENZA,1,179.66,-6.64,0.112,-0.57,5.44,-8.921,0.168,-0.043,-0.001,87.2,369.85,22.7,39,1,1
17:30:38.639,SONNOLENZA,1,-179.69,-3.98,0.244,-0.773,4.515,-10.262,-0.092,0.076,0.098,87.2,366.79,22.7,39,1,1
17:30:39.139,SONNOLENZA,1,176.7,-0.26,0.094,-1.046,3.163,-9.974,-0.172,0.011,0.033,87.2,359.02,22.7,39,1,1
17:30:39.639,SONNOLENZA,1,174.1,3.18,0.122,-1.03,3.206,-9.301,-0.162,0.057,0.022,87.2,343.92,22.7,39,1,1
17:30:40.139,SONNOLENZA,1,177.43,3.17,0.107,-0.754,4.616,-9.409,-0.061,0.05,0.053,87.2,335.93,22.7,39,1,1
17:30:40.639,SONNOLENZA,1,179.17,-2.52,0.218,-0.764,3.376,-9.167,-0.125,0.067,0.014,87.2,331.6,22.7,39,1,1
17:30:41.140,SONNOLENZA,1,-178.82,0.41,0.084,-0.747,3.067,-9.342,-0.128,0.065,0.014,87.2,327.99,22.7,39,1,1
17:30:41.640,SONNOLENZA,1,-164.07,-8.55,0.224,-0.441,3.23,-8.622,-0.158,0.109,-0.013,87.2,328.87,22.7,39,1,1
17:30:42.140,SONNOLENZA,1,174.47,8.5,0.099,-0.663,3.172,-8.997,-0.177,0.092,-0.036,87.2,330.59,22.7,39,1,1
17:30:42.640,SONNOLENZA,1,178.69,-3.41,0.303,-1.204,3.812,-10.659,-0.127,0.085,-0.016,87.2,330.77,22.7,39,1,1
17:30:43.140,SONNOLENZA,1,-175.9,-6.5,0.251,-0.821,3.316,-9.369,-0.064,0.062,-0.027,87.2,331.39,22.7,39,1,1
17:30:43.640,SONNOLENZA,1,142.45,71.69,0.323,-0.165,2.878,-8.353,-0.102,0.027,-0.016,87.2,332.78,22.7,39,1,1
17:30:44.140,SONNOLENZA,1,-174.02,-15.86,0.169,-0.654,3.874,-8.478,-0.131,0.14,-0.027,87.2,335.04,22.7,39,1,1
17:30:44.640,SONNOLENZA,1,-174.51,-9.78,0.348,-0.757,3.045,-9.165,-0.222,0.082,-0.066,87.2,309.5,22.7,39,1,1
17:30:45.140,SONNOLENZA,1,176.8,4.84,0.294,-1.039,3.656,-9.258,-0.008,0.048,-0.013,87.2,329.81,22.7,39,1,1
17:30:45.640,SONNOLENZA,1,174.86,-1.75,0.209,-0.63,3.199,-9.182,-0.125,0.077,-0.053,87.2,331.62,22.7,39,1,1
17:30:46.140,SONNOLENZA,1,177.04,3.21,0.123,0.129,2.571,-8.416,-0.247,0.121,-0.096,87.2,326.78,22.7,39,1,1
17:30:46.641,SONNOLENZA,1,172.61,2.21,0.114,-1.149,3.44,-8.205,-0.125,0.105,-0.039,87.2,322.32,22.7,39,1,1
17:30:47.141,SONNOLENZA,1,174.36,2.3,0.086,-0.759,2.478,-8.504,-0.243,0.087,-0.088,87.2,321.75,22.7,39,1,1
17:30:47.641,SONNOLENZA,1,178.61,9.39,0.212,-0.673,3.242,-9.629,0.007,0.062,-0.028,87.2,324.92,22.7,39,1,1
17:30:48.141,SONNOLENZA,1,-179.4,11.02,0.216,0.716,3.591,-8.801,0.083,0.025,0.122,87.2,343.02,22.7,39,1,1
17:30:48.641,SONNOLENZA,1,-179.85,1.36,0.232,-1.106,4.463,-8.859,-0.096,0.01,0.043,87.2,367.87,22.7,39,1,1
17:30:49.141,SONNOLENZA,1,-178.8,-5.27,0.244,-0.534,3.163,-9.725,0.401,-0.1,0.165,87.2,367.7,22.8,39,1,1
17:30:49.641,SONNOLENZA,1,-179.41,1.85,0.26,-2.583,4.47,-10.056,0.169,-0.078,0.022,87.2,352.56,22.8,39,1,1
17:30:50.141,SONNOLENZA,1,-179.33,-10.75,0.229,-0.661,3.445,-10.01,-0.147,-0.043,0.022,87.2,398.12,22.8,39,1,1
17:30:50.641,SONNOLENZA,1,-177.17,-16.35,0.232,-1.748,4.336,-9.16,0.007,0.054,0.037,87.2,446.9,22.8,39,1,1
17:30:51.141,SONNOLENZA,1,-176.34,-16.54,0.273,-0.237,4.008,-8.394,-0.133,0.107,-0.017,87.2,454.02,22.8,39,1,1
17:30:51.641,SONNOLENZA,1,-178.96,-12.4,0.203,-0.606,3.115,-7.966,-0.254,0.132,-0.061,87.2,468.62,22.8,39,1,1
17:30:52.141,SONNOLENZA,1,177.34,-6.45,0.161,-1.183,4.161,-10.7,0.179,-0.1,0.061,87.2,469.33,22.8,39,1,1
17:30:52.641,VIGILE,1,179.94,-13.7,0.273,-0.63,4.712,-9.878,-0.126,0.013,-0.035,87.2,467.73,22.8,39,1,1
17:30:53.141,VIGILE,1,179.75,-8.85,0.274,-0.883,2.394,-9.859,-0.224,0.053,-0.056,87.2,464.47,22.8,39,1,1
17:30:53.641,VIGILE,1,176.45,7.57,0.244,0.8,5.102,-9.139,-0.114,0.255,0.012,87.2,464.12,22.8,39,1,1
17:30:54.141,VIGILE,1,177.94,3.86,0.278,-2.794,3.177,-10.673,0.496,-0.046,0.011,87.2,460.97,22.8,39,1,1
17:30:54.641,VIGILE,1,175.52,-1.07,0.281,-0.642,3.019,-9.299,-0.068,0.095,-0.008,87.2,460.64,22.8,39,1,1
17:30:55.141,VIGILE,1,175.27,6.48,0.279,-1.058,3.637,-8.681,-0.14,0.112,-0.034,87.2,463.69,22.8,39,1,1
17:30:55.642,VIGILE,1,176.81,0.38,0.303,-0.62,3.479,-9.512,-0.115,0.053,0.002,87.2,428.09,22.8,39,1,1
17:30:56.142,VIGILE,1,176.85,0.7,0.283,-1.298,3.22,-8.849,-0.092,0.022,-0.014,87.2,424.07,22.8,39,1,1
17:30:56.642,VIGILE,1,177.89,-3.25,0.293,-0.5,3.287,-8.59,-0.26,0.131,-0.06,87.2,431.23,22.8,39,1,1
17:30:57.142,VIGILE,1,175.52,5.49,0.291,-1.144,2.725,-9.306,-0.221,0.066,-0.068,87.2,417.99,22.8,39,1,1
17:30:57.642,VIGILE,1,175.76,-3.03,0.264,-0.788,3.256,-9.598,-0.009,0.06,-0.005,87.2,434.86,22.8,39,1,1
17:30:58.142,VIGILE,1,-179.51,-9.44,0.286,-0.819,0.429,-7.436,-0.154,0.129,-0.022,87.2,423.45,22.8,39,1,1
17:30:58.642,VIGILE,1,177.19,-5.62,0.283,-2.564,3.455,-8.997,-0.163,0.082,-0.048,87.2,427.6,22.8,39,1,1
17:30:59.142,VIGILE,1,176.54,-7.15,0.288,-1.836,2.696,-9.677,-0.133,0.084,-0.047,87.2,455.16,22.8,39,1,1
17:30:59.642,VIGILE,1,175.65,-4.03,0.234,-1.609,2.365,-8.99,-0.221,0.083,-0.043,87.2,472.1,22.8,39,1,1
17:31:00.142,VIGILE,1,177.77,17.32,0.265,-0.819,3.304,-9.61,-0.196,0.091,-0.052,87.2,476.71,22.8,39,1,1
17:31:00.642,VIGILE,1,-179.51,-8.23,0.291,-1.927,1.733,-9.38,-0.175,-0.018,-0.028,87.2,443.05,22.8,39,1,1
17:31:01.142,VIGILE,1,179.62,-6.98,0.288,-2.761,3.036,-8.677,-0.139,0.026,-0.029,87.2,446.29,22.8,39,1,1
17:31:01.642,VIGILE,1,176.75,-4.71,0.274,-1.573,4.47,-9.12,-0.131,0.037,-0.022,87.2,483.55,22.9,39,1,1
17:31:02.142,VIGILE,1,176.64,-1.81,0.263,-1.496,3.95,-8.607,-0.018,0.008,0.057,87.2,483.35,22.9,39,1,1
17:31:02.642,VIGILE,1,174.57,8.35,0.249,0.764,4.822,-9.67,0.015,-0.096,0.075,87.2,480.58,22.9,39,1,1
17:31:03.142,VIGILE,1,177.58,4.55,0.276,-0.12,3.666,-9.124,-0.109,-0.06,0.073,87.2,482.56,22.9,39,1,1
17:31:03.642,VIGILE,1,177.72,-8.86,0.276,-0.771,4.118,-8.868,-0.127,0.08,0.028,87.2,488.8,22.9,39,1,1
17:31:04.143,VIGILE,1,-179.67,-9.02,0.272,-0.141,3.206,-8.265,-0.156,0.088,0.017,87.2,480.26,22.9,38,1,1
17:31:04.643,VIGILE,1,177.99,-7.03,0.281,-0.735,3.005,-8.926,-0.121,0.096,-0.009,87.2,480.08,22.9,38,1,1
17:31:05.143,VIGILE,1,177.58,-5.95,0.265,-0.436,3.081,-8.792,-0.156,0.099,-0.05,87.2,488.37,22.9,38,1,1
17:31:05.643,VIGILE,1,-179.8,-16.69,0.284,-1.7,2.148,-9.785,-0.018,0.09,-0.051,87.2,489.66,22.9,38,1,1
17:31:06.143,VIGILE,1,178.76,-7.04,0.281,-0.587,2.626,-8.835,-0.266,0.044,-0.022,87.2,489.85,22.9,38,1,1
17:31:06.643,VIGILE,1,178.15,-6.96,0.295,-1.561,4.791,-12.603,0.023,-0.021,0.01,87.2,495.15,22.9,38,1,1
17:31:07.143,VIGILE,1,178.95,-16.2,0.309,-0.807,2.897,-8.849,-0.172,0.051,-0.1,87.2,489.83,22.9,38,1,1
17:31:07.643,VIGILE,1,176.6,-6.89,0.266,-1.073,3.486,-9.148,-0.108,0.051,-0.047,87.2,489.29,22.9,38,1,1
17:31:08.143,VIGILE,1,177.48,2.63,0.288,-0.57,3.498,-10.42,0.112,-0.155,-0.046,87.2,481.81,22.9,38,1,1
17:31:08.643,VIGILE,1,175.7,3.1,0.299,-0.929,3.462,-8.042,-0.125,0.045,-0.095,87.2,475.81,22.9,38,1,1
17:31:09.143,VIGILE,1,174.76,8.09,0.287,-1.882,3.5,-8.473,-0.233,0.14,-0.097,87.2,496.99,22.9,38,1,1
17:31:09.643,VIGILE,1,175.92,17.94,0.289,-1.757,3.524,-9.148,-0.14,0.114,0.009,87.2,498.92,22.9,38,1,1
17:31:10.143,VIGILE,1,177.76,15.9,0.277,-1.032,4.511,-8.308,-0.202,0.036,0.06,87.2,501.38,22.9,38,1,1
17:31:10.643,VIGILE,1,178.86,11.89,0.272,-1.791,4.077,-9.562,-0.109,0.036,0.063,87.2,506.72,22.9,38,1,1
17:31:11.143,VIGILE,1,177.36,1.86,0.273,-0.357,4.429,-8.605,-0.148,0.027,0.042,87.2,459.19,22.9,38,1,1
17:31:11.643,VIGILE,1,178.25,3.4,0.291,-1.166,3.136,-9.127,-0.045,-0.039,0.07,87.2,459.39,22.9,38,1,1
17:31:12.143,VIGILE,1,177.02,-13.68,0.273,-0.266,3.869,-9.397,-0.087,-0.019,0.028,87.2,495.67,22.9,38,1,1
17:31:12.643,VIGILE,1,177.07,-10.28,0.282,-0.347,3.335,-8.674,-0.14,0.124,-0.022,87.2,491.02,22.9,38,1,1
17:31:13.144,VIGILE,1,-179.41,-14.45,0.276,-0.041,2.626,-8.552,-0.252,0.123,-0.056,87.2,491.32,22.9,38,1,1
17:31:13.644,VIGILE,1,175.54,-16.37,0.287,-1.446,2.562,-10.297,-0.029,0.174,0.023,87.2,451.1,22.9,38,1,1
17:31:14.144,VIGILE,1,173.02,-11.5,0.287,-4.14,0.503,-9.996,-0.13,0.205,0.054,87.2,462.43,22.9,38,1,1
17:31:14.644,VIGILE,1,175.52,-21.28,0.298,-1.207,2.423,-8.851,-0.343,0.082,-0.023,87.2,491.77,22.9,38,1,1
17:31:15.144,VIGILE,1,177.55,-30.71,0.312,-0.184,5.2,-7.525,-0.057,0.035,-0.05,87.2,487.43,22.9,38,1,1
17:31:15.644,VIGILE,1,177.85,-27.13,0.23,-0.967,4.187,-8.011,-0.25,0.292,0.019,87.2,487.24,22.9,38,1,1
17:31:16.144,DISTRAZIONE,1,-168.33,0.36,0.095,-1.839,3.649,-9.033,-0.108,0.08,-0.119,87.2,489.33,22.9,38,1,1
17:31:16.644,DISTRAZIONE,1,-165.57,-25.12,0.307,-1.647,3.373,-10.367,0.012,0.105,-0.128,87.2,498.27,23.0,38,1,1
17:31:17.144,DISTRAZIONE,1,-174.71,-55.4,0.322,-2.334,2.571,-8.938,-0.229,0.161,-0.174,87.2,463.85,23.0,38,1,1
17:31:17.647,DISTRAZIONE,0,0.0,0.0,0.0,-2.243,1.271,-11.193,-0.253,0.099,-0.264,87.2,473.13,23.0,38,1,1
17:31:18.147,DISTRAZIONE,1,-168.32,26.73,0.139,-3.749,2.16,-9.936,-0.303,0.194,-0.351,87.2,513.64,23.0,38,1,1
17:31:18.647,DISTRAZIONE,1,-169.9,73.59,0.484,-3.208,1.64,-9.725,-0.177,0.183,-0.355,87.2,516.78,23.0,38,1,1
17:31:19.147,DISTRAZIONE,0,0.0,0.0,0.0,-1.257,1.925,-9.378,-0.182,0.152,-0.397,87.2,525.13,23.0,38,1,1
17:31:19.647,DISTRAZIONE,1,-163.78,68.13,0.409,-2.267,1.978,-9.4,-0.139,0.189,-0.394,87.2,527.74,23.0,38,1,1
17:31:20.147,DISTRAZIONE,1,-175.17,-20.67,0.22,-2.219,1.255,-9.864,-0.186,0.187,-0.397,87.2,526.17,23.0,38,1,1
17:31:20.647,DISTRAZIONE,1,-176.52,-36.51,0.298,-2.849,1.046,-9.483,-0.188,0.233,-0.443,87.2,524.28,23.0,38,1,1
17:31:21.147,DISTRAZIONE,0,0.0,0.0,0.0,-2.818,1.077,-9.562,-0.218,0.236,-0.424,87.2,513.44,23.0,38,1,1
17:31:21.647,DISTRAZIONE,1,175.87,47.12,0.166,-1.808,2.121,-9.653,-0.263,0.216,-0.396,87.2,515.91,23.0,38,1,1
17:31:22.147,DISTRAZIONE,0,0.0,0.0,0.0,-0.503,3.349,-9.433,-0.135,0.107,-0.197,87.2,508.9,23.0,38,1,1
17:31:22.647,DISTRAZIONE,1,-160.73,72.79,0.457,-1.188,2.263,-10.015,-0.106,0.044,-0.142,87.2,504.88,23.0,38,1,1
17:31:23.147,DISTRAZIONE,0,0.0,0.0,0.0,-0.18,2.368,-9.021,-0.052,0.103,-0.067,87.2,509.32,23.0,38,1,1
17:31:23.647,DISTRAZIONE,1,176.05,72.83,0.612,-0.757,2.818,-8.667,-0.205,0.069,-0.073,87.2,497.64,23.0,38,1,1
17:31:24.147,DISTRAZIONE,1,173.84,53.27,0.329,-0.934,2.983,-9.143,-0.084,0.066,-0.035,87.2,465.01,23.0,38,1,1
17:31:24.647,DISTRAZIONE,1,178.06,75.58,0.815,-1.135,2.816,-8.856,-0.145,0.117,-0.067,87.2,508.86,23.0,38,1,1
17:31:25.147,DISTRAZIONE,1,-178.02,69.82,0.48,-0.903,3.223,-9.886,-0.165,0.1,-0.067,87.2,507.77,23.0,38,1,1
17:31:25.647,DISTRAZIONE,1,171.53,66.13,0.531,-0.848,3.859,-9.438,-0.127,0.073,-0.022,87.2,500.31,23.0,38,1,1
17:31:26.148,DISTRAZIONE,1,169.66,74.15,0.68,-1.307,3.163,-9.127,-0.128,0.068,-0.006,87.2,505.09,23.0,38,1,1
17:31:26.648,DISTRAZIONE,1,176.49,50.39,0.489,-0.998,3.759,-8.813,-0.152,0.076,-0.03,87.2,509.25,23.0,38,1,1
17:31:27.148,DISTRAZIONE,1,179.36,20.1,0.312,-1.413,3.515,-9.392,-0.08,0.059,-0.017,87.2,507.85,23.0,38,1,1
17:31:27.648,DISTRAZIONE,0,0.0,0.0,0.0,0.043,3.409,-9.234,-0.092,0.041,0.003,87.2,503.26,23.0,38,1,1
17:31:28.148,DISTRAZIONE,1,-167.07,67.1,0.37,-0.812,3.206,-8.938,-0.139,0.059,-0.011,87.2,494.46,23.0,38,1,1
17:31:28.648,DISTRAZIONE,1,-167.83,37.97,0.155,-0.819,3.469,-9.534,-0.127,0.05,-0.029,87.2,471.98,23.0,38,1,1
17:31:29.148,DISTRAZIONE,1,-171.8,20.86,0.334,-1.255,3.548,-9.313,-0.147,0.067,-0.026,87.2,465.15,23.0,39,1,1
17:31:29.648,DISTRAZIONE,1,-166.41,-21.25,0.315,-1.214,3.74,-9.421,-0.145,0.066,-0.009,87.2,499.84,23.0,39,1,1
17:31:30.148,DISTRAZIONE,1,-172.27,-5.44,0.322,-1.463,3.991,-9.349,-0.164,0.081,-0.033,87.2,519.39,23.0,39,1,1
17:31:30.648,DISTRAZIONE,1,-162.52,10.11,0.096,-0.953,3.783,-9.191,-0.15,0.07,-0.039,87.2,526.74,23.0,39,1,1
17:31:31.148,DISTRAZIONE,1,-171.39,4.52,0.299,-1.156,3.115,-9.098,-0.132,0.067,-0.026,87.2,529.22,23.0,39,1,1
17:31:31.648,VIGILE,1,-177.76,21.24,0.274,-1.307,3.407,-9.352,-0.097,0.036,-0.015,87.2,529.22,22.9,39,1,1
17:31:32.148,VIGILE,1,170.0,11.28,0.262,-2.222,4.154,-9.103,-0.142,0.067,-0.034,87.2,531.67,22.9,39,1,1
17:31:32.648,VIGILE,1,170.09,8.23,0.264,-3.682,4.226,-9.019,-0.141,0.064,-0.03,87.2,532.74,22.9,39,1,1
17:31:33.148,VIGILE,1,171.96,4.42,0.274,-3.51,3.994,-8.83,-0.12,0.045,-0.021,87.2,532.83,22.9,39,1,1
17:31:33.648,VIGILE,1,173.63,1.66,0.278,-3.572,4.377,-8.088,-0.139,0.078,-0.027,87.2,534.58,22.9,39,1,1
17:31:34.148,VIGILE,1,174.45,-0.15,0.18,-3.941,4.578,-8.6,-0.125,0.062,-0.011,87.2,538.59,22.9,39,1,1
17:31:34.649,VIGILE,1,174.13,-6.22,0.099,-0.644,3.302,-9.409,-0.106,0.088,-0.006,87.2,538.64,22.9,39,1,1
17:31:35.149,VIGILE,1,167.5,-3.51,0.271,-1.235,3.452,-8.995,-0.126,0.055,-0.015,87.2,537.15,22.9,39,1,1
17:31:35.649,MALORE,0,0.0,0.0,0.0,-1.101,3.414,-9.278,-0.114,0.066,-0.015,87.2,537.43,22.9,39,1,1
17:31:36.149,MALORE,1,-138.1,-25.55,0.24,-1.077,3.452,-9.024,-0.128,0.067,-0.016,87.2,537.65,22.9,39,1,1
17:31:36.649,MALORE,0,0.0,0.0,0.0,-0.883,3.359,-9.304,-0.113,0.058,-0.014,87.2,538.16,22.9,40,1,1
17:31:37.149,MALORE,0,0.0,0.0,0.0,-0.967,3.316,-9.043,-0.123,0.065,-0.012,87.2,539.09,22.9,40,1,1
17:31:37.649,MALORE,0,0.0,0.0,0.0,-0.994,3.452,-9.163,-0.114,0.055,-0.011,87.2,539.53,22.9,40,1,1
17:31:38.149,MALORE,0,0.0,0.0,0.0,-0.972,3.397,-9.048,-0.125,0.072,-0.011,87.2,519.18,22.9,40,1,1
17:31:38.649,MALORE,0,0.0,0.0,0.0,-1.013,3.436,-9.27,-0.131,0.065,-0.017,87.2,534.38,22.9,40,1,1
17:31:39.149,MALORE,0,0.0,0.0,0.0,-0.998,3.275,-9.136,-0.13,0.081,-0.018,87.2,542.02,22.9,40,1,1
17:31:39.649,MALORE,0,0.0,0.0,0.0,-1.015,3.275,-9.155,-0.153,0.072,-0.026,87.2,541.63,22.9,40,1,1
17:31:40.149,MALORE,0,0.0,0.0,0.0,-0.848,3.278,-9.28,-0.143,0.071,-0.023,87.2,541.75,22.9,40,1,1
17:31:40.649,MALORE,0,0.0,0.0,0.0,-0.955,3.22,-8.928,-0.137,0.071,-0.022,87.2,542.36,22.9,40,1,1
17:31:41.149,MALORE,0,0.0,0.0,0.0,-0.972,3.44,-9.199,-0.146,0.071,-0.018,87.2,542.86,22.9,40,1,1
17:31:41.649,MALORE,0,0.0,0.0,0.0,-0.833,3.28,-9.067,-0.126,0.07,-0.019,87.2,543.31,22.9,40,1,1
17:31:42.149,MALORE,0,0.0,0.0,0.0,-0.855,3.39,-9.069,-0.149,0.067,-0.023,87.2,544.24,22.9,40,1,1
17:31:42.649,MALORE,0,0.0,0.0,0.0,-0.939,3.323,-9.354,-0.112,0.061,-0.013,87.2,544.68,22.9,40,1,1
17:31:43.149,MALORE,0,0.0,0.0,0.0,-1.056,3.261,-9.055,-0.145,0.074,-0.019,87.2,545.19,22.9,40,1,1
17:31:43.649,MALORE,0,0.0,0.0,0.0,-0.917,3.361,-9.297,-0.126,0.059,-0.013,87.2,545.79,22.9,40,1,1
17:31:44.150,MALORE,0,0.0,0.0,0.0,-0.95,3.136,-9.048,-0.156,0.081,-0.025,87.2,546.24,22.9,40,1,1
17:31:44.650,MALORE,0,0.0,0.0,0.0,-1.037,3.287,-9.278,-0.124,0.066,-0.02,87.2,547.01,22.9,40,1,1
17:31:45.150,MALORE,0,0.0,0.0,0.0,-0.924,3.285,-9.172,-0.124,0.07,-0.021,87.2,547.18,22.9,40,1,1
17:31:45.650,MALORE,0,0.0,0.0,0.0,-1.037,3.5,-9.1,-0.152,0.071,-0.022,87.2,547.63,22.9,40,1,1
17:31:46.150,MALORE,0,0.0,0.0,0.0,-0.905,3.395,-9.297,-0.12,0.062,-0.017,87.2,548.72,22.9,40,1,1
17:31:46.650,MALORE,0,0.0,0.0,0.0,-1.092,3.46,-9.1,-0.131,0.07,-0.012,87.2,549.23,22.8,40,1,1
17:31:47.150,MALORE,0,0.0,0.0,0.0,-0.881,3.412,-9.366,-0.13,0.066,-0.018,87.2,549.83,22.8,40,1,1
17:31:47.650,MALORE,1,-168.9,28.28,0.348,-0.922,3.172,-9.11,-0.137,0.063,-0.016,87.2,550.44,22.8,40,1,1
17:31:48.150,VIGILE,1,178.12,-19.99,0.259,-0.953,3.359,-9.33,-0.159,0.071,-0.022,87.2,550.62,22.8,40,1,1
17:31:48.650,VIGILE,1,176.39,-40.26,0.412,-1.058,3.287,-9.294,-0.109,0.064,-0.013,87.2,551.33,22.8,40,1,1
17:31:49.150,VIGILE,1,176.09,-38.96,0.378,-1.094,3.328,-8.923,-0.129,0.06,-0.008,87.2,551.83,22.8,40,1,1
17:31:49.650,VIGILE,1,177.14,-35.37,0.353,-0.821,3.311,-9.201,-0.145,0.067,-0.018,87.2,552.22,22.8,40,1,1
17:31:50.150,VIGILE,1,-179.17,15.89,0.281,-0.955,3.342,-9.024,-0.132,0.068,-0.015,87.2,552.56,22.8,40,1,1
17:31:50.650,VIGILE,1,179.6,17.0,0.272,-0.876,3.333,-9.108,-0.147,0.071,-0.022,87.2,553.33,22.8,40,1,1
17:31:51.150,VIGILE,1,178.05,10.11,0.261,-0.828,3.304,-9.34,-0.119,0.068,-0.014,87.2,553.93,22.8,40,1,1
17:31:51.650,VIGILE,1,179.18,11.09,0.275,-1.053,3.215,-8.947,-0.154,0.069,-0.018,87.2,549.94,22.8,40,1,1
17:31:52.150,VIGILE,1,-179.13,0.57,0.272,-0.783,3.321,-9.433,-0.128,0.064,-0.014,87.2,551.66,22.8,40,1,1
17:31:52.650,VIGILE,1,-179.13,8.95,0.269,0.297,2.409,-8.983,-0.174,0.093,-0.028,87.2,556.81,22.8,40,1,1
17:31:53.151,VIGILE,1,-179.44,8.06,0.298,0.266,2.658,-8.899,-0.103,0.078,-0.006,87.2,553.77,22.8,40,1,1
17:31:53.651,VIGILE,1,-179.27,10.56,0.296,1.092,2.279,-9.357,-0.161,0.094,-0.018,87.2,552.45,22.8,40,1,1
17:31:54.151,VIGILE,1,-179.23,28.2,0.301,-0.572,3.072,-9.306,-0.163,0.067,-0.023,87.2,553.34,22.8,40,1,1
17:31:54.651,VIGILE,1,-177.68,32.62,0.29,0.721,3.124,-9.718,-0.119,0.058,-0.005,87.2,553.84,22.8,40,1,1
17:31:55.151,VIGILE,1,176.34,15.76,0.278,0.493,2.753,-10.621,-0.095,0.031,-0.005,87.2,554.94,22.8,40,1,1
17:31:55.651,VIGILE,1,175.81,8.54,0.265,0.409,3.208,-9.871,-0.056,0.054,-0.002,87.2,554.73,22.8,40,1,1
17:31:56.151,VIGILE,1,174.22,-5.17,0.281,-1.156,3.661,-9.409,-0.112,0.053,-0.015,87.2,557.32,22.8,40,1,1
17:31:56.651,VIGILE,1,176.04,-6.89,0.276,-1.025,3.539,-9.081,-0.084,0.045,-0.008,87.2,559.29,22.8,40,1,1
17:31:57.151,VIGILE,1,176.56,-10.4,0.274,-0.366,3.208,-9.402,-0.104,0.046,-0.009,87.2,558.67,22.8,40,1,1
17:31:57.651,VIGILE,1,174.22,-8.67,0.199,0.237,2.988,-9.627,-0.159,0.084,-0.026,87.2,557.05,22.8,40,1,1
17:31:58.151,VIGILE,1,177.25,-7.54,0.277,-0.35,3.005,-9.699,-0.172,0.088,-0.03,87.2,553.29,22.8,40,1,1
17:31:58.651,VIGILE,1,175.42,-7.96,0.268,-0.582,3.117,-9.584,-0.07,0.056,-0.016,87.2,543.31,22.8,40,1,1
17:31:59.151,VIGILE,1,174.58,-4.54,0.271,-0.673,3.249,-9.914,-0.087,0.054,-0.02,87.2,524.87,22.8,40,1,1
17:31:59.651,VIGILE,1,177.14,-8.33,0.295,-0.06,2.624,-9.56,-0.026,0.022,-0.003,87.2,455.28,22.8,40,1,1
17:32:00.151,VIGILE,1,177.05,-7.65,0.28,-0.18,2.914,-9.45,-0.183,0.068,-0.018,87.2,385.46,22.8,40,1,1
17:32:00.652,VIGILE,1,176.84,-7.81,0.272,0.225,2.952,-9.412,-0.181,0.071,-0.031,87.2,434.85,22.8,40,1,1
17:32:01.152,VIGILE,1,176.02,-7.29,0.279,-0.874,3.584,-9.139,-0.086,0.051,-0.018,87.2,495.22,22.8,40,1,1
17:32:01.652,VIGILE,1,177.1,-7.69,0.279,-1.171,3.27,-8.648,-0.125,0.059,-0.027,87.2,475.19,22.8,40,1,1
17:32:02.152,VIGILE,1,176.76,-6.15,0.274,-1.417,3.546,-9.017,-0.136,0.064,-0.022,87.2,483.86,22.8,40,1,1
17:32:02.652,VIGILE,1,177.58,-5.16,0.291,-0.098,3.141,-9.177,-0.142,0.086,0.002,87.2,418.96,22.8,40,1,1
17:32:03.152,VIGILE,1,178.22,-3.79,0.274,-0.967,3.481,-8.844,-0.154,0.087,-0.03,87.2,334.22,22.8,40,1,1
17:32:03.652,VIGILE,1,176.69,-8.88,0.276,-0.297,3.12,-9.213,-0.163,0.086,-0.04,87.2,417.43,22.8,40,1,1
17:32:04.152,VIGILE,1,177.44,-11.04,0.287,-1.125,3.735,-8.686,-0.134,0.067,-0.022,87.2,526.03,22.8,40,1,1
17:32:04.655,VIGILE,1,175.66,-4.95,0.268,-1.221,2.921,-9.005,-0.174,0.085,-0.024,87.2,497.53,22.8,40,1,1
17:32:05.155,VIGILE,1,176.84,-5.34,0.281,-1.35,3.689,-9.44,-0.16,0.067,-0.021,87.2,496.96,22.8,40,1,1
17:32:05.655,VIGILE,1,176.43,-5.74,0.279,-1.532,3.637,-8.653,-0.106,0.066,-0.009,87.2,514.18,22.8,40,1,1
17:32:06.155,VIGILE,1,174.83,-0.17,0.28,-1.283,3.349,-9.012,-0.179,0.082,-0.03,87.2,466.56,22.8,40,1,1
17:32:06.655,VIGILE,1,175.17,-5.46,0.288,-1.247,3.436,-8.607,-0.158,0.086,-0.039,87.2,473.06,22.7,41,1,1
17:32:07.155,VIGILE,1,175.54,-5.13,0.287,-1.903,3.809,-8.885,-0.159,0.084,-0.024,87.2,528.86,22.7,41,1,1
17:32:07.655,VIGILE,1,177.28,-13.92,0.29,-1.973,3.292,-8.947,-0.155,0.078,-0.038,87.2,556.91,22.7,41,1,1
17:32:08.155,VIGILE,1,173.26,-28.9,0.268,-1.839,2.411,-9.021,-0.165,0.107,-0.115,87.2,546.45,22.7,41,1,1
17:32:08.655,VIGILE,1,174.07,-32.49,0.339,-2.574,2.21,-9.522,-0.137,0.122,-0.22,87.2,552.64,22.7,41,1,1
17:32:09.155,VIGILE,1,174.96,-33.27,0.358,-2.83,1.489,-9.433,-0.161,0.153,-0.318,87.2,553.52,22.7,41,1,1
17:32:09.655,VIGILE,1,177.44,-32.3,0.302,-2.66,1.726,-9.711,-0.183,0.189,-0.392,87.2,541.75,22.7,41,1,1
17:32:10.155,VIGILE,1,179.28,-26.16,0.262,-2.076,1.195,-9.297,-0.248,0.231,-0.389,87.2,531.56,22.7,41,1,1
17:32:10.655,VIGILE,1,176.79,-17.76,0.281,-1.13,2.684,-10.027,-0.191,0.158,-0.258,87.2,527.23,22.7,41,1,1
17:32:11.155,VIGILE,1,179.48,-10.74,0.283,-0.637,2.071,-9.385,-0.109,0.116,-0.152,87.2,521.97,22.7,41,1,1
17:32:11.655,VIGILE,1,178.63,-2.77,0.272,-0.792,3.055,-9.043,-0.075,0.103,-0.048,87.2,504.11,22.7,41,1,1
17:32:12.155,VIGILE,1,178.26,0.75,0.244,-0.91,3.503,-9.043,-0.134,0.108,-0.03,87.2,469.86,22.7,41,1,1
17:32:12.655,VIGILE,1,178.75,3.67,0.281,0.096,3.915,-9.756,-0.112,0.027,-0.034,87.2,449.63,22.7,41,1,1
17:32:13.156,VIGILE,1,178.95,7.99,0.278,0.448,3.591,-8.885,-0.232,0.049,-0.001,87.2,436.08,22.7,41,1,1
17:32:13.656,VIGILE,1,178.52,16.84,0.236,0.132,3.151,-8.866,-0.167,0.067,-0.002,87.2,420.66,22.7,41,1,1
17:32:14.156,VIGILE,1,-178.16,29.18,0.108,-1.075,3.292,-8.452,-0.145,0.064,-0.012,87.2,407.07,22.7,41,1,1
17:32:14.656,VIGILE,1,-176.21,15.49,0.285,0.105,3.438,-9.311,-0.157,0.118,-0.041,87.2,402.92,22.7,41,1,1
17:32:15.156,VIGILE,1,-179.12,3.47,0.292,1.164,3.448,-10.252,-0.099,0.004,0.006,87.2,408.46,22.7,41,1,1
17:32:15.656,VIGILE,1,-179.36,0.98,0.295,2.595,2.16,-8.827,-0.195,0.09,-0.015,87.2,415.79,22.7,41,1,1
17:32:16.156,VIGILE,1,-178.68,3.72,0.32,-0.788,3.814,-11.945,-0.021,0.059,-0.065,87.2,438.05,22.7,41,1,1
17:32:16.656,VIGILE,1,-177.19,34.84,0.171,1.563,2.983,-9.965,-0.174,0.114,-0.026,87.2,436.48,22.7,41,1,1
17:32:17.156,NERVOSO,1,-177.22,20.77,0.294,1.561,2.48,-8.969,-0.278,0.181,-0.036,87.2,411.51,22.7,41,1,1
17:32:17.656,NERVOSO,1,-178.57,11.56,0.28,1.13,4.453,-10.582,-0.235,0.052,0.029,87.2,362.05,22.7,41,1,1
17:32:18.156,NERVOSO,1,179.15,5.86,0.324,-0.967,2.21,-8.854,0.103,0.099,-0.169,87.2,347.7,22.7,41,1,1
17:32:18.656,NERVOSO,1,179.3,12.58,0.31,-6.519,5.708,-7.482,-0.257,0.067,0.1,87.2,372.57,22.7,41,1,1
17:32:19.156,NERVOSO,1,-177.58,14.33,0.285,0.318,4.662,-7.661,0.128,-0.027,0.041,87.2,374.15,22.7,41,1,1
17:32:19.656,NERVOSO,1,-178.94,-0.31,0.291,-1.99,1.796,-10.465,-0.098,0.132,0.001,87.2,369.4,22.7,41,1,1
17:32:20.156,NERVOSO,1,-179.71,18.82,0.305,-0.259,3.134,-9.309,-0.087,0.026,-0.015,87.2,339.59,22.7,41,1,1
17:32:20.656,NERVOSO,1,177.47,17.1,0.306,-0.385,4.513,-9.151,-0.102,0.038,0.03,87.2,336.38,22.7,41,1,1
17:32:21.156,NERVOSO,1,177.6,7.6,0.284,1.176,3.479,-9.124,0.02,0.111,0.023,87.2,367.52,22.7,41,1,1
17:32:21.656,NERVOSO,1,178.67,5.07,0.271,-0.51,2.224,-8.818,-0.082,0.045,-0.083,87.2,376.78,22.6,41,1,1
17:32:22.157,NERVOSO,1,178.56,13.42,0.303,1.865,4.123,-10.63,-0.208,0.087,0.033,87.2,440.36,22.6,41,1,1
17:32:22.657,NERVOSO,1,179.2,6.48,0.276,-0.73,4.597,-10.082,-0.232,0.029,0.052,87.2,486.02,22.6,41,1,1
17:32:23.157,NERVOSO,1,178.57,1.81,0.312,-2.169,3.771,-9.914,0.253,0.053,0.041,87.2,484.67,22.6,41,1,1
17:32:23.657,NERVOSO,1,179.32,-2.99,0.329,-5.933,2.658,-9.922,-0.129,0.193,-0.125,87.2,507.64,22.6,41,1,1
17:32:24.157,NERVOSO,1,178.84,15.36,0.28,-0.678,4.377,-8.078,-0.273,0.138,0.028,87.2,489.6,22.6,41,1,1
17:32:24.657,NERVOSO,1,-175.91,-18.23,0.24,0.697,4.041,-8.341,-0.101,0.029,0.063,87.2,469.06,22.6,41,1,1
17:32:25.157,NERVOSO,1,179.71,-12.6,0.276,-0.271,3.402,-9.543,-0.104,0.029,-0.006,87.2,443.36,22.6,41,1,1
17:32:25.657,NERVOSO,1,-177.93,18.31,0.293,-2.569,2.083,-9.673,-0.153,0.159,-0.165,87.2,432.19,22.6,41,1,1
17:32:26.157,NERVOSO,1,178.56,15.3,0.279,0.038,5.638,-7.858,-0.113,0.014,0.12,87.2,422.09,22.6,41,1,1
17:32:26.657,NERVOSO,1,179.3,0.6,0.276,-2.679,0.476,-10.216,-0.173,0.077,-0.198,87.2,380.65,22.6,41,1,1
17:32:27.157,NERVOSO,1,-178.78,19.77,0.261,-2.212,4.317,-8.624,-0.184,0.057,0.073,87.2,287.27,22.6,41,1,1
17:32:27.657,NERVOSO,1,-179.34,13.8,0.279,-2.543,2.684,-9.924,-0.081,0.091,-0.102,87.2,280.96,22.6,41,1,1
17:32:28.157,NERVOSO,1,178.84,15.79,0.267,-1.322,4.051,-8.772,-0.096,0.037,-0.022,87.2,279.71,22.6,41,1,1
17:32:28.657,NERVOSO,1,172.63,23.03,0.315,-3.764,4.204,-8.866,-0.176,0.043,0.024,87.2,282.39,22.6,41,1,1
17:32:29.157,NERVOSO,1,-178.75,24.78,0.314,-1.034,5.274,-9.524,-0.09,0.104,-0.013,87.2,290.46,22.6,42,1,1
17:32:29.657,NERVOSO,1,-177.46,33.32,0.308,-3.199,4.549,-8.183,-0.203,0.067,-0.036,87.2,310.38,22.6,42,1,1
17:32:30.157,NERVOSO,1,176.38,41.17,0.385,-2.095,4.405,-8.511,-0.162,0.062,-0.03,87.2,327.8,22.6,42,1,1
17:32:30.657,NERVOSO,1,-178.7,35.5,0.35,-1.192,7.882,-7.369,-0.359,0.075,0.174,87.2,357.32,22.6,42,1,1
17:32:31.158,NERVOSO,1,157.53,71.96,0.629,0.247,6.812,-6.893,-0.024,-0.241,0.474,87.2,382.59,22.6,42,1,1
17:32:31.658,NERVOSO,1,156.36,45.95,0.327,-1.501,8.997,-7.578,-0.097,-0.179,0.685,87.2,421.0,22.6,42,1,1
17:32:32.158,NERVOSO,1,172.79,43.96,0.436,-2.729,6.177,-8.131,-0.137,-0.209,0.61,87.2,462.67,22.6,42,1,1
17:32:32.658,NERVOSO,1,-178.74,33.38,0.327,1.056,5.902,-9.397,-0.114,-0.153,0.506,87.2,473.65,22.6,42,1,1
17:32:33.158,NERVOSO,1,-178.26,26.83,0.289,1.147,3.211,-9.668,-0.089,-0.002,0.293,87.2,476.83,22.6,42,1,1
17:32:33.658,NERVOSO,1,-176.0,21.05,0.272,1.453,3.361,-9.673,-0.105,0.107,0.001,87.2,473.52,22.6,42,1,1
17:32:34.158,NERVOSO,1,-178.78,11.66,0.282,3.136,4.542,-9.811,-0.099,-0.006,0.198,87.2,509.85,22.5,42,1,1
17:32:34.658,NERVOSO,1,-178.34,-3.54,0.326,3.242,-2.986,-9.747,0.225,-0.144,-0.067,87.2,512.59,22.5,42,1,1
17:32:35.158,NERVOSO,1,176.31,-1.19,0.292,-5.456,5.186,-7.135,-0.857,0.208,-0.26,87.2,567.24,22.5,42,1,1
17:32:35.658,NERVOSO,1,-178.44,16.25,0.298,-1.523,4.195,-8.42,-0.116,0.02,-0.001,87.2,583.41,22.5,42,1,1
17:32:36.158,NERVOSO,1,-177.14,2.57,0.298,-1.616,4.123,-9.658,-0.033,0.091,-0.013,87.2,556.62,22.5,42,1,1
17:32:36.658,NERVOSO,1,-173.9,10.78,0.306,1.942,3.658,-10.906,-0.033,0.099,0.02,87.2,530.13,22.5,42,1,1
17:32:37.158,NERVOSO,1,177.37,22.54,0.27,0.464,4.219,-9.043,-0.252,0.101,-0.004,87.2,515.09,22.5,42,1,1
17:32:37.658,NERVOSO,1,179.22,12.38,0.291,-2.365,3.036,-8.325,-0.124,0.133,0.08,87.2,485.04,22.5,42,1,1
17:32:38.158,NERVOSO,1,179.41,22.87,0.289,-6.354,5.902,-8.095,-0.171,0.072,-0.007,87.2,455.05,22.5,42,1,1
17:32:38.658,NERVOSO,1,177.49,23.32,0.314,-6.527,6.261,-7.329,-0.02,-0.005,0.021,87.2,453.4,22.5,42,1,1
17:32:39.158,NERVOSO,1,175.35,35.94,0.26,-5.121,5.308,-7.817,-0.139,0.07,-0.023,87.2,468.48,22.5,42,1,1
17:32:39.659,NERVOSO,1,177.87,26.88,0.303,-1.319,4.053,-8.6,-0.117,0.079,-0.013,87.2,472.71,22.5,42,1,1
17:32:40.159,VIGILE,1,179.8,35.58,0.342,-0.326,3.694,-8.784,-0.128,0.076,-0.018,87.2,459.34,22.5,42,1,1
17:32:40.659,VIGILE,1,177.83,24.08,0.259,-0.445,3.977,-9.117,-0.159,0.078,-0.018,87.2,469.77,22.5,42,1,1
17:32:41.159,VIGILE,1,177.41,-3.57,0.265,0.072,3.713,-9.455,-0.119,0.09,-0.01,87.2,473.1,22.5,42,1,1
17:32:41.659,VIGILE,1,178.65,-14.61,0.288,1.585,2.808,-10.123,-0.054,0.052,0.002,87.2,471.86,22.4,42,1,1
17:32:42.159,VIGILE,1,-178.25,-11.46,0.296,0.826,2.837,-9.249,-0.169,0.068,-0.033,87.2,477.45,22.4,42,1,1
17:32:42.659,VIGILE,1,179.42,-14.31,0.285,-1.374,3.563,-9.141,-0.128,0.028,-0.028,87.2,492.51,22.4,42,1,1
17:32:43.159,VIGILE,1,178.7,20.96,0.287,-1.547,3.563,-9.05,-0.114,0.086,-0.026,87.2,509.03,22.4,42,1,1
17:32:43.659,VIGILE,1,-178.5,35.08,0.268,-1.796,3.941,-8.839,-0.103,0.063,-0.019,87.2,510.44,22.4,42,1,1
17:32:44.159,VIGILE,0,0.0,0.0,0.0,-1.137,3.816,-8.902,-0.142,0.061,-0.024,87.2,518.69,22.4,42,1,1
17:32:44.659,VIGILE,1,-159.89,-72.33,0.431,-1.609,3.491,-8.748,-0.138,0.08,-0.071,87.2,525.03,22.4,42,1,1
17:32:45.159,VIGILE,0,0.0,0.0,0.0,-1.295,3.369,-9.402,-0.179,0.128,-0.176,87.2,525.37,22.4,42,1,1
17:32:45.659,VIGILE,1,176.87,-39.42,0.374,-0.675,3.74,-8.751,-0.104,0.15,-0.273,87.2,519.75,22.4,42,1,1
17:32:46.159,VIGILE,1,-178.76,-40.84,0.385,-0.577,2.229,-9.103,-0.125,0.226,-0.416,87.2,516.04,22.4,42,1,1
17:32:46.659,VIGILE,1,178.23,-40.16,0.392,-1.307,1.444,-10.781,-0.22,0.26,-0.546,87.2,514.75,22.4,42,1,1
17:32:47.159,VIGILE,1,-176.44,-23.0,0.275,0.584,0.807,-10.527,-0.253,0.33,-0.62,87.2,513.54,22.4,42,1,1
17:32:47.659,VIGILE,1,-179.25,-10.73,0.272,-1.262,0.467,-9.828,-0.281,0.266,-0.576,87.2,502.33,22.4,42,1,1
17:32:48.159,VIGILE,1,-177.25,2.17,0.286,-0.158,2.083,-9.744,-0.121,0.176,-0.364,87.2,477.73,22.4,42,1,1
17:32:48.660,VIGILE,1,-179.37,5.04,0.274,-1.032,3.01,-9.567,-0.3,0.173,-0.163,87.2,400.34,22.4,42,1,1
17:32:49.160,VIGILE,1,178.31,8.84,0.3,-0.692,4.767,-9.598,-0.191,0.14,-0.052,87.2,378.4,22.4,43,1,1
17:32:49.660,VIGILE,1,179.49,2.1,0.23,-1.104,3.273,-8.274,-0.339,0.128,-0.031,87.2,395.0,22.4,43,1,1
17:32:50.160,VIGILE,1,176.32,9.38,0.249,-0.208,1.516,-9.172,-0.27,0.159,-0.037,87.2,373.53,22.4,43,1,1
17:32:50.660,VIGILE,1,177.27,16.02,0.183,-0.809,3.699,-9.318,-0.048,0.008,-0.009,87.2,354.59,22.4,43,1,1
17:32:51.160,VIGILE,1,-178.16,10.0,0.299,0.079,3.524,-10.432,0.114,-0.004,0.041,87.2,361.04,22.4,43,1,1
17:32:51.660,VIGILE,1,-177.9,13.59,0.217,-0.369,3.718,-9.266,-0.27,0.102,-0.022,87.2,385.44,22.4,43,1,1
17:32:52.160,VIGILE,1,-177.99,-0.32,0.237,1.683,3.891,-9.864,-0.339,0.058,0.035,87.2,412.48,22.4,43,1,1
17:32:52.660,VIGILE,1,-179.94,1.18,0.269,-2.629,3.809,-9.16,-0.151,-0.014,0.021,87.2,447.75,22.4,43,1,1
17:32:53.160,VIGILE,1,179.02,11.77,0.277,-0.972,5.1,-9.258,-0.134,0.019,-0.048,87.2,464.7,22.4,43,1,1
17:32:53.660,VIGILE,1,179.15,33.99,0.22,-1.69,2.088,-9.627,-0.167,0.028,-0.013,87.2,521.59,22.4,43,1,1
17:32:54.160,VIGILE,1,-178.37,33.01,0.174,-1.355,2.411,-10.554,-0.232,-0.006,-0.017,87.2,545.92,22.3,43,1,1
17:32:54.660,VIGILE,1,179.47,22.19,0.234,-1.87,4.678,-10.307,-0.187,0.056,-0.047,87.2,558.07,22.3,43,1,1
17:32:55.160,VIGILE,1,-179.25,12.64,0.287,-3.57,3.594,-9.843,-0.181,0.11,-0.01,87.2,578.17,22.3,43,1,1
17:32:55.660,VIGILE,1,179.53,13.37,0.263,-1.276,4.513,-7.951,-0.008,0.021,-0.072,87.2,588.68,22.3,43,1,1
17:32:56.160,VIGILE,1,-178.66,7.37,0.232,-2.14,2.449,-8.487,-0.161,0.088,-0.021,87.2,590.4,22.3,43,1,1
17:32:56.661,VIGILE,1,176.13,6.95,0.266,-0.998,2.861,-8.423,-0.205,0.068,-0.025,87.2,595.71,22.3,43,1,1
17:32:57.161,VIGILE,1,178.6,5.13,0.259,-1.099,3.654,-9.436,-0.099,0.038,-0.08,87.2,594.54,22.3,43,1,1
17:32:57.661,VIGILE,1,178.04,8.51,0.24,-1.401,3.041,-8.703,-0.106,0.106,-0.072,87.2,596.3,22.3,43,1,1
17:32:58.161,VIGILE,1,179.26,10.97,0.232,-1.614,2.476,-7.937,-0.123,0.045,-0.009,87.2,590.67,22.3,43,1,1
17:32:58.661,VIGILE,1,179.5,8.56,0.254,-0.831,2.351,-8.684,-0.082,0.052,0.007,87.2,587.62,22.3,43,1,1
17:32:59.161,VIGILE,1,177.83,13.55,0.173,-1.968,2.844,-10.063,-0.042,0.086,-0.035,87.2,580.5,22.3,43,1,1
17:32:59.661,VIGILE,1,179.65,14.5,0.235,-1.437,3.972,-9.031,-0.035,0.007,-0.037,87.2,552.51,22.3,43,1,1
17:33:00.161,EBBREZZA,1,179.69,16.58,0.26,-0.678,2.349,-8.538,-0.434,0.083,-0.037,87.2,557.33,22.3,43,1,1
17:33:00.661,EBBREZZA,1,-178.15,3.59,0.248,-0.867,2.404,-9.206,-0.036,0.134,0.115,87.2,576.05,22.3,43,1,1
17:33:01.161,EBBREZZA,1,-179.93,5.11,0.273,-0.536,2.152,-9.716,-0.076,0.036,-0.024,87.2,581.61,22.3,43,1,1
17:33:01.661,EBBREZZA,1,178.79,-2.07,0.283,-0.927,3.069,-8.794,-0.143,0.126,-0.019,87.2,568.33,22.3,43,1,1
17:33:02.161,EBBREZZA,1,178.6,4.55,0.26,-0.244,3.701,-9.258,-0.241,0.111,-0.042,87.2,578.35,22.3,43,1,1
17:33:02.661,EBBREZZA,1,176.86,13.25,0.258,1.252,3.63,-9.534,-0.123,0.047,-0.031,87.2,572.91,22.3,43,1,1
17:33:03.161,EBBREZZA,1,176.53,11.83,0.271,-1.535,2.646,-10.092,-0.018,0.032,-0.023,87.2,560.06,22.3,43,1,1
17:33:03.661,EBBREZZA,1,177.24,-2.72,0.285,-1.082,2.306,-9.06,-0.144,0.014,-0.046,87.2,538.04,22.3,43,1,1
17:33:04.161,EBBREZZA,1,176.69,2.9,0.257,-0.84,2.591,-9.218,-0.154,0.052,0.012,87.2,483.14,22.3,43,1,1
17:33:04.661,EBBREZZA,1,178.25,-16.06,0.295,-1.482,3.251,-8.871,-0.172,0.084,-0.02,87.2,405.71,22.3,43,1,1
17:33:05.162,EBBREZZA,1,178.22,-4.06,0.251,-1.621,2.816,-9.905,0.032,-0.028,-0.043,87.2,440.2,22.3,43,1,1
17:33:05.662,EBBREZZA,1,176.27,-49.31,0.261,-0.237,-0.883,-10.597,0.078,-0.003,-0.05,87.2,504.61,22.3,43,1,1
17:33:06.162,EBBREZZA,1,179.96,-17.85,0.26,-2.662,2.863,-10.242,-0.137,0.093,-0.264,87.2,537.81,22.3,43,1,1
17:33:06.662,EBBREZZA,1,-179.62,-3.11,0.268,-2.112,2.191,-8.926,-0.188,0.195,-0.302,87.2,524.74,22.2,43,1,1
17:33:07.162,EBBREZZA,1,179.66,-17.95,0.278,-2.844,1.748,-9.033,-0.2,0.179,-0.294,87.2,527.78,22.2,43,1,1
17:33:07.662,EBBREZZA,1,-179.26,-16.04,0.295,-0.575,2.377,-9.84,-0.203,0.173,-0.245,87.2,550.69,22.2,43,1,1
17:33:08.162,EBBREZZA,1,-179.93,-19.56,0.292,-0.204,1.7,-10.317,-0.151,0.162,-0.211,87.2,569.18,22.2,43,1,1
17:33:08.662,EBBREZZA,1,178.07,-4.37,0.301,-1.058,2.411,-8.66,-0.235,0.095,-0.186,87.2,559.26,22.2,43,1,1
17:33:09.162,EBBREZZA,1,178.64,-7.46,0.312,0.642,2.595,-8.83,-0.065,0.134,-0.11,87.2,552.24,22.2,43,1,1
17:33:09.662,EBBREZZA,1,177.17,9.73,0.279,-0.752,3.625,-9.043,-0.097,0.045,-0.051,87.2,561.09,22.2,43,1,1
17:33:10.162,EBBREZZA,1,176.16,10.27,0.272,-2.744,4.144,-9.498,-0.104,0.101,-0.036,87.2,564.08,22.2,43,1,0
17:33:10.662,EBBREZZA,1,179.51,1.62,0.272,0.558,2.303,-9.278,-0.077,0.088,0.01,87.2,548.57,22.2,43,1,0
17:33:11.162,EBBREZZA,1,177.07,4.7,0.313,-0.754,3.517,-10.391,-0.192,0.054,-0.048,87.2,540.88,22.2,43,1,0
17:33:11.662,EBBREZZA,1,176.49,-5.99,0.26,-2.761,3.041,-9.711,-0.167,0.201,-0.008,87.2,559.07,22.2,43,1,0
17:33:12.162,EBBREZZA,1,179.54,-8.02,0.295,-0.12,3.036,-9.021,-0.115,0.047,-0.026,87.2,563.6,22.2,43,1,0
17:33:12.662,EBBREZZA,1,175.41,-3.54,0.249,-0.304,0.836,-8.478,-0.497,0.236,-0.092,87.2,558.21,22.2,43,1,0
17:33:13.162,EBBREZZA,1,178.11,3.2,0.267,-0.565,3.354,-9.052,-0.237,-0.017,-0.06,87.2,525.6,22.2,43,1,0
17:33:13.663,EBBREZZA,1,178.72,-0.48,0.26,-1.008,3.261,-9.634,-0.122,0.07,-0.019,87.2,553.91,22.2,43,1,0
17:33:14.163,EBBREZZA,1,179.53,-1.72,0.274,-1.262,4.116,-9.184,-0.119,0.037,0.013,87.2,561.51,22.2,43,1,0
17:33:14.663,EBBREZZA,1,178.76,-10.83,0.288,-1.214,2.909,-9.131,-0.055,0.065,-0.002,87.2,561.85,22.2,43,1,0
17:33:15.163,EBBREZZA,1,178.32,-7.37,0.276,-1.267,2.77,-8.475,-0.153,0.061,-0.038,87.2,557.52,22.2,43,1,0
17:33:15.663,EBBREZZA,1,178.13,-13.45,0.273,-1.211,3.754,-9.414,-0.139,0.118,-0.028,87.2,541.71,22.2,43,1,0
17:33:16.163,EBBREZZA,1,176.6,-5.87,0.261,-0.828,2.698,-9.127,-0.181,0.088,-0.04,87.2,499.64,22.2,43,1,0
17:33:16.663,EBBREZZA,1,176.9,7.4,0.256,-1.532,3.194,-8.952,-0.165,0.106,-0.03,87.2,457.88,22.1,44,1,0
17:33:17.163,EBBREZZA,1,177.3,11.24,0.299,-1.578,5.116,-8.533,-0.148,0.197,-0.009,87.2,471.46,22.1,44,1,0
17:33:17.663,EBBREZZA,1,176.67,-18.69,0.258,-0.86,2.251,-10.214,-0.196,0.043,-0.023,87.2,445.85,22.1,44,1,0
17:33:18.163,EBBREZZA,1,176.37,57.59,0.448,-1.463,3.773,-10.075,-0.136,0.127,0.001,87.2,417.24,22.1,44,1,0
17:33:18.663,EBBREZZA,0,0.0,0.0,0.0,-1.142,2.672,-8.507,-0.149,0.089,-0.036,87.2,416.86,22.1,44,1,0
17:33:19.163,EBBREZZA,1,175.16,24.09,0.272,-0.606,3.505,-8.193,-0.175,0.092,-0.046,87.2,429.44,22.1,44,1,0
17:33:19.663,EBBREZZA,1,177.01,7.68,0.278,-1.47,3.668,-9.084,-0.132,0.098,-0.007,87.2,476.08,22.1,44,1,0
17:33:20.163,EBBREZZA,1,174.51,13.57,0.279,-0.905,4.049,-8.89,-0.133,0.049,-0.021,87.2,456.88,22.1,44,1,1
17:33:20.663,EBBREZZA,1,176.64,23.63,0.258,-2.282,3.074,-9.44,-0.129,0.12,-0.008,87.2,409.69,22.1,44,1,1
17:33:21.163,EBBREZZA,1,173.26,14.08,0.262,-3.251,4.135,-8.674,-0.193,0.027,-0.044,87.2,374.8,22.1,44,1,1
17:33:21.663,EBBREZZA,1,178.5,-5.58,0.26,-1.896,4.547,-8.423,-0.056,0.113,-0.026,87.2,381.77,22.1,44,1,0
17:33:22.164,EBBREZZA,1,176.31,-29.35,0.326,-2.559,4.135,-8.645,-0.156,0.056,-0.036,87.2,409.55,22.1,44,1,0
17:33:22.664,EBBREZZA,1,179.04,-41.39,0.394,-3.29,4.034,-8.507,-0.153,0.043,-0.005,87.2,449.54,22.1,44,1,0
17:33:23.164,EBBREZZA,1,-177.72,-70.15,0.365,-4.46,3.898,-7.08,0.134,-0.082,-0.058,87.2,444.79,22.1,44,1,0
17:33:23.664,EBBREZZA,1,-176.82,-43.16,0.375,-1.013,3.311,-8.844,-0.062,0.057,-0.012,87.2,493.94,22.1,44,1,0
17:33:24.164,EBBREZZA,1,-179.68,-44.28,0.478,-0.967,3.929,-9.436,-0.087,0.03,0.032,87.2,522.32,22.1,44,1,0
17:33:24.664,EBBREZZA,1,-176.2,24.1,0.297,-1.314,4.257,-8.792,-0.095,0.066,0.044,87.2,529.6,22.1,44,1,0
17:33:25.164,EBBREZZA,0,0.0,0.0,0.0,-0.848,3.455,-9.345,-0.099,0.054,0.053,87.2,527.48,22.1,44,1,0
17:33:25.664,EBBREZZA,1,-161.2,-76.47,0.457,-1.501,3.249,-9.124,-0.117,0.041,0.019,87.2,510.65,22.1,44,1,0
17:33:26.164,EBBREZZA,1,-155.27,-74.94,0.47,-1.204,3.323,-9.402,-0.126,0.079,-0.026,87.2,545.86,22.1,44,1,0
17:33:26.664,EBBREZZA,1,-152.07,-76.85,0.55,0.318,3.148,-9.471,-0.136,0.045,-0.004,87.2,546.92,22.1,44,1,0
17:33:27.164,EBBREZZA,0,0.0,0.0,0.0,0.9,3.536,-9.766,-0.13,0.02,0.093,87.2,546.66,22.1,44,1,0
17:33:27.664,EBBREZZA,1,168.24,33.46,0.322,-0.426,3.311,-9.096,-0.138,0.024,0.125,87.2,528.56,22.1,44,1,0
17:33:28.164,EBBREZZA,1,166.11,48.4,0.353,-0.251,3.309,-9.292,-0.088,-0.017,0.163,87.2,507.92,22.1,44,1,0
17:33:28.664,EBBREZZA,1,170.93,33.21,0.325,-0.414,3.508,-9.357,-0.132,0.003,0.164,87.2,559.8,22.1,44,1,0
17:33:29.164,EBBREZZA,1,173.18,37.52,0.313,0.206,2.959,-9.459,-0.094,-0.022,0.215,87.2,564.14,22.0,44,1,0
17:33:29.664,EBBREZZA,1,176.13,42.03,0.368,-0.117,3.575,-9.306,-0.098,-0.051,0.266,87.2,569.56,22.0,44,1,0
17:33:30.164,EBBREZZA,1,178.56,37.72,0.29,-1.123,3.62,-9.096,-0.077,-0.052,0.246,87.2,579.77,22.0,44,1,0
17:33:30.665,EBBREZZA,1,174.92,38.28,0.302,-3.263,3.105,-8.511,-0.136,0.01,0.134,87.2,537.08,22.0,44,1,0
17:33:31.165,EBBREZZA,1,175.83,39.59,0.332,-2.703,3.105,-9.151,-0.15,0.08,-0.031,87.2,586.08,22.0,44,1,0
17:33:31.665,EBBREZZA,1,179.13,42.86,0.175,-0.826,3.067,-9.232,-0.127,0.067,-0.022,87.2,593.38,22.0,44,1,0
17:33:32.165,EBBREZZA,0,0.0,0.0,0.0,-0.709,3.268,-9.246,-0.143,0.069,-0.021,87.2,593.82,22.0,44,1,0
17:33:32.665,EBBREZZA,0,0.0,0.0,0.0,-0.831,3.225,-9.278,-0.131,0.062,-0.018,87.2,593.33,22.0,44,1,0
17:33:33.165,EBBREZZA,0,0.0,0.0,0.0,-0.869,3.12,-9.208,-0.149,0.068,-0.026,87.2,543.21,22.0,44,1,0
17:33:33.665,EBBREZZA,0,0.0,0.0,0.0,-0.831,3.124,-9.27,-0.134,0.067,-0.019,87.2,555.3,22.0,44,1,0
17:33:34.165,EBBREZZA,1,176.18,40.98,0.396,-0.903,3.249,-9.371,-0.137,0.067,-0.021,87.2,597.52,22.0,44,1,0
17:33:34.665,EBBREZZA,1,-178.3,36.48,0.182,-0.876,3.033,-9.108,-0.145,0.076,-0.022,87.2,596.44,22.0,44,1,0
17:33:35.165,EBBREZZA,1,-177.21,28.44,0.265,-0.833,3.235,-9.175,-0.127,0.071,-0.015,87.2,596.55,22.0,44,1,0
17:33:35.665,EBBREZZA,1,179.98,31.48,0.158,-1.101,3.273,-9.199,-0.13,0.063,-0.013,87.2,597.06,22.0,44,1,0
17:33:36.165,EBBREZZA,1,-178.03,33.86,0.293,0.182,3.053,-9.316,-0.117,0.03,0.026,87.2,578.55,22.0,44,1,0
17:33:36.665,EBBREZZA,1,-178.35,36.35,0.101,0.436,2.966,-9.725,-0.017,-0.009,0.128,87.2,593.36,22.0,44,1,0
17:33:37.165,EBBREZZA,1,179.31,34.26,0.339,-0.991,3.405,-9.024,-0.118,-0.018,0.131,87.2,603.92,22.0,44,1,0
17:33:37.665,EBBREZZA,1,-178.76,32.64,0.267,-1.29,3.189,-9.184,-0.094,0.007,0.109,87.2,607.31,22.0,44,1,0
17:33:38.165,EBBREZZA,1,-179.9,27.85,0.244,-1.008,3.134,-9.172,-0.14,0.027,0.086,87.2,611.7,22.0,44,1,0
17:33:38.665,EBBREZZA,1,176.19,26.28,0.25,-1.228,2.945,-9.122,-0.109,0.033,0.068,87.2,614.33,22.0,44,1,0
17:33:39.165,EBBREZZA,1,176.85,27.1,0.224,-2.105,3.177,-9.306,-0.134,0.037,0.031,87.2,600.0,22.0,44,1,0
17:33:39.665,EBBREZZA,1,-179.67,30.7,0.256,-1.954,3.299,-9.129,-0.143,0.063,-0.006,87.2,556.19,22.0,44,1,0
17:33:40.166,EBBREZZA,1,-177.22,33.62,0.153,-0.857,2.931,-9.031,-0.12,0.061,-0.017,87.2,621.45,22.0,44,1,0
17:33:40.666,EBBREZZA,1,-179.85,27.91,0.256,-0.994,3.043,-9.397,-0.145,0.068,-0.021,87.2,621.22,22.0,44,1,0
17:33:41.166,EBBREZZA,1,179.38,27.5,0.265,-1.221,3.072,-9.189,-0.12,0.056,-0.017,87.2,584.99,22.0,44,1,0
17:33:41.666,EBBREZZA,1,-179.66,27.45,0.22,-0.881,3.017,-9.4,-0.139,0.074,-0.017,87.2,609.79,22.0,45,1,0
17:33:42.166,EBBREZZA,1,178.95,18.37,0.235,-1.061,3.079,-9.172,-0.147,0.073,-0.024,87.2,623.9,22.0,45,1,0
17:33:42.666,EBBREZZA,1,-178.8,22.45,0.256,-0.991,3.06,-9.471,-0.128,0.064,-0.019,87.2,625.66,22.0,45,1,0
17:33:43.166,EBBREZZA,1,177.61,24.46,0.219,-1.018,3.139,-9.292,-0.126,0.062,-0.02,87.2,624.27,22.0,45,1,0
17:33:43.666,EBBREZZA,1,178.64,22.85,0.238,-1.106,3.172,-8.993,-0.137,0.066,-0.018,87.2,625.04,22.0,45,1,0
17:33:44.166,EBBREZZA,1,179.43,11.72,0.261,-0.965,3.223,-9.488,-0.155,0.067,-0.024,87.2,623.33,22.0,45,1,0
17:33:44.666,EBBREZZA,1,178.7,12.15,0.231,-1.013,3.136,-9.203,-0.128,0.072,-0.011,87.2,627.97,22.0,45,1,0
17:33:45.166,EBBREZZA,1,-179.25,17.27,0.237,-0.977,3.117,-9.33,-0.15,0.067,-0.023,87.2,627.81,22.0,45,1,0
17:33:45.666,EBBREZZA,1,178.72,18.53,0.246,-1.109,3.16,-9.459,-0.119,0.061,-0.014,87.2,628.09,22.0,45,1,0
17:33:46.166,EBBREZZA,1,176.83,21.96,0.251,-1.006,3.036,-9.041,-0.128,0.072,-0.018,87.2,628.8,22.0,45,1,0
17:33:46.666,EBBREZZA,1,177.58,22.46,0.227,-1.006,3.134,-9.421,-0.135,0.06,-0.019,87.2,629.57,22.0,45,1,0
17:33:47.166,EBBREZZA,1,178.49,23.3,0.126,-0.826,3.017,-9.455,-0.146,0.073,-0.021,87.2,573.54,22.0,45,1,0
17:33:47.666,EBBREZZA,1,178.63,26.26,0.215,-1.051,3.036,-9.122,-0.126,0.068,-0.017,87.2,598.61,22.0,45,1,0
17:33:48.166,EBBREZZA,1,-178.63,21.66,0.234,-1.188,3.129,-9.491,-0.135,0.069,-0.012,87.2,632.56,22.0,45,1,1
17:33:48.667,EBBREZZA,1,-176.43,18.22,0.122,-0.888,3.165,-9.433,-0.134,0.069,-0.023,87.2,632.62,22.0,45,1,1
17:33:49.167,VIGILE,1,179.65,17.2,0.215,-1.051,2.95,-9.586,-0.14,0.068,-0.019,87.2,632.84,22.0,45,1,1
17:33:49.667,VIGILE,1,-179.99,21.87,0.254,0.625,2.5,-9.536,-0.151,0.067,0.007,87.2,596.74,22.0,45,1,1
17:33:50.167,VIGILE,1,179.69,21.95,0.257,0.364,2.591,-10.005,-0.137,0.047,0.029,87.2,567.82,22.0,45,1,1
17:33:50.667,VIGILE,1,179.81,15.91,0.279,0.335,2.351,-9.407,-0.079,0.036,0.033,87.2,637.75,22.0,45,1,1
17:33:51.167,VIGILE,1,179.07,20.91,0.239,-0.618,3.211,-9.673,-0.151,0.044,0.009,87.2,641.11,22.0,45,1,1
17:33:51.667,VIGILE,1,-179.74,23.54,0.218,-1.422,3.328,-8.993,-0.125,0.037,0.016,87.2,592.62,22.0,45,1,1
17:33:52.167,VIGILE,1,-176.13,18.72,0.271,0.18,2.883,-8.916,-0.169,0.094,0.027,87.2,604.58,22.0,45,1,1
17:33:52.667,VIGILE,1,177.73,21.78,0.265,0.184,2.945,-9.601,-0.142,0.067,0.025,87.2,658.56,22.0,45,1,1
17:33:53.167,VIGILE,1,178.15,15.58,0.276,-0.622,2.983,-9.493,-0.121,0.034,0.032,87.2,662.77,22.0,45,1,1
17:33:53.667,VIGILE,1,175.85,7.33,0.24,-1.219,3.491,-8.976,-0.118,0.055,0.007,87.2,670.13,22.0,45,1,1
17:33:54.167,VIGILE,1,176.02,9.35,0.257,-1.324,3.105,-9.084,-0.15,0.051,0.007,87.2,623.51,21.9,45,1,1
17:33:54.667,VIGILE,1,178.59,4.35,0.256,-1.472,3.278,-8.839,-0.165,0.069,0.005,87.2,652.04,21.9,45,1,1
17:33:55.167,VIGILE,1,178.17,8.45,0.248,-1.489,3.172,-9.002,-0.145,0.082,0.008,87.2,691.26,21.9,45,1,1
17:33:55.667,VIGILE,1,176.22,0.85,0.273,-1.264,3.194,-9.517,-0.143,0.047,0.016,87.2,684.72,21.9,45,1,1
17:33:56.167,VIGILE,1,176.53,4.87,0.26,-1.453,3.27,-8.914,-0.146,0.054,-0.005,87.2,677.9,21.9,45,1,1
17:33:56.667,VIGILE,1,176.17,-0.46,0.262,-1.528,3.436,-9.203,-0.099,0.038,0.009,87.2,641.91,21.9,45,1,1
17:33:57.167,VIGILE,1,179.82,15.3,0.141,-1.757,3.158,-9.39,-0.114,0.037,-0.0,87.2,689.5,21.9,45,1,1
17:33:57.668,DISTRAZIONE,1,-179.21,10.2,0.249,-2.351,3.8,-8.861,-0.111,0.053,0.003,87.2,700.69,21.9,45,1,1
17:33:58.168,DISTRAZIONE,1,-170.68,45.92,0.219,-1.882,3.311,-9.203,-0.142,0.079,-0.017,87.2,690.45,21.9,45,1,1
17:33:58.668,DISTRAZIONE,1,-177.5,18.95,0.161,-2.006,3.61,-8.88,-0.134,0.071,-0.011,87.2,669.64,21.9,45,1,1
17:33:59.168,DISTRAZIONE,0,0.0,0.0,0.0,-2.181,3.479,-8.851,-0.145,0.063,-0.019,87.2,706.34,21.9,45,1,1
17:33:59.668,DISTRAZIONE,0,0.0,0.0,0.0,-1.796,3.421,-8.921,-0.135,0.064,-0.019,87.2,706.89,21.9,45,1,1
17:34:00.168,DISTRAZIONE,1,-173.34,23.87,0.297,-1.427,3.206,-9.421,-0.136,0.067,-0.025,87.2,707.17,21.9,45,1,1
17:34:00.668,DISTRAZIONE,0,0.0,0.0,0.0,-1.195,3.06,-9.208,-0.12,0.07,-0.01,87.2,674.73,21.9,45,1,1
17:34:01.168,DISTRAZIONE,1,-14.66,11.55,0.302,-0.874,3.067,-9.019,-0.16,0.059,-0.024,87.2,669.88,21.9,45,1,1
17:34:01.668,DISTRAZIONE,1,149.15,76.82,0.354,-1.015,3.117,-9.388,-0.136,0.058,-0.016,87.2,710.43,21.9,45,1,1
17:34:02.168,DISTRAZIONE,1,150.11,76.55,0.49,-1.046,3.115,-9.28,-0.124,0.064,-0.01,87.2,710.0,21.9,45,1,1
17:34:02.668,DISTRAZIONE,1,137.04,77.38,0.567,-1.106,3.019,-9.096,-0.145,0.07,-0.022,87.2,710.16,21.9,45,1,1
17:34:03.168,DISTRAZIONE,0,0.0,0.0,0.0,-1.03,3.01,-9.38,-0.131,0.064,-0.017,87.2,710.83,21.9,45,1,1
17:34:03.668,DISTRAZIONE,0,0.0,0.0,0.0,-1.228,3.077,-9.167,-0.133,0.066,-0.02,87.2,711.0,21.9,45,1,1
17:34:04.169,DISTRAZIONE,0,0.0,0.0,0.0,-1.104,3.077,-9.459,-0.121,0.062,-0.017,87.2,664.92,21.9,45,1,1
17:34:04.669,DISTRAZIONE,1,-177.06,31.8,0.284,-1.111,2.971,-9.033,-0.138,0.067,-0.019,87.2,685.3,21.9,45,1,1
17:34:05.169,DISTRAZIONE,1,-179.42,69.2,0.343,-1.089,3.038,-9.409,-0.125,0.066,-0.018,87.2,714.97,21.9,45,1,1
17:34:05.669,DISTRAZIONE,1,-179.73,76.83,0.353,-0.656,3.01,-9.589,-0.124,0.069,-0.013,87.2,714.59,21.9,45,1,1
17:34:06.169,DISTRAZIONE,1,-179.47,36.86,0.374,-0.065,2.792,-9.416,-0.149,0.064,0.003,87.2,713.06,21.9,45,1,1
17:34:06.669,DISTRAZIONE,1,162.71,74.39,0.823,-1.314,3.091,-9.637,-0.114,0.033,0.003,87.2,714.93,21.9,45,1,1
17:34:07.169,DISTRAZIONE,1,165.91,73.97,0.616,-0.934,3.026,-9.297,-0.154,0.067,-0.008,87.2,717.74,21.9,45,1,1
17:34:07.669,DISTRAZIONE,1,166.24,75.12,0.557,-1.116,3.132,-9.17,-0.123,0.062,-0.009,87.2,719.28,21.9,45,1,1
17:34:08.169,DISTRAZIONE,1,-179.48,29.46,0.279,-1.046,3.129,-9.318,-0.139,0.065,-0.014,87.2,720.5,21.9,45,1,1
17:34:08.669,DISTRAZIONE,1,-167.44,23.64,0.099,-1.085,3.005,-9.251,-0.146,0.073,-0.023,87.2,721.81,21.9,45,1,1
17:34:09.169,DISTRAZIONE,1,-150.34,29.09,0.111,0.407,2.588,-9.68,-0.127,0.084,-0.011,87.2,721.22,21.9,45,1,1
17:34:09.669,DISTRAZIONE,1,-174.55,17.75,0.19,1.051,2.416,-10.391,-0.116,0.078,-0.017,87.2,720.02,21.9,45,1,1
17:34:10.169,VIGILE,1,177.23,16.07,0.179,0.457,2.593,-9.792,-0.088,0.048,-0.022,87.2,722.15,21.9,45,1,1
17:34:10.669,VIGILE,1,175.48,10.69,0.172,0.572,2.162,-10.077,-0.161,0.075,-0.021,87.2,722.71,21.9,45,1,1
17:34:11.169,VIGILE,1,177.25,1.81,0.29,0.18,2.057,-9.1,-0.166,0.092,-0.026,87.2,722.36,21.9,45,1,1
17:34:11.669,VIGILE,1,179.58,-8.78,0.277,-0.247,2.31,-9.895,-0.105,0.058,-0.001,87.2,721.95,21.9,45,1,1
17:34:12.169,VIGILE,1,179.26,-9.56,0.262,-1.367,3.505,-9.359,-0.127,0.075,-0.015,87.2,724.31,21.9,45,1,1
17:34:12.670,VIGILE,1,176.98,-5.01,0.293,-0.146,2.796,-9.136,-0.136,0.085,-0.018,87.2,721.36,21.9,45,1,1
17:34:13.170,VIGILE,1,178.36,-7.18,0.222,-0.053,2.926,-9.577,-0.135,0.046,-0.021,87.2,722.23,21.9,45,1,1
17:34:13.670,VIGILE,1,177.36,-6.46,0.269,0.493,1.607,-9.9,-0.193,0.09,-0.025,87.2,727.48,21.9,45,1,1
17:34:14.170,VIGILE,1,175.14,-3.99,0.275,0.52,2.385,-9.706,-0.127,0.062,0.001,87.2,727.54,21.9,45,1,1
17:34:14.670,VIGILE,1,-179.54,-6.92,0.265,0.182,2.164,-9.572,-0.122,0.024,-0.007,87.2,727.05,21.9,45,1,1
17:34:15.170,VIGILE,1,177.26,-7.31,0.285,-1.492,2.928,-9.225,-0.098,0.017,-0.005,87.2,731.64,21.9,45,1,1
17:34:15.670,VIGILE,1,178.04,-11.35,0.296,-1.439,3.261,-9.883,-0.111,0.017,-0.026,87.2,734.93,21.9,45,1,1
17:34:16.170,VIGILE,1,175.02,1.3,0.256,-0.383,2.835,-10.003,-0.138,0.059,-0.014,87.2,734.92,21.9,45,1,1
17:34:16.670,VIGILE,1,177.6,4.86,0.258,-0.239,2.799,-9.531,-0.136,0.075,-0.018,87.2,731.29,21.9,46,1,1
17:34:17.170,VIGILE,1,174.83,8.58,0.278,-0.529,3.445,-9.795,-0.14,0.085,-0.034,87.2,722.05,21.9,46,1,1
17:34:17.670,VIGILE,1,177.08,5.41,0.275,0.034,3.419,-9.27,-0.154,0.076,-0.037,87.2,705.92,21.9,46,1,1
17:34:18.170,VIGILE,1,177.34,8.51,0.3,-0.12,2.191,-8.447,-0.226,0.1,-0.018,87.2,666.0,21.9,46,1,1
17:34:18.670,VIGILE,1,176.52,2.38,0.274,-1.279,3.014,-9.445,-0.083,0.07,0.002,87.2,652.38,21.9,46,1,1
17:34:19.170,VIGILE,1,177.1,8.12,0.285,-0.405,2.933,-9.433,-0.165,0.043,-0.036,87.2,708.34,21.9,46,1,1
17:34:19.670,VIGILE,1,178.85,4.49,0.28,0.036,2.983,-9.371,-0.132,0.081,-0.018,87.2,737.62,21.9,46,1,1
17:34:20.170,VIGILE,1,177.99,0.12,0.281,-1.104,3.261,-9.981,-0.066,0.042,-0.007,87.2,728.17,21.9,46,1,1
17:34:20.670,VIGILE,1,178.61,7.46,0.294,-0.472,2.804,-9.641,-0.122,0.04,-0.028,87.2,720.44,21.9,46,1,1
17:34:21.170,VIGILE,1,176.65,6.66,0.288,-0.721,3.57,-8.983,-0.195,0.051,-0.017,87.2,720.76,21.9,46,1,1
17:34:21.671,VIGILE,1,177.63,-0.9,0.286,-0.136,2.456,-9.383,-0.184,0.066,-0.037,87.2,723.21,21.9,46,1,1
17:34:22.171,VIGILE,1,177.33,1.81,0.285,-0.491,3.467,-8.758,-0.105,0.076,0.005,87.2,717.37,21.9,46,1,1
17:34:22.671,VIGILE,1,177.03,-0.51,0.291,-0.299,2.67,-9.558,-0.225,0.084,-0.025,87.2,714.24,21.9,46,1,1
17:34:23.171,VIGILE,1,176.27,0.27,0.286,0.0,2.636,-9.27,-0.216,0.062,-0.038,87.2,703.65,21.9,46,1,1
17:34:23.671,VIGILE,1,176.04,4.84,0.277,-1.326,2.689,-8.811,-0.127,0.04,-0.01,87.2,698.48,21.9,46,1,1
17:34:24.171,VIGILE,1,177.74,8.74,0.278,-2.1,3.943,-9.328,-0.045,0.095,0.005,87.2,709.37,21.8,46,1,1
17:34:24.671,VIGILE,1,178.06,9.7,0.288,-1.798,3.972,-9.21,0.005,0.024,-0.005,87.2,726.79,21.8,46,1,1
17:34:25.171,VIGILE,1,178.45,10.59,0.297,-0.943,3.484,-9.452,-0.177,0.123,-0.017,87.2,753.48,21.8,46,1,1
17:34:25.671,VIGILE,1,173.48,6.15,0.294,-1.295,3.1,-8.928,-0.167,0.077,-0.029,87.2,767.78,21.8,46,1,1
17:34:26.171,VIGILE,1,176.11,6.79,0.285,-1.824,3.701,-9.644,-0.082,0.083,-0.005,87.2,761.88,21.8,46,1,1
17:34:26.671,VIGILE,1,176.92,10.82,0.282,-1.432,3.792,-8.624,-0.099,0.046,-0.001,87.2,752.16,21.8,46,1,1
17:34:27.171,VIGILE,1,176.79,5.22,0.272,-0.915,3.534,-9.294,-0.143,0.08,-0.012,87.2,748.2,21.8,46,1,1
17:34:27.671,VIGILE,1,174.83,2.5,0.281,-1.07,3.196,-9.134,-0.151,0.086,-0.025,87.2,760.91,21.8,46,1,1
17:34:28.171,VIGILE,1,175.09,6.49,0.271,-1.36,3.467,-9.014,-0.109,0.075,-0.011,87.2,773.82,21.8,46,1,1
17:34:28.671,VIGILE,1,175.08,8.35,0.271,-0.869,3.579,-9.467,-0.205,0.104,-0.014,87.2,772.73,21.8,46,1,1
17:34:29.171,VIGILE,1,175.31,4.56,0.272,-0.766,3.472,-9.404,-0.147,0.049,-0.026,87.2,757.7,21.8,46,1,1
17:34:29.671,VIGILE,1,175.49,8.07,0.283,-0.733,4.322,-9.105,-0.145,0.101,-0.022,87.2,741.62,21.8,46,1,1
17:34:30.172,VIGILE,1,175.48,10.19,0.274,-1.305,3.309,-8.734,-0.096,0.053,-0.019,87.2,752.41,21.8,46,1,1
17:34:30.672,VIGILE,1,177.0,7.46,0.285,-1.393,3.371,-8.945,-0.17,0.079,-0.023,87.2,766.73,21.8,46,1,1
17:34:31.172,VIGILE,1,176.01,4.06,0.273,-0.522,3.211,-8.973,-0.171,0.075,-0.033,87.2,766.88,21.8,46,1,1
17:34:31.672,VIGILE,1,176.79,5.67,0.277,-1.013,2.962,-9.237,-0.168,0.066,-0.03,87.2,749.88,21.8,46,1,1
17:34:32.172,VIGILE,1,175.6,11.82,0.278,-1.324,3.211,-9.158,-0.175,0.086,-0.023,87.2,719.38,21.8,46,1,1
17:34:32.672,VIGILE,1,176.62,5.66,0.27,-1.147,3.397,-9.158,-0.177,0.106,-0.035,87.2,667.53,21.8,46,1,1
17:34:33.172,VIGILE,1,174.76,2.2,0.277,-0.833,3.06,-9.321,-0.122,0.075,-0.026,87.2,622.59,21.8,46,1,1
17:34:33.672,VIGILE,1,176.62,12.01,0.271,-1.29,2.978,-9.141,-0.189,0.069,-0.02,87.2,614.54,21.8,46,1,1
17:34:34.172,VIGILE,1,176.8,13.91,0.286,-1.595,2.895,-9.622,-0.144,0.071,-0.007,87.2,626.02,21.7,46,1,1
17:34:34.672,VIGILE,1,177.5,8.24,0.292,-0.919,2.844,-9.67,-0.165,0.079,-0.011,87.2,662.06,21.7,46,1,1
17:34:35.172,VIGILE,1,177.55,9.56,0.279,-1.322,3.338,-9.16,-0.099,0.046,-0.013,87.2,704.78,21.7,46,1,1
17:34:35.672,VIGILE,1,177.51,10.29,0.269,-0.989,3.536,-9.498,-0.125,0.06,-0.033,87.2,753.68,21.7,46,1,1
17:34:36.172,VIGILE,1,178.14,13.62,0.281,-0.907,3.369,-9.222,-0.195,0.098,-0.041,87.2,786.62,21.7,46,1,1
17:34:36.672,VIGILE,1,179.02,15.77,0.276,-0.91,3.196,-9.474,-0.068,0.039,0.003,87.2,788.84,21.7,46,1,1
17:34:37.172,VIGILE,1,179.6,6.13,0.275,-1.027,3.402,-8.768,-0.169,0.089,0.003,87.2,775.45,21.7,46,1,1
17:34:37.672,VIGILE,1,178.0,12.16,0.257,-1.08,3.256,-8.871,-0.151,0.066,0.007,87.2,739.71,21.7,46,1,1
17:34:38.172,VIGILE,1,177.18,7.57,0.281,-1.353,3.335,-9.459,-0.118,0.066,-0.006,87.2,719.71,21.7,46,1,1
17:34:38.673,VIGILE,1,178.23,2.05,0.284,-2.358,2.109,-8.741,-0.191,0.161,-0.021,87.2,719.49,21.7,46,1,1
17:34:39.173,VIGILE,1,177.45,7.12,0.298,-1.616,3.036,-9.543,-0.13,0.078,-0.018,87.2,731.59,21.7,46,1,1
17:34:39.673,VIGILE,1,177.32,1.54,0.286,-1.338,3.172,-8.803,-0.14,0.038,-0.049,87.2,759.55,21.7,46,1,1
17:34:40.173,VIGILE,1,177.62,3.95,0.28,-1.235,3.067,-8.523,-0.1,0.091,-0.032,87.2,780.32,21.7,46,1,1
17:34:40.673,VIGILE,1,174.52,4.32,0.276,-1.135,2.986,-9.292,-0.176,0.087,-0.036,87.2,789.99,21.7,46,1,1
17:34:41.173,VIGILE,1,171.35,4.36,0.265,-2.198,3.352,-9.242,-0.124,0.079,-0.015,87.2,785.75,21.7,46,1,1
17:34:41.673,VIGILE,1,171.9,0.95,0.286,-2.636,3.519,-9.052,-0.124,0.087,-0.017,87.2,799.08,21.6,46,1,1
17:34:42.173,VIGILE,1,177.04,18.6,0.291,-3.328,3.898,-8.746,-0.115,0.056,-0.012,87.2,812.65,21.6,46,1,1
17:34:42.673,VIGILE,1,-179.01,40.96,0.382,-2.916,3.747,-8.65,-0.106,0.04,-0.011,87.2,829.82,21.6,46,1,1
17:34:43.173,VIGILE,1,-179.95,28.85,0.279,-2.437,3.886,-8.164,-0.109,0.059,-0.007,87.2,841.75,21.6,46,1,1
17:34:43.673,VIGILE,1,174.69,14.43,0.296,-1.877,3.699,-9.17,-0.155,0.064,-0.024,87.2,847.73,21.6,46,1,1
17:34:44.173,VIGILE,1,173.5,9.5,0.271,-2.67,4.08,-9.091,-0.157,0.088,-0.015,87.2,852.45,21.6,46,1,1
17:34:44.673,VIGILE,1,175.21,9.07,0.269,-3.488,4.262,-8.356,-0.133,0.046,-0.022,87.2,851.39,21.6,46,1,1
17:34:45.173,VIGILE,1,175.87,8.14,0.263,-4.831,4.64,-7.944,-0.151,0.07,-0.026,87.2,854.43,21.6,46,1,1
17:34:45.673,VIGILE,1,175.47,11.22,0.281,-5.033,4.697,-8.195,-0.129,0.069,-0.017,87.2,854.97,21.6,46,1,1
17:34:46.174,VIGILE,1,176.6,11.03,0.265,-0.098,2.782,-9.266,-0.11,0.099,-0.006,87.2,854.58,21.6,46,1,1
17:34:46.674,VIGILE,1,-179.6,34.07,0.166,-1.032,3.23,-9.244,-0.141,0.08,-0.019,87.2,851.68,21.6,46,1,1
17:34:47.174,VIGILE,1,178.57,19.3,0.287,-1.015,3.098,-9.196,-0.143,0.075,-0.022,87.2,852.06,21.6,46,1,1
17:34:47.674,VIGILE,1,179.43,8.06,0.274,-0.989,3.39,-9.227,-0.137,0.07,-0.016,87.2,853.26,21.6,46,1,1
17:34:48.174,VIGILE,1,176.75,1.2,0.275,-1.255,3.364,-9.357,-0.133,0.066,-0.02,87.2,853.6,21.6,46,1,1
17:34:48.674,VIGILE,1,177.66,2.38,0.27,-0.965,3.201,-9.227,-0.119,0.059,-0.013,87.2,854.27,21.6,46,1,1
17:34:49.174,VIGILE,1,177.46,-1.72,0.283,-1.183,3.242,-9.172,-0.141,0.068,-0.017,87.2,854.82,21.5,46,1,1
17:34:49.674,VIGILE,1,177.89,-8.19,0.267,-1.008,3.297,-9.158,-0.136,0.076,-0.02,87.2,855.75,21.5,46,1,1
17:34:50.174,VIGILE,1,178.25,-8.6,0.302,-1.058,3.247,-9.323,-0.129,0.071,-0.014,87.2,856.36,21.5,46,1,1
17:34:50.674,VIGILE,1,-178.97,-5.38,0.285,0.146,2.646,-9.017,-0.168,0.084,-0.022,87.2,856.25,21.5,46,1,1
17:34:51.174,VIGILE,1,-177.87,6.45,0.286,1.018,2.272,-9.759,-0.188,0.099,-0.033,87.2,853.45,21.5,46,1,1
17:34:51.674,VIGILE,1,-179.35,6.65,0.294,0.148,2.887,-10.331,-0.013,0.007,-0.001,87.2,853.22,21.5,46,1,1
17:34:52.174,VIGILE,1,-178.3,-4.17,0.288,-0.644,2.636,-9.165,-0.156,0.054,-0.03,87.2,853.93,21.5,46,1,1
17:34:52.674,VIGILE,1,179.11,2.54,0.219,-0.376,2.969,-9.215,-0.136,0.063,-0.017,87.2,854.74,21.5,46,1,1
17:34:53.174,VIGILE,1,179.43,7.02,0.284,0.575,2.619,-9.929,-0.166,0.065,-0.033,87.2,857.92,21.5,46,1,1
17:34:53.674,VIGILE,1,178.63,6.77,0.275,-0.862,2.938,-8.863,-0.178,0.059,-0.029,87.2,860.72,21.5,46,1,1
17:34:54.174,VIGILE,1,-179.94,-0.91,0.27,-0.766,3.026,-9.12,-0.168,0.076,-0.039,87.2,862.23,21.4,46,1,1
17:34:54.675,VIGILE,1,-179.67,17.1,0.295,-1.02,3.093,-9.206,-0.12,0.056,-0.01,87.2,860.61,21.4,46,1,1
17:34:55.175,VIGILE,1,-177.87,22.03,0.304,-1.415,3.555,-8.89,-0.133,0.043,-0.021,87.2,858.65,21.4,46,1,1
17:34:55.675,VIGILE,1,-173.72,24.27,0.317,-1.173,3.357,-8.684,-0.116,0.069,-0.014,87.2,856.49,21.4,46,1,1
17:34:56.175,VIGILE,1,-174.76,29.47,0.313,-1.075,3.551,-8.871,-0.161,0.058,-0.024,87.2,852.57,21.4,46,1,1
17:34:56.675,VIGILE,1,-177.62,35.04,0.316,-1.109,4.017,-8.782,-0.126,0.049,0.072,87.2,846.66,21.4,46,1,1
17:34:57.175,VIGILE,1,177.69,40.5,0.355,0.275,5.253,-7.968,-0.172,-0.029,0.2,87.2,846.75,21.4,46,1,1
17:34:57.675,VIGILE,1,177.52,42.77,0.355,-0.524,6.582,-8.502,-0.029,-0.146,0.419,87.2,863.44,21.4,46,1,1
17:34:58.175,VIGILE,1,179.41,38.65,0.321,-0.309,6.246,-7.717,-0.086,-0.139,0.521,87.2,886.84,21.4,46,1,1
17:34:58.675,VIGILE,1,178.85,34.64,0.318,-0.223,7.697,-8.495,-0.051,-0.091,0.547,87.2,901.42,21.4,46,1,1
17:34:59.175,VIGILE,1,178.98,35.8,0.187,0.362,6.546,-8.892,-0.044,-0.211,0.543,87.2,901.6,21.4,46,1,1
17:34:59.675,VIGILE,1,-179.83,36.49,0.171,-1.094,4.618,-8.408,-0.033,-0.127,0.47,87.2,875.08,21.4,46,1,1
17:35:00.175,SONNOLENZA,1,-178.98,22.52,0.281,-1.839,4.628,-9.457,-0.029,-0.087,0.232,87.2,847.31,21.4,46,1,1
17:35:00.675,SONNOLENZA,1,177.84,24.57,0.075,-1.487,3.852,-8.871,-0.062,0.059,0.1,87.2,828.86,21.4,46,1,1
17:35:01.175,SONNOLENZA,1,171.86,8.64,0.101,-0.838,3.536,-9.488,-0.136,0.072,0.011,87.2,822.16,21.4,46,1,1
17:35:01.675,SONNOLENZA,1,175.11,-1.19,0.059,-0.761,2.907,-10.075,-0.102,0.039,-0.004,87.2,821.98,21.4,46,1,1
17:35:02.175,SONNOLENZA,1,178.02,-20.02,0.234,-0.692,3.05,-9.167,-0.086,0.025,-0.006,87.2,820.26,21.4,46,1,1
17:35:02.675,SONNOLENZA,1,176.05,-6.81,0.142,-0.848,3.51,-9.998,0.015,0.031,-0.037,87.2,814.36,21.4,46,1,1
17:35:03.175,SONNOLENZA,1,171.94,2.97,0.121,-0.192,3.0,-8.466,-0.307,0.095,-0.024,87.2,807.63,21.4,46,1,1
17:35:03.675,SONNOLENZA,1,177.22,9.74,0.074,-1.575,3.785,-8.969,-0.091,0.097,-0.025,87.2,808.06,21.4,46,1,1
17:35:04.176,SONNOLENZA,1,179.48,-0.9,0.245,-1.76,3.029,-9.426,-0.046,0.093,-0.027,87.2,806.36,21.3,46,1,1
17:35:04.676,SONNOLENZA,1,178.88,-0.44,0.11,-2.016,2.727,-8.667,-0.249,0.07,-0.048,87.2,799.34,21.3,46,1,1
17:35:05.176,SONNOLENZA,1,178.15,-3.02,0.116,-2.157,4.137,-10.613,-0.194,0.128,0.003,87.2,791.0,21.3,46,1,1
17:35:05.676,SONNOLENZA,1,-179.66,-6.45,0.231,-0.754,3.493,-9.316,-0.203,0.018,-0.031,87.2,787.03,21.3,46,1,1
17:35:06.176,SONNOLENZA,1,175.24,2.97,0.24,-1.41,3.472,-9.208,-0.136,0.035,-0.023,87.2,775.44,21.3,46,1,1
17:35:06.676,SONNOLENZA,1,179.56,-12.05,0.164,-1.307,3.11,-8.971,-0.095,0.08,-0.015,87.2,764.44,21.3,46,1,1
17:35:07.176,SONNOLENZA,1,-179.64,-3.12,0.223,-1.355,3.251,-9.455,-0.117,0.046,-0.016,87.2,757.47,21.3,46,1,1
17:35:07.676,SONNOLENZA,1,179.54,3.71,0.246,-1.757,3.043,-9.146,-0.076,0.055,-0.003,87.2,757.22,21.3,46,1,1
17:35:08.176,SONNOLENZA,1,178.85,7.68,0.245,-1.523,3.536,-9.184,-0.163,0.078,-0.01,87.2,759.85,21.3,46,1,1
17:35:08.676,SONNOLENZA,1,179.72,18.09,0.254,-1.776,4.334,-10.015,-0.094,0.021,-0.023,87.2,766.54,21.3,46,1,1
17:35:09.176,SONNOLENZA,1,-178.09,18.22,0.307,-0.821,3.428,-8.765,-0.074,0.094,-0.023,87.2,776.48,21.3,47,1,1
17:35:09.676,SONNOLENZA,1,179.09,2.18,0.122,-1.769,3.393,-9.421,-0.133,0.066,-0.014,87.2,782.89,21.3,47,1,1
17:35:10.176,SONNOLENZA,1,178.43,2.88,0.235,-1.707,3.548,-8.995,-0.129,0.064,-0.005,87.2,788.06,21.3,47,1,1
17:35:10.676,SONNOLENZA,1,179.16,18.07,0.22,-2.291,3.836,-8.612,-0.155,0.05,-0.011,87.2,792.38,21.3,47,1,1
17:35:11.176,SONNOLENZA,1,-179.54,17.52,0.265,-2.54,3.682,-8.837,-0.107,0.046,0.006,87.2,793.21,21.3,47,1,1
17:35:11.676,VIGILE,1,-177.14,10.45,0.275,-2.574,3.941,-8.904,-0.142,0.071,-0.023,87.2,792.78,21.3,47,1,1
17:35:12.176,VIGILE,1,-177.05,3.35,0.292,-1.302,3.445,-9.153,-0.149,0.091,-0.005,87.2,791.79,21.3,47,1,1
17:35:12.677,VIGILE,1,-179.15,12.53,0.292,-1.132,3.898,-8.892,-0.111,0.042,0.064,87.2,790.36,21.3,47,1,1
17:35:13.177,VIGILE,1,-179.49,58.96,0.434,0.663,3.529,-8.65,-0.129,0.023,0.157,87.2,786.6,21.3,47,1,1
17:35:13.677,VIGILE,1,166.65,62.49,0.521,0.103,4.197,-9.067,-0.083,-0.062,0.289,87.2,780.47,21.3,47,1,1
17:35:14.177,VIGILE,1,-179.15,42.91,0.396,-0.364,4.889,-8.389,-0.049,-0.098,0.38,87.2,764.22,21.3,47,1,1
17:35:14.677,VIGILE,1,177.81,32.73,0.336,0.189,5.152,-8.696,-0.058,-0.118,0.448,87.2,759.34,21.3,47,1,1
17:35:15.177,VIGILE,1,-179.89,7.9,0.296,-0.273,5.126,-8.739,-0.016,-0.099,0.448,87.2,761.56,21.3,47,1,1
17:35:15.677,VIGILE,1,-179.98,21.26,0.231,-1.925,3.857,-9.366,0.027,-0.072,0.349,87.2,758.9,21.3,47,1,1
17:35:16.177,VIGILE,1,177.41,0.88,0.256,-0.618,3.761,-8.844,-0.076,-0.039,0.216,87.2,744.59,21.3,47,1,1
17:35:16.677,VIGILE,1,177.91,12.48,0.262,-1.597,3.349,-9.002,-0.151,0.006,0.108,87.2,726.22,21.3,47,1,1
17:35:17.177,VIGILE,1,-179.69,15.69,0.296,-1.463,3.84,-8.583,-0.169,0.091,-0.045,87.2,712.37,21.3,47,1,1
17:35:17.677,VIGILE,1,-179.91,14.56,0.284,-1.147,3.79,-8.861,-0.118,0.092,-0.046,87.2,704.16,21.3,47,1,1
17:35:18.177,VIGILE,1,179.47,-1.81,0.26,-0.941,3.847,-9.222,-0.155,0.097,-0.071,87.2,694.37,21.3,47,1,1
17:35:18.677,VIGILE,1,179.26,-2.8,0.272,-0.546,3.654,-9.072,-0.111,0.058,-0.059,87.2,681.05,21.3,47,1,1
17:35:19.177,VIGILE,1,176.43,-7.73,0.271,-1.281,3.129,-9.206,-0.161,0.059,-0.111,87.2,658.9,21.3,47,1,1
17:35:19.677,VIGILE,1,-177.15,-17.36,0.24,-0.443,2.88,-9.21,0.02,0.065,-0.158,87.2,626.33,21.3,47,1,1
17:35:20.177,VIGILE,1,-177.98,-8.47,0.261,-2.818,2.734,-10.927,-0.222,0.324,-0.057,87.2,594.0,21.3,47,1,1
17:35:20.677,VIGILE,1,179.69,4.65,0.24,-0.567,2.512,-8.916,-0.029,0.051,-0.184,87.2,578.43,21.3,47,1,1
17:35:21.178,VIGILE,1,-177.6,-3.79,0.307,-2.126,-1.053,-10.762,-0.371,0.082,-0.072,87.2,555.25,21.3,47,1,1
17:35:21.678,VIGILE,1,179.27,-0.16,0.247,-0.972,3.455,-9.165,-0.034,0.01,-0.065,87.2,500.63,21.2,47,1,1
17:35:22.178,VIGILE,1,-177.99,16.6,0.309,-1.034,3.977,-9.857,0.004,-0.029,0.053,87.2,472.16,21.2,47,1,1
17:35:22.678,VIGILE,1,-178.02,4.47,0.298,-0.488,2.957,-9.031,-0.111,0.039,0.061,87.2,459.28,21.2,47,1,1
17:35:23.178,VIGILE,1,-178.46,20.4,0.32,-0.263,3.22,-9.907,-0.075,0.005,0.028,87.2,445.86,21.2,47,1,1
17:35:23.678,VIGILE,1,-179.34,14.0,0.314,-0.321,3.419,-8.21,-0.083,0.031,-0.005,87.2,438.68,21.2,47,1,1
17:35:24.178,VIGILE,1,179.3,6.3,0.304,-0.34,4.726,-8.219,-0.131,0.003,0.016,87.2,444.56,21.2,47,1,1
17:35:24.678,VIGILE,1,-178.37,-2.18,0.302,-1.338,3.644,-8.947,-0.166,0.021,0.015,87.2,453.49,21.2,47,1,1
17:35:25.179,VIGILE,1,175.2,-22.78,0.298,-2.2,3.515,-9.991,-0.112,0.05,0.007,87.2,452.24,21.2,47,1,1
17:35:25.683,VIGILE,1,175.21,1.42,0.286,-0.776,3.534,-9.342,-0.169,0.06,-0.005,87.2,452.69,21.2,47,1,1
17:35:26.183,VIGILE,1,179.78,-1.38,0.3,-1.592,3.675,-9.546,-0.14,0.074,0.039,87.2,450.29,21.2,47,1,1
17:35:26.683,VIGILE,1,177.81,-26.33,0.313,-0.876,2.734,-8.89,-0.085,0.066,0.029,87.2,454.84,21.2,47,1,1
17:35:27.183,VIGILE,1,179.78,-2.81,0.305,-1.322,3.627,-8.88,-0.143,0.057,0.018,87.2,461.62,21.2,47,1,1
17:35:27.683,VIGILE,1,172.82,-1.94,0.266,-1.389,4.101,-9.402,-0.1,0.043,0.021,87.2,466.52,21.2,47,1,1
17:35:28.183,VIGILE,1,176.64,18.46,0.306,-1.563,3.938,-8.605,-0.139,0.05,-0.016,87.2,468.18,21.2,47,1,1
17:35:28.683,VIGILE,1,-179.79,7.8,0.261,-1.221,3.376,-8.882,-0.141,0.087,-0.006,87.2,463.93,21.2,47,1,1
17:35:29.183,VIGILE,1,176.58,21.86,0.283,-1.343,3.17,-9.361,-0.13,0.078,-0.003,87.2,457.35,21.2,47,1,1
17:35:29.683,VIGILE,1,171.98,38.49,0.352,-0.883,3.998,-8.76,-0.137,0.072,-0.0,87.2,451.54,21.2,47,1,1
17:35:30.183,VIGILE,1,173.42,42.92,0.361,-1.566,4.338,-8.76,-0.094,0.019,0.066,87.2,445.92,21.2,47,1,1
17:35:30.683,VIGILE,1,162.34,61.42,0.582,-1.135,3.259,-8.813,-0.118,0.033,0.114,87.2,462.14,21.2,47,1,1
17:35:31.183,VIGILE,1,170.97,49.27,0.445,-0.529,3.587,-8.413,-0.133,0.015,0.192,87.2,486.62,21.2,47,1,1
17:35:31.683,VIGILE,1,172.45,48.15,0.471,0.232,3.95,-8.408,-0.188,0.005,0.231,87.2,506.84,21.2,48,1,1
17:35:32.183,VIGILE,1,168.92,43.67,0.367,0.182,3.735,-8.569,-0.039,-0.073,0.292,87.2,532.71,21.2,48,1,1
17:35:32.683,VIGILE,1,168.95,39.16,0.324,-1.808,2.88,-8.669,-0.119,0.025,0.315,87.2,568.02,21.2,48,1,1
17:35:33.183,VIGILE,1,166.98,32.54,0.27,-1.999,3.294,-8.684,-0.038,-0.041,0.206,87.2,582.38,21.2,48,1,1
17:35:33.683,VIGILE,1,172.43,25.05,0.265,-1.707,3.61,-9.167,-0.128,0.027,0.119,87.2,597.14,21.2,48,1,1
17:35:34.184,VIGILE,1,173.85,24.31,0.267,-2.174,3.536,-8.933,-0.145,0.04,0.055,87.2,598.6,21.2,48,1,1
17:35:34.684,VIGILE,1,174.16,18.58,0.267,-1.171,3.438,-9.261,-0.121,0.057,0.026,87.2,594.96,21.2,48,1,1
17:35:35.184,VIGILE,1,172.8,20.29,0.257,-1.245,3.517,-9.043,-0.133,0.056,0.007,87.2,592.3,21.2,48,1,1
17:35:35.684,VIGILE,1,177.23,19.09,0.265,-1.822,3.488,-9.076,-0.142,0.061,-0.028,87.2,590.73,21.2,48,1,1
17:35:36.184,VIGILE,1,179.17,22.45,0.234,-0.769,3.402,-8.942,-0.148,0.078,-0.022,87.2,590.41,21.2,48,1,1
17:35:36.684,VIGILE,0,0.0,0.0,0.0,-0.718,3.591,-9.155,-0.14,0.071,-0.02,87.2,591.18,21.2,48,1,1
17:35:37.184,VIGILE,1,170.48,63.16,0.392,-1.02,3.371,-9.366,-0.135,0.063,-0.015,87.2,591.95,21.2,48,1,1
