Timestamp,Label_ML,Cam_Face_Det,Cam_Pitch,Cam_Yaw,Cam_EAR,Gyro_Acc_X,Gyro_Acc_Y,Gyro_Acc_Z,Gyro_Rot_X,Gyro_Rot_Y,Gyro_Rot_Z,Audio_dB,Light_Lux,Temp_C,Humidity_Perc,Gas_Pin,Alcohol_Pin
13:12:43.093,VIGILE,0,0.0,0.0,0.0,-1.211,1.863,-9.347,-0.145,0.077,-0.025,79.68,0.0,44.1,1,1,1
13:12:43.593,VIGILE,0,0.0,0.0,0.0,-0.922,1.75,-9.349,-0.127,0.065,-0.015,78.92,0.0,44.1,1,1,1
13:12:44.093,VIGILE,1,-145.65,68.78,0.362,-1.037,1.65,-9.301,-0.135,0.075,-0.019,79.57,0.0,44.1,1,1,1
13:12:44.593,VIGILE,1,-141.45,46.77,0.233,-0.972,1.674,-9.364,-0.136,0.07,-0.017,81.21,0.0,44.1,1,1,1
13:12:45.093,VIGILE,0,0.0,0.0,0.0,-1.027,1.669,-9.249,-0.129,0.074,-0.017,78.39,0.0,44.1,1,1,1
13:12:45.593,VIGILE,0,0.0,0.0,0.0,-0.869,1.731,-9.519,-0.138,0.055,-0.013,76.66,0.0,44.0,1,1,1
13:12:46.093,VIGILE,0,0.0,0.0,0.0,-1.063,1.681,-9.33,-0.132,0.072,-0.021,81.31,0.0,44.0,1,1,1
13:12:46.593,VIGILE,0,0.0,0.0,0.0,-1.111,1.817,-9.421,-0.136,0.062,-0.013,78.21,0.0,44.0,1,1,1
13:12:47.093,VIGILE,0,0.0,0.0,0.0,-0.991,1.714,-9.409,-0.133,0.06,-0.02,77.97,0.0,44.0,1,1,1
13:12:47.593,VIGILE,0,0.0,0.0,0.0,-1.14,1.901,-9.21,-0.132,0.075,-0.017,78.18,0.0,44.0,1,1,1
13:12:48.093,VIGILE,1,-173.81,-23.29,0.148,-1.001,1.798,-9.287,-0.136,0.065,-0.017,79.75,0.0,44.0,1,1,1
13:12:48.593,VIGILE,1,-152.45,-8.76,0.124,-0.821,1.839,-9.534,-0.137,0.059,-0.01,78.67,0.0,44.0,1,1,1
13:12:49.093,VIGILE,1,-143.84,-0.06,0.156,-0.927,1.676,-9.342,-0.132,0.07,-0.017,79.95,0.0,44.0,1,1,1
13:12:49.593,VIGILE,1,-141.15,-0.19,0.136,-1.077,1.697,-9.177,-0.13,0.068,-0.024,80.1,0.0,44.0,1,1,1
13:12:50.093,VIGILE,1,-142.56,-1.41,0.165,-0.936,1.688,-9.55,-0.135,0.06,-0.013,77.48,0.0,44.0,1,1,1
13:12:50.593,VIGILE,1,-143.8,0.95,0.141,-1.022,1.719,-9.325,-0.132,0.071,-0.011,79.47,0.0,44.0,1,1,1
13:12:51.094,VIGILE,1,-149.44,-1.13,0.137,-1.14,1.755,-9.091,-0.131,0.066,-0.017,81.24,0.0,44.0,1,1,1
13:12:51.594,VIGILE,1,-154.56,-7.97,0.14,-1.003,1.791,-9.541,-0.133,0.06,-0.012,81.0,0.0,44.0,1,1,1
13:12:52.094,VIGILE,1,-151.79,-6.42,0.143,-0.931,1.69,-9.436,-0.129,0.064,-0.014,77.56,0.0,44.0,1,1,1
13:12:52.594,VIGILE,1,-170.36,-4.99,0.149,-0.97,1.836,-9.328,-0.133,0.061,-0.017,78.98,0.0,44.0,1,1,1
13:12:53.094,VIGILE,1,-171.38,-5.29,0.125,-0.761,1.815,-9.491,-0.128,0.058,-0.013,78.33,0.0,43.9,1,1,1
13:12:53.594,VIGILE,1,-170.22,-6.09,0.119,-0.888,1.805,-9.325,-0.139,0.069,-0.017,77.85,0.0,43.9,1,1,1
13:12:54.094,VIGILE,1,-170.14,-5.86,0.124,-0.962,1.748,-9.199,-0.133,0.066,-0.017,78.36,0.0,43.9,1,1,1
13:12:54.594,VIGILE,1,-154.27,-8.1,0.111,-0.895,1.647,-9.5,-0.137,0.058,-0.011,80.52,0.0,43.9,1,1,1
13:12:55.094,VIGILE,1,-166.08,-3.04,0.126,-1.113,1.64,-9.182,-0.136,0.071,-0.015,77.85,0.0,43.9,1,1,1
13:12:55.594,VIGILE,1,-151.91,-7.34,0.137,-0.883,1.678,-9.57,-0.138,0.056,-0.016,76.59,0.0,43.9,1,1,1
13:12:56.094,VIGILE,1,-151.33,-5.63,0.135,-1.063,1.611,-9.189,-0.135,0.073,-0.018,80.61,0.0,43.9,1,1,1
13:12:56.594,VIGILE,1,-151.42,-4.75,0.141,-0.869,1.745,-9.383,-0.134,0.062,-0.018,77.96,0.0,43.9,1,1,1
13:12:57.094,VIGILE,1,-171.1,8.42,0.188,-1.063,1.695,-9.242,-0.132,0.064,-0.017,78.14,0.0,43.9,1,1,1
13:12:57.595,VIGILE,1,-171.71,10.46,0.147,-0.795,1.686,-9.318,-0.141,0.068,-0.017,84.35,0.0,43.9,1,1,1
13:12:58.095,VIGILE,1,-170.32,7.17,0.146,-1.001,1.697,-9.203,-0.137,0.072,-0.023,80.5,0.0,43.8,1,1,1
13:12:58.595,VIGILE,1,-151.41,-1.45,0.118,-0.9,1.583,-9.457,-0.135,0.061,-0.014,81.52,0.0,43.8,1,1,1
13:12:59.095,VIGILE,1,-172.44,-1.67,0.148,-0.91,1.805,-9.416,-0.134,0.054,-0.016,77.99,0.0,43.8,1,1,1
13:12:59.595,VIGILE,1,-154.21,-10.43,0.133,-0.891,1.662,-9.167,-0.132,0.07,-0.019,81.07,0.0,43.8,1,1,1
13:13:00.095,VIGILE,1,-155.17,-13.8,0.192,-0.903,1.822,-9.227,-0.134,0.063,-0.018,82.43,0.0,43.8,1,1,1
13:13:00.595,VIGILE,1,-173.91,-8.88,0.142,-0.876,1.796,-9.309,-0.127,0.067,-0.015,81.99,0.0,43.8,1,1,1
13:13:01.095,VIGILE,1,-156.96,-17.31,0.144,-0.958,1.724,-9.21,-0.138,0.06,-0.017,80.61,0.0,43.8,1,1,1
13:13:01.595,VIGILE,1,-153.53,-11.01,0.103,-0.809,1.664,-9.503,-0.131,0.058,-0.014,81.71,0.0,43.8,1,1,1
13:13:02.095,VIGILE,1,-154.75,-18.41,0.171,-1.101,1.652,-9.11,-0.138,0.072,-0.022,82.89,0.0,43.8,1,1,1
13:13:02.596,VIGILE,1,-152.8,-14.7,0.123,-0.936,1.774,-9.653,-0.136,0.057,-0.016,84.81,0.0,43.8,1,1,1
13:13:03.096,VIGILE,1,-155.21,-16.86,0.169,-1.003,1.561,-9.076,-0.132,0.078,-0.022,80.83,0.0,43.8,1,1,1
13:13:03.596,VIGILE,1,-176.76,-25.46,0.275,-0.874,1.743,-9.534,-0.131,0.054,-0.014,81.01,0.0,43.8,1,1,1
13:13:04.096,VIGILE,1,-167.53,-4.98,0.123,-1.041,1.671,-9.256,-0.127,0.08,-0.021,82.16,0.0,43.8,1,1,1
13:13:04.596,DISTRAZIONE,1,-169.3,10.0,0.153,-0.998,1.896,-9.44,-0.133,0.062,-0.016,81.76,0.0,43.8,1,1,1
13:13:05.096,DISTRAZIONE,1,-150.31,9.02,0.172,-0.984,1.865,-9.558,-0.13,0.064,-0.012,82.06,0.0,43.8,1,1,1
13:13:05.596,DISTRAZIONE,0,0.0,0.0,0.0,-1.223,1.882,-9.352,-0.133,0.078,-0.016,83.9,0.0,43.8,1,1,1
13:13:06.096,DISTRAZIONE,1,-136.21,-0.52,0.163,-0.982,1.97,-9.737,-0.131,0.057,-0.017,80.63,0.0,43.8,1,1,1
13:13:06.596,DISTRAZIONE,1,-158.57,18.99,0.154,-1.192,1.817,-8.942,-0.136,0.076,-0.018,82.74,0.0,43.8,1,1,1
13:13:07.096,DISTRAZIONE,1,-162.94,29.38,0.269,-1.051,1.812,-9.45,-0.124,0.061,-0.012,81.51,0.0,43.8,1,1,1
13:13:07.596,DISTRAZIONE,0,0.0,0.0,0.0,-1.159,1.896,-9.23,-0.132,0.075,-0.017,79.04,0.0,43.8,1,1,1
13:13:08.096,DISTRAZIONE,1,-171.49,34.48,0.24,-0.977,1.63,-9.598,-0.143,0.067,-0.015,81.71,0.0,43.7,1,1,1
13:13:08.596,DISTRAZIONE,1,-172.96,23.04,0.108,-1.085,1.889,-9.299,-0.131,0.077,-0.016,77.56,0.0,43.7,1,1,1
13:13:09.096,DISTRAZIONE,1,-171.0,32.3,0.222,-0.893,1.872,-9.519,-0.134,0.06,-0.013,83.07,0.0,43.7,1,1,1
13:13:09.597,DISTRAZIONE,1,-165.67,21.22,0.254,-0.962,1.75,-9.419,-0.13,0.069,-0.013,82.52,0.0,43.7,1,1,1
13:13:10.097,DISTRAZIONE,0,0.0,0.0,0.0,-1.013,1.791,-9.402,-0.133,0.066,-0.022,82.62,0.0,43.7,1,1,1
13:13:10.597,DISTRAZIONE,1,-166.08,-19.68,0.178,-0.874,1.875,-9.699,-0.127,0.055,-0.012,82.96,0.0,43.7,1,1,1
13:13:11.097,DISTRAZIONE,1,-168.13,-30.55,0.294,-0.962,1.635,-9.21,-0.129,0.071,-0.02,76.49,0.0,43.7,1,1,1
13:13:11.597,DISTRAZIONE,1,-136.51,-18.67,0.162,-0.718,1.721,-9.309,-0.137,0.06,-0.014,81.54,0.0,43.7,1,1,1
13:13:12.097,DISTRAZIONE,0,0.0,0.0,0.0,-1.046,1.7,-9.29,-0.137,0.067,-0.022,80.17,0.0,43.7,1,1,1
13:13:12.597,DISTRAZIONE,1,-162.63,-52.34,0.368,-0.819,1.757,-9.637,-0.137,0.068,-0.009,81.87,0.0,43.7,1,1,1
13:13:13.097,DISTRAZIONE,1,-175.92,-39.68,0.363,-0.871,1.87,-9.574,-0.123,0.053,-0.01,82.64,0.0,43.7,1,1,1
13:13:13.597,DISTRAZIONE,1,-137.91,-14.31,0.166,-1.073,1.767,-9.388,-0.13,0.074,-0.016,68.62,0.0,43.7,1,1,1
13:13:14.097,DISTRAZIONE,1,-134.14,7.95,0.143,-1.092,1.901,-9.553,-0.125,0.066,-0.019,83.52,0.0,43.7,1,1,1
13:13:14.597,DISTRAZIONE,1,-133.47,14.79,0.146,-0.776,1.705,-9.402,-0.137,0.067,-0.015,80.15,0.0,43.7,1,1,1
13:13:15.097,DISTRAZIONE,1,-136.71,12.25,0.142,-1.056,1.65,-9.187,-0.135,0.078,-0.021,81.1,0.0,43.7,1,1,1
13:13:15.597,DISTRAZIONE,1,-157.24,22.29,0.155,-0.891,1.879,-9.495,-0.127,0.052,-0.018,78.17,0.0,43.7,1,1,1
13:13:16.098,DISTRAZIONE,1,-150.9,38.18,0.139,-1.049,1.568,-9.428,-0.129,0.079,-0.013,75.43,0.0,43.7,1,1,1
13:13:16.598,DISTRAZIONE,1,-147.28,29.99,0.132,-0.864,1.762,-9.615,-0.128,0.064,-0.018,76.77,0.0,43.7,1,1,1
13:13:17.098,DISTRAZIONE,1,-147.82,16.02,0.132,-1.046,1.702,-9.131,-0.132,0.063,-0.019,80.01,0.0,43.7,1,1,1
13:13:17.598,DISTRAZIONE,1,-170.65,17.07,0.113,-0.876,1.733,-9.371,-0.134,0.063,-0.008,80.16,0.0,43.7,1,1,1
13:13:18.098,VIGILE,1,176.92,-12.29,0.243,-0.934,1.741,-9.048,-0.149,0.073,-0.017,77.37,0.0,43.7,1,1,1
13:13:18.598,VIGILE,1,178.51,-13.05,0.238,-0.773,1.755,-9.586,-0.137,0.066,-0.011,82.05,0.0,43.7,1,1,1
13:13:19.098,VIGILE,1,176.62,-18.29,0.242,-0.215,1.674,-9.608,-0.127,0.053,-0.002,83.46,0.0,43.7,1,1,1
13:13:19.598,VIGILE,1,161.78,-25.99,0.238,-0.18,1.199,-9.641,-0.127,0.065,-0.035,82.1,0.0,43.7,1,1,1
13:13:20.098,VIGILE,1,173.93,-33.89,0.251,-0.79,1.221,-9.369,-0.153,0.095,-0.142,79.52,0.0,43.7,1,1,1
13:13:20.598,VIGILE,1,174.07,-32.81,0.271,-0.984,0.826,-9.596,-0.172,0.129,-0.302,79.87,0.0,43.7,1,1,1
13:13:21.098,VIGILE,1,175.08,-42.06,0.362,-0.055,-0.256,-9.333,-0.178,0.199,-0.482,82.99,0.0,43.7,1,1,1
13:13:21.598,VIGILE,1,167.48,-42.43,0.364,-1.982,0.946,-9.455,-0.18,0.139,-0.573,81.31,0.0,43.7,1,1,1
13:13:22.099,VIGILE,1,177.97,-24.11,0.305,-2.15,1.185,-9.297,-0.206,0.204,-0.506,79.85,0.0,43.7,1,1,1
13:13:22.599,VIGILE,1,177.5,-38.54,0.299,-1.856,1.966,-8.99,-0.145,0.112,-0.352,85.82,0.0,43.7,1,1,1
13:13:23.099,VIGILE,1,171.54,-46.68,0.375,-0.852,1.604,-9.155,-0.138,0.116,-0.229,80.57,0.0,43.6,1,1,1
13:13:23.599,VIGILE,1,170.63,-48.83,0.304,-1.171,1.367,-9.292,-0.141,0.107,-0.137,81.63,0.0,43.6,1,1,1
13:13:24.099,VIGILE,1,-167.85,-66.22,0.493,-1.31,2.033,-9.27,-0.118,0.076,-0.066,78.01,0.0,43.6,1,1,1
13:13:24.599,VIGILE,1,-158.33,-65.93,0.553,-1.985,1.949,-9.864,-0.138,0.064,-0.008,79.72,0.0,43.6,1,1,1
13:13:25.099,VIGILE,1,-156.58,-63.8,0.533,-1.156,1.676,-9.474,-0.122,0.066,0.046,79.3,0.0,43.6,1,1,1
13:13:25.599,VIGILE,0,0.0,0.0,0.0,0.204,1.666,-9.814,-0.105,0.08,0.112,82.79,0.0,43.6,1,1,1
13:13:26.099,VIGILE,1,-170.77,65.05,0.493,1.324,1.626,-9.785,-0.109,0.067,0.231,85.04,0.0,43.6,1,1,1
13:13:26.599,VIGILE,1,167.46,43.15,0.416,0.883,2.555,-8.918,-0.07,0.042,0.342,85.02,0.0,43.6,1,1,1
13:13:27.099,VIGILE,1,176.42,38.7,0.391,1.015,3.426,-9.524,-0.134,-0.058,0.4,81.71,0.0,43.6,1,1,1
13:13:27.599,VIGILE,1,172.23,37.09,0.366,0.718,3.713,-10.036,-0.147,-0.093,0.493,76.83,0.0,43.6,1,1,1
13:13:28.099,VIGILE,1,173.95,28.33,0.304,1.097,1.992,-8.823,-0.136,-0.029,0.475,78.66,0.0,43.6,1,1,1
13:13:28.599,VIGILE,1,175.61,21.19,0.251,-2.99,2.921,-9.519,-0.098,-0.019,0.149,80.34,0.0,43.6,1,1,1
13:13:29.099,VIGILE,1,173.38,9.49,0.277,-1.372,1.386,-9.668,-0.149,0.116,0.126,79.89,0.0,43.6,1,1,1
13:13:29.600,VIGILE,1,173.11,-2.97,0.246,-0.057,1.602,-8.784,-0.113,0.078,0.081,85.57,0.0,43.6,1,1,1
13:13:30.100,VIGILE,1,173.94,-2.92,0.243,-0.019,1.659,-9.962,-0.107,0.009,0.026,79.44,0.0,43.6,1,1,1
13:13:30.600,VIGILE,1,-166.78,-6.69,0.082,-0.057,1.669,-9.728,-0.14,0.079,0.011,85.99,0.0,43.6,1,1,1
13:13:31.100,VIGILE,1,171.69,-4.91,0.241,-0.448,2.042,-10.08,-0.104,0.097,-0.013,84.7,0.0,43.6,1,1,1
13:13:31.600,VIGILE,1,170.43,-2.79,0.265,-0.792,1.087,-8.631,-0.155,0.075,-0.024,83.59,0.0,43.6,1,1,1
13:13:32.100,VIGILE,1,172.34,-3.85,0.26,0.101,2.184,-9.22,-0.121,0.068,-0.025,85.78,0.0,43.6,1,1,1
13:13:32.600,VIGILE,1,172.38,-6.64,0.253,-0.117,1.125,-8.928,-0.126,0.09,-0.031,79.97,0.0,43.6,1,1,1
13:13:33.100,VIGILE,1,171.35,-5.04,0.236,-0.601,2.145,-10.259,-0.162,0.116,-0.046,84.85,0.0,43.6,1,1,1
13:13:33.600,VIGILE,1,170.31,-4.31,0.256,-0.362,2.334,-9.206,-0.103,0.058,-0.059,83.36,0.0,43.6,1,1,1
13:13:34.100,VIGILE,1,171.12,-3.38,0.235,-0.184,0.321,-8.277,-0.159,0.079,-0.047,75.61,0.0,43.6,1,1,1
13:13:34.600,VIGILE,1,171.58,1.05,0.247,-0.857,0.613,-10.278,-0.157,0.176,0.058,86.67,0.0,43.6,1,1,1
13:13:35.100,VIGILE,1,167.71,5.24,0.245,-1.559,3.261,-7.702,-0.062,-0.06,-0.038,79.25,0.0,43.6,1,1,1
13:13:35.600,VIGILE,1,166.37,7.0,0.237,-0.773,1.207,-8.933,-0.161,0.041,0.002,82.49,0.0,43.6,1,1,1
13:13:36.100,VIGILE,1,169.38,-17.64,0.272,-1.434,1.386,-11.073,-0.069,0.032,0.052,89.6,0.0,43.6,1,1,1
13:13:36.600,VIGILE,0,0.0,0.0,0.0,-1.985,2.002,-9.167,-0.163,0.134,-0.029,83.52,0.0,43.6,1,1,1
13:13:37.100,VIGILE,1,172.54,14.15,0.294,-0.421,0.637,-8.701,-0.151,0.06,-0.011,83.96,0.0,43.6,1,1,1
13:13:37.600,VIGILE,1,174.77,15.31,0.283,1.159,2.808,-9.912,-0.152,-0.016,0.085,83.55,0.0,43.6,1,1,1
13:13:38.100,VIGILE,1,175.53,18.8,0.267,-0.766,2.373,-9.371,-0.123,0.037,0.137,81.92,0.0,43.5,1,1,1
13:13:38.601,VIGILE,1,174.45,14.76,0.271,-0.871,2.583,-9.517,-0.111,0.028,0.146,84.66,0.0,43.5,1,1,1
13:13:39.101,VIGILE,1,172.65,10.75,0.25,0.053,1.001,-8.217,-0.152,0.152,0.134,87.91,0.0,43.5,1,1,1
13:13:39.601,VIGILE,1,174.4,3.08,0.266,-0.206,2.626,-7.851,-0.046,-0.062,0.124,87.11,0.0,43.5,1,1,1
13:13:40.101,VIGILE,1,172.67,2.26,0.241,-0.685,1.547,-9.57,-0.104,0.069,0.026,89.0,0.0,43.5,1,1,1
13:13:40.601,VIGILE,1,170.45,3.71,0.248,-0.079,0.366,-9.917,-0.226,0.325,-0.029,85.37,0.0,43.5,1,1,1
13:13:41.101,VIGILE,1,171.81,2.11,0.245,-0.79,1.762,-9.467,-0.076,0.027,-0.033,85.59,0.0,43.5,1,1,1
13:13:41.601,VIGILE,0,0.0,0.0,0.0,-0.797,2.037,-8.14,-0.099,0.077,-0.014,87.07,0.0,43.5,1,1,1
13:13:42.101,VIGILE,1,175.64,-0.47,0.278,-0.034,0.39,-9.148,-0.121,-0.003,-0.02,85.86,0.0,43.5,1,1,1
13:13:42.601,VIGILE,1,172.99,-5.02,0.226,-0.369,2.88,-10.391,-0.058,0.079,-0.003,83.19,0.0,43.5,1,1,1
13:13:43.101,VIGILE,1,172.78,-5.91,0.232,0.39,1.832,-9.4,-0.19,0.136,0.025,86.36,0.0,43.5,1,1,1
13:13:43.601,VIGILE,1,174.7,-13.21,0.256,-1.104,1.049,-10.276,-0.141,0.146,-0.032,79.76,0.0,43.5,1,1,1
13:13:44.101,VIGILE,1,172.69,-13.15,0.271,0.215,1.664,-9.33,-0.133,0.039,-0.007,84.99,0.0,43.5,1,1,1
13:13:44.601,VIGILE,1,174.27,-13.58,0.269,-1.233,2.727,-9.546,-0.091,0.069,-0.015,82.77,0.0,43.5,1,1,1
13:13:45.101,VIGILE,1,171.92,-14.59,0.262,0.5,2.059,-7.769,-0.13,-0.035,-0.005,78.08,0.0,43.5,1,1,1
13:13:45.601,VIGILE,1,171.47,-17.93,0.192,-1.338,0.702,-9.34,-0.091,0.088,-0.035,83.79,0.0,43.5,1,1,1
13:13:46.101,VIGILE,1,174.06,-17.15,0.247,-0.843,2.847,-8.851,-0.02,-0.107,0.046,86.13,0.0,43.5,1,1,1
13:13:46.601,DISTRAZIONE,1,-154.23,25.65,0.143,-0.165,3.036,-9.416,-0.216,-0.022,-0.134,88.45,0.0,43.5,1,1,1
13:13:47.101,DISTRAZIONE,1,-148.01,20.08,0.287,-2.308,1.135,-9.122,0.015,-0.034,-0.026,83.38,0.0,43.5,1,1,1
13:13:47.601,DISTRAZIONE,1,-150.44,26.89,0.127,-0.764,1.523,-9.318,-0.179,0.063,0.015,79.49,0.0,43.5,1,1,1
13:13:48.102,DISTRAZIONE,1,-150.89,38.84,0.137,-1.262,1.832,-9.926,-0.185,0.156,-0.051,83.69,0.0,43.5,1,1,1
13:13:48.602,DISTRAZIONE,1,-157.15,34.86,0.122,0.357,2.54,-9.38,-0.095,-0.034,-0.017,88.35,0.0,43.5,1,1,1
13:13:49.102,DISTRAZIONE,1,-166.65,43.15,0.22,-0.706,2.863,-9.953,-0.04,-0.1,0.079,87.99,0.0,43.5,1,1,1
13:13:49.602,DISTRAZIONE,1,-176.56,30.95,0.272,-0.596,0.824,-11.164,-0.036,-0.205,0.022,87.57,0.0,43.5,1,1,1
13:13:50.102,DISTRAZIONE,1,-170.62,23.35,0.102,-1.774,1.154,-9.199,-0.15,0.027,-0.035,84.16,0.0,43.5,1,1,1
13:13:50.602,DISTRAZIONE,1,-149.87,36.43,0.147,-1.774,1.013,-10.082,-0.22,0.09,-0.066,84.83,0.0,43.5,1,1,1
13:13:51.102,DISTRAZIONE,1,-162.7,33.41,0.121,-0.539,2.009,-9.73,-0.116,0.054,-0.021,84.61,0.0,43.5,1,1,1
13:13:51.602,DISTRAZIONE,1,-149.89,34.08,0.127,-0.539,2.121,-7.8,-0.176,0.114,-0.025,84.93,0.0,43.5,1,1,1
13:13:52.102,DISTRAZIONE,1,-146.02,32.78,0.155,0.309,0.005,-8.648,-0.111,-0.124,0.104,87.67,0.0,43.5,1,1,1
13:13:52.602,DISTRAZIONE,1,-152.65,24.33,0.131,0.081,1.456,-9.582,-0.145,-0.002,-0.021,87.7,0.0,43.5,1,1,1
13:13:53.102,DISTRAZIONE,1,-146.6,30.42,0.132,1.058,1.958,-9.103,-0.143,0.023,0.035,76.58,0.0,43.5,1,1,1
13:13:53.602,DISTRAZIONE,1,-179.34,18.41,0.187,-0.548,3.543,-8.226,0.003,0.338,0.014,85.83,0.0,43.5,1,1,1
13:13:54.102,DISTRAZIONE,1,169.94,3.91,0.14,1.697,1.448,-10.101,-0.658,0.336,-0.157,87.55,0.0,43.5,1,1,1
13:13:54.602,VIGILE,1,179.56,8.36,0.26,0.615,1.836,-9.222,-0.134,0.131,-0.076,84.99,0.0,43.5,1,1,1
13:13:55.102,VIGILE,1,177.09,-10.08,0.259,-0.462,-0.062,-11.332,0.3,0.244,-0.066,86.42,0.0,43.5,1,1,1
13:13:55.602,VIGILE,1,167.58,-6.66,0.242,-2.363,3.093,-9.28,-0.072,0.042,-0.035,84.36,0.0,43.5,1,1,1
13:13:56.103,VIGILE,1,169.72,-6.64,0.243,-0.702,2.284,-7.939,-0.111,0.028,-0.028,83.16,0.0,43.5,1,1,1
13:13:56.603,VIGILE,1,167.95,-9.95,0.252,1.626,1.487,-10.908,0.008,-0.116,-0.07,87.09,0.0,43.5,1,1,1
13:13:57.103,VIGILE,1,167.79,-2.6,0.263,-0.22,1.726,-7.389,-0.238,0.114,-0.07,86.88,0.0,43.5,1,1,1
13:13:57.603,VIGILE,1,166.88,-7.94,0.267,-1.98,0.809,-9.357,-0.316,0.18,-0.082,89.43,0.0,43.5,1,1,1
13:13:58.103,VIGILE,1,166.94,-6.08,0.249,-0.795,1.604,-8.48,-0.181,0.026,-0.022,84.36,0.0,43.5,1,1,1
13:13:58.603,VIGILE,1,172.08,-12.75,0.267,-0.22,0.831,-9.629,-0.156,0.116,-0.044,86.45,0.0,43.5,1,1,1
13:13:59.103,VIGILE,1,170.42,-11.25,0.266,0.642,0.354,-8.777,-0.197,-0.016,-0.009,83.81,0.0,43.5,1,1,1
13:13:59.603,VIGILE,1,168.04,-4.63,0.175,-3.713,1.542,-7.989,0.011,0.52,0.075,85.44,0.0,43.5,1,1,1
13:14:00.103,VIGILE,1,170.67,-8.18,0.261,-1.81,1.3,-11.255,-0.088,0.078,0.017,86.82,0.0,43.5,1,1,1
13:14:00.603,VIGILE,1,170.64,-9.87,0.269,-0.924,1.161,-9.538,-0.087,0.047,-0.016,85.77,0.0,43.5,1,1,1
13:14:01.103,VIGILE,1,169.37,-10.3,0.259,-1.408,2.533,-8.394,-0.067,0.104,-0.052,83.01,0.0,43.5,1,1,1
13:14:01.603,VIGILE,1,173.25,-15.24,0.284,-0.611,0.584,-8.353,-0.144,0.06,-0.027,85.77,0.0,43.5,1,1,1
13:14:02.103,VIGILE,1,173.41,-15.27,0.288,-1.044,1.769,-9.143,-0.151,0.154,-0.015,84.16,0.0,43.5,1,1,1
13:14:02.603,VIGILE,1,171.54,-6.87,0.255,-0.862,1.906,-9.357,-0.124,0.083,-0.025,87.13,0.0,43.5,1,1,1
13:14:03.103,VIGILE,1,173.14,-11.93,0.253,-1.317,2.025,-9.862,-0.137,0.141,0.002,87.5,273.54,43.4,1,1,1
13:14:03.603,VIGILE,1,174.16,-11.68,0.226,-0.551,2.105,-9.352,-0.096,0.018,-0.021,78.7,47.31,43.4,1,1,1
13:14:04.103,VIGILE,1,173.26,-3.81,0.265,-0.697,1.98,-9.002,-0.134,0.069,-0.018,79.7,20.11,43.4,1,1,1
13:14:04.603,VIGILE,1,174.03,-9.17,0.273,-0.646,1.595,-9.519,-0.16,0.074,-0.02,83.94,18.18,43.4,1,1,1
13:14:05.103,VIGILE,1,172.75,-8.68,0.287,-0.792,1.707,-8.729,-0.111,0.035,-0.011,79.0,47.24,43.4,1,1,1
13:14:05.604,VIGILE,1,173.37,-12.36,0.26,-0.965,1.875,-9.713,-0.155,0.117,-0.022,82.31,203.63,43.4,1,1,1
13:14:06.104,VIGILE,1,172.97,-16.51,0.269,-0.022,0.532,-9.404,-0.202,0.071,-0.03,85.56,2660.34,43.4,1,1,1
13:14:06.604,VIGILE,1,173.64,-17.18,0.226,-1.018,0.759,-9.914,-0.131,0.069,-0.071,84.3,0.0,43.4,1,1,1
13:14:07.104,VIGILE,1,170.66,-11.8,0.231,-0.879,0.436,-9.615,-0.133,0.097,-0.086,81.43,0.0,43.4,1,1,1
13:14:07.604,VIGILE,1,171.41,-12.77,0.114,-0.663,0.716,-10.017,-0.114,0.062,-0.085,85.19,0.0,43.4,1,1,1
13:14:08.104,VIGILE,1,172.81,-13.21,0.264,-1.525,0.393,-10.032,-0.095,0.185,-0.174,88.42,0.0,43.4,1,1,1
13:14:08.604,VIGILE,1,171.26,-3.29,0.265,-0.718,0.254,-8.947,-0.225,0.096,-0.147,85.89,0.0,43.4,1,1,1
13:14:09.104,VIGILE,1,170.63,-3.5,0.279,-0.867,0.656,-10.836,-0.145,0.119,-0.095,85.62,0.0,43.4,1,1,1
13:14:09.604,VIGILE,1,171.17,-0.36,0.27,-0.895,1.226,-7.606,-0.521,0.265,-0.046,87.84,0.0,43.4,1,1,1
13:14:10.104,VIGILE,1,169.79,-1.52,0.271,-1.329,1.721,-9.498,-0.009,0.043,-0.022,84.0,0.0,43.4,1,1,1
13:14:10.604,VIGILE,1,170.75,-0.33,0.265,-0.632,1.482,-9.79,0.087,-0.08,0.067,88.94,0.0,43.4,1,1,1
13:14:11.104,VIGILE,1,171.95,-3.08,0.29,-0.029,1.846,-10.4,-0.272,0.028,-0.049,85.0,0.0,43.4,1,1,1
13:14:11.604,VIGILE,1,168.5,-5.09,0.265,1.453,1.41,-10.326,-0.06,-0.128,0.016,83.45,0.0,43.4,1,1,1
13:14:12.104,VIGILE,1,173.58,-9.49,0.269,-1.257,1.092,-9.218,-0.08,0.089,0.002,89.07,0.0,43.4,1,1,1
13:14:12.604,VIGILE,1,172.2,-8.9,0.236,0.165,1.065,-8.792,-0.11,-0.035,-0.006,83.83,0.0,43.4,1,1,1
13:14:13.104,VIGILE,1,168.37,-1.69,0.226,-1.779,-0.007,-9.297,-0.124,0.079,-0.024,85.79,0.0,43.3,1,1,1
13:14:13.604,VIGILE,1,171.23,-5.66,0.233,-0.886,2.44,-8.693,-0.102,-0.045,-0.007,84.14,0.0,43.3,1,1,1
13:14:14.105,VIGILE,1,172.39,-9.97,0.261,-0.46,0.994,-9.34,-0.118,-0.018,0.009,84.03,0.0,43.3,1,1,1
13:14:14.605,VIGILE,1,171.14,-3.55,0.256,-1.152,2.947,-9.864,-0.203,0.099,-0.058,84.45,0.0,43.3,1,1,1
13:14:15.105,VIGILE,1,173.86,-5.7,0.274,-1.094,1.128,-9.498,-0.164,-0.053,0.001,88.19,0.0,43.3,1,1,1
13:14:15.605,VIGILE,1,171.26,-13.14,0.268,-2.284,1.956,-10.901,-0.123,-0.047,0.052,86.79,0.0,43.3,1,1,1
13:14:16.105,VIGILE,1,170.43,-8.52,0.258,-1.065,1.762,-9.962,-0.109,0.059,0.022,84.54,0.0,43.3,1,1,1
13:14:16.605,VIGILE,1,169.77,-10.33,0.258,-1.099,1.458,-9.464,-0.216,0.1,-0.013,85.79,0.0,43.3,1,1,1
13:14:17.105,VIGILE,1,173.51,-10.24,0.258,-1.659,1.774,-9.184,-0.131,0.0,0.001,84.6,0.0,43.3,1,1,1
13:14:17.605,VIGILE,1,170.6,-12.47,0.239,-0.986,2.025,-9.682,-0.149,0.045,0.007,87.09,0.0,43.3,1,1,1
13:14:18.105,VIGILE,1,171.93,-14.11,0.239,-0.807,1.477,-9.127,-0.125,0.006,0.014,85.17,0.0,43.3,1,1,1
13:14:18.605,VIGILE,1,171.68,-11.02,0.25,-0.62,1.47,-9.254,-0.161,0.034,0.012,80.68,0.0,43.3,1,1,1
13:14:19.105,VIGILE,1,171.06,-10.77,0.24,-1.214,1.721,-9.359,-0.123,0.066,-0.008,83.52,0.0,43.3,1,1,1
13:14:19.605,VIGILE,1,171.48,-13.11,0.252,-2.119,1.542,-8.988,-0.146,0.125,-0.059,81.25,0.0,43.3,1,1,1
13:14:20.106,VIGILE,1,172.6,-12.56,0.253,-0.898,1.642,-9.167,-0.185,0.087,-0.038,83.68,0.0,43.3,1,1,1
13:14:20.606,VIGILE,1,171.57,-11.79,0.249,-1.298,2.114,-9.582,-0.127,0.048,-0.025,79.24,0.0,43.3,1,1,1
13:14:21.106,VIGILE,1,171.01,-9.37,0.271,-1.422,1.729,-9.426,-0.158,0.086,-0.035,84.66,0.0,43.3,1,1,1
13:14:21.606,VIGILE,1,174.12,-9.26,0.251,-0.661,1.489,-9.131,-0.135,0.002,-0.019,79.38,0.0,43.3,1,1,1
13:14:22.106,VIGILE,1,172.39,-6.6,0.255,-1.676,1.403,-9.536,-0.064,0.022,-0.03,85.04,0.0,43.3,1,1,1
13:14:22.606,VIGILE,1,171.02,-7.88,0.262,-3.302,1.851,-9.392,-0.062,0.055,-0.015,83.3,0.0,43.3,1,1,1
13:14:23.106,VIGILE,1,172.65,-5.18,0.263,-1.149,1.386,-9.117,-0.14,0.105,-0.031,82.91,0.0,43.3,1,1,1
13:14:23.606,VIGILE,1,168.44,2.93,0.27,-2.291,1.238,-8.528,-0.158,0.098,-0.005,82.08,0.0,43.3,1,1,1
13:14:24.107,VIGILE,1,173.92,15.89,0.27,-2.725,1.324,-8.894,-0.055,-0.08,0.072,80.97,0.0,43.3,1,1,1
13:14:24.607,VIGILE,1,175.52,26.01,0.305,-0.73,4.027,-8.246,-0.093,0.033,0.208,83.67,0.0,43.3,1,1,1
13:14:25.107,VIGILE,1,178.9,28.0,0.314,-1.453,3.603,-6.256,0.648,-0.123,0.257,84.55,0.0,43.3,1,1,1
13:14:25.607,VIGILE,1,177.25,25.04,0.28,-1.408,2.986,-9.558,-0.05,0.025,0.276,82.25,0.0,43.3,1,1,1
13:14:26.107,VIGILE,1,175.55,-30.61,0.269,-1.884,1.686,-9.258,-0.072,0.062,0.102,84.42,0.0,43.3,1,1,1
13:14:26.607,VIGILE,0,0.0,0.0,0.0,-1.676,2.222,-8.186,-0.073,0.106,0.012,84.76,0.0,43.3,1,1,1
13:14:27.108,VIGILE,1,175.59,21.61,0.292,-0.986,3.888,-8.66,-0.086,0.142,-0.094,86.27,0.0,43.3,1,1,1
13:14:27.608,VIGILE,1,-179.61,30.52,0.311,0.524,2.552,-7.503,-0.042,0.023,0.074,88.67,0.0,43.3,1,1,1
13:14:28.108,VIGILE,1,169.73,39.03,0.348,1.348,4.314,-9.754,0.091,0.007,0.149,85.27,0.0,43.2,1,1,1
13:14:28.608,VIGILE,0,0.0,0.0,0.0,2.073,3.754,-9.206,-0.019,-0.039,0.197,86.53,0.0,43.2,1,1,1
13:14:29.108,VIGILE,1,-172.43,64.01,0.497,0.697,4.156,-9.452,-0.166,-0.041,0.251,82.98,0.0,43.2,1,1,1
13:14:29.608,VIGILE,1,175.45,34.88,0.321,0.462,2.629,-9.048,-0.127,0.043,0.148,80.72,0.0,43.2,1,1,1
13:14:30.108,VIGILE,1,176.34,41.83,0.297,1.59,2.286,-9.349,-0.14,-0.002,0.131,82.62,0.0,43.2,1,1,1
13:14:30.609,VIGILE,1,171.59,27.48,0.286,-0.484,2.866,-8.535,-0.115,0.007,0.123,76.17,0.0,43.2,1,1,1
13:14:31.109,VIGILE,1,174.03,16.84,0.278,-0.625,2.066,-9.108,-0.165,0.095,0.032,80.3,0.0,43.2,1,1,1
13:14:31.609,VIGILE,1,171.1,4.97,0.261,-0.067,1.501,-9.383,-0.164,0.062,-0.05,82.01,0.0,43.2,1,1,1
13:14:32.109,VIGILE,1,166.75,-1.74,0.273,-0.156,1.604,-9.127,-0.153,0.048,-0.012,80.84,0.0,43.2,1,1,1
13:14:32.609,VIGILE,1,169.99,-1.02,0.272,-0.529,1.547,-9.285,-0.099,0.044,-0.002,82.48,0.0,43.2,1,1,1
13:14:33.109,VIGILE,1,171.71,-5.73,0.294,-0.85,1.326,-9.73,-0.038,0.047,0.031,86.9,0.0,43.2,1,1,1
13:14:33.609,VIGILE,1,171.09,-6.77,0.275,-0.426,1.381,-9.62,-0.145,0.05,-0.027,79.53,0.0,43.2,1,1,1
13:14:34.109,VIGILE,1,170.1,-5.06,0.283,-0.615,1.41,-9.663,-0.179,0.094,-0.014,81.97,0.0,43.2,1,1,1
13:14:34.609,VIGILE,1,171.97,-3.74,0.187,0.297,1.329,-9.33,-0.104,0.106,-0.021,85.11,0.0,43.2,1,1,1
13:14:35.109,VIGILE,1,171.39,-5.16,0.274,-0.587,1.417,-9.843,-0.076,0.063,-0.015,82.99,0.0,43.2,1,1,1
13:14:35.610,VIGILE,1,170.61,0.36,0.25,-0.369,1.652,-9.328,-0.141,0.06,-0.029,82.01,0.0,43.2,1,1,1
13:14:36.110,VIGILE,1,171.44,-2.52,0.259,-0.515,1.257,-9.651,-0.098,0.035,-0.037,78.71,0.0,43.2,1,1,1
13:14:36.610,VIGILE,1,173.93,-2.13,0.273,-0.91,1.844,-9.409,-0.113,0.055,-0.039,84.85,0.0,43.2,1,1,1
13:14:37.110,VIGILE,1,173.64,-0.8,0.265,-0.833,1.554,-9.304,-0.145,0.055,-0.014,85.46,0.0,43.2,1,1,1
13:14:37.610,VIGILE,1,174.63,-2.24,0.24,-1.094,1.427,-9.292,-0.121,0.051,-0.01,86.31,0.0,43.2,1,1,1
13:14:38.110,VIGILE,1,172.55,1.59,0.268,-0.874,1.686,-9.249,-0.143,0.073,-0.017,81.52,0.0,43.3,1,1,1
13:14:38.610,VIGILE,1,173.76,-1.13,0.27,-1.228,1.733,-10.288,-0.136,0.079,0.002,86.29,0.0,43.3,1,1,1
13:14:39.110,VIGILE,1,174.06,-3.37,0.156,-1.113,1.616,-9.811,-0.089,0.043,-0.007,88.88,0.0,43.3,1,1,1
13:14:39.610,VIGILE,1,172.77,3.76,0.178,-0.972,1.745,-9.766,-0.043,0.028,-0.009,84.22,0.0,43.3,1,1,1
13:14:40.110,DISTRAZIONE,1,178.14,-3.6,0.273,-1.077,1.326,-9.357,-0.166,0.051,-0.017,84.12,0.0,43.3,1,1,1
13:14:40.610,DISTRAZIONE,1,177.43,-0.07,0.121,-1.305,1.829,-9.773,-0.113,0.02,0.019,85.06,0.0,43.3,1,1,1
13:14:41.110,DISTRAZIONE,1,-179.14,-0.24,0.193,-1.228,1.417,-9.297,-0.103,0.012,-0.015,85.14,0.0,43.3,1,1,1
13:14:41.610,DISTRAZIONE,1,-177.09,20.24,0.302,-1.343,1.425,-8.964,-0.099,0.054,-0.009,80.81,0.0,43.3,1,1,1
13:14:42.110,DISTRAZIONE,1,-146.47,22.36,0.123,-1.425,1.42,-9.246,-0.104,0.046,-0.022,81.48,0.0,43.3,1,1,1
13:14:42.610,DISTRAZIONE,1,-152.04,16.09,0.136,-1.18,1.63,-9.807,-0.151,0.088,-0.028,83.14,0.0,43.3,1,1,1
13:14:43.111,DISTRAZIONE,1,-160.45,27.5,0.324,-0.297,1.061,-9.254,-0.228,0.125,-0.025,84.39,0.0,43.3,1,1,1
13:14:43.611,DISTRAZIONE,1,-159.7,23.75,0.126,-1.334,1.53,-9.682,-0.118,0.059,-0.01,85.1,0.0,43.3,1,1,1
13:14:44.111,DISTRAZIONE,1,-133.76,5.24,0.12,-1.535,1.753,-8.464,-0.109,0.025,-0.002,84.95,0.0,43.3,1,1,1
13:14:44.611,DISTRAZIONE,1,-157.0,8.69,0.333,-0.948,1.681,-9.675,-0.265,0.127,-0.046,81.85,0.0,43.3,1,1,1
13:14:45.111,DISTRAZIONE,1,-146.47,18.08,0.14,-0.979,1.422,-9.685,-0.063,0.068,-0.002,80.31,0.0,43.3,1,1,1
13:14:45.611,DISTRAZIONE,1,-149.97,20.46,0.125,-0.362,1.271,-9.05,-0.188,0.095,-0.058,80.55,0.0,43.3,1,1,1
13:14:46.111,DISTRAZIONE,1,-152.48,13.31,0.135,-0.213,1.255,-9.301,-0.173,0.062,-0.041,80.89,0.0,43.3,1,1,1
13:14:46.611,DISTRAZIONE,1,-157.9,20.19,0.314,-1.355,1.944,-9.507,-0.135,0.08,0.01,82.19,0.0,43.3,1,1,1
13:14:47.111,DISTRAZIONE,1,-147.59,17.85,0.135,-0.323,1.798,-8.813,-0.185,0.09,-0.007,77.07,0.0,43.3,1,1,1
13:14:47.611,DISTRAZIONE,1,-158.21,23.76,0.123,-0.534,1.803,-9.756,-0.117,0.039,0.001,82.93,0.0,43.3,1,1,1
13:14:48.111,DISTRAZIONE,1,-163.16,27.93,0.335,-0.895,1.75,-9.809,-0.165,0.068,-0.019,87.14,0.0,43.3,1,1,1
13:14:48.611,DISTRAZIONE,1,-168.79,23.58,0.114,-1.08,1.669,-9.433,-0.122,0.05,-0.013,82.77,0.0,43.3,1,1,1
13:14:49.112,DISTRAZIONE,1,-158.61,19.34,0.104,-1.355,1.949,-9.378,-0.037,-0.029,0.029,82.52,0.0,43.3,1,1,1
13:14:49.612,DISTRAZIONE,1,-174.47,26.61,0.332,-0.692,1.729,-9.656,-0.168,0.078,-0.035,78.62,0.0,43.3,1,1,1
13:14:50.112,DISTRAZIONE,1,-168.68,24.67,0.107,-1.188,1.326,-10.264,-0.082,0.067,-0.001,83.67,0.0,43.3,1,1,1
13:14:50.612,DISTRAZIONE,1,-154.36,17.94,0.118,-1.334,2.167,-8.6,-0.079,0.024,0.011,81.32,0.0,43.2,1,1,1
13:14:51.112,DISTRAZIONE,1,-160.48,23.67,0.328,-0.661,1.468,-8.849,-0.11,0.036,0.002,84.42,0.0,43.2,1,1,1
13:14:51.612,DISTRAZIONE,1,-153.19,10.88,0.109,-0.381,1.161,-8.856,-0.147,0.043,-0.015,83.67,0.0,43.2,1,1,1
13:14:52.112,DISTRAZIONE,1,-160.11,20.76,0.265,-0.69,1.561,-8.832,-0.134,0.052,-0.021,87.07,0.0,43.2,1,1,1
13:14:52.612,DISTRAZIONE,1,-160.88,21.62,0.29,-0.357,1.669,-9.38,-0.156,0.053,-0.018,84.66,0.0,43.2,1,1,1
13:14:53.112,DISTRAZIONE,1,-155.19,14.43,0.108,-0.804,1.508,-9.1,-0.086,0.044,-0.01,80.32,0.0,43.2,1,1,1
13:14:53.612,DISTRAZIONE,1,-152.53,11.23,0.124,-0.749,1.48,-9.579,-0.129,0.056,0.016,86.17,0.0,43.2,1,1,1
13:14:54.113,DISTRAZIONE,1,-160.62,18.94,0.261,-0.369,1.338,-8.705,-0.199,0.094,-0.032,85.9,0.0,43.2,1,1,1
13:14:54.613,DISTRAZIONE,1,-160.59,20.31,0.311,-1.389,1.98,-9.838,-0.175,0.074,-0.022,82.85,0.0,43.2,1,1,1
13:14:55.113,DISTRAZIONE,1,-160.39,17.76,0.307,-0.292,1.441,-9.713,-0.123,0.062,-0.015,85.71,0.0,43.2,1,1,1
13:14:55.613,DISTRAZIONE,1,-160.19,16.47,0.28,-0.649,1.523,-9.155,-0.184,0.062,-0.032,81.39,0.0,43.2,1,1,1
13:14:56.113,DISTRAZIONE,1,-151.84,13.93,0.126,-1.044,1.726,-9.292,-0.173,0.076,0.003,84.31,0.0,43.2,1,1,1
13:14:56.613,DISTRAZIONE,1,-156.09,13.67,0.108,-0.575,1.822,-9.716,-0.218,0.101,-0.055,86.38,0.0,43.2,1,1,1
13:14:57.113,DISTRAZIONE,1,-158.13,20.41,0.31,-1.305,2.131,-9.275,-0.132,0.073,-0.025,84.14,0.0,43.2,1,1,1
13:14:57.613,DISTRAZIONE,1,-150.05,15.32,0.13,-2.248,1.386,-8.339,-0.063,0.017,0.033,87.64,0.0,43.2,1,1,1
13:14:58.113,DISTRAZIONE,1,-148.99,13.0,0.116,-1.815,2.243,-9.438,0.004,0.01,-0.009,85.2,0.0,43.2,1,1,1
13:14:58.613,DISTRAZIONE,1,-161.33,16.47,0.113,-1.257,2.5,-9.711,-0.111,0.044,-0.005,77.64,0.0,43.2,1,1,1
13:14:59.113,VIGILE,1,177.11,4.15,0.246,-0.91,2.131,-8.332,-0.259,0.051,-0.017,87.22,0.0,43.2,1,1,1
13:14:59.613,VIGILE,1,174.59,6.9,0.269,0.512,1.008,-9.227,-0.122,0.102,0.02,87.35,0.0,43.2,1,1,1
13:15:00.114,VIGILE,1,171.52,19.02,0.231,-0.041,2.042,-9.397,-0.135,0.055,-0.009,76.92,0.0,43.2,1,1,1
13:15:00.614,VIGILE,1,171.97,10.7,0.261,-0.309,2.339,-8.93,-0.141,0.077,0.0,83.62,0.0,43.2,1,1,1
13:15:01.114,VIGILE,1,171.52,12.44,0.267,-0.953,2.787,-9.388,-0.144,0.052,0.038,84.94,0.0,43.2,1,1,1
13:15:01.614,VIGILE,1,174.96,24.66,0.277,-1.166,2.926,-9.172,-0.132,0.041,0.049,86.65,0.0,43.2,1,1,1
13:15:02.114,VIGILE,1,172.79,24.98,0.29,-0.68,3.05,-8.739,-0.11,-0.01,0.094,86.8,0.0,43.2,1,1,1
13:15:02.614,VIGILE,1,175.94,24.2,0.293,-0.508,4.001,-9.378,-0.112,-0.001,0.165,83.27,0.0,43.2,1,1,1
13:15:03.114,VIGILE,1,175.61,23.07,0.305,-0.555,4.982,-8.952,-0.095,0.002,0.251,84.94,0.0,43.1,1,1,1
13:15:03.614,VIGILE,1,177.35,22.61,0.284,-0.364,4.894,-8.588,-0.098,0.019,0.282,84.28,0.0,43.1,1,1,1
13:15:04.114,VIGILE,1,178.01,19.11,0.295,-0.582,5.241,-9.009,-0.115,0.025,0.245,86.28,0.0,43.1,1,1,1
13:15:04.614,VIGILE,1,176.26,-0.65,0.241,-0.045,3.227,-8.899,-0.118,0.045,0.199,80.45,0.0,43.1,1,1,1
13:15:05.115,VIGILE,1,173.75,-10.29,0.262,0.359,1.482,-9.876,-0.145,0.019,0.021,83.77,0.0,43.1,1,1,1
13:15:05.615,VIGILE,1,174.99,-8.35,0.242,0.364,1.202,-10.233,-0.16,0.051,-0.04,83.92,0.0,43.1,1,1,1
13:15:06.115,VIGILE,1,174.99,-15.27,0.228,0.421,0.735,-10.216,-0.114,0.012,-0.075,79.17,0.0,43.1,1,1,1
13:15:06.615,VIGILE,1,174.24,-18.1,0.202,0.086,0.84,-9.912,-0.052,0.027,-0.048,85.21,0.0,43.1,1,1,1
13:15:07.115,VIGILE,1,171.11,-16.6,0.251,0.879,0.967,-10.939,-0.236,0.053,-0.161,82.82,0.0,43.1,1,1,1
13:15:07.615,VIGILE,1,173.87,-13.67,0.238,-1.987,0.469,-10.819,-0.029,0.045,-0.035,87.4,0.0,43.1,1,1,1
13:15:08.116,VIGILE,1,172.31,-9.43,0.244,-1.161,0.362,-10.092,-0.062,0.054,-0.01,86.09,0.0,43.1,1,1,1
13:15:08.616,VIGILE,1,173.52,-11.94,0.242,-0.922,0.735,-10.209,-0.053,0.038,-0.053,84.98,0.0,43.1,1,1,1
13:15:09.116,VIGILE,1,170.3,-5.62,0.227,-0.599,1.444,-9.591,-0.077,0.076,-0.008,81.2,0.0,43.1,1,1,1
13:15:09.616,VIGILE,1,170.5,-3.55,0.232,-0.706,1.48,-10.238,-0.1,0.051,-0.045,83.87,0.0,43.1,1,1,1
13:15:10.116,VIGILE,1,171.99,-7.95,0.265,-0.601,1.621,-9.33,-0.126,0.08,-0.022,83.36,0.0,43.1,1,1,1
13:15:10.616,VIGILE,1,173.63,-10.58,0.249,-0.546,1.547,-9.244,-0.204,0.091,-0.026,88.88,0.0,43.1,1,1,1
13:15:11.116,VIGILE,1,175.59,-7.58,0.256,-1.602,1.772,-10.374,-0.146,0.096,-0.041,86.28,0.0,43.1,1,1,1
13:15:11.616,VIGILE,1,173.6,-2.15,0.251,-1.559,-0.117,-7.709,-0.183,0.107,-0.038,86.52,0.0,43.1,1,1,1
13:15:12.116,VIGILE,1,176.58,-8.48,0.243,-0.457,0.795,-10.242,-0.251,0.089,-0.057,85.56,0.0,43.1,1,1,1
13:15:12.616,VIGILE,1,174.08,-8.82,0.225,-1.243,2.32,-9.926,-0.035,0.018,0.06,80.7,0.0,43.1,1,1,1
13:15:13.116,VIGILE,1,175.55,-10.28,0.115,-0.503,0.991,-9.479,-0.115,0.032,-0.005,85.05,0.0,43.1,1,1,1
13:15:13.616,VIGILE,1,173.27,-7.63,0.194,-0.402,1.949,-9.029,-0.158,0.071,-0.027,87.2,0.0,43.1,1,1,1
13:15:14.116,VIGILE,1,174.03,-7.32,0.233,-1.056,1.422,-8.681,-0.153,-0.013,-0.019,88.16,0.0,43.1,1,1,1
13:15:14.616,VIGILE,1,175.18,-14.84,0.243,-2.31,2.952,-8.277,-0.108,0.038,0.0,83.15,0.0,43.1,1,1,1
13:15:15.116,VIGILE,1,174.93,-11.01,0.258,-1.367,0.862,-9.443,-0.181,0.114,-0.058,85.69,0.0,43.1,1,1,1
13:15:15.616,VIGILE,1,173.79,-12.68,0.247,-1.563,1.154,-10.135,-0.18,0.085,-0.081,87.18,0.0,43.1,1,1,1
13:15:16.117,VIGILE,1,174.86,-13.5,0.235,-0.259,2.016,-9.981,-0.435,0.133,-0.19,88.82,0.0,43.1,1,1,1
13:15:16.617,VIGILE,1,170.4,-7.57,0.262,-1.717,0.23,-9.541,-0.101,0.095,-0.077,85.45,0.0,43.1,1,1,1
13:15:17.117,VIGILE,1,173.58,-6.26,0.242,-0.101,0.06,-9.675,-0.111,-0.011,-0.079,81.02,0.0,43.1,1,1,1
13:15:17.617,VIGILE,1,172.63,-3.98,0.249,-0.735,0.934,-10.087,-0.21,0.073,-0.119,85.78,0.0,43.1,1,1,1
13:15:18.117,VIGILE,1,171.26,2.22,0.218,-0.658,1.671,-9.84,-0.193,0.098,-0.095,84.98,0.0,43.1,1,1,1
13:15:18.617,VIGILE,1,174.5,-6.46,0.261,-0.611,1.765,-9.177,-0.172,0.059,-0.003,78.07,0.0,43.1,1,1,1
13:15:19.117,VIGILE,1,172.96,-12.74,0.232,-0.421,1.853,-8.691,-0.153,0.023,0.006,86.26,0.0,43.1,1,1,1
13:15:19.617,VIGILE,1,174.74,-13.03,0.264,-0.297,2.404,-9.06,-0.15,0.037,0.008,79.84,0.0,43.1,1,1,1
13:15:20.117,VIGILE,1,171.78,-17.54,0.233,-1.025,1.437,-9.158,-0.036,0.047,-0.012,83.81,0.0,43.1,1,1,1
13:15:20.617,VIGILE,1,171.45,-15.2,0.238,-0.922,0.62,-9.256,-0.115,0.081,-0.058,86.47,0.0,43.0,1,1,1
13:15:21.117,VIGILE,1,174.07,-13.88,0.252,-1.274,0.622,-9.673,-0.247,0.14,-0.131,83.75,0.0,43.0,1,1,1
13:15:21.617,VIGILE,1,172.95,-11.64,0.188,-1.415,1.18,-9.989,-0.135,0.108,-0.086,79.2,0.0,43.0,1,1,1
13:15:22.117,VIGILE,1,173.9,-14.34,0.221,-0.86,0.225,-8.77,-0.185,0.075,-0.135,81.87,0.0,43.0,1,1,1
13:15:22.617,VIGILE,1,174.43,-12.22,0.243,-0.85,-0.45,-9.694,0.137,0.032,-0.024,88.08,0.0,43.0,1,1,1
13:15:23.118,VIGILE,1,173.8,-13.58,0.262,-1.307,0.096,-9.306,-0.164,0.096,-0.136,87.3,0.0,43.0,1,1,1
13:15:23.618,VIGILE,1,171.82,-10.24,0.266,-1.221,1.142,-10.075,-0.103,0.058,-0.084,86.69,0.0,43.0,1,1,1
13:15:24.118,VIGILE,1,172.43,-13.64,0.276,-1.159,1.523,-9.347,-0.089,0.033,0.008,84.06,0.0,43.0,1,1,1
13:15:24.618,VIGILE,1,172.75,-11.8,0.255,-1.14,1.678,-8.523,-0.094,0.009,-0.012,85.1,0.0,43.0,1,1,1
13:15:25.118,VIGILE,1,175.52,-12.37,0.272,-0.915,1.674,-8.799,-0.104,0.031,0.003,78.98,0.0,43.0,1,1,1
13:15:25.618,VIGILE,1,174.91,-12.0,0.16,-1.008,1.267,-9.706,-0.151,0.057,-0.045,88.52,0.0,43.0,1,1,1
13:15:26.118,DISTRAZIONE,1,-179.08,-7.3,0.135,-0.51,1.851,-10.151,-0.276,0.165,-0.089,88.02,0.0,43.0,1,1,1
13:15:26.618,DISTRAZIONE,1,-175.15,-11.45,0.298,-1.142,1.247,-9.467,-0.164,0.079,-0.045,85.33,0.0,43.0,1,1,1
13:15:27.118,DISTRAZIONE,1,-149.69,-2.05,0.143,-0.879,1.93,-9.304,-0.189,0.102,-0.062,84.02,0.0,43.0,1,1,1
13:15:27.618,DISTRAZIONE,1,-153.72,1.48,0.138,-1.733,1.669,-9.778,-0.14,0.065,-0.024,86.48,0.0,43.0,1,1,1
13:15:28.118,DISTRAZIONE,1,-157.74,-10.82,0.234,-0.867,1.018,-9.627,-0.113,0.062,-0.057,77.39,0.0,43.0,1,1,1
13:15:28.618,DISTRAZIONE,1,-153.68,7.74,0.125,-0.692,0.51,-8.95,-0.19,0.098,-0.079,88.36,0.0,43.0,1,1,1
13:15:29.119,DISTRAZIONE,1,-153.79,7.56,0.141,-1.171,1.415,-9.031,-0.117,0.083,-0.073,85.16,0.0,43.0,1,1,1
13:15:29.619,DISTRAZIONE,1,-158.64,-5.2,0.274,-1.168,1.305,-9.646,-0.134,0.063,-0.022,86.7,0.0,43.0,1,1,1
13:15:30.119,DISTRAZIONE,1,-157.48,24.22,0.106,-1.463,1.482,-8.799,-0.15,0.091,-0.043,82.49,0.0,43.0,1,1,1
13:15:30.619,DISTRAZIONE,1,-149.98,18.58,0.118,-1.223,1.846,-8.607,-0.142,0.065,-0.005,82.67,0.0,43.0,1,1,1
13:15:31.119,DISTRAZIONE,1,-175.07,0.36,0.315,-1.267,1.587,-9.347,-0.133,0.063,-0.009,85.11,0.0,43.0,1,1,1
13:15:31.619,DISTRAZIONE,0,0.0,0.0,0.0,-0.989,1.695,-9.934,-0.131,0.071,-0.039,83.19,0.0,43.0,1,1,1
13:15:32.119,DISTRAZIONE,1,-165.16,-60.7,0.293,-1.441,1.298,-9.361,-0.149,0.068,-0.009,77.94,0.0,43.0,1,1,1
13:15:32.619,DISTRAZIONE,1,-174.84,18.66,0.134,-1.032,1.982,-10.063,-0.188,0.063,0.004,84.25,0.0,43.0,1,1,1
13:15:33.119,DISTRAZIONE,1,-172.06,24.8,0.117,-2.454,3.697,-8.729,-0.059,0.19,-0.052,89.33,0.0,43.0,1,1,1
13:15:33.619,DISTRAZIONE,1,-176.3,33.25,0.314,-0.742,3.23,-9.014,-0.134,0.081,0.089,78.52,0.0,43.0,1,1,1
13:15:34.119,DISTRAZIONE,1,-179.39,42.32,0.276,-1.01,3.608,-8.526,-0.086,-0.062,0.175,85.01,0.0,43.0,1,1,1
13:15:34.619,DISTRAZIONE,0,0.0,0.0,0.0,-3.036,4.132,-8.973,-0.083,0.043,0.152,75.17,0.0,43.0,1,1,1
13:15:35.120,DISTRAZIONE,1,-178.14,42.88,0.381,-0.704,2.423,-8.825,-0.125,0.128,0.117,85.12,0.0,43.0,1,1,1
13:15:35.620,DISTRAZIONE,1,-159.73,49.08,0.295,-2.476,3.491,-9.347,-0.147,0.072,0.11,82.05,0.0,43.0,1,1,1
13:15:36.120,DISTRAZIONE,1,-179.6,41.03,0.365,-1.142,2.655,-9.182,-0.141,0.029,0.074,82.79,0.0,43.0,1,1,1
13:15:36.620,DISTRAZIONE,1,-162.83,64.83,0.778,-1.379,1.087,-9.697,-0.147,0.112,0.112,77.93,0.0,43.0,1,1,1
13:15:37.120,DISTRAZIONE,0,0.0,0.0,0.0,-0.9,1.887,-9.213,-0.145,0.014,0.044,83.75,0.0,43.0,1,1,1
13:15:37.620,DISTRAZIONE,1,-149.45,46.9,0.274,-1.319,0.953,-9.474,-0.147,0.086,-0.09,78.33,0.0,43.0,1,1,1
13:15:38.120,DISTRAZIONE,1,-159.66,43.86,0.314,-1.487,0.943,-9.108,-0.16,0.07,-0.187,83.83,0.0,43.0,1,1,1
13:15:38.620,DISTRAZIONE,0,0.0,0.0,0.0,-1.434,-0.472,-9.967,-0.114,0.157,-0.309,75.58,0.0,43.0,1,1,1
13:15:39.120,DISTRAZIONE,1,179.87,12.72,0.246,-2.354,-0.699,-9.9,-0.204,0.152,-0.495,72.53,0.0,43.0,1,1,1
13:15:39.620,DISTRAZIONE,0,0.0,0.0,0.0,-1.666,-1.379,-9.68,-0.216,0.123,-0.551,82.73,0.0,43.0,1,1,1
13:15:40.120,DISTRAZIONE,1,176.55,-32.0,0.295,-1.12,-1.389,-9.261,-0.265,0.158,-0.593,82.0,0.0,43.0,1,1,1
13:15:40.620,DISTRAZIONE,1,-179.65,-22.44,0.276,-0.694,-1.077,-10.647,-0.183,0.13,-0.461,74.11,0.0,43.0,1,1,1
13:15:41.121,DISTRAZIONE,1,-173.33,23.03,0.1,0.364,0.022,-10.623,-0.176,0.154,-0.25,78.02,0.0,43.0,1,1,1
13:15:41.621,DISTRAZIONE,1,-173.88,21.48,0.112,0.18,1.118,-10.123,-0.034,0.066,-0.099,84.8,0.0,43.0,1,1,1
13:15:42.121,VIGILE,1,172.41,17.59,0.285,-1.472,1.645,-9.701,-0.066,0.043,-0.072,81.4,0.0,43.0,1,1,1
13:15:42.621,VIGILE,1,176.33,2.64,0.28,-0.642,2.176,-8.847,-0.158,0.027,-0.033,82.39,0.0,43.0,1,1,1
13:15:43.121,VIGILE,1,175.94,-10.96,0.277,0.362,1.568,-9.62,-0.108,0.093,-0.01,84.95,0.0,43.0,1,1,1
13:15:43.621,VIGILE,1,173.43,-3.36,0.252,0.575,1.611,-9.5,-0.181,0.094,-0.036,81.6,0.0,43.0,1,1,1
13:15:44.121,VIGILE,1,172.32,-9.25,0.235,0.175,1.994,-9.948,-0.086,0.091,-0.019,80.18,0.0,43.0,1,1,1
13:15:44.621,VIGILE,1,171.56,-9.61,0.275,0.498,-2.011,-5.995,-0.084,-0.184,0.057,86.36,0.0,43.0,1,1,1
13:15:45.121,VIGILE,1,169.68,-7.13,0.271,0.725,1.29,-9.637,-0.174,0.071,-0.025,85.19,0.0,43.0,1,1,1
13:15:45.621,VIGILE,1,167.67,-3.24,0.25,0.417,2.025,-9.313,-0.1,0.059,-0.041,83.87,0.0,43.0,1,1,1
13:15:46.121,VIGILE,1,168.77,-0.73,0.251,0.426,1.542,-8.574,-0.2,0.038,-0.036,82.18,0.0,43.0,1,1,1
13:15:46.622,VIGILE,1,169.54,-4.83,0.243,0.737,0.974,-9.055,-0.101,0.056,-0.001,84.61,0.0,43.0,1,1,1
13:15:47.122,VIGILE,1,169.55,-3.98,0.26,0.122,1.748,-9.711,-0.162,0.078,-0.041,83.66,0.0,43.0,1,1,1
13:15:47.622,VIGILE,1,173.12,-4.43,0.247,-0.745,1.334,-8.657,-0.162,0.047,-0.033,82.88,0.0,43.0,1,1,1
13:15:48.122,VIGILE,1,173.42,-8.58,0.242,-0.378,1.772,-9.955,-0.074,0.001,0.007,85.68,0.0,43.0,1,1,1
13:15:48.622,VIGILE,1,173.34,-5.25,0.127,-0.369,1.331,-8.94,-0.149,0.043,-0.03,83.96,0.0,43.0,1,1,1
13:15:49.122,VIGILE,1,172.33,-6.87,0.263,0.675,1.307,-7.889,-0.23,0.085,-0.042,86.66,0.0,43.0,1,1,1
13:15:49.622,VIGILE,1,173.16,-8.13,0.263,-0.903,1.786,-8.612,-0.231,0.095,-0.03,89.59,0.0,43.0,1,1,1
13:15:50.122,VIGILE,1,170.7,5.05,0.264,-0.63,2.361,-9.644,-0.163,0.119,-0.058,87.59,0.0,43.0,1,1,1
13:15:50.622,VIGILE,1,169.99,33.33,0.123,-1.365,1.978,-9.383,-0.196,0.138,-0.066,81.03,0.0,43.0,1,1,1
13:15:51.122,VIGILE,1,173.82,22.57,0.232,-0.663,1.508,-8.619,-0.2,0.103,-0.033,86.23,0.0,43.0,1,1,1
13:15:51.622,VIGILE,1,171.35,1.71,0.264,-0.788,1.803,-8.784,-0.104,0.065,-0.018,81.49,0.0,43.0,1,1,1
13:15:52.122,VIGILE,1,171.35,-4.3,0.256,0.328,1.906,-9.663,-0.128,0.064,-0.011,85.81,0.0,43.0,1,1,1
13:15:52.622,VIGILE,1,173.83,-10.38,0.244,-0.848,2.119,-9.462,-0.172,0.087,-0.021,85.97,0.0,43.0,1,1,1
13:15:53.122,VIGILE,1,176.39,34.43,0.09,-1.077,2.239,-9.39,-0.163,0.024,-0.035,89.51,0.0,43.0,1,1,1
13:15:53.622,VIGILE,1,179.02,26.63,0.072,-1.195,1.958,-9.536,-0.104,0.094,-0.007,78.16,0.0,43.0,1,1,1
13:15:54.122,VIGILE,1,176.4,12.79,0.26,-0.661,1.712,-9.043,-0.121,0.037,-0.021,80.49,0.0,43.0,1,1,1
13:15:54.623,MALORE,1,171.33,14.33,0.171,-1.331,1.537,-9.194,-0.099,0.037,0.006,87.79,0.0,43.0,1,1,1
13:15:55.123,MALORE,0,0.0,0.0,0.0,-0.855,2.509,-8.997,-0.141,0.055,0.004,81.28,0.0,43.0,1,1,1
13:15:55.623,MALORE,0,0.0,0.0,0.0,-1.279,1.798,-9.285,-0.139,0.048,-0.011,85.94,0.0,42.9,1,1,1
13:15:56.123,MALORE,0,0.0,0.0,0.0,-2.078,1.918,-9.878,-0.112,0.087,-0.023,84.71,0.0,42.9,1,1,1
13:15:56.623,MALORE,0,0.0,0.0,0.0,-1.276,1.762,-9.761,-0.153,0.103,-0.033,82.64,0.0,42.9,1,1,1
13:15:57.123,MALORE,0,0.0,0.0,0.0,-1.532,2.191,-8.849,-0.197,0.052,-0.027,84.7,0.0,42.9,1,1,1
13:15:57.623,MALORE,0,0.0,0.0,0.0,-0.929,2.2,-9.776,-0.038,0.028,0.007,87.84,0.0,42.9,1,1,1
13:15:58.123,MALORE,0,0.0,0.0,0.0,-0.848,1.178,-9.175,-0.17,0.077,-0.035,83.41,0.0,42.9,1,1,1
13:15:58.623,MALORE,0,0.0,0.0,0.0,-1.532,1.247,-9.424,-0.115,0.086,-0.033,81.11,0.0,42.9,1,1,1
13:15:59.123,MALORE,0,0.0,0.0,0.0,-1.123,1.674,-9.479,-0.14,0.062,-0.044,87.44,0.0,42.9,1,1,1
13:15:59.623,MALORE,0,0.0,0.0,0.0,-1.197,1.444,-9.062,-0.171,0.067,-0.013,82.04,0.0,42.9,1,1,1
13:16:00.123,MALORE,0,0.0,0.0,0.0,-1.702,2.035,-9.258,-0.172,0.096,-0.029,88.2,0.0,42.9,1,1,1
13:16:00.623,MALORE,0,0.0,0.0,0.0,-2.722,1.853,-9.665,-0.136,0.092,-0.021,85.58,0.0,42.9,1,1,1
13:16:01.123,VIGILE,1,-163.26,22.53,0.306,-2.322,1.702,-9.371,-0.14,0.074,-0.027,85.44,0.0,42.9,1,1,1
13:16:01.623,VIGILE,1,174.85,15.43,0.179,-1.671,2.083,-9.546,-0.096,0.047,-0.029,84.65,0.0,42.9,1,1,1
13:16:02.123,VIGILE,1,168.12,4.62,0.246,-1.097,1.81,-9.16,-0.171,0.08,-0.054,84.83,0.0,42.9,1,1,1
13:16:02.623,VIGILE,1,167.71,-2.43,0.254,-1.092,1.453,-9.44,-0.137,0.068,-0.043,78.82,0.0,42.9,1,1,1
13:16:03.123,VIGILE,1,166.94,1.12,0.25,-1.422,1.092,-9.031,-0.124,0.068,-0.046,86.91,0.0,42.9,1,1,1
13:16:03.623,VIGILE,1,168.16,0.51,0.246,-1.822,2.84,-8.698,-0.189,0.108,-0.035,81.69,0.0,42.9,1,1,1
13:16:04.123,VIGILE,1,171.67,7.57,0.26,-2.559,2.818,-9.129,-0.143,0.008,0.059,83.72,0.0,42.9,1,1,1
13:16:04.624,VIGILE,1,169.74,8.65,0.234,-2.646,3.268,-9.459,-0.119,0.02,0.078,79.81,0.0,42.9,1,1,1
13:16:05.124,VIGILE,1,171.28,-3.83,0.252,-2.334,2.138,-9.218,-0.1,0.053,0.048,75.72,0.0,42.9,1,1,1
13:16:05.624,VIGILE,1,169.13,-1.55,0.249,-3.067,2.48,-9.1,-0.146,0.057,-0.025,76.88,0.0,42.8,1,1,1
13:16:06.124,VIGILE,1,170.79,0.38,0.249,-3.869,2.394,-8.645,-0.127,0.079,-0.018,81.46,0.0,42.8,1,1,1
13:16:06.624,VIGILE,1,177.47,26.41,0.116,-4.149,2.602,-8.689,-0.13,0.092,-0.031,82.76,0.0,42.8,1,1,1
13:16:07.124,VIGILE,1,178.41,24.79,0.114,-4.259,2.677,-8.729,-0.137,0.059,-0.022,77.02,0.0,42.8,1,1,1
13:16:07.624,VIGILE,1,174.22,27.73,0.089,-1.264,1.887,-9.129,-0.134,0.076,-0.013,81.44,0.0,42.8,1,1,1
13:16:08.124,VIGILE,1,-179.97,29.42,0.081,-0.666,1.805,-9.124,-0.132,0.067,-0.016,81.63,0.0,42.8,1,1,1
13:16:08.624,VIGILE,1,-179.19,21.73,0.251,-0.927,1.729,-9.242,-0.135,0.074,-0.014,81.25,0.0,42.8,1,1,1
13:16:09.124,VIGILE,1,-156.68,-10.18,0.128,-0.761,1.982,-9.361,-0.125,0.063,-0.01,77.17,0.0,42.8,1,1,1
13:16:09.624,VIGILE,1,-167.3,8.61,0.218,-0.876,1.844,-9.225,-0.136,0.071,-0.019,76.31,0.0,42.8,1,1,1
13:16:10.124,MALORE,1,-165.4,8.52,0.22,-0.771,1.827,-9.519,-0.137,0.06,-0.017,77.58,0.0,42.8,1,1,1
13:16:10.624,MALORE,0,0.0,0.0,0.0,-0.929,1.896,-9.27,-0.134,0.064,-0.013,76.98,0.0,42.7,1,1,1
13:16:11.124,MALORE,0,0.0,0.0,0.0,-0.711,1.87,-9.426,-0.133,0.056,-0.016,76.65,0.0,42.7,1,1,1
13:16:11.624,MALORE,0,0.0,0.0,0.0,-0.895,1.719,-9.22,-0.132,0.068,-0.021,77.75,0.0,42.7,1,1,1
13:16:12.124,MALORE,0,0.0,0.0,0.0,-0.812,2.006,-9.369,-0.133,0.069,-0.019,74.85,0.0,42.7,1,1,1
13:16:12.624,MALORE,0,0.0,0.0,0.0,-0.819,1.748,-9.318,-0.131,0.066,-0.018,70.09,0.0,42.7,1,1,1
13:16:13.124,MALORE,0,0.0,0.0,0.0,-0.819,1.856,-9.335,-0.138,0.066,-0.018,69.27,0.0,42.7,1,1,1
13:16:13.624,MALORE,0,0.0,0.0,0.0,-0.891,1.853,-9.392,-0.133,0.064,-0.013,70.76,0.0,42.7,1,1,1
13:16:14.124,MALORE,0,0.0,0.0,0.0,-0.867,1.925,-9.462,-0.127,0.064,-0.013,72.63,0.0,42.7,1,1,1
13:16:14.624,MALORE,0,0.0,0.0,0.0,-0.97,1.755,-9.395,-0.137,0.067,-0.018,71.43,0.0,42.7,1,1,1
13:16:15.125,MALORE,0,0.0,0.0,0.0,-0.694,1.963,-9.208,-0.137,0.067,-0.016,74.43,0.0,42.7,1,1,1
13:16:15.625,MALORE,0,0.0,0.0,0.0,-0.869,1.925,-9.553,-0.138,0.067,-0.021,70.05,0.0,42.7,1,1,1
13:16:16.125,MALORE,0,0.0,0.0,0.0,-0.783,1.776,-9.321,-0.137,0.064,-0.015,71.98,0.0,42.7,1,1,1
13:16:16.625,MALORE,0,0.0,0.0,0.0,-0.809,1.853,-9.436,-0.139,0.064,-0.015,76.94,0.0,42.7,1,1,1
13:16:17.125,MALORE,0,0.0,0.0,0.0,-0.972,2.023,-9.4,-0.133,0.071,-0.019,77.24,0.0,42.7,1,1,1
13:16:17.625,MALORE,0,0.0,0.0,0.0,-0.776,1.76,-9.378,-0.138,0.07,-0.018,77.41,0.0,42.7,1,1,1
13:16:18.125,MALORE,0,0.0,0.0,0.0,-0.792,1.903,-9.644,-0.128,0.062,-0.017,75.26,0.0,42.6,1,1,1
13:16:18.625,MALORE,0,0.0,0.0,0.0,-0.967,1.726,-9.309,-0.135,0.071,-0.017,76.26,0.0,42.6,1,1,1
13:16:19.125,MALORE,0,0.0,0.0,0.0,-0.699,2.028,-9.34,-0.121,0.068,-0.018,80.79,0.0,42.6,1,1,1
13:16:19.625,MALORE,0,0.0,0.0,0.0,-0.919,1.846,-9.658,-0.14,0.066,-0.015,77.07,0.0,42.6,1,1,1
13:16:20.125,MALORE,0,0.0,0.0,0.0,-0.781,1.717,-9.27,-0.126,0.062,-0.014,72.25,0.0,42.6,1,1,1
13:16:20.625,MALORE,0,0.0,0.0,0.0,-0.867,2.016,-9.5,-0.137,0.072,-0.016,74.86,0.0,42.6,1,1,1
13:16:21.125,MALORE,1,-177.68,12.95,0.304,-0.95,1.935,-9.294,-0.134,0.067,-0.014,75.33,0.0,42.6,1,1,1
13:16:21.625,VIGILE,1,174.96,-2.57,0.171,-0.754,1.69,-9.222,-0.141,0.071,-0.013,67.56,0.0,42.6,1,1,1
13:16:22.125,VIGILE,1,175.13,-2.3,0.271,-0.745,1.882,-9.366,-0.133,0.063,-0.014,63.85,0.0,42.6,1,1,1
13:16:22.625,VIGILE,1,177.92,16.85,0.293,-0.611,1.772,-9.479,-0.129,0.056,-0.019,78.61,0.0,42.6,1,1,1
13:16:23.125,VIGILE,1,176.92,22.05,0.232,-0.836,1.963,-9.62,-0.134,0.064,-0.017,68.64,0.0,42.6,1,1,1
13:16:23.625,VIGILE,1,174.76,1.81,0.223,0.534,1.571,-9.517,-0.145,0.035,-0.032,77.25,0.0,42.6,1,1,1
13:16:24.125,VIGILE,1,174.66,-9.67,0.262,2.768,1.07,-10.453,-0.165,0.114,0.006,71.33,0.0,42.6,1,1,1
13:16:24.625,VIGILE,1,173.28,-18.3,0.25,0.397,1.35,-9.333,-0.188,0.071,-0.067,67.75,0.0,42.6,1,1,1
13:16:25.126,VIGILE,1,178.04,-17.24,0.266,1.324,1.092,-9.29,-0.136,0.07,-0.041,72.4,0.0,42.6,1,1,1
13:16:25.626,VIGILE,1,174.79,-8.8,0.253,1.492,0.816,-10.168,-0.187,0.101,-0.073,79.82,0.0,42.6,1,1,1
13:16:26.126,VIGILE,1,169.98,-7.18,0.258,1.511,1.07,-9.244,-0.15,0.021,-0.04,82.79,0.0,42.6,1,1,1
13:16:26.626,VIGILE,1,170.99,-6.0,0.246,-1.621,1.879,-9.61,-0.122,0.042,-0.022,80.38,0.0,42.6,1,1,1
13:16:27.126,VIGILE,1,173.9,-10.45,0.244,-0.563,1.683,-9.404,-0.132,0.054,-0.028,75.68,0.0,42.6,1,1,1
13:16:27.626,VIGILE,1,173.65,6.68,0.191,0.172,1.422,-9.548,-0.164,0.106,-0.02,82.41,0.0,42.6,1,1,1
13:16:28.126,VIGILE,1,176.33,-9.48,0.242,-0.52,1.724,-9.802,-0.186,0.067,-0.062,75.8,0.0,42.6,1,1,1
13:16:28.626,VIGILE,1,172.02,-7.09,0.225,0.46,2.2,-9.064,-0.059,0.014,-0.054,85.03,0.0,42.6,1,1,1
13:16:29.126,VIGILE,1,170.26,-4.9,0.225,-0.575,1.231,-9.776,-0.141,0.159,-0.01,75.69,0.0,42.6,1,1,1
13:16:29.626,VIGILE,1,171.23,-3.9,0.241,-0.555,2.009,-10.997,-0.156,0.101,-0.052,80.97,0.0,42.6,1,1,1
13:16:30.126,VIGILE,1,169.51,-0.33,0.25,-2.184,3.026,-10.293,-0.115,-0.041,-0.041,83.43,0.0,42.6,1,1,1
13:16:30.626,VIGILE,1,165.1,8.13,0.271,-1.623,2.667,-9.373,-0.063,-0.038,0.002,83.58,0.0,42.5,1,1,1
13:16:31.126,VIGILE,1,170.73,0.39,0.231,-0.824,1.286,-9.522,-0.091,0.01,-0.04,85.57,0.0,42.5,1,1,1
13:16:31.626,VIGILE,0,0.0,0.0,0.0,-1.082,1.872,-9.804,-0.101,0.063,-0.015,79.39,0.0,42.5,1,1,1
13:16:32.126,VIGILE,1,171.5,0.51,0.194,-0.517,2.071,-9.629,-0.103,0.116,-0.01,84.2,0.0,42.5,1,1,1
13:16:32.627,VIGILE,0,0.0,0.0,0.0,-1.413,1.334,-10.379,-0.055,0.098,-0.018,80.56,0.0,42.5,1,1,1
13:16:33.127,VIGILE,1,-178.27,0.16,0.268,-1.851,2.04,-9.984,-0.203,0.091,0.011,74.58,0.0,42.5,2,1,1
13:16:33.627,VIGILE,0,0.0,0.0,0.0,-0.587,1.8,-8.851,-0.12,0.098,-0.051,84.25,0.0,42.5,2,1,1
13:16:34.127,VIGILE,0,0.0,0.0,0.0,-1.041,1.966,-9.651,-0.103,0.008,0.003,80.14,0.0,42.5,2,1,1
13:16:34.627,VIGILE,1,177.87,-2.16,0.251,-1.154,2.016,-9.759,-0.108,0.074,-0.006,77.09,0.0,42.5,2,1,1
13:16:35.127,VIGILE,1,174.29,-1.91,0.286,-0.783,2.033,-8.918,-0.213,0.074,-0.008,74.61,0.0,42.5,2,1,1
13:16:35.627,VIGILE,1,172.69,1.27,0.254,-1.688,2.248,-9.052,-0.133,0.13,-0.046,75.23,0.0,42.5,2,1,1
13:16:36.127,VIGILE,1,-179.34,11.49,0.108,-1.674,2.397,-9.115,-0.109,0.051,0.004,85.25,0.0,42.5,2,1,1
13:16:36.627,VIGILE,0,0.0,0.0,0.0,-1.015,2.195,-9.232,-0.11,0.062,0.012,85.39,0.0,42.5,2,1,1
13:16:37.127,VIGILE,0,0.0,0.0,0.0,-0.826,1.678,-8.954,-0.177,0.079,0.005,78.29,0.0,42.5,2,1,1
13:16:37.627,VIGILE,1,173.49,9.15,0.173,-1.109,1.954,-9.337,-0.2,0.095,-0.018,72.1,0.0,42.5,2,1,1
13:16:38.127,VIGILE,0,0.0,0.0,0.0,-0.601,2.138,-8.892,-0.122,0.009,0.009,76.64,0.0,42.5,2,1,1
13:16:38.627,VIGILE,1,-176.41,-2.55,0.291,-0.177,1.755,-9.294,-0.16,0.074,-0.047,74.44,0.0,42.5,2,1,1
13:16:39.127,VIGILE,0,0.0,0.0,0.0,-0.692,2.222,-9.546,-0.163,0.088,-0.034,83.31,0.0,42.5,2,1,1
13:16:39.627,VIGILE,1,175.65,1.72,0.268,-0.357,2.394,-8.997,-0.126,0.073,-0.046,74.96,0.0,42.5,2,1,1
13:16:40.127,VIGILE,1,176.84,12.39,0.288,-0.17,1.293,-9.27,-0.137,0.095,-0.019,80.72,0.0,42.5,2,1,1
13:16:40.627,VIGILE,1,173.8,-0.43,0.266,0.491,1.202,-10.063,-0.132,0.06,-0.015,79.5,0.0,42.5,2,1,1
13:16:41.128,VIGILE,1,175.8,-4.35,0.259,-0.965,1.942,-9.258,-0.139,0.081,-0.042,84.49,0.0,42.5,2,1,1
13:16:41.628,VIGILE,1,175.44,-0.65,0.278,-0.922,2.054,-9.431,-0.116,0.069,0.001,71.36,0.0,42.5,2,1,1
13:16:42.128,VIGILE,1,175.43,4.71,0.282,-1.255,2.109,-9.345,-0.157,0.044,0.014,78.27,0.0,42.5,2,1,1
13:16:42.628,VIGILE,1,177.26,-7.01,0.265,-0.792,3.22,-9.881,-0.083,0.054,0.029,77.29,0.0,42.5,2,1,1
13:16:43.128,VIGILE,1,173.6,-4.88,0.253,-0.965,-0.014,-7.575,-0.299,0.08,-0.051,82.61,0.0,42.5,2,1,1
13:16:43.628,VIGILE,1,175.13,1.14,0.274,1.997,2.583,-9.725,-0.131,-0.031,0.013,86.45,0.0,42.5,2,1,1
13:16:44.128,VIGILE,1,-177.89,15.16,0.265,-0.464,2.124,-9.421,-0.145,0.075,-0.046,77.83,0.0,42.5,2,1,1
13:16:44.628,VIGILE,1,173.5,-0.13,0.254,-0.194,1.882,-9.735,-0.094,0.091,-0.011,78.86,0.0,42.5,2,1,1
13:16:45.128,VIGILE,1,174.52,-4.45,0.244,-0.129,1.812,-9.553,-0.092,0.044,-0.067,80.59,0.0,42.5,2,1,1
13:16:45.628,VIGILE,1,175.17,-2.0,0.252,-0.728,1.554,-10.556,-0.161,0.068,-0.049,77.38,0.0,42.4,1,1,1
13:16:46.128,VIGILE,1,177.17,-2.56,0.278,-0.474,1.3,-9.998,-0.19,0.107,-0.042,82.5,0.0,42.4,1,1,1
13:16:46.628,VIGILE,1,174.98,-5.53,0.25,-0.256,1.571,-9.752,-0.099,0.041,-0.005,79.42,0.0,42.4,1,1,1
13:16:47.128,VIGILE,1,176.45,-4.09,0.269,-0.048,1.343,-9.852,-0.168,0.093,-0.002,80.42,0.0,42.4,1,1,1
13:16:47.628,VIGILE,1,175.58,-4.86,0.268,-1.453,2.157,-9.567,-0.15,0.01,0.012,80.14,0.0,42.4,1,1,1
13:16:48.128,VIGILE,1,175.03,-7.15,0.277,-0.177,2.155,-9.074,-0.133,0.08,-0.042,79.84,0.0,42.4,1,1,1
13:16:48.628,VIGILE,1,175.81,-6.8,0.264,-0.644,1.563,-8.619,-0.158,0.08,-0.035,86.04,0.0,42.4,1,1,1
13:16:49.128,VIGILE,1,176.13,-1.84,0.26,0.074,2.399,-8.751,-0.139,0.049,-0.009,83.38,0.0,42.4,1,1,1
13:16:49.629,VIGILE,1,176.03,-0.94,0.272,0.283,1.611,-9.864,-0.14,0.063,-0.017,77.77,0.0,42.4,1,1,1
13:16:50.129,VIGILE,1,174.49,-5.21,0.287,0.716,1.654,-9.304,-0.231,0.04,-0.011,88.93,0.0,42.4,1,1,1
13:16:50.629,VIGILE,1,174.38,1.86,0.268,-0.038,2.078,-9.292,-0.148,0.028,-0.028,78.88,0.0,42.4,1,1,1
13:16:51.129,VIGILE,1,177.35,-7.34,0.265,-0.342,1.518,-9.689,-0.13,0.061,-0.017,79.37,0.0,42.4,1,1,1
13:16:51.629,VIGILE,1,174.55,1.27,0.255,0.074,1.563,-9.823,-0.171,0.048,-0.013,83.4,0.0,42.4,1,1,1
13:16:52.129,VIGILE,1,174.63,0.32,0.249,-0.555,1.379,-9.519,-0.101,0.064,-0.029,83.26,0.0,42.4,1,1,1
13:16:52.629,VIGILE,1,172.87,3.22,0.276,-0.833,1.877,-9.45,-0.119,0.041,-0.005,86.37,0.0,42.4,1,1,1
13:16:53.129,VIGILE,1,174.0,2.6,0.265,0.464,2.392,-8.133,-0.239,0.108,-0.059,84.76,0.0,42.3,1,1,1
13:16:53.629,VIGILE,1,173.65,6.9,0.285,-0.596,1.559,-8.703,-0.115,0.029,0.011,85.57,0.0,42.3,1,1,1
13:16:54.129,VIGILE,1,172.64,5.91,0.277,-0.438,1.717,-9.584,-0.12,0.052,0.012,83.06,0.0,42.3,1,1,1
13:16:54.629,VIGILE,1,174.41,2.73,0.28,-0.007,1.116,-9.397,-0.197,0.14,-0.022,84.09,0.0,42.3,1,1,1
13:16:55.129,VIGILE,1,176.01,0.17,0.272,-0.704,0.986,-9.306,-0.068,0.094,-0.042,83.41,0.0,42.3,1,1,1
13:16:55.629,VIGILE,1,172.56,2.97,0.218,0.227,1.504,-10.599,-0.217,0.128,-0.03,79.26,0.0,42.3,1,1,1
13:16:56.129,VIGILE,1,174.44,-1.18,0.259,0.467,2.612,-8.578,-0.393,0.066,-0.105,85.37,0.0,42.3,1,1,1
13:16:56.629,VIGILE,1,172.82,2.34,0.271,0.862,2.116,-10.228,-0.203,0.11,-0.05,78.84,0.0,42.3,1,1,1
13:16:57.129,VIGILE,1,171.41,-0.87,0.286,-0.79,1.693,-9.682,-0.141,0.06,-0.032,86.22,0.0,42.3,1,1,1
13:16:57.630,VIGILE,1,172.25,-5.97,0.263,-0.424,2.207,-9.936,-0.128,0.08,-0.016,81.6,0.0,42.3,1,1,1
13:16:58.130,VIGILE,1,171.47,2.89,0.291,-1.166,2.006,-9.318,-0.155,0.086,-0.025,74.65,0.0,42.3,1,1,1
13:16:58.630,VIGILE,1,174.04,0.4,0.253,-1.348,1.724,-9.153,0.006,0.006,0.025,75.19,0.0,42.3,1,1,1
13:16:59.130,VIGILE,1,174.06,-4.25,0.256,-1.506,2.014,-10.271,-0.127,0.078,0.015,83.9,0.0,42.3,1,1,1
13:16:59.630,VIGILE,1,173.14,-5.64,0.258,-1.645,2.368,-9.146,-0.111,0.149,-0.032,85.31,0.0,42.3,1,1,1
13:17:00.130,VIGILE,1,170.45,-1.51,0.273,-1.324,2.14,-9.871,-0.098,0.08,0.003,87.98,0.0,42.3,1,1,1
13:17:00.630,VIGILE,1,172.24,-0.96,0.266,-1.369,2.308,-9.282,-0.142,0.09,-0.044,75.73,0.0,42.2,1,1,1
13:17:01.130,VIGILE,1,175.54,-3.59,0.255,-1.437,2.16,-9.562,-0.179,0.131,-0.06,79.48,0.0,42.2,1,1,1
13:17:01.630,VIGILE,1,176.46,18.48,0.188,-0.927,1.137,-9.553,-0.137,0.092,-0.021,86.78,0.0,42.2,1,1,1
13:17:02.130,DISTRAZIONE,1,-178.73,37.94,0.151,-2.313,0.711,-8.164,-0.121,0.048,-0.021,83.09,0.0,42.2,1,1,1
13:17:02.630,DISTRAZIONE,1,-178.32,37.43,0.137,-1.3,1.638,-9.627,-0.114,0.034,0.005,82.66,0.0,42.2,1,1,1
13:17:03.130,DISTRAZIONE,1,-176.5,38.75,0.314,-1.401,1.951,-9.273,-0.173,0.072,-0.024,81.13,0.0,42.2,1,1,1
13:17:03.630,DISTRAZIONE,1,-174.33,38.42,0.184,-1.132,2.241,-9.864,-0.145,0.088,-0.021,85.01,0.0,42.2,1,1,1
13:17:04.130,DISTRAZIONE,1,-175.47,37.99,0.252,-1.604,2.528,-9.069,-0.143,0.078,-0.027,84.08,0.0,42.2,1,1,1
13:17:04.630,DISTRAZIONE,1,-176.47,36.85,0.266,-0.364,4.195,-9.108,-0.051,-0.107,-0.011,82.15,0.0,42.2,1,1,1
13:17:05.131,DISTRAZIONE,1,-175.42,37.11,0.243,-2.516,1.702,-9.246,-0.181,0.035,-0.024,76.87,0.0,42.2,1,1,1
13:17:05.631,DISTRAZIONE,1,-174.81,37.08,0.366,-2.643,2.749,-8.631,-0.157,0.064,-0.019,83.25,0.0,42.1,1,1,1
13:17:06.131,DISTRAZIONE,1,-165.19,24.84,0.327,-3.426,2.749,-7.93,-0.099,0.031,-0.011,83.79,0.0,42.1,1,1,1
13:17:06.631,DISTRAZIONE,1,-170.61,31.66,0.355,-2.988,2.351,-8.729,-0.105,0.117,-0.033,81.53,0.0,42.1,1,1,1
13:17:07.131,DISTRAZIONE,1,-174.63,40.26,0.231,-1.094,1.942,-9.397,-0.137,0.09,-0.028,75.65,0.0,42.1,1,1,1
13:17:07.631,DISTRAZIONE,1,-179.41,46.68,0.459,-1.3,1.815,-9.457,-0.167,0.08,-0.027,82.59,0.0,42.1,1,1,1
13:17:08.131,DISTRAZIONE,1,-173.82,35.27,0.355,-1.087,1.793,-9.321,-0.133,0.065,-0.03,75.5,0.0,42.1,1,1,1
13:17:08.631,DISTRAZIONE,1,-168.2,62.52,0.502,-1.298,1.832,-9.462,-0.188,0.079,-0.037,77.38,0.0,42.1,1,1,1
13:17:09.131,DISTRAZIONE,1,-175.79,42.24,0.333,-1.274,2.102,-9.543,-0.106,0.043,-0.043,81.27,0.0,42.1,1,1,1
13:17:09.631,DISTRAZIONE,1,-176.12,38.96,0.335,-0.273,1.525,-9.598,-0.106,0.065,-0.028,77.37,0.0,42.1,1,1,1
13:17:10.131,DISTRAZIONE,1,-174.84,39.04,0.236,-1.07,1.961,-9.21,-0.105,0.054,-0.025,79.39,0.0,42.1,1,1,1
13:17:10.631,DISTRAZIONE,1,-175.14,36.49,0.306,-0.448,2.093,-9.227,-0.114,0.052,-0.006,84.53,0.0,42.0,1,1,1
13:17:11.131,DISTRAZIONE,1,-175.94,32.72,0.32,-0.888,2.265,-9.189,-0.11,0.035,0.042,83.35,0.0,42.0,1,1,1
13:17:11.631,DISTRAZIONE,1,-174.54,-32.28,0.25,-1.496,2.674,-8.753,-0.155,0.066,0.03,66.5,0.0,42.0,1,1,1
13:17:12.132,DISTRAZIONE,0,0.0,0.0,0.0,-2.411,2.938,-8.837,-0.129,0.033,0.056,81.43,0.0,42.0,1,1,1
13:17:12.632,DISTRAZIONE,1,-166.86,-46.97,0.358,-0.967,2.512,-9.043,-0.063,0.016,0.095,80.15,0.0,42.0,1,1,1
13:17:13.132,DISTRAZIONE,0,0.0,0.0,0.0,-1.36,3.685,-8.988,-0.117,-0.031,0.152,78.88,0.0,42.0,1,1,1
13:17:13.632,DISTRAZIONE,1,-167.36,77.79,0.461,1.123,3.108,-9.112,-0.277,-0.009,0.296,84.38,0.0,42.0,1,1,1
13:17:14.132,DISTRAZIONE,0,0.0,0.0,0.0,0.646,4.329,-9.299,0.001,-0.101,0.438,71.74,0.0,42.0,1,1,1
13:17:14.632,DISTRAZIONE,1,-179.92,45.23,0.434,-1.015,3.606,-8.835,-0.016,-0.07,0.451,76.09,0.0,42.0,1,1,1
13:17:15.132,DISTRAZIONE,1,-176.85,34.68,0.158,-1.504,2.749,-9.337,0.036,0.005,0.435,78.28,0.0,42.0,1,1,1
13:17:15.632,DISTRAZIONE,1,-163.45,59.17,0.35,-0.287,1.472,-9.586,-0.044,-0.01,0.216,75.7,0.0,42.0,1,1,1
13:17:16.132,DISTRAZIONE,1,-177.25,38.12,0.227,-2.526,1.793,-9.208,-0.348,-0.007,0.103,84.38,0.0,42.0,1,1,1
13:17:16.632,DISTRAZIONE,1,-172.74,33.99,0.322,-1.939,1.587,-9.019,-0.163,0.079,-0.025,83.54,0.0,42.0,1,1,1
13:17:17.132,DISTRAZIONE,1,-168.65,34.31,0.115,-1.86,1.992,-9.122,-0.114,0.056,0.012,71.85,0.0,42.0,1,1,1
13:17:17.632,DISTRAZIONE,1,-156.3,31.42,0.123,-0.994,1.705,-9.325,-0.103,0.067,0.008,73.08,0.0,42.0,1,1,1
13:17:18.132,VIGILE,0,0.0,0.0,0.0,-0.996,1.65,-9.337,-0.16,0.096,-0.074,76.91,0.0,42.0,1,1,1
13:17:18.632,VIGILE,1,170.77,-31.92,0.308,0.654,0.189,-9.143,-0.212,0.152,-0.199,75.93,0.0,42.0,1,1,1
13:17:19.132,VIGILE,1,174.34,-24.26,0.295,-0.433,-1.355,-9.459,-0.18,0.18,-0.402,83.2,0.0,42.0,1,1,1
13:17:19.633,VIGILE,1,175.95,-34.99,0.319,-0.517,-0.534,-9.91,-0.127,0.162,-0.508,72.78,0.0,42.0,1,1,1
13:17:20.133,VIGILE,1,176.96,-34.53,0.289,-0.017,-0.304,-9.349,-0.277,0.166,-0.633,79.31,0.0,42.0,1,1,1
13:17:20.633,VIGILE,1,177.45,-29.65,0.284,0.795,-0.287,-10.187,-0.091,0.122,-0.467,79.54,0.0,41.9,2,1,1
13:17:21.133,VIGILE,1,172.3,-13.95,0.277,-0.34,1.276,-10.226,-0.195,0.081,-0.274,77.22,0.0,41.9,2,1,1
13:17:21.633,VIGILE,1,175.05,-12.7,0.288,-0.132,1.03,-9.009,-0.175,0.125,-0.151,77.06,0.0,41.9,2,1,1
13:17:22.133,VIGILE,1,177.22,-8.82,0.288,-0.781,1.736,-9.012,-0.175,0.076,-0.084,83.25,0.0,41.9,2,1,1
13:17:22.634,VIGILE,1,173.72,-8.27,0.187,0.321,1.657,-8.361,-0.104,0.026,-0.023,76.2,0.0,41.9,2,1,1
13:17:23.134,VIGILE,1,173.6,-1.12,0.28,0.225,0.838,-9.601,-0.145,0.158,-0.027,78.21,0.0,41.8,2,1,1
13:17:23.634,VIGILE,1,174.56,-4.12,0.29,0.211,0.824,-10.3,-0.054,0.027,0.052,86.24,0.0,41.8,2,1,1
13:17:24.134,VIGILE,1,176.07,-3.06,0.277,2.064,1.487,-10.568,-0.625,0.067,-0.387,85.61,0.0,41.8,2,1,1
13:17:24.634,VIGILE,1,176.33,-7.89,0.28,0.704,0.168,-10.721,-0.15,-0.015,0.02,81.24,0.0,41.8,2,1,1
13:17:25.134,VIGILE,1,173.99,-1.19,0.285,-0.57,1.836,-10.35,-0.238,0.139,-0.024,82.06,0.0,41.8,2,1,1
13:17:25.634,VIGILE,1,172.45,-4.24,0.28,0.52,2.344,-9.874,-0.099,-0.008,0.037,82.3,0.0,41.8,2,1,1
13:17:26.134,VIGILE,1,172.95,-5.87,0.278,-0.342,2.31,-8.832,-0.073,0.006,0.021,84.59,0.0,41.8,2,1,1
13:17:26.634,VIGILE,1,174.16,-6.75,0.271,-0.663,2.488,-9.316,0.038,-0.068,0.025,82.49,0.0,41.8,2,1,1
13:17:27.134,VIGILE,1,173.13,-6.59,0.211,-0.905,2.162,-9.969,-0.155,0.07,0.015,89.21,0.0,41.8,2,1,1
13:17:27.634,VIGILE,1,170.92,-6.18,0.249,0.278,1.753,-9.005,-0.113,0.042,-0.02,79.28,0.0,41.8,2,1,1
13:17:28.134,VIGILE,1,169.48,-5.57,0.259,1.899,1.571,-12.84,-0.066,-0.162,-0.143,82.96,0.0,41.7,2,1,1
13:17:28.634,VIGILE,1,169.24,-2.18,0.258,-0.692,3.084,-8.83,-0.421,0.118,-0.135,89.22,0.0,41.7,2,1,1
13:17:29.134,VIGILE,1,173.84,30.97,0.12,-4.7,2.344,-5.181,-0.934,0.356,-0.029,89.71,0.0,41.7,2,1,1
13:17:29.634,VIGILE,1,178.82,25.87,0.12,-0.62,1.262,-9.79,0.426,-0.33,0.126,88.93,0.0,41.7,2,1,1
13:17:30.135,VIGILE,1,-177.62,9.89,0.292,-2.157,2.502,-9.321,0.106,-0.021,0.025,85.19,0.0,41.7,2,1,1
13:17:30.635,VIGILE,1,-176.11,17.25,0.115,0.73,0.084,-9.783,-0.28,0.05,-0.042,86.92,0.0,41.7,2,1,1
13:17:31.135,VIGILE,1,-175.86,14.12,0.119,-1.322,1.233,-8.935,0.022,-0.054,0.053,87.99,0.0,41.7,2,1,1
13:17:31.635,VIGILE,1,-178.7,1.66,0.28,-1.295,2.021,-9.893,-0.047,0.025,0.021,86.91,0.0,41.7,2,1,1
13:17:32.135,VIGILE,1,177.03,5.08,0.239,-1.405,2.322,-9.517,-0.042,0.059,-0.018,84.66,0.0,41.7,2,1,1
13:17:32.635,MALORE,0,0.0,0.0,0.0,-1.156,1.027,-7.791,-0.136,0.107,-0.032,82.44,0.0,41.7,2,1,1
13:17:33.135,MALORE,1,142.63,4.14,0.136,0.998,2.025,-9.747,-0.038,-0.037,0.006,88.64,0.0,41.6,2,1,1
13:17:33.635,MALORE,1,135.74,3.1,0.168,-1.161,1.956,-9.213,-0.147,0.08,-0.028,80.49,0.0,41.6,2,1,1
13:17:34.135,MALORE,1,136.7,2.65,0.14,-1.252,2.174,-9.96,-0.107,0.039,-0.018,81.61,0.0,41.6,2,1,1
13:17:34.635,MALORE,1,134.37,3.16,0.102,-1.683,2.528,-9.337,-0.212,0.144,-0.027,86.62,0.0,41.6,2,1,1
13:17:35.135,MALORE,1,137.73,3.09,0.174,-0.867,2.423,-8.894,-0.18,0.125,-0.032,83.75,0.0,41.6,2,1,1
13:17:35.635,MALORE,1,139.06,3.79,0.163,-1.022,2.509,-9.117,-0.12,0.117,-0.049,86.26,0.0,41.6,2,1,1
13:17:36.135,MALORE,1,140.27,6.55,0.138,-1.058,3.754,-8.607,-0.052,0.023,0.096,86.91,0.0,41.6,2,1,1
13:17:36.635,MALORE,1,141.93,11.01,0.129,-1.106,4.152,-9.821,0.127,-0.143,0.2,87.36,0.0,41.6,2,1,1
13:17:37.135,MALORE,1,144.06,9.45,0.155,-1.458,3.263,-9.12,-0.08,-0.035,0.206,85.41,0.0,41.6,2,1,1
13:17:37.635,MALORE,1,143.13,3.26,0.175,-3.033,1.159,-9.443,-0.082,0.133,0.063,83.01,0.0,41.6,2,1,1
13:17:38.135,MALORE,1,153.81,5.37,0.172,-2.373,1.441,-9.598,-0.131,0.076,-0.115,82.22,0.0,41.6,2,1,1
13:17:38.636,MALORE,1,145.62,1.9,0.152,-1.844,2.978,-8.396,-0.289,0.143,-0.146,81.1,0.0,41.6,2,1,1
13:17:39.136,MALORE,1,141.01,1.13,0.113,-3.371,4.051,-7.896,-0.201,0.099,-0.092,85.22,0.0,41.6,2,1,1
13:17:39.636,MALORE,1,145.14,7.26,0.131,-3.393,3.879,-8.66,0.019,0.083,-0.07,81.27,0.0,41.6,2,1,1
13:17:40.136,MALORE,1,139.85,2.1,0.146,-2.133,2.349,-8.576,-0.117,0.091,-0.032,83.98,0.0,41.6,2,1,1
13:17:40.636,MALORE,1,145.6,3.21,0.128,0.486,2.306,-9.407,0.071,0.036,0.023,76.74,0.0,41.5,2,1,1
13:17:41.136,MALORE,1,146.99,-3.07,0.094,-1.03,2.308,-8.973,-0.163,0.083,-0.025,74.49,0.0,41.5,2,1,1
13:17:41.636,MALORE,1,147.75,-0.6,0.092,-0.898,2.423,-9.244,-0.144,0.068,-0.021,74.75,0.0,41.5,2,1,1
13:17:42.136,MALORE,1,147.04,1.72,0.119,-0.613,2.33,-9.347,-0.144,0.068,-0.017,75.63,0.0,41.5,2,1,1
13:17:42.636,MALORE,1,146.96,5.54,0.156,-0.848,2.224,-9.098,-0.151,0.073,-0.021,69.92,0.0,41.5,2,1,1
13:17:43.136,MALORE,1,145.66,15.88,0.131,-0.663,2.526,-9.254,-0.118,0.058,-0.014,61.76,0.0,41.5,2,1,1
13:17:43.636,MALORE,1,145.77,19.62,0.14,-0.895,2.284,-9.373,-0.153,0.066,-0.021,65.46,0.0,41.5,2,1,1
13:17:44.136,MALORE,1,145.85,22.11,0.155,-0.587,2.289,-9.278,-0.122,0.052,-0.01,69.77,0.0,41.5,2,1,1
13:17:44.636,MALORE,1,145.01,21.21,0.159,-0.864,2.459,-9.299,-0.156,0.075,-0.023,69.09,0.0,41.5,2,1,1
13:17:45.136,MALORE,1,145.23,21.53,0.178,-0.601,2.327,-9.376,-0.146,0.061,-0.017,68.79,0.0,41.5,2,1,1
13:17:45.636,MALORE,1,145.14,21.33,0.163,-0.761,2.294,-9.455,-0.148,0.072,-0.026,67.37,0.0,41.4,2,1,1
13:17:46.136,MALORE,1,145.47,21.21,0.169,-0.752,2.296,-9.062,-0.142,0.063,-0.009,69.27,0.0,41.4,2,1,1
13:17:46.636,MALORE,1,144.42,21.75,0.166,-0.795,2.564,-9.369,-0.107,0.051,-0.014,69.62,0.0,41.4,2,1,1
13:17:47.137,MALORE,1,144.55,21.44,0.154,-0.907,2.251,-9.357,-0.163,0.073,-0.024,64.9,0.0,41.4,2,1,1
13:17:47.637,MALORE,1,145.5,20.53,0.183,-0.656,2.222,-9.237,-0.121,0.058,-0.012,68.26,0.0,41.4,2,1,1
13:17:48.137,MALORE,1,144.33,21.18,0.144,-0.8,2.401,-9.301,-0.131,0.065,-0.019,66.42,0.0,41.4,2,1,1
13:17:48.637,MALORE,1,144.74,22.06,0.171,-0.876,2.399,-9.246,-0.127,0.065,-0.011,70.63,0.0,41.4,2,1,1
13:17:49.137,MALORE,1,143.66,21.57,0.146,-0.572,2.354,-9.311,-0.149,0.063,-0.021,70.63,0.0,41.4,2,1,1
13:17:49.637,MALORE,1,149.29,21.42,0.149,-0.802,2.296,-9.376,-0.157,0.072,-0.026,70.63,0.0,41.4,2,1,1
13:17:50.137,MALORE,0,0.0,0.0,0.0,-0.749,2.27,-9.079,-0.136,0.066,-0.017,70.63,0.0,41.4,2,1,1
13:17:50.637,MALORE,0,0.0,0.0,0.0,-0.843,2.478,-9.498,-0.088,0.054,-0.009,70.63,0.0,41.4,2,1,1
13:17:51.137,MALORE,1,-146.34,59.73,0.31,-0.864,2.308,-9.254,-0.161,0.076,-0.026,70.63,0.0,41.4,2,1,1
13:17:51.637,MALORE,1,-142.15,60.04,0.306,-0.658,2.217,-9.254,-0.12,0.057,-0.009,70.63,0.0,41.4,2,1,1
13:17:52.137,MALORE,1,-139.15,58.27,0.302,-0.809,2.409,-9.251,-0.133,0.063,-0.018,70.63,0.0,41.4,2,1,1
13:17:52.637,MALORE,1,-141.69,60.57,0.368,-0.838,2.365,-9.218,-0.137,0.068,-0.021,70.63,0.0,41.4,2,1,1
13:17:53.137,MALORE,1,-140.67,60.79,0.338,-0.445,2.437,-9.122,-0.193,0.078,-0.035,70.63,0.0,41.3,2,1,1
13:17:53.637,MALORE,1,-141.04,59.58,0.32,-0.503,2.358,-9.567,-0.209,0.118,-0.051,70.63,0.0,41.3,2,1,1
13:17:54.137,MALORE,1,-142.07,59.79,0.33,-0.905,2.184,-9.172,-0.111,0.039,-0.003,70.63,0.0,41.3,2,1,1
13:17:54.637,MALORE,1,-141.85,59.95,0.333,-0.582,2.466,-9.131,-0.139,0.059,-0.012,70.63,0.0,41.3,2,1,1
13:17:55.137,MALORE,1,-141.12,59.18,0.321,-0.809,2.243,-9.558,-0.129,0.063,-0.019,70.63,0.0,41.3,2,1,1
13:17:55.638,MALORE,1,-143.18,59.74,0.322,-0.754,2.203,-9.16,-0.133,0.063,-0.012,70.63,0.0,41.3,2,1,1
13:17:56.138,MALORE,1,-140.17,58.25,0.299,-0.761,2.265,-9.249,-0.124,0.052,-0.011,70.63,0.0,41.3,2,1,1
13:17:56.638,MALORE,1,-142.23,60.7,0.361,-0.881,2.418,-9.275,-0.14,0.07,-0.022,70.63,0.0,41.3,2,1,1
13:17:57.138,MALORE,1,-139.1,58.45,0.295,-0.79,2.267,-9.333,-0.106,0.051,-0.002,70.63,0.0,41.3,2,1,1
13:17:57.638,MALORE,1,-141.58,59.92,0.332,-0.745,2.346,-9.361,-0.122,0.066,-0.014,70.63,0.0,41.3,2,1,1
13:17:58.138,MALORE,1,176.7,10.6,0.239,-0.725,2.181,-9.254,-0.179,0.092,-0.032,70.63,0.0,41.3,2,1,1
13:17:58.638,MALORE,0,0.0,0.0,0.0,-0.601,2.569,-9.21,-0.136,0.065,-0.016,70.63,0.0,41.3,2,1,1
13:17:59.138,MALORE,1,179.91,27.54,0.121,-0.845,2.263,-9.275,-0.142,0.064,-0.015,70.63,0.0,41.3,2,1,1
13:17:59.638,MALORE,1,179.09,-15.13,0.247,-0.63,2.219,-9.16,-0.142,0.062,-0.014,70.63,0.0,41.3,2,1,1
13:18:00.138,VIGILE,1,176.7,-18.92,0.282,-1.056,2.246,-9.378,-0.054,0.017,0.018,70.63,0.0,41.3,2,1,1
13:18:00.638,VIGILE,1,177.11,-18.64,0.251,-0.941,2.444,-9.17,-0.123,0.058,-0.008,70.63,0.0,41.3,2,1,1
13:18:01.138,VIGILE,1,178.29,-16.69,0.273,-0.816,2.354,-9.383,-0.111,0.045,-0.004,70.63,0.0,41.3,2,1,1
13:18:01.638,VIGILE,1,177.81,-21.87,0.265,-0.646,2.308,-9.261,-0.147,0.067,-0.024,70.63,0.0,41.3,2,1,1
13:18:02.138,VIGILE,1,176.72,-10.92,0.246,-0.831,2.205,-9.167,-0.177,0.088,-0.034,70.63,0.0,41.3,2,1,1
13:18:02.638,VIGILE,1,172.01,-28.21,0.243,-0.606,2.195,-9.024,-0.148,0.074,-0.028,70.63,0.0,41.3,2,1,1
13:18:03.138,VIGILE,1,174.9,-33.58,0.236,-0.357,2.095,-9.153,-0.166,0.064,-0.081,70.63,0.0,41.3,2,1,1
13:18:03.638,VIGILE,1,173.49,-35.89,0.242,-0.687,2.488,-9.246,-0.158,0.084,-0.059,70.63,0.0,41.3,2,1,1
13:18:04.138,VIGILE,1,174.63,-26.57,0.288,-0.745,2.298,-9.249,-0.158,0.08,-0.054,70.63,0.0,41.3,2,1,1
13:18:04.639,VIGILE,1,170.93,-34.19,0.226,-0.048,2.093,-8.945,-0.125,0.049,-0.028,70.63,0.0,41.3,2,1,1
13:18:05.139,VIGILE,1,172.12,-37.61,0.23,-0.326,2.066,-9.232,-0.186,0.088,-0.069,70.63,0.0,41.3,2,1,1
13:18:05.639,VIGILE,1,173.63,-37.63,0.291,-0.486,2.368,-9.244,-0.131,0.103,-0.111,70.63,0.0,41.2,2,1,1
13:18:06.139,VIGILE,1,176.44,-29.02,0.295,-0.057,1.358,-8.957,-0.188,0.152,-0.174,70.63,0.0,41.2,2,1,1
13:18:06.639,VIGILE,1,175.55,-17.33,0.267,0.156,1.295,-9.665,-0.267,0.196,-0.305,70.63,0.0,41.2,2,1,1
13:18:07.139,VIGILE,1,173.99,17.32,0.257,-0.007,2.138,-9.886,-0.175,0.086,-0.345,70.63,0.0,41.2,2,1,1
13:18:07.639,VIGILE,1,174.58,13.75,0.237,-0.376,2.844,-9.586,-0.181,0.112,-0.19,70.63,0.0,41.2,2,1,1
13:18:08.139,VIGILE,1,177.14,17.82,0.253,-0.314,2.351,-9.256,-0.135,0.032,0.0,70.63,0.0,41.2,2,1,1
13:18:08.639,VIGILE,1,175.85,0.88,0.277,-0.974,2.416,-8.947,-0.188,0.072,0.064,70.63,0.0,41.2,2,1,1
13:18:09.139,VIGILE,1,173.9,1.83,0.248,-0.565,1.982,-9.347,-0.197,0.051,0.098,70.63,0.0,41.2,2,1,1
13:18:09.639,VIGILE,1,174.38,2.9,0.262,-0.836,1.52,-9.61,-0.098,0.022,0.081,70.63,0.0,41.2,2,1,1
13:18:10.139,VIGILE,1,174.0,0.24,0.244,-1.243,1.65,-9.577,-0.103,0.038,0.015,70.63,0.0,41.2,2,1,1
13:18:10.639,VIGILE,1,175.08,-2.11,0.273,-2.054,2.263,-9.005,-0.218,0.062,-0.027,70.63,0.0,41.2,2,1,1
13:18:11.139,VIGILE,1,174.95,11.62,0.267,-2.459,2.655,-8.969,-0.138,0.071,-0.015,70.63,0.0,41.2,2,1,1
13:18:11.639,VIGILE,1,-162.55,-11.66,0.257,-0.704,2.193,-9.273,-0.136,0.071,-0.02,70.63,0.0,41.2,2,1,1
13:18:12.139,VIGILE,1,-172.35,41.44,0.291,-0.9,2.227,-9.443,-0.133,0.071,-0.019,70.63,0.0,41.2,2,1,1
13:18:12.639,VIGILE,1,173.09,-9.49,0.265,-0.867,2.169,-9.342,-0.133,0.066,-0.017,70.63,0.0,41.2,2,1,1
13:18:13.140,VIGILE,1,174.42,-24.15,0.247,0.46,1.899,-9.828,-0.195,0.101,-0.035,70.63,0.0,41.1,2,1,1
13:18:13.640,VIGILE,1,172.74,-24.22,0.283,2.263,1.281,-9.546,-0.184,0.012,-0.077,70.63,0.0,41.1,2,1,1
13:18:14.140,VIGILE,1,168.74,-19.4,0.241,1.259,1.367,-10.094,0.057,-0.011,-0.012,70.63,0.0,41.1,2,1,1
13:18:14.640,VIGILE,1,170.78,5.4,0.236,-1.444,0.737,-9.431,-0.271,0.109,-0.19,70.63,0.0,41.1,2,1,1
13:18:15.140,VIGILE,1,175.49,-23.29,0.27,-0.939,1.269,-9.718,-0.126,0.084,-0.217,70.63,0.0,41.1,2,1,1
13:18:15.640,VIGILE,1,173.24,-2.18,0.242,-1.152,2.21,-9.91,-0.111,0.162,-0.365,70.63,0.0,41.1,2,1,1
13:18:16.140,VIGILE,1,175.97,-11.85,0.242,-1.355,-0.469,-9.682,-0.076,0.116,-0.289,70.63,0.0,41.1,2,1,1
13:18:16.640,VIGILE,1,175.27,-20.18,0.241,-1.343,0.91,-8.523,-0.257,0.2,-0.364,70.63,0.0,41.1,2,1,0
13:18:17.140,VIGILE,1,172.28,-18.88,0.208,0.555,1.089,-10.834,-0.214,0.12,-0.347,70.63,0.0,41.1,2,1,0
13:18:17.640,VIGILE,1,171.88,-18.67,0.114,0.156,0.517,-8.942,-0.208,0.111,-0.311,70.63,0.0,41.1,2,1,0
13:18:18.140,VIGILE,1,172.69,-13.29,0.263,0.251,1.762,-8.435,-0.187,0.122,-0.197,70.63,0.0,41.0,2,1,0
13:18:18.640,VIGILE,1,170.71,-8.7,0.243,1.834,-0.055,-10.408,-0.5,0.095,-0.19,70.63,0.0,41.0,2,1,0
13:18:19.140,VIGILE,1,173.29,-10.05,0.258,0.017,1.487,-9.639,-0.269,0.147,-0.067,70.63,0.0,41.0,2,1,0
13:18:19.640,VIGILE,1,170.86,0.96,0.244,-1.913,1.695,-8.344,-0.014,0.017,-0.013,70.63,0.0,41.0,2,1,0
13:18:20.140,VIGILE,1,170.08,7.84,0.215,-0.924,1.427,-9.309,-0.185,0.103,-0.044,70.63,0.0,41.0,2,1,0
13:18:20.640,VIGILE,1,-177.46,5.45,0.097,-0.807,2.145,-10.285,-0.314,0.126,-0.102,70.63,0.0,41.0,2,1,0
13:18:21.140,VIGILE,1,-174.65,12.22,0.117,0.072,1.089,-8.914,-0.117,0.071,-0.048,70.63,0.0,41.0,2,1,0
13:18:21.641,VIGILE,1,178.21,-10.37,0.265,-1.427,1.372,-11.167,-0.213,0.145,-0.064,70.63,0.0,41.0,2,1,0
13:18:22.141,EBBREZZA,1,176.92,-9.23,0.262,-1.322,1.719,-8.808,-0.259,0.052,-0.055,70.63,0.0,41.0,2,1,0
13:18:22.641,EBBREZZA,1,171.15,12.67,0.164,-1.01,1.525,-10.218,-0.13,0.107,-0.013,70.63,0.0,41.0,2,1,0
13:18:23.141,EBBREZZA,1,173.61,-3.76,0.243,0.23,2.358,-9.21,-0.206,0.079,-0.074,70.63,0.0,41.0,2,1,0
13:18:23.641,EBBREZZA,1,174.78,14.61,0.086,-0.472,1.568,-9.311,-0.09,0.049,0.01,70.63,0.0,41.0,2,1,0
13:18:24.141,EBBREZZA,1,172.16,-11.58,0.094,-1.377,1.487,-9.871,-0.08,0.037,-0.002,70.63,0.0,41.0,2,1,0
13:18:24.641,EBBREZZA,1,177.75,-11.13,0.232,-0.582,1.935,-9.014,-0.137,0.055,-0.043,70.63,0.0,41.0,2,1,0
13:18:25.141,EBBREZZA,1,173.2,11.65,0.266,-0.668,2.883,-11.332,-0.609,0.133,-0.042,70.63,0.0,41.0,2,1,0
13:18:25.641,EBBREZZA,1,171.43,18.41,0.241,-2.306,1.238,-9.256,-0.168,-0.006,0.005,70.63,0.0,40.9,2,1,0
13:18:26.141,EBBREZZA,1,176.31,28.98,0.244,-0.991,1.985,-10.221,-0.145,0.057,-0.021,70.63,0.0,40.9,2,1,0
13:18:26.641,EBBREZZA,1,174.51,21.46,0.261,-0.642,1.338,-8.904,-0.182,0.025,-0.006,70.63,0.0,40.9,2,1,0
13:18:27.141,EBBREZZA,1,175.08,20.82,0.251,-0.103,1.535,-9.177,-0.171,0.08,-0.02,70.63,0.0,40.9,2,1,0
13:18:27.641,EBBREZZA,1,172.89,-6.14,0.247,0.22,1.199,-10.001,-0.11,0.049,-0.007,70.63,0.0,40.9,2,1,0
13:18:28.141,EBBREZZA,1,174.91,-14.82,0.245,-0.534,1.64,-10.704,-0.075,0.033,0.014,70.63,0.0,40.9,2,1,0
13:18:28.641,EBBREZZA,1,176.01,-15.94,0.26,0.754,1.987,-9.225,-0.209,0.002,-0.033,70.63,0.0,40.9,2,1,0
13:18:29.141,EBBREZZA,1,170.23,-9.31,0.234,0.34,2.186,-9.361,-0.138,0.049,-0.066,70.63,0.0,40.9,2,1,0
13:18:29.642,EBBREZZA,1,169.31,0.91,0.226,-1.774,1.276,-12.031,0.031,0.027,0.039,70.63,0.0,40.9,2,1,0
13:18:30.142,EBBREZZA,1,171.94,11.21,0.233,-1.178,1.348,-9.598,-0.112,0.047,-0.015,70.63,0.0,40.9,2,1,0
13:18:30.642,EBBREZZA,1,166.62,11.74,0.15,-0.881,1.53,-8.71,-0.107,0.042,-0.031,70.63,0.0,40.8,2,1,0
13:18:31.142,EBBREZZA,1,167.76,7.86,0.256,-0.522,1.717,-9.711,-0.185,0.147,-0.067,70.63,0.0,40.8,2,1,0
13:18:31.642,EBBREZZA,1,171.03,-0.64,0.256,-0.373,2.205,-9.043,-0.231,0.116,-0.094,70.63,0.0,40.8,2,1,0
13:18:32.142,EBBREZZA,1,171.43,6.13,0.259,-1.144,0.996,-9.637,-0.389,0.128,-0.063,70.63,0.0,40.8,2,1,0
13:18:32.642,EBBREZZA,1,173.02,3.21,0.206,-0.388,2.014,-9.208,-0.113,0.025,0.003,70.63,0.0,40.8,2,0,0
13:18:33.142,EBBREZZA,1,170.73,23.54,0.226,-0.881,0.469,-9.807,-0.116,-0.013,0.06,70.63,0.0,40.8,2,0,0
13:18:33.642,EBBREZZA,0,0.0,0.0,0.0,-0.776,2.279,-9.254,-0.189,0.089,-0.042,70.63,0.0,40.8,2,0,0
13:18:34.142,EBBREZZA,1,-174.4,71.3,0.564,-1.733,2.5,-10.544,0.127,0.019,0.006,70.63,0.0,40.8,2,0,0
13:18:34.642,EBBREZZA,1,-179.21,72.39,0.492,-0.967,1.827,-9.455,-0.061,0.019,-0.035,70.63,0.0,40.8,2,0,0
13:18:35.142,EBBREZZA,0,0.0,0.0,0.0,-1.678,3.512,-9.213,-0.486,-0.02,0.001,70.63,0.0,40.8,2,0,0
13:18:35.642,EBBREZZA,1,171.65,-5.1,0.269,-0.68,1.69,-9.414,-0.175,0.049,0.008,70.63,0.0,40.7,2,0,0
13:18:36.142,EBBREZZA,1,169.53,-12.37,0.171,-1.087,1.748,-9.852,-0.112,0.075,-0.011,70.63,0.0,40.7,2,0,0
13:18:36.642,EBBREZZA,1,168.85,-7.64,0.202,-0.654,2.028,-9.038,-0.212,0.038,-0.006,70.63,0.0,40.7,2,0,0
13:18:37.142,EBBREZZA,1,171.21,-4.96,0.22,-1.398,2.033,-9.589,-0.154,0.091,0.003,70.63,0.0,40.7,2,0,0
13:18:37.643,EBBREZZA,1,170.74,-7.26,0.245,-0.309,2.392,-10.611,-0.28,0.172,-0.017,70.63,0.0,40.7,2,0,0
13:18:38.143,EBBREZZA,1,176.33,-11.03,0.272,-1.149,2.258,-9.278,-0.121,0.036,0.007,70.63,0.0,40.7,2,0,0
13:18:38.643,EBBREZZA,1,174.71,-16.79,0.254,-1.709,1.729,-10.001,-0.102,0.055,0.023,70.63,0.0,40.7,2,0,0
13:18:39.143,EBBREZZA,1,171.53,-15.69,0.21,-0.852,2.138,-8.581,-0.192,0.127,-0.015,70.63,0.0,40.7,2,0,0
13:18:39.643,EBBREZZA,1,168.27,-9.7,0.217,-0.285,4.374,-10.671,0.198,-0.07,0.007,70.63,0.0,40.7,2,0,0
13:18:40.143,EBBREZZA,1,169.79,-9.43,0.25,-0.476,2.648,-10.76,-0.22,0.099,0.0,70.63,0.0,40.7,2,0,0
13:18:40.643,EBBREZZA,1,170.99,-10.3,0.269,-1.262,0.357,-10.74,-0.285,0.141,0.002,70.63,0.0,40.6,2,0,0
13:18:41.143,EBBREZZA,1,167.62,13.2,0.237,-1.53,1.808,-8.375,-0.169,0.092,-0.041,70.63,0.0,40.6,2,0,0
13:18:41.643,EBBREZZA,1,168.92,-6.81,0.253,-0.826,1.674,-8.514,-0.3,0.124,-0.057,70.63,0.0,40.6,2,0,0
13:18:42.143,EBBREZZA,1,166.43,-4.85,0.273,-0.721,2.698,-9.979,-0.258,0.11,-0.06,70.63,0.0,40.6,2,0,0
13:18:42.643,EBBREZZA,1,174.81,-9.11,0.278,1.202,2.464,-7.515,-0.247,0.069,-0.135,70.63,0.0,40.6,2,0,0
13:18:43.143,EBBREZZA,1,172.42,-2.77,0.255,0.84,1.779,-10.436,-0.203,0.01,0.01,70.63,0.0,40.6,2,0,0
13:18:43.643,EBBREZZA,1,166.37,0.28,0.259,0.34,2.557,-10.173,-0.143,0.127,0.035,70.63,0.0,40.6,2,0,0
13:18:44.143,EBBREZZA,1,171.84,-2.37,0.263,-1.199,2.162,-9.163,-0.186,0.097,-0.013,70.63,0.0,40.6,2,0,0
13:18:44.643,EBBREZZA,1,175.56,17.26,0.265,-0.012,-1.805,-5.148,-0.852,0.325,0.096,70.63,0.0,40.6,2,0,0
13:18:45.143,EBBREZZA,1,171.13,-9.46,0.261,-1.3,0.903,-11.55,1.37,-0.533,0.227,70.63,0.0,40.6,2,0,0
13:18:45.643,EBBREZZA,1,170.86,-15.57,0.269,0.299,2.938,-10.183,-0.257,-0.102,-0.061,70.63,0.0,40.5,2,0,0
13:18:46.144,EBBREZZA,1,164.67,-10.59,0.238,-1.36,1.97,-9.967,-0.096,0.072,-0.041,70.63,0.0,40.5,2,0,0
13:18:46.644,EBBREZZA,1,166.2,-6.82,0.235,-0.73,1.049,-10.518,0.006,0.003,0.04,70.63,0.0,40.5,2,0,0
13:18:47.144,EBBREZZA,1,170.9,-8.68,0.286,-1.25,1.836,-9.656,-0.334,0.119,-0.074,70.63,0.0,40.5,2,0,0
13:18:47.644,EBBREZZA,1,172.86,-8.18,0.265,-0.397,2.15,-10.07,-0.427,0.21,-0.121,70.63,0.0,40.5,2,0,0
13:18:48.144,EBBREZZA,1,174.22,-8.16,0.258,-0.86,1.097,-8.842,-0.01,0.015,-0.015,70.63,0.0,40.5,2,0,0
13:18:48.644,EBBREZZA,1,172.92,1.37,0.268,-0.148,1.745,-9.843,-0.186,0.044,-0.023,70.63,0.0,40.5,2,0,0
13:18:49.144,EBBREZZA,1,175.12,-5.35,0.271,-0.862,1.444,-9.922,-0.083,0.039,-0.004,70.63,0.0,40.5,2,0,0
13:18:49.644,EBBREZZA,1,174.79,-9.3,0.237,-2.148,1.714,-10.427,-0.151,0.125,-0.01,70.63,0.0,40.5,2,0,0
13:18:50.144,EBBREZZA,1,169.87,-2.51,0.248,-2.732,3.826,-7.946,0.162,-0.063,-0.012,70.63,0.0,40.5,2,0,0
13:18:50.644,EBBREZZA,0,0.0,0.0,0.0,-2.31,-1.365,-9.433,-0.914,0.24,-0.389,70.63,0.0,40.4,2,0,0
13:18:51.144,EBBREZZA,1,172.63,2.36,0.248,-0.874,1.901,-10.072,-0.273,0.098,-0.024,70.63,0.0,40.4,2,0,0
13:18:51.644,EBBREZZA,1,174.48,1.09,0.234,-1.039,1.494,-9.531,-0.173,0.11,-0.042,70.63,0.0,40.4,2,0,0
13:18:52.144,EBBREZZA,1,171.88,-2.79,0.266,-0.644,2.193,-9.807,-0.236,0.07,0.015,70.63,0.0,40.4,2,0,0
13:18:52.644,EBBREZZA,1,174.06,-8.76,0.268,-0.915,2.892,-9.189,-0.027,0.024,0.009,70.63,0.0,40.4,2,0,0
13:18:53.144,EBBREZZA,1,174.16,-7.92,0.26,-1.317,0.886,-10.108,-0.282,0.15,-0.009,70.63,0.0,40.3,2,0,0
13:18:53.644,EBBREZZA,1,173.34,-4.86,0.183,-0.153,1.379,-8.186,-0.207,0.05,-0.022,70.63,0.0,40.3,2,0,0
13:18:54.144,EBBREZZA,1,165.28,-3.8,0.256,-2.102,1.46,-8.452,-0.319,0.173,-0.015,70.63,0.0,40.3,2,0,0
13:18:54.644,EBBREZZA,1,169.94,22.51,0.257,-5.449,2.516,-11.226,0.141,-0.026,-0.107,70.63,0.0,40.3,2,0,0
13:18:55.145,EBBREZZA,1,172.49,20.29,0.233,-2.99,2.758,-8.875,-0.122,0.104,-0.148,70.63,0.0,40.3,2,0,0
13:18:55.645,EBBREZZA,1,170.06,14.79,0.245,-2.682,2.569,-9.206,-0.117,0.106,-0.099,70.63,0.0,40.3,2,0,0
13:18:56.145,EBBREZZA,1,170.25,2.67,0.269,-2.607,3.168,-8.832,-0.171,0.086,-0.071,70.63,0.0,40.3,2,0,0
13:18:56.645,EBBREZZA,1,171.56,6.26,0.251,-1.901,2.763,-9.357,-0.148,0.087,-0.027,70.63,0.0,40.3,2,0,0
13:18:57.145,EBBREZZA,1,176.27,28.29,0.18,-1.219,2.303,-9.51,-0.144,0.079,-0.021,70.63,0.0,40.3,2,0,0
13:18:57.645,EBBREZZA,1,177.7,23.3,0.265,-0.692,2.162,-9.28,-0.15,0.069,-0.022,70.63,0.0,40.3,2,0,0
13:18:58.145,EBBREZZA,1,-179.63,24.57,0.134,-0.484,2.243,-9.39,-0.185,0.106,-0.037,70.63,0.0,40.2,2,0,0
13:18:58.645,EBBREZZA,1,-177.16,30.98,0.126,-0.642,2.136,-9.606,-0.15,0.075,-0.025,70.63,0.0,40.2,2,0,0
13:18:59.145,VIGILE,1,-178.49,27.82,0.089,-0.644,1.911,-9.143,-0.15,0.065,-0.01,70.63,0.0,40.2,2,0,0
13:18:59.645,VIGILE,1,174.73,6.19,0.276,-0.69,2.272,-9.596,-0.086,0.057,-0.007,70.63,0.0,40.2,2,1,0
13:19:00.145,VIGILE,1,175.02,-4.58,0.278,-0.699,2.054,-9.292,-0.192,0.096,-0.045,70.63,0.0,40.2,2,1,0
13:19:00.645,VIGILE,1,175.23,-4.27,0.274,-0.634,1.946,-9.376,-0.243,0.102,-0.042,70.63,0.0,40.1,2,1,0
13:19:01.145,VIGILE,1,177.85,14.2,0.27,-0.467,1.92,-9.4,-0.109,0.063,-0.014,70.63,0.0,40.1,2,1,0
13:19:01.645,VIGILE,1,172.71,40.02,0.369,-0.998,2.116,-9.278,-0.107,0.056,-0.017,70.63,0.0,40.1,2,1,0
13:19:02.145,VIGILE,1,172.77,63.57,0.552,-0.622,2.006,-9.225,-0.193,0.107,-0.034,70.63,0.0,40.1,2,1,0
13:19:02.645,VIGILE,1,175.16,35.31,0.302,-0.069,1.554,-9.543,-0.105,0.055,-0.006,70.63,0.0,40.1,2,1,0
13:19:03.146,VIGILE,1,-177.92,-37.97,0.349,1.053,0.642,-9.795,-0.226,0.123,-0.183,70.63,0.0,40.1,2,1,0
13:19:03.646,VIGILE,1,-179.1,38.36,0.433,0.625,0.055,-10.044,0.022,0.1,-0.307,70.63,0.0,40.1,2,1,0
13:19:04.146,VIGILE,1,171.28,22.3,0.254,-1.176,-0.266,-9.857,-0.05,0.089,-0.46,70.63,0.0,40.1,2,1,0
13:19:04.646,VIGILE,1,177.17,-41.05,0.392,-0.543,0.433,-9.639,-0.055,0.149,-0.498,70.63,0.0,40.1,2,1,0
13:19:05.146,VIGILE,1,173.6,-35.88,0.36,-0.824,-1.408,-10.156,-0.203,0.175,-0.678,70.63,0.0,40.1,2,1,0
13:19:05.646,VIGILE,1,173.91,-33.94,0.304,-2.562,-1.791,-10.305,-0.258,0.201,-0.614,70.63,0.0,40.0,2,1,0
13:19:06.146,VIGILE,1,174.74,-28.61,0.277,-2.38,0.816,-9.122,-0.061,0.097,-0.38,70.63,0.0,40.0,2,1,0
13:19:06.646,VIGILE,1,169.77,-18.08,0.292,-1.482,0.354,-9.467,-0.226,0.135,-0.31,70.63,0.0,40.0,2,1,0
13:19:07.146,VIGILE,1,171.64,3.86,0.251,-0.429,0.249,-9.517,-0.17,0.154,-0.249,70.63,0.0,40.0,2,1,0
13:19:07.646,VIGILE,1,168.97,7.64,0.254,-0.124,0.474,-10.185,-0.087,0.07,-0.153,70.63,0.0,40.0,2,1,0
13:19:08.146,VIGILE,1,170.19,10.79,0.262,0.35,1.733,-9.644,-0.123,0.095,-0.023,70.63,0.0,40.0,2,1,0
13:19:08.646,VIGILE,1,173.74,17.47,0.262,0.218,1.178,-9.266,-0.143,0.019,-0.01,70.63,0.0,40.0,2,1,0
13:19:09.147,VIGILE,1,172.48,16.13,0.258,0.318,1.199,-9.56,-0.07,0.083,-0.027,70.63,0.0,40.0,2,1,0
13:19:09.647,VIGILE,1,169.73,6.44,0.244,0.077,1.372,-9.641,0.123,-0.009,0.034,70.63,0.0,40.0,2,1,0
13:19:10.147,VIGILE,1,171.03,10.61,0.26,-1.037,1.872,-9.699,-0.146,0.037,-0.008,70.63,0.0,40.0,2,1,0
13:19:10.647,VIGILE,1,171.07,6.5,0.239,-1.504,1.882,-8.94,-0.163,0.127,-0.048,70.63,0.0,39.9,2,1,0
13:19:11.147,VIGILE,1,170.72,4.29,0.253,-0.725,1.403,-9.337,-0.23,0.077,-0.041,70.63,0.0,39.9,2,1,0
13:19:11.647,VIGILE,1,171.53,-0.76,0.233,-1.01,2.169,-9.177,-0.228,0.114,-0.025,70.63,0.0,39.9,2,1,0
13:19:12.147,VIGILE,1,171.21,11.1,0.247,-1.106,2.114,-9.797,-0.145,0.079,-0.011,70.63,0.0,39.9,2,1,0
13:19:12.648,VIGILE,1,171.89,12.81,0.23,-1.762,1.283,-9.191,-0.06,0.065,-0.001,70.63,0.0,39.9,2,1,0
13:19:13.148,VIGILE,1,167.88,5.22,0.226,-1.324,1.257,-9.914,-0.101,0.051,-0.065,70.63,0.0,39.9,2,1,0
13:19:13.648,VIGILE,1,172.03,0.22,0.256,-1.528,0.989,-9.553,-0.154,0.044,-0.119,70.63,0.0,39.9,2,1,0
13:19:14.148,VIGILE,1,171.9,-2.09,0.256,-1.049,0.077,-10.027,-0.045,0.06,-0.102,70.63,0.0,39.9,2,1,0
13:19:14.648,VIGILE,1,169.11,0.88,0.237,-1.02,0.165,-8.923,-0.08,0.066,-0.111,70.63,0.0,39.9,2,1,0
13:19:15.148,VIGILE,1,174.39,-6.19,0.259,-3.103,-2.253,-10.511,1.041,-0.131,0.019,70.63,0.0,39.9,2,1,0
13:19:15.648,VIGILE,1,174.54,-11.9,0.199,-1.803,-0.065,-10.099,0.006,0.028,-0.077,70.63,0.0,39.8,2,1,0
13:19:16.148,VIGILE,1,173.31,-22.26,0.269,-0.285,0.986,-9.139,-0.075,0.072,-0.076,70.63,0.0,39.8,2,1,0
13:19:16.648,VIGILE,1,172.07,-38.21,0.303,-1.247,1.118,-9.103,-0.091,0.066,-0.076,70.63,0.0,39.8,2,1,0
13:19:17.148,VIGILE,1,172.17,-24.2,0.287,-1.93,1.144,-9.931,-0.152,0.051,-0.106,70.63,0.0,39.8,2,1,0
13:19:17.648,VIGILE,1,174.99,-20.19,0.282,-1.369,0.848,-9.452,-0.016,0.03,-0.096,70.63,0.0,39.8,2,1,0
13:19:18.151,VIGILE,1,171.71,-14.16,0.282,-1.901,2.042,-10.41,-0.107,0.09,-0.148,70.63,0.0,39.8,2,1,0
13:19:18.651,VIGILE,1,169.5,-8.68,0.27,-1.616,0.572,-9.91,-0.178,0.071,-0.145,70.63,0.0,39.8,2,1,1
13:19:19.151,VIGILE,1,168.59,11.18,0.275,-1.42,1.58,-10.022,-0.135,0.044,-0.047,70.63,0.0,39.8,2,1,1
13:19:19.651,VIGILE,1,173.01,7.86,0.271,-0.156,2.157,-9.124,-0.193,0.064,0.067,70.63,0.0,39.8,2,1,1
13:19:20.152,VIGILE,1,169.8,7.63,0.216,-1.365,3.108,-10.135,-0.012,0.026,0.108,70.63,0.0,39.8,2,1,1
13:19:20.652,VIGILE,1,168.83,11.63,0.228,-0.022,2.38,-7.901,-0.323,0.072,0.025,70.63,0.0,39.7,2,1,1
13:19:21.152,VIGILE,1,170.95,17.77,0.249,-1.041,2.27,-10.654,-0.118,0.099,0.08,70.63,0.0,39.7,2,1,1
13:19:21.652,VIGILE,1,169.2,19.93,0.252,-0.96,2.655,-9.072,-0.165,0.071,0.048,70.63,0.0,39.7,2,1,1
13:19:22.152,VIGILE,1,170.25,3.38,0.249,-1.003,1.745,-9.072,-0.145,0.074,-0.015,70.63,0.0,39.7,2,1,1
13:19:22.652,VIGILE,1,170.31,2.34,0.253,-0.986,2.021,-9.134,-0.169,0.076,-0.021,70.63,0.0,39.7,2,1,1
13:19:23.152,VIGILE,1,172.77,-7.69,0.252,-0.869,1.951,-9.215,-0.141,0.042,-0.025,70.63,0.0,39.7,2,1,1
13:19:23.652,VIGILE,1,172.68,-12.75,0.269,-1.166,1.25,-10.075,-0.119,0.103,-0.079,70.63,0.0,39.7,2,1,1
13:19:24.152,VIGILE,1,169.76,-12.95,0.27,-0.371,-0.405,-9.912,-0.272,0.122,-0.116,70.63,0.0,39.7,2,1,1
13:19:24.652,VIGILE,1,171.25,-3.9,0.232,-0.776,0.318,-9.069,-0.252,0.123,-0.199,70.63,0.0,39.7,2,1,1
13:19:25.153,VIGILE,1,170.32,0.96,0.234,-1.183,0.812,-9.234,-0.051,0.059,-0.172,70.63,0.0,39.7,2,1,1
13:19:25.653,VIGILE,1,170.21,9.0,0.24,-1.12,-0.891,-8.849,-0.082,0.083,-0.071,70.63,0.0,39.7,2,1,1
13:19:26.153,VIGILE,1,172.46,10.86,0.248,-0.943,1.731,-9.251,0.027,0.014,-0.011,70.63,0.0,39.7,2,1,1
13:19:26.653,VIGILE,1,168.32,15.67,0.243,-1.144,2.543,-9.618,-0.276,0.069,-0.032,70.63,0.0,39.7,2,1,1
13:19:27.153,VIGILE,1,168.38,15.8,0.276,-0.836,2.701,-9.28,-0.115,0.062,0.037,70.63,0.0,39.7,2,1,1
13:19:27.653,VIGILE,1,169.16,-4.43,0.286,-0.089,2.351,-9.414,-0.155,0.064,0.028,70.63,0.0,39.7,2,1,1
13:19:28.154,VIGILE,1,172.05,-4.08,0.255,-1.173,2.028,-8.902,-0.148,0.068,0.039,70.63,0.0,39.6,2,1,1
13:19:28.654,VIGILE,1,172.12,-0.92,0.244,-0.369,2.222,-10.032,-0.118,0.036,0.04,70.63,0.0,39.6,2,1,1
13:19:29.154,VIGILE,1,172.03,-3.23,0.259,-1.051,1.726,-9.735,-0.159,0.034,-0.003,70.63,0.0,39.6,2,1,1
13:19:29.654,VIGILE,1,170.06,-4.03,0.135,-1.142,2.258,-9.311,-0.211,0.067,-0.021,70.63,0.0,39.6,2,1,1
13:19:30.154,VIGILE,1,170.72,-5.34,0.2,-0.515,1.844,-8.452,-0.276,0.097,-0.014,70.63,0.0,39.6,2,1,1
13:19:30.654,SONNOLENZA,1,169.42,-3.38,0.086,-0.721,3.462,-9.993,-0.262,0.199,-0.056,70.63,0.0,39.6,2,1,1
13:19:31.154,SONNOLENZA,1,173.35,-5.92,0.101,-1.448,1.935,-9.558,-0.24,0.044,-0.024,70.63,0.0,39.6,2,1,1
13:19:31.654,SONNOLENZA,1,171.17,-5.02,0.16,-0.673,1.125,-8.557,-0.01,0.046,0.008,70.63,0.0,39.6,2,1,1
13:19:32.154,SONNOLENZA,1,167.14,-3.75,0.091,-1.779,1.839,-9.515,-0.211,0.098,-0.044,70.63,0.0,39.6,2,1,1
13:19:32.655,SONNOLENZA,1,169.76,-5.0,0.064,-1.35,1.556,-9.644,-0.218,0.188,-0.074,70.63,0.0,39.6,2,1,1
13:19:33.155,SONNOLENZA,1,167.51,-3.39,0.209,-1.542,2.516,-8.554,-0.151,0.068,-0.048,70.63,0.0,39.5,3,1,1
13:19:33.655,SONNOLENZA,1,168.31,-0.71,0.111,-1.851,2.102,-9.328,-0.163,0.076,-0.033,70.63,0.0,39.5,3,1,1
13:19:34.155,SONNOLENZA,1,166.01,16.06,0.124,-1.267,2.081,-8.887,-0.106,0.068,-0.05,70.63,0.0,39.5,3,1,1
13:19:34.655,SONNOLENZA,1,167.04,17.16,0.194,-0.409,2.456,-8.387,-0.071,0.014,-0.014,70.63,0.0,39.5,3,1,1
13:19:35.155,SONNOLENZA,1,168.87,22.0,0.198,-0.749,2.184,-8.552,-0.161,0.089,-0.007,70.63,0.0,39.5,3,1,1
13:19:35.655,SONNOLENZA,1,164.81,15.01,0.077,-1.647,2.902,-8.966,-0.073,0.086,-0.014,70.63,0.0,39.5,3,1,1
13:19:36.155,SONNOLENZA,1,163.43,13.25,0.143,-1.731,2.828,-9.325,-0.148,0.044,0.013,70.63,0.0,39.5,3,1,1
13:19:36.655,SONNOLENZA,1,164.24,13.32,0.144,-2.808,3.388,-8.89,-0.188,0.075,-0.021,70.63,0.0,39.5,3,1,1
13:19:37.155,SONNOLENZA,1,163.94,-43.06,0.355,-3.733,3.237,-8.6,-0.104,0.076,-0.006,70.63,0.0,39.5,3,1,1
13:19:37.655,SONNOLENZA,1,173.04,17.71,0.24,-2.653,3.117,-9.455,-0.162,0.09,-0.008,70.63,0.0,39.5,3,1,1
13:19:38.155,SONNOLENZA,1,169.08,36.03,0.2,-0.572,1.949,-8.799,-0.116,0.047,0.045,70.63,0.0,39.5,3,1,1
13:19:38.655,SONNOLENZA,1,164.3,29.72,0.089,-0.311,3.036,-10.092,0.155,-0.087,0.192,70.63,0.0,39.5,3,1,1
13:19:39.156,SONNOLENZA,1,163.64,33.46,0.214,1.164,3.29,-9.031,-0.38,0.097,0.164,70.63,0.0,39.5,3,1,1
13:19:39.656,SONNOLENZA,1,165.51,39.81,0.303,-1.547,2.981,-9.821,-0.1,-0.064,0.325,70.63,0.0,39.5,3,1,1
13:19:40.156,SONNOLENZA,1,176.19,32.22,0.183,-1.02,2.926,-8.523,-0.146,-0.003,0.333,70.63,0.0,39.5,3,1,1
13:19:40.656,SONNOLENZA,1,172.95,-17.98,0.212,-1.022,3.127,-8.815,-0.124,0.024,0.333,70.63,0.0,39.5,3,1,1
13:19:41.156,SONNOLENZA,1,166.38,-43.72,0.374,-0.903,2.696,-8.82,-0.231,0.047,0.189,70.63,0.0,39.5,3,1,1
13:19:41.656,SONNOLENZA,1,-179.1,-74.05,0.58,-0.857,1.853,-9.215,-0.08,-0.015,0.151,70.63,0.0,39.5,3,1,1
13:19:42.156,SONNOLENZA,1,174.87,-18.29,0.194,-2.004,1.841,-8.622,-0.09,0.017,0.066,70.63,0.0,39.5,3,1,1
13:19:42.656,SONNOLENZA,1,169.58,32.8,0.239,-1.022,2.121,-9.383,-0.136,0.05,0.034,70.63,0.0,39.5,3,1,1
13:19:43.156,SONNOLENZA,1,175.82,25.05,0.253,0.515,2.634,-9.541,-0.233,0.09,0.106,70.63,0.0,39.5,3,1,1
13:19:43.656,SONNOLENZA,1,169.31,38.86,0.266,0.536,3.33,-9.574,-0.153,0.073,0.235,70.63,0.0,39.5,3,1,1
13:19:44.156,SONNOLENZA,1,176.79,37.93,0.166,-0.505,3.089,-9.364,-0.031,0.05,0.363,70.63,0.0,39.5,3,1,1
13:19:44.656,SONNOLENZA,1,172.9,39.0,0.287,-0.086,2.808,-9.117,-0.051,-0.071,0.419,70.63,0.0,39.5,3,1,1
13:19:45.156,SONNOLENZA,1,171.51,33.01,0.22,-0.311,3.457,-9.167,-0.056,-0.017,0.395,70.63,0.0,39.5,3,1,1
13:19:45.656,SONNOLENZA,1,172.14,22.84,0.229,-0.091,2.859,-9.05,-0.063,-0.052,0.389,70.63,0.0,39.5,3,1,1
13:19:46.156,SONNOLENZA,0,0.0,0.0,0.0,-0.381,3.68,-8.583,-0.091,-0.011,0.394,70.63,0.0,39.5,3,1,1
13:19:46.656,SONNOLENZA,1,172.79,10.02,0.243,-0.613,1.853,-9.74,-0.051,0.007,0.21,70.63,0.0,39.5,3,1,1
13:19:47.157,SONNOLENZA,1,170.46,1.03,0.121,-0.05,1.788,-9.397,-0.127,0.034,0.047,70.63,0.0,39.5,3,1,1
13:19:47.657,SONNOLENZA,1,167.37,-0.0,0.131,-0.014,1.425,-9.069,-0.168,0.042,-0.05,70.63,0.0,39.5,3,1,1
13:19:48.157,SONNOLENZA,1,164.7,-3.24,0.11,-0.67,1.161,-9.16,-0.052,0.096,-0.013,70.63,0.0,39.5,3,1,1
13:19:48.657,SONNOLENZA,1,171.38,-8.91,0.253,-0.646,1.52,-9.697,-0.137,0.075,-0.043,70.63,0.0,39.5,3,1,1
13:19:49.157,SONNOLENZA,1,168.8,-5.69,0.248,-0.582,1.049,-9.383,-0.112,0.069,-0.002,70.63,0.0,39.5,3,1,1
13:19:49.657,SONNOLENZA,1,168.62,-5.38,0.147,-0.953,1.48,-9.73,-0.091,0.025,0.008,70.63,0.0,39.5,3,1,1
13:19:50.157,SONNOLENZA,1,169.12,-4.56,0.108,-0.474,1.906,-9.407,-0.214,0.109,-0.05,70.63,0.0,39.5,3,1,1
13:19:50.657,SONNOLENZA,1,169.19,-4.61,0.104,-0.486,1.604,-9.45,-0.171,0.091,-0.024,70.63,0.0,39.5,3,1,1
13:19:51.157,SONNOLENZA,1,168.64,-4.64,0.258,-0.704,1.671,-9.538,-0.178,0.088,-0.023,70.63,0.0,39.5,3,1,1
13:19:51.657,SONNOLENZA,1,171.76,-6.46,0.207,-0.311,1.281,-8.629,-0.211,0.093,-0.027,70.63,0.0,39.5,3,1,1
13:19:52.157,SONNOLENZA,1,170.01,-6.99,0.119,-0.512,1.741,-9.562,-0.075,0.014,0.013,70.63,0.0,39.5,3,1,1
13:19:52.657,SONNOLENZA,1,170.87,-7.28,0.104,-1.214,1.875,-9.414,-0.164,0.068,-0.029,70.63,0.0,39.5,3,1,1
13:19:53.159,SONNOLENZA,1,173.45,-11.31,0.249,-1.207,1.516,-9.498,-0.124,0.046,0.0,70.63,0.0,39.4,3,1,1
13:19:53.659,SONNOLENZA,1,175.27,-13.42,0.242,-1.314,1.262,-9.857,-0.161,0.078,-0.067,70.63,0.0,39.4,3,1,1
13:19:54.159,SONNOLENZA,1,167.92,-6.27,0.104,-0.402,1.267,-9.414,-0.307,0.137,-0.111,70.63,0.0,39.4,3,1,1
13:19:54.659,SONNOLENZA,1,167.44,-3.88,0.08,-0.891,1.281,-9.392,-0.172,0.102,-0.067,70.63,0.0,39.4,3,1,1
13:19:55.159,SONNOLENZA,1,170.26,-2.85,0.227,-0.323,1.82,-9.524,-0.206,0.092,-0.034,70.63,0.0,39.4,3,1,1
13:19:55.659,SONNOLENZA,1,171.57,-4.37,0.13,-1.183,1.999,-9.553,0.16,-0.085,0.089,70.63,0.0,39.4,3,1,1
13:19:56.160,SONNOLENZA,1,173.09,-8.29,0.082,-1.322,2.844,-10.429,-0.298,0.136,0.017,70.63,0.0,39.4,3,1,1
13:19:56.660,SONNOLENZA,1,173.42,-9.34,0.195,-0.706,2.421,-8.693,-0.097,0.063,0.046,70.63,0.0,39.4,3,1,1
13:19:57.160,SONNOLENZA,1,171.98,-5.22,0.213,-0.373,1.274,-9.316,-0.22,0.089,-0.023,70.63,0.0,39.4,3,1,1
13:19:57.660,SONNOLENZA,1,170.78,-7.99,0.113,-0.917,1.611,-9.134,-0.046,0.036,0.008,70.63,0.0,39.4,3,1,1
13:19:58.160,SONNOLENZA,1,170.04,-7.74,0.069,-2.045,2.662,-10.41,0.015,-0.059,0.025,70.63,0.0,39.4,3,1,1
13:19:58.660,SONNOLENZA,1,172.68,-8.88,0.082,-0.601,1.848,-8.835,-0.223,0.111,-0.079,70.63,0.0,39.4,3,1,1
13:19:59.160,SONNOLENZA,1,172.7,-11.09,0.054,-1.614,1.844,-9.625,-0.123,0.073,-0.055,70.63,0.0,39.4,3,1,1
13:19:59.660,SONNOLENZA,1,173.3,-12.15,0.211,-0.589,1.372,-9.483,-0.138,0.052,-0.037,70.63,0.0,39.4,3,1,1
13:20:00.160,SONNOLENZA,1,173.11,-11.1,0.251,-0.974,1.573,-9.462,-0.158,0.077,-0.026,70.63,0.0,39.4,3,1,1
13:20:00.660,SONNOLENZA,1,169.22,-3.92,0.259,-3.036,2.296,-8.734,-0.145,0.012,0.014,70.63,0.0,39.4,3,1,1
13:20:01.160,SONNOLENZA,1,172.6,-7.24,0.243,-4.633,2.286,-9.014,-0.07,0.051,0.002,70.63,0.0,39.4,3,1,1
13:20:01.660,SONNOLENZA,1,172.49,-8.0,0.245,-3.828,2.586,-8.437,-0.145,0.087,-0.029,70.63,0.0,39.4,3,1,1
13:20:02.160,SONNOLENZA,1,170.81,-8.71,0.157,-3.23,2.612,-9.122,-0.139,0.079,-0.029,70.63,0.0,39.4,3,1,1
13:20:02.660,SONNOLENZA,1,172.9,-11.49,0.107,-2.497,2.519,-9.167,-0.246,0.142,-0.064,70.63,0.0,39.4,3,1,1
13:20:03.160,SONNOLENZA,1,176.87,-11.29,0.095,-2.133,2.016,-9.306,-0.149,0.075,-0.016,70.63,0.0,39.4,3,1,1
13:20:03.661,SONNOLENZA,1,178.34,-11.23,0.094,-1.563,1.935,-9.402,-0.083,0.051,0.004,70.63,0.0,39.4,3,1,1
13:20:04.161,SONNOLENZA,1,175.93,-12.66,0.062,-1.262,1.798,-9.292,-0.128,0.07,-0.021,70.63,0.0,39.4,3,1,1
13:20:04.661,SONNOLENZA,1,178.88,-3.18,0.088,-1.199,1.896,-9.613,-0.127,0.07,-0.021,70.63,0.0,39.4,3,1,1
13:20:05.161,VIGILE,1,171.45,-9.3,0.252,0.05,1.384,-9.187,-0.149,0.07,-0.009,70.63,0.0,39.4,3,1,1
13:20:05.661,VIGILE,1,172.8,-16.39,0.276,0.51,1.255,-9.074,-0.153,0.092,-0.011,70.63,0.0,39.4,3,1,1
13:20:06.161,VIGILE,1,171.21,-15.88,0.269,-0.096,1.607,-9.151,-0.175,0.071,-0.03,70.63,0.0,39.4,3,1,1
13:20:06.661,VIGILE,1,173.21,-32.4,0.268,-0.043,1.226,-9.467,-0.043,0.057,0.008,70.63,0.0,39.4,3,1,1
13:20:07.161,VIGILE,1,173.24,-28.86,0.275,0.52,1.142,-9.45,-0.1,0.042,-0.029,70.63,0.0,39.4,3,1,1
13:20:07.661,VIGILE,1,173.49,-12.06,0.281,-0.129,1.401,-10.003,0.05,-0.016,0.054,70.63,0.0,39.4,3,1,1
13:20:08.161,VIGILE,1,173.4,-9.01,0.277,0.771,1.358,-9.574,-0.183,0.119,-0.029,70.63,0.0,39.4,3,1,1
13:20:08.661,VIGILE,1,174.88,-9.93,0.284,-1.786,2.423,-10.235,-0.029,0.15,0.018,70.63,0.0,39.4,3,1,1
13:20:09.161,VIGILE,1,171.76,-13.27,0.276,-1.223,2.344,-9.383,-0.191,-0.048,-0.067,70.63,0.0,39.4,3,1,1
13:20:09.661,VIGILE,1,176.25,-20.28,0.26,-0.113,1.499,-9.024,-0.231,-0.001,-0.044,70.63,0.0,39.4,3,1,1
13:20:10.161,VIGILE,1,176.08,-9.78,0.263,0.28,1.302,-8.926,-0.079,0.225,0.01,70.63,0.0,39.4,3,1,1
13:20:10.662,VIGILE,1,175.8,-6.32,0.267,0.249,1.317,-9.194,-0.14,0.067,-0.002,70.63,0.0,39.4,3,1,1
13:20:11.162,VIGILE,1,175.95,-8.24,0.27,0.251,1.458,-9.321,-0.092,0.013,0.016,70.63,0.0,39.4,3,1,1
13:20:11.662,VIGILE,1,172.03,-9.74,0.274,-0.256,1.717,-9.196,-0.095,0.019,0.006,70.63,0.0,39.4,3,1,1
13:20:12.162,VIGILE,1,170.74,-4.96,0.255,0.357,1.69,-9.5,-0.128,0.015,-0.026,70.63,0.0,39.4,3,1,1
13:20:12.662,VIGILE,1,173.53,-8.89,0.242,0.196,1.726,-10.274,-0.144,0.055,-0.009,70.63,0.0,39.4,3,1,1
13:20:13.162,VIGILE,1,171.49,-6.31,0.264,-0.457,1.671,-9.555,-0.184,0.086,-0.032,70.63,0.0,39.3,3,1,1
13:20:13.662,VIGILE,1,169.21,-5.28,0.243,-0.713,1.377,-9.831,-0.222,0.034,-0.022,70.63,0.0,39.3,3,1,1
13:20:14.162,VIGILE,1,170.07,-4.98,0.148,-1.951,1.987,-9.476,-0.067,0.088,-0.029,70.63,0.0,39.3,3,1,1
13:20:14.662,VIGILE,1,172.53,-1.64,0.275,-0.91,2.32,-10.264,-0.136,0.051,-0.007,70.63,0.0,39.3,3,1,1
13:20:15.162,VIGILE,1,171.64,41.17,0.339,-1.686,1.86,-8.712,0.003,-0.038,0.082,70.63,0.0,39.3,3,1,1
13:20:15.662,VIGILE,1,171.43,0.51,0.223,-0.548,1.865,-9.036,-0.177,0.158,-0.011,70.63,0.0,39.3,3,1,1
13:20:16.162,VIGILE,1,173.47,5.47,0.268,-2.025,1.022,-8.701,-0.11,0.021,-0.018,70.63,0.0,39.3,3,1,1
13:20:16.662,VIGILE,1,173.54,-0.64,0.266,-0.347,2.413,-9.196,-0.195,0.096,-0.045,70.63,0.0,39.3,3,1,1
13:20:17.162,VIGILE,1,172.55,1.64,0.277,-0.488,1.966,-9.033,-0.12,0.06,-0.014,70.63,0.0,39.3,3,1,1
13:20:17.662,VIGILE,0,0.0,0.0,0.0,-1.077,1.961,-9.61,-0.213,0.112,-0.063,70.63,0.0,39.3,3,1,1
13:20:18.163,VIGILE,0,0.0,0.0,0.0,-0.373,2.322,-9.831,-0.236,0.029,-0.073,70.63,0.0,39.3,3,1,1
13:20:18.663,VIGILE,1,177.83,2.68,0.263,-1.006,1.762,-9.577,-0.079,0.073,-0.017,70.63,0.0,39.3,3,1,1
13:20:19.163,VIGILE,1,-168.66,21.89,0.271,-0.05,1.611,-9.225,-0.326,0.013,-0.09,70.63,0.0,39.3,3,1,1
13:20:19.663,VIGILE,1,-162.49,6.44,0.222,-0.359,1.894,-9.275,-0.122,0.065,-0.015,70.63,0.0,39.3,3,1,1
13:20:20.163,VIGILE,0,0.0,0.0,0.0,-0.515,1.48,-10.039,-0.08,0.033,-0.004,70.63,0.0,39.3,3,1,1
13:20:20.663,VIGILE,1,172.22,-0.83,0.265,-0.953,1.966,-9.967,-0.101,0.033,0.01,70.63,0.0,39.3,3,1,1
13:20:21.163,VIGILE,1,174.05,-2.18,0.274,-1.106,2.243,-9.28,-0.124,0.068,-0.009,70.63,0.0,39.3,3,1,1
13:20:21.663,VIGILE,1,173.57,0.8,0.254,-0.093,1.743,-9.349,-0.241,0.099,-0.037,70.63,0.0,39.3,3,1,1
13:20:22.163,VIGILE,1,173.95,-7.03,0.245,-1.039,1.573,-9.026,-0.175,0.075,-0.01,70.63,0.0,39.3,3,1,1
13:20:22.663,VIGILE,1,173.66,-6.42,0.266,-0.151,1.506,-10.496,-0.212,0.137,-0.034,70.63,0.0,39.3,3,1,1
13:20:23.163,VIGILE,1,173.82,4.53,0.273,-0.622,1.602,-9.486,-0.149,0.024,-0.031,70.63,0.0,39.3,3,1,1
13:20:23.663,VIGILE,1,172.87,-5.18,0.284,-0.692,2.09,-9.625,-0.206,0.061,-0.04,70.63,0.0,39.3,3,1,1
13:20:24.163,VIGILE,1,174.79,0.7,0.28,-1.456,1.942,-9.148,-0.138,0.047,-0.023,70.63,0.0,39.3,3,1,1
13:20:24.663,VIGILE,1,174.17,-5.43,0.265,-0.855,2.04,-9.402,-0.161,0.08,-0.036,70.63,0.0,39.3,3,1,1
13:20:25.164,VIGILE,1,176.42,-7.98,0.26,-0.879,1.48,-9.014,-0.208,0.068,-0.052,70.63,0.0,39.3,3,1,1
13:20:25.664,VIGILE,1,176.16,-5.02,0.265,-1.259,2.155,-9.23,-0.091,-0.018,-0.007,70.63,0.0,39.2,3,1,1
13:20:26.164,VIGILE,1,172.69,-5.12,0.241,-0.953,1.635,-9.177,-0.096,0.061,-0.005,70.63,0.0,39.2,3,1,1
13:20:26.664,VIGILE,1,166.56,-3.6,0.183,-1.528,1.939,-10.211,-0.003,0.031,0.028,70.63,0.0,39.2,3,1,1
13:20:27.164,VIGILE,1,172.88,-2.67,0.253,-1.044,1.59,-9.503,-0.118,0.07,-0.023,70.63,0.0,39.2,3,1,1
13:20:27.664,VIGILE,1,174.2,-9.36,0.199,-0.977,1.566,-9.321,-0.064,0.021,0.002,70.63,0.0,39.2,3,1,1
13:20:28.164,VIGILE,1,172.91,-5.08,0.255,-1.448,0.903,-9.402,-0.128,0.028,0.01,70.63,0.0,39.2,3,1,1
13:20:28.664,VIGILE,1,175.88,-9.05,0.257,-0.675,2.054,-9.424,-0.178,0.066,-0.042,70.63,0.0,39.2,3,1,1
13:20:29.164,VIGILE,1,173.77,-8.79,0.275,-0.773,1.547,-8.885,-0.18,0.092,-0.047,70.63,0.0,39.2,3,1,1
13:20:29.664,VIGILE,1,171.85,-7.72,0.185,-1.446,1.444,-9.153,-0.224,0.096,-0.029,70.63,0.0,39.2,3,1,1
13:20:30.164,VIGILE,1,173.4,-7.69,0.249,-1.281,1.489,-9.153,-0.22,0.131,-0.036,70.63,0.0,39.2,3,1,1
13:20:30.664,VIGILE,1,175.24,-9.65,0.238,-0.986,1.935,-9.091,-0.168,0.064,-0.029,70.63,0.0,39.1,3,1,1
13:20:31.164,VIGILE,1,173.74,-2.37,0.262,-1.185,1.154,-9.227,-0.182,0.074,-0.035,70.63,0.0,39.1,3,1,1
13:20:31.664,VIGILE,1,171.21,-8.12,0.269,-1.513,1.688,-9.213,0.003,-0.009,0.035,70.63,0.0,39.1,3,1,1
13:20:32.164,VIGILE,1,170.79,-8.49,0.278,-1.583,1.403,-9.857,-0.126,0.084,-0.027,70.63,0.0,39.1,3,1,1
13:20:32.664,VIGILE,1,172.41,-6.07,0.13,-1.228,1.302,-9.795,-0.11,0.05,-0.002,70.63,0.0,39.1,3,1,1
13:20:33.164,DISTRAZIONE,1,175.15,19.03,0.118,-1.568,1.896,-9.086,-0.134,0.078,-0.037,70.63,0.0,39.1,3,1,1
13:20:33.665,DISTRAZIONE,1,-174.48,33.57,0.159,-5.047,0.668,-6.495,0.51,-0.174,0.01,70.63,0.0,39.1,3,1,1
13:20:34.165,DISTRAZIONE,1,-176.62,25.1,0.289,-1.223,2.061,-9.278,-0.158,0.036,-0.029,70.63,0.0,39.1,3,1,1
13:20:34.665,DISTRAZIONE,1,-177.93,21.64,0.257,-1.381,1.307,-8.598,-0.229,0.046,-0.034,70.63,0.0,39.1,3,1,1
13:20:35.165,DISTRAZIONE,1,174.29,11.6,0.326,-6.773,3.998,-9.187,-0.266,0.035,-0.053,70.63,0.0,39.1,3,1,1
13:20:35.665,DISTRAZIONE,1,-174.1,43.06,0.334,-1.8,2.516,-10.285,-0.126,0.069,-0.001,70.63,0.0,39.0,3,1,1
13:20:36.165,DISTRAZIONE,1,173.74,23.56,0.165,-1.176,2.071,-9.304,-0.164,0.079,-0.027,70.63,0.0,39.0,3,1,1
13:20:36.665,DISTRAZIONE,1,175.95,-15.14,0.275,-0.702,1.956,-9.424,-0.072,0.065,-0.007,70.63,0.0,39.0,3,1,1
13:20:37.165,DISTRAZIONE,1,-170.47,39.02,0.138,-0.503,2.576,-9.287,-0.215,0.06,-0.028,70.63,0.0,39.0,3,1,1
13:20:37.665,DISTRAZIONE,1,-178.2,28.4,0.295,-1.156,2.33,-9.273,-0.051,0.058,0.0,70.63,0.0,39.0,3,1,1
13:20:38.165,DISTRAZIONE,1,-177.96,25.55,0.274,-0.694,1.956,-8.947,-0.173,0.07,-0.034,70.63,0.0,39.0,3,1,1
13:20:38.665,DISTRAZIONE,1,-175.77,34.78,0.194,-0.953,2.114,-10.032,-0.02,0.054,0.013,70.63,0.0,39.0,3,1,1
13:20:39.165,DISTRAZIONE,1,179.88,36.0,0.273,0.409,2.148,-9.227,-0.16,0.093,-0.046,70.63,0.0,39.0,3,1,1
13:20:39.665,DISTRAZIONE,1,172.84,27.58,0.246,0.17,1.81,-9.17,-0.173,0.101,-0.042,70.63,0.0,39.0,3,1,1
13:20:40.166,DISTRAZIONE,1,170.13,22.71,0.236,-0.347,1.848,-9.589,-0.156,0.085,-0.028,70.63,0.0,39.0,3,1,1
13:20:40.666,DISTRAZIONE,1,173.53,20.9,0.176,-0.012,2.263,-9.239,-0.146,0.096,-0.031,70.63,0.0,39.0,3,1,1
13:20:41.166,DISTRAZIONE,1,178.35,18.17,0.242,-0.204,1.774,-9.943,-0.027,0.015,0.021,70.63,0.0,39.0,3,1,1
13:20:41.666,DISTRAZIONE,1,-169.8,23.97,0.101,-0.103,2.346,-9.574,-0.124,0.073,-0.019,70.63,0.0,39.0,3,1,1
13:20:42.166,DISTRAZIONE,1,-173.47,26.27,0.1,-1.087,2.164,-9.131,-0.093,0.049,0.008,70.63,0.0,39.0,3,1,1
13:20:42.666,DISTRAZIONE,1,-175.37,30.89,0.316,-0.759,1.693,-10.139,-0.124,0.075,0.007,70.63,0.0,39.0,3,1,1
13:20:43.166,DISTRAZIONE,1,-177.08,37.47,0.361,-0.915,2.231,-9.38,-0.171,0.054,-0.022,70.63,0.0,39.0,3,1,1
13:20:43.666,DISTRAZIONE,1,-177.26,33.57,0.305,-0.486,2.09,-9.131,-0.2,0.086,-0.032,70.63,0.0,39.0,3,1,1
13:20:44.166,DISTRAZIONE,1,-157.46,32.34,0.11,-0.931,3.649,-9.33,-0.163,-0.085,-0.044,70.63,0.0,39.0,3,1,1
13:20:44.666,DISTRAZIONE,1,-160.61,-27.57,0.314,-1.429,3.072,-9.991,-0.132,0.085,-0.014,70.63,0.0,39.0,3,1,1
13:20:45.166,DISTRAZIONE,1,-163.67,24.58,0.329,-1.317,2.114,-10.965,-0.496,-0.119,-0.12,70.63,0.0,39.0,3,1,1
13:20:45.666,DISTRAZIONE,1,-151.34,29.09,0.15,-1.738,2.085,-9.354,-0.103,0.02,-0.019,70.63,0.0,38.9,3,1,1
13:20:46.166,DISTRAZIONE,1,-150.26,37.15,0.147,-0.843,2.301,-9.297,-0.111,0.07,-0.01,70.63,0.0,38.9,3,1,1
13:20:46.666,DISTRAZIONE,1,-162.09,46.92,0.312,-0.886,2.354,-9.266,-0.102,0.069,-0.006,70.63,0.0,38.9,3,1,1
13:20:47.166,DISTRAZIONE,1,-166.03,33.46,0.324,-0.881,2.188,-9.146,-0.153,0.079,-0.032,70.63,0.0,38.9,3,1,1
13:20:47.666,DISTRAZIONE,1,-151.16,27.98,0.123,-1.03,1.745,-9.673,-0.173,0.055,-0.015,70.63,0.0,38.9,3,1,1
13:20:48.167,DISTRAZIONE,1,-155.11,25.65,0.135,-0.86,2.246,-9.23,-0.168,0.08,-0.013,70.63,0.0,38.9,3,1,1
13:20:48.667,DISTRAZIONE,1,173.39,17.4,0.166,-1.53,1.094,-10.781,1.005,-0.498,-0.12,70.63,0.0,38.9,3,1,1
13:20:49.167,DISTRAZIONE,1,-173.48,21.88,0.111,0.201,3.316,-9.699,-0.182,-0.003,-0.048,70.63,0.0,38.9,3,1,1
13:20:49.667,DISTRAZIONE,1,-178.07,11.06,0.29,-1.489,2.31,-9.682,-0.133,0.044,-0.014,70.63,0.0,38.9,3,1,1
13:20:50.167,DISTRAZIONE,1,-174.56,9.56,0.243,-1.863,2.653,-9.704,-0.098,0.067,-0.005,70.63,0.0,38.9,3,1,1
13:20:50.667,DISTRAZIONE,1,-176.72,7.3,0.118,-1.331,2.16,-9.064,-0.086,0.031,-0.01,70.63,0.0,38.9,3,1,1
13:20:51.167,DISTRAZIONE,1,-177.7,10.84,0.091,-1.379,2.021,-9.352,-0.117,0.07,0.001,70.63,0.0,38.9,3,1,1
13:20:51.667,DISTRAZIONE,1,-176.57,9.44,0.089,-1.422,2.332,-8.914,-0.174,0.053,-0.021,70.63,0.0,38.9,3,1,1
13:20:52.167,DISTRAZIONE,1,-178.3,8.56,0.317,-1.101,2.483,-9.38,-0.144,0.074,-0.006,70.63,0.0,38.9,3,1,1
13:20:52.667,DISTRAZIONE,1,-177.21,10.07,0.091,-1.19,2.272,-9.234,-0.132,0.056,-0.023,70.63,0.0,38.9,3,1,1
13:20:53.167,DISTRAZIONE,1,-175.49,1.06,0.086,-0.946,2.145,-9.237,-0.147,0.076,-0.033,70.63,0.0,38.8,3,1,1
13:20:53.667,DISTRAZIONE,1,-173.46,-0.61,0.096,-1.159,2.308,-9.459,-0.139,0.058,-0.026,70.63,0.0,38.8,3,1,1
13:20:54.167,DISTRAZIONE,1,-172.39,0.12,0.09,-1.542,2.308,-9.553,-0.136,0.08,-0.022,70.63,0.0,38.8,3,1,1
13:20:54.667,DISTRAZIONE,1,-174.11,0.05,0.311,-1.369,2.298,-9.045,-0.146,0.072,-0.032,70.63,0.0,38.8,3,1,1
13:20:55.167,DISTRAZIONE,1,-172.72,9.84,0.098,-1.307,2.222,-9.036,-0.115,0.059,-0.003,70.63,0.0,38.8,3,1,1
13:20:55.667,DISTRAZIONE,1,-172.85,6.0,0.104,-1.209,2.162,-9.404,-0.109,0.038,-0.003,70.63,0.0,38.8,3,1,1
13:20:56.167,DISTRAZIONE,1,-178.97,-3.05,0.106,-0.879,2.169,-9.426,-0.151,0.08,-0.022,70.63,0.0,38.8,3,1,1
13:20:56.668,DISTRAZIONE,1,172.11,-7.13,0.066,-1.176,2.121,-9.347,-0.141,0.054,-0.019,70.63,0.0,38.8,3,1,1
13:20:57.168,DISTRAZIONE,1,178.3,-40.2,0.102,-0.907,2.174,-8.811,-0.158,0.07,-0.023,70.63,0.0,38.8,3,1,1
13:20:57.668,DISTRAZIONE,1,166.39,12.14,0.046,-1.348,2.337,-8.724,-0.129,0.09,-0.007,70.63,0.0,38.8,3,1,1
13:20:58.168,DISTRAZIONE,1,166.24,-11.51,0.065,-0.017,2.631,-9.301,-0.117,0.056,-0.065,70.63,0.0,38.7,3,1,1
13:20:58.668,SONNOLENZA,1,168.62,-15.79,0.068,-0.249,2.629,-9.246,-0.839,0.243,-0.082,70.63,0.0,38.7,3,1,1
13:20:59.168,SONNOLENZA,1,169.02,-19.25,0.048,-1.52,1.434,-9.031,-0.063,0.074,-0.038,70.63,0.0,38.7,3,1,1
13:20:59.668,SONNOLENZA,1,170.94,-22.64,0.051,-1.765,2.239,-9.189,-0.103,0.054,-0.041,70.63,0.0,38.7,3,1,1
13:21:00.168,SONNOLENZA,1,168.38,-13.61,0.118,-2.088,2.605,-9.069,-0.139,0.095,-0.036,70.63,0.0,38.7,3,1,1
13:21:00.668,SONNOLENZA,1,168.25,5.29,0.055,-3.124,2.72,-8.887,-0.128,0.046,-0.011,70.63,0.0,38.7,3,1,1
13:21:01.168,SONNOLENZA,1,170.45,-3.26,0.059,-3.041,2.835,-8.904,-0.126,0.06,-0.018,70.63,0.0,38.7,3,1,1
13:21:01.668,SONNOLENZA,1,172.7,-7.35,0.087,-1.243,2.176,-9.505,-0.118,0.067,-0.008,70.63,0.0,38.7,3,1,1
13:21:02.168,SONNOLENZA,1,168.23,-12.62,0.058,-0.857,2.078,-9.292,-0.136,0.071,-0.021,70.63,0.0,38.7,3,1,1
13:21:02.668,SONNOLENZA,1,170.13,-15.94,0.071,-0.838,1.946,-9.311,-0.117,0.061,-0.012,70.63,0.0,38.7,3,1,1
13:21:03.168,SONNOLENZA,1,169.89,1.04,0.079,-0.876,2.107,-9.244,-0.135,0.071,-0.022,70.63,0.0,38.6,3,1,1
13:21:03.668,SONNOLENZA,1,174.15,-11.92,0.094,-0.905,1.985,-9.299,-0.132,0.063,-0.01,70.63,0.0,38.6,3,1,1
13:21:04.168,SONNOLENZA,1,174.34,-13.82,0.108,-0.855,2.004,-9.507,-0.126,0.066,-0.016,70.63,0.0,38.6,3,1,1
13:21:04.669,SONNOLENZA,1,173.18,6.76,0.124,-0.97,2.045,-9.11,-0.135,0.06,-0.012,70.63,0.0,38.6,3,1,1
13:21:05.169,SONNOLENZA,1,178.86,18.9,0.166,-0.991,2.133,-9.574,-0.136,0.062,-0.016,70.63,0.0,38.6,3,1,1
13:21:05.669,SONNOLENZA,1,-178.83,36.87,0.306,-0.754,1.958,-9.251,-0.134,0.064,-0.015,70.63,0.0,38.6,3,1,1
13:21:06.169,SONNOLENZA,1,175.44,39.89,0.301,-1.049,2.083,-9.318,-0.127,0.066,-0.014,70.63,0.0,38.6,3,1,1
13:21:06.669,SONNOLENZA,1,179.39,28.08,0.107,-0.922,2.021,-9.244,-0.139,0.069,-0.015,70.63,0.0,38.6,3,1,1
13:21:07.169,SONNOLENZA,1,174.34,32.94,0.141,-0.946,1.994,-9.285,-0.126,0.059,-0.014,70.63,0.0,38.6,3,1,1
13:21:07.669,SONNOLENZA,1,165.13,32.31,0.316,-1.104,1.963,-9.273,-0.136,0.057,-0.016,70.63,0.0,38.6,3,1,1
13:21:08.169,SONNOLENZA,1,170.55,30.81,0.268,-0.725,2.124,-9.151,-0.13,0.066,-0.016,70.63,0.0,38.5,3,1,1
13:21:08.669,SONNOLENZA,1,171.68,28.11,0.132,-1.109,1.951,-9.534,-0.137,0.058,-0.014,70.63,0.0,38.5,3,1,1
13:21:09.169,SONNOLENZA,1,171.04,24.38,0.195,-0.807,1.985,-9.184,-0.142,0.062,-0.017,70.63,0.0,38.5,3,1,1
13:21:09.669,SONNOLENZA,1,172.72,9.16,0.221,-1.046,2.167,-9.318,-0.146,0.069,-0.025,70.63,0.0,38.5,3,1,1
13:21:10.169,SONNOLENZA,1,168.73,-34.26,0.323,-0.934,2.136,-9.323,-0.143,0.074,-0.025,70.63,0.0,38.5,3,1,1
13:21:10.669,SONNOLENZA,1,171.46,-27.57,0.199,-0.814,2.179,-9.282,-0.132,0.057,-0.015,70.63,0.0,38.4,3,1,1
13:21:11.169,SONNOLENZA,1,171.69,34.23,0.269,-1.178,2.004,-9.294,-0.147,0.061,-0.013,70.63,0.0,38.4,3,1,1
13:21:11.669,SONNOLENZA,1,171.0,32.42,0.24,-0.795,2.172,-9.316,-0.136,0.056,-0.011,70.63,0.0,38.4,3,1,1
13:21:12.169,SONNOLENZA,1,170.57,29.08,0.127,-1.106,2.009,-9.445,-0.143,0.071,-0.022,70.63,0.0,38.4,3,1,1
13:21:12.670,SONNOLENZA,1,170.56,29.84,0.29,-0.802,2.049,-9.218,-0.125,0.06,-0.013,70.63,0.0,38.4,3,1,1
13:21:13.170,SONNOLENZA,1,171.45,29.11,0.291,-1.008,2.169,-9.304,-0.136,0.061,-0.015,70.63,0.0,38.3,3,1,1
13:21:13.670,SONNOLENZA,1,167.89,28.87,0.153,-0.871,2.014,-9.213,-0.137,0.078,-0.024,70.63,0.0,38.3,3,1,1
13:21:14.170,SONNOLENZA,1,168.46,26.32,0.055,-0.912,2.105,-9.481,-0.13,0.075,-0.025,70.63,0.0,38.3,3,1,1
13:21:14.670,SONNOLENZA,1,168.28,28.79,0.206,-1.104,2.061,-9.416,-0.138,0.061,-0.013,70.63,0.0,38.3,3,1,1
13:21:15.170,SONNOLENZA,1,169.27,29.16,0.287,-0.864,2.176,-9.347,-0.123,0.059,-0.008,70.63,0.0,38.3,3,1,1
13:21:15.670,SONNOLENZA,1,168.74,28.95,0.321,-1.128,2.093,-9.529,-0.139,0.066,-0.013,70.63,0.0,38.3,3,1,1
13:21:16.170,SONNOLENZA,1,168.3,30.27,0.279,-0.85,2.061,-9.357,-0.125,0.066,-0.013,70.63,0.0,38.3,3,1,1
13:21:16.670,SONNOLENZA,1,166.99,26.51,0.075,-1.018,2.16,-9.28,-0.137,0.077,-0.017,70.63,0.0,38.3,3,1,1
13:21:17.170,SONNOLENZA,1,166.74,26.79,0.104,-0.898,2.054,-9.333,-0.132,0.066,-0.015,70.63,0.0,38.3,3,1,1
13:21:17.670,SONNOLENZA,1,168.76,29.67,0.181,-0.919,2.09,-9.572,-0.134,0.07,-0.02,70.63,0.0,38.3,3,1,1
13:21:18.170,SONNOLENZA,1,168.8,27.71,0.285,-1.061,1.932,-9.29,-0.136,0.071,-0.019,70.63,0.0,38.1,3,1,1
13:21:18.671,SONNOLENZA,1,169.22,29.17,0.193,-0.721,2.14,-9.275,-0.122,0.053,-0.016,70.63,0.0,38.1,3,1,1
13:21:19.171,SONNOLENZA,1,167.31,28.02,0.14,-1.137,2.033,-9.531,-0.141,0.065,-0.016,70.63,0.0,38.1,3,1,1
13:21:19.671,SONNOLENZA,1,166.81,25.9,0.085,-0.711,1.968,-9.29,-0.121,0.058,-0.007,70.63,0.0,38.1,3,1,1
13:21:20.171,SONNOLENZA,1,170.18,26.82,0.301,-0.994,2.198,-9.383,-0.133,0.058,-0.018,70.63,0.0,38.1,3,1,1
13:21:20.671,SONNOLENZA,1,169.33,27.98,0.271,-0.958,2.011,-9.297,-0.142,0.068,-0.011,70.63,0.0,38.1,3,1,1
13:21:21.171,SONNOLENZA,1,166.39,26.18,0.117,-0.898,2.162,-9.445,-0.132,0.068,-0.021,70.63,0.0,38.1,3,1,1
13:21:21.671,SONNOLENZA,1,167.37,25.88,0.133,-1.022,2.028,-9.242,-0.146,0.073,-0.022,70.63,0.0,38.1,3,1,1
13:21:22.171,SONNOLENZA,1,167.8,26.85,0.14,-0.812,2.334,-9.383,-0.132,0.068,-0.022,70.63,0.0,38.1,3,1,1
13:21:22.671,SONNOLENZA,1,167.53,27.08,0.129,-1.106,2.061,-9.498,-0.141,0.068,-0.018,70.63,0.0,38.1,3,1,1
13:21:23.171,SONNOLENZA,1,175.51,22.19,0.059,-0.888,1.975,-9.227,-0.138,0.047,-0.007,70.63,0.0,38.0,3,1,1
13:21:23.671,SONNOLENZA,1,-179.87,19.91,0.079,-0.946,2.203,-9.33,-0.136,0.064,-0.013,70.63,0.0,38.0,3,1,1
13:21:24.171,SONNOLENZA,1,-177.96,27.47,0.267,-0.974,2.105,-9.328,-0.138,0.06,-0.019,70.63,0.0,38.0,3,1,1
13:21:24.672,SONNOLENZA,1,179.26,17.61,0.223,-0.857,2.121,-9.285,-0.135,0.067,-0.008,70.63,0.0,38.0,3,1,1
13:21:25.172,SONNOLENZA,1,174.1,-9.2,0.147,-0.936,2.095,-9.524,-0.14,0.075,-0.031,70.63,0.0,38.0,3,1,1
13:21:25.672,SONNOLENZA,1,173.26,-8.33,0.196,-0.725,2.138,-8.887,-0.156,0.098,-0.035,70.63,0.0,37.9,3,1,1
13:21:26.172,SONNOLENZA,1,176.32,14.62,0.075,0.421,1.791,-9.1,-0.105,0.072,-0.002,70.63,0.0,37.9,3,1,1
13:21:26.672,VIGILE,1,176.03,8.09,0.242,0.998,1.346,-9.831,-0.121,0.092,-0.038,70.63,0.0,37.9,3,1,1
13:21:27.172,VIGILE,1,175.58,-5.91,0.254,1.379,0.723,-9.469,-0.114,0.12,-0.035,70.63,0.0,37.9,3,1,1
13:21:27.672,VIGILE,1,176.1,-16.29,0.254,0.591,1.013,-10.099,-0.121,0.099,-0.038,70.63,0.0,37.9,3,1,1
13:21:28.172,VIGILE,1,176.37,-25.21,0.227,0.376,1.319,-9.653,-0.169,0.073,-0.043,70.63,0.0,37.8,3,1,1
13:21:28.672,VIGILE,1,174.05,-17.66,0.245,1.602,0.436,-9.402,-0.158,0.104,-0.051,70.63,0.0,37.8,3,1,1
13:21:29.172,VIGILE,1,174.66,-20.86,0.236,-1.674,1.681,-9.5,-0.051,-0.007,-0.044,70.63,0.0,37.8,3,1,1
13:21:29.672,VIGILE,1,174.55,-25.15,0.247,-1.089,1.683,-9.754,-0.165,0.062,-0.055,70.63,0.0,37.8,3,1,1
13:21:30.172,VIGILE,1,175.13,-16.12,0.253,0.599,1.681,-9.673,-0.243,0.169,-0.052,70.63,0.0,37.8,3,1,1
13:21:30.672,VIGILE,1,172.69,-6.62,0.256,-0.725,1.542,-9.055,-0.036,0.021,0.003,70.63,0.0,37.8,3,1,1
13:21:31.172,VIGILE,1,172.47,-5.58,0.142,-0.421,1.528,-9.306,-0.098,0.039,-0.027,70.63,0.0,37.8,3,1,1
13:21:31.673,VIGILE,1,175.22,-1.08,0.28,-2.851,3.103,-9.282,-0.183,0.264,-0.046,70.63,0.0,37.8,3,1,1
13:21:32.173,VIGILE,1,-179.48,-16.35,0.302,-0.031,1.484,-10.12,-0.09,0.075,-0.06,70.63,0.0,37.8,3,1,1
13:21:32.673,VIGILE,1,175.1,-13.62,0.221,-1.805,1.477,-9.538,0.309,-0.071,0.101,70.63,0.0,37.8,3,1,1
13:21:33.173,VIGILE,1,174.18,-2.68,0.27,-0.785,1.276,-9.285,-0.177,0.092,-0.024,70.63,0.0,37.7,3,1,1
13:21:33.673,VIGILE,1,173.05,5.26,0.251,-0.16,1.336,-9.268,-0.147,0.037,0.002,70.63,0.0,37.7,3,1,1
13:21:34.173,VIGILE,1,174.37,14.47,0.112,-0.814,2.035,-9.697,-0.134,0.058,0.007,70.63,0.0,37.7,3,1,1
13:21:34.673,VIGILE,1,173.44,5.71,0.253,-0.239,1.231,-9.431,-0.125,0.034,0.018,70.63,0.0,37.7,3,1,1
13:21:35.173,VIGILE,1,170.77,5.31,0.284,-1.276,2.021,-8.95,-0.121,0.079,-0.023,70.63,0.0,37.7,3,1,1
13:21:35.673,VIGILE,1,171.28,0.75,0.245,-1.154,2.265,-8.619,-0.274,0.108,-0.022,70.63,0.0,37.6,3,1,1
13:21:36.173,VIGILE,1,170.91,5.2,0.25,-1.132,2.011,-9.27,-0.145,0.034,-0.016,70.63,0.0,37.6,3,1,1
13:21:36.673,VIGILE,1,172.89,-2.41,0.269,-0.833,1.35,-8.686,-0.153,0.009,0.017,70.63,0.0,37.6,3,1,1
13:21:37.173,VIGILE,1,178.28,6.19,0.247,-2.296,2.148,-10.072,0.077,0.033,0.003,70.63,0.0,37.6,3,1,1
13:21:37.674,VIGILE,1,175.5,10.13,0.257,-1.214,1.767,-9.318,-0.179,0.061,-0.006,70.63,0.0,37.6,3,1,1
13:21:38.174,VIGILE,1,173.12,3.95,0.235,-1.884,1.836,-8.878,0.058,-0.008,0.049,70.63,0.0,37.6,4,1,1
13:21:38.674,VIGILE,1,171.66,1.83,0.135,-0.697,2.025,-9.924,-0.175,0.009,0.029,70.63,0.0,37.6,4,1,1
13:21:39.174,VIGILE,1,173.98,8.01,0.293,-0.939,2.155,-9.505,-0.152,0.083,0.031,70.63,0.0,37.6,4,1,1
13:21:39.674,VIGILE,1,173.69,8.91,0.298,-1.264,1.425,-9.33,-0.01,0.091,0.047,70.63,0.0,37.6,4,1,1
13:21:40.174,VIGILE,1,174.06,2.12,0.272,-1.152,2.313,-9.716,0.138,-0.073,0.134,70.63,0.0,37.6,4,1,1
13:21:40.674,VIGILE,1,173.38,3.04,0.246,-0.702,2.954,-9.646,-0.079,0.034,0.059,70.63,0.0,37.5,4,1,1
13:21:41.174,VIGILE,1,173.14,-3.43,0.218,-0.862,1.798,-9.685,-0.132,0.124,-0.008,70.63,0.0,37.5,4,1,1
13:21:41.674,VIGILE,1,170.69,-5.1,0.275,-0.965,1.551,-8.667,-0.166,0.053,0.017,70.63,0.0,37.5,4,1,1
13:21:42.174,VIGILE,1,171.67,-5.63,0.273,-0.28,1.729,-9.27,-0.107,0.056,0.01,70.63,0.0,37.5,4,1,1
13:21:42.674,VIGILE,1,171.48,-3.82,0.234,-0.292,2.179,-9.682,-0.189,0.125,-0.016,70.63,0.0,37.5,4,1,1
13:21:43.174,VIGILE,1,174.83,-7.21,0.244,-0.627,1.796,-10.135,-0.127,0.054,-0.032,70.63,0.0,37.5,4,1,1
13:21:43.675,VIGILE,1,171.65,-4.32,0.126,-0.199,1.549,-8.782,-0.15,0.052,-0.015,70.63,0.0,37.5,4,1,1
13:21:44.175,VIGILE,1,174.82,-9.32,0.259,-0.929,2.21,-9.725,-0.127,0.087,-0.043,70.63,0.0,37.5,4,1,1
13:21:44.675,VIGILE,1,173.88,-9.07,0.261,-1.219,1.611,-9.871,-0.089,0.06,-0.052,70.63,0.0,37.5,4,1,1
13:21:45.175,VIGILE,1,174.69,-10.96,0.269,-1.231,1.439,-9.828,-0.222,0.118,-0.112,70.63,0.0,37.5,4,1,1
13:21:45.675,VIGILE,1,172.77,-8.03,0.259,-1.697,-0.239,-9.16,0.281,-0.141,-0.003,70.63,0.0,37.4,4,1,1
13:21:46.175,VIGILE,1,175.41,-10.56,0.255,-0.515,1.911,-10.163,-0.361,0.163,-0.164,70.63,0.0,37.4,4,1,1
13:21:46.675,VIGILE,1,171.96,-4.66,0.272,-1.331,0.637,-9.412,0.008,0.068,-0.076,70.63,0.0,37.4,4,1,1
13:21:47.175,VIGILE,1,171.41,-6.08,0.269,-0.318,0.608,-9.835,-0.165,0.068,-0.062,70.63,0.0,37.4,4,1,1
13:21:47.675,VIGILE,1,172.31,-6.23,0.272,-0.081,1.252,-10.056,-0.134,0.084,-0.057,70.63,0.0,37.4,4,1,1
13:21:48.175,VIGILE,1,170.1,-1.75,0.26,-0.362,1.29,-9.931,-0.138,0.062,-0.01,70.63,0.0,37.3,4,1,1
13:21:48.675,VIGILE,1,170.14,0.13,0.239,-1.044,1.391,-9.629,-0.087,0.108,-0.012,70.63,0.0,37.3,4,1,1
13:21:49.175,VIGILE,1,175.49,11.82,0.25,-0.5,1.556,-9.067,-0.18,0.09,-0.043,70.63,0.0,37.3,4,1,1
13:21:49.675,VIGILE,0,0.0,0.0,0.0,-1.283,1.669,-9.898,-0.112,0.081,-0.038,70.63,0.0,37.3,4,1,1
13:21:50.175,VIGILE,0,0.0,0.0,0.0,-1.329,1.733,-9.06,-0.136,0.058,-0.028,70.63,0.0,37.3,4,1,1
13:21:50.675,VIGILE,1,-172.65,7.28,0.307,-1.69,1.896,-9.51,-0.158,0.018,-0.046,70.63,0.0,37.3,4,1,1
13:21:51.176,VIGILE,0,0.0,0.0,0.0,-0.917,2.04,-9.153,-0.351,0.108,-0.052,70.63,0.0,37.3,4,1,1
13:21:51.676,VIGILE,1,172.11,-0.37,0.264,-0.874,1.482,-8.904,-0.306,0.098,-0.022,70.63,0.0,37.3,4,1,1
13:21:52.176,VIGILE,1,174.45,-1.76,0.285,-2.674,1.585,-8.576,-0.137,0.041,0.008,70.63,0.0,37.3,4,1,1
13:21:52.676,VIGILE,1,174.38,-4.5,0.259,-0.73,3.524,-11.018,-0.356,0.096,-0.072,70.63,0.0,37.3,4,1,1
13:21:53.176,VIGILE,1,173.83,0.75,0.282,-2.121,0.934,-10.393,-0.241,0.074,0.044,70.63,0.0,37.3,4,1,1
13:21:53.676,VIGILE,1,176.2,21.51,0.143,-1.7,1.788,-8.341,-0.369,0.093,-0.085,70.63,0.0,37.3,4,1,1
13:21:54.176,VIGILE,1,179.22,15.38,0.216,-0.807,1.798,-8.384,-0.171,0.055,-0.013,70.63,0.0,37.3,4,1,1
13:21:54.676,VIGILE,1,176.1,-1.65,0.271,-0.709,1.104,-9.816,-0.128,0.061,-0.018,70.63,0.0,37.3,4,1,1
13:21:55.176,VIGILE,1,174.46,9.13,0.198,0.134,4.017,-10.484,-0.135,-0.03,-0.049,70.63,0.0,37.3,4,1,1
13:21:55.676,VIGILE,1,176.39,-0.69,0.297,-2.083,1.556,-9.79,-0.379,0.19,-0.084,70.63,0.0,37.2,4,1,1
13:21:56.176,VIGILE,1,174.24,-1.79,0.203,-1.48,2.832,-9.292,0.03,0.028,0.063,70.63,0.0,37.2,4,1,1
13:21:56.676,VIGILE,1,177.39,8.3,0.275,-0.603,2.148,-9.809,0.117,-0.056,0.037,70.63,0.0,37.2,4,1,1
13:21:57.176,VIGILE,1,177.01,16.76,0.271,-2.016,2.318,-10.108,0.385,0.265,0.01,70.63,0.0,37.2,4,1,1
13:21:57.676,VIGILE,1,174.4,6.73,0.295,-1.061,-0.136,-10.266,0.13,-0.136,0.079,70.63,0.0,37.2,4,1,1
13:21:58.176,VIGILE,1,175.46,-3.82,0.28,-2.863,1.192,-8.104,0.441,-0.033,0.12,70.63,0.0,37.2,4,1,1
13:21:58.676,VIGILE,1,-178.86,24.71,0.152,0.117,-1.118,-7.554,-0.75,0.304,-0.072,70.63,0.0,37.2,4,1,1
13:21:59.176,VIGILE,0,0.0,0.0,0.0,-0.711,1.255,-8.801,-0.087,0.046,-0.021,70.63,0.0,37.2,4,1,1
13:21:59.677,VIGILE,1,178.51,5.77,0.299,-1.046,1.666,-8.854,-0.161,0.121,-0.062,70.63,0.0,37.2,4,1,1
13:22:00.177,VIGILE,1,177.1,3.46,0.274,-0.369,-0.711,-7.843,-0.159,0.047,-0.05,70.63,0.0,37.2,4,1,1
13:22:00.677,VIGILE,1,178.01,14.9,0.284,-1.073,1.765,-9.754,-0.007,0.024,0.021,70.63,0.0,37.1,4,1,1
13:22:01.177,VIGILE,1,-178.76,34.22,0.127,-1.116,1.99,-10.06,-0.08,0.055,-0.008,70.63,0.0,37.1,4,1,1
13:22:01.677,VIGILE,1,171.05,19.97,0.223,-0.697,1.492,-9.285,-0.254,0.147,-0.058,70.63,0.0,37.1,4,1,1
13:22:02.177,VIGILE,1,168.41,8.92,0.236,-1.425,2.868,-9.153,-0.334,0.201,-0.141,70.63,0.0,37.1,4,1,1
13:22:02.677,VIGILE,1,168.04,5.52,0.252,0.998,2.971,-10.752,-0.5,-0.002,-0.059,70.63,0.0,37.1,4,1,1
13:22:03.179,VIGILE,1,169.78,7.63,0.262,0.426,3.328,-12.447,-0.056,0.363,-0.17,70.63,0.0,37.1,4,1,1
13:22:03.679,VIGILE,1,168.89,-1.45,0.252,-0.18,0.661,-8.787,-0.407,0.083,-0.093,70.63,0.0,37.1,4,1,1
13:22:04.179,VIGILE,1,171.6,1.0,0.245,-1.118,-0.795,-6.187,-1.479,0.447,-0.145,70.63,0.0,37.1,4,1,1
13:22:04.679,VIGILE,1,170.22,4.6,0.24,-2.528,2.231,-12.929,0.676,-0.064,0.131,70.63,0.0,37.1,4,0,1
13:22:05.179,VIGILE,1,171.66,6.57,0.242,-1.015,1.853,-10.467,-0.107,0.074,-0.037,70.63,0.0,37.1,4,0,0
13:22:05.679,VIGILE,1,169.83,-4.92,0.265,-0.783,1.441,-9.558,-0.161,0.116,0.001,70.63,0.0,37.0,4,0,0
13:22:06.180,VIGILE,1,-178.4,-0.78,0.081,-1.03,1.973,-8.406,-0.347,0.092,-0.077,70.63,0.0,37.0,4,0,0
13:22:06.680,VIGILE,1,-178.86,-3.11,0.076,-0.163,1.487,-9.215,-0.192,0.114,-0.033,70.63,0.0,37.0,4,0,0
13:22:07.180,EBBREZZA,1,172.57,1.08,0.25,-0.378,1.29,-9.867,-0.105,0.116,-0.046,70.63,0.0,37.0,4,0,0
13:22:07.680,EBBREZZA,1,176.23,-9.25,0.271,-1.939,1.626,-9.208,0.085,-0.023,0.052,70.63,0.0,37.0,4,0,0
13:22:08.180,EBBREZZA,1,176.99,-26.57,0.303,-4.456,1.915,-8.523,0.043,0.246,-0.15,70.63,0.0,37.0,4,0,0
13:22:08.680,EBBREZZA,1,178.16,-1.36,0.194,0.907,2.459,-10.187,-0.33,0.15,-0.163,70.63,0.0,37.0,4,0,0
13:22:09.180,EBBREZZA,1,176.58,11.3,0.214,0.831,1.645,-9.996,0.039,0.021,-0.064,70.63,0.0,37.0,4,0,0
13:22:09.680,EBBREZZA,1,179.84,20.0,0.102,-0.826,0.69,-9.845,-0.628,0.176,-0.099,70.63,0.0,37.0,4,0,0
13:22:10.181,EBBREZZA,1,174.51,12.17,0.256,-2.045,0.864,-9.359,0.186,-0.087,0.031,70.63,0.0,37.0,4,0,0
13:22:10.681,EBBREZZA,1,172.26,16.24,0.209,-1.077,2.083,-8.487,-0.283,0.115,-0.052,70.63,0.0,36.9,4,0,0
13:22:11.181,EBBREZZA,1,170.12,14.04,0.119,-1.513,1.896,-8.868,-0.019,-0.011,0.019,70.63,0.0,36.9,4,0,0
13:22:11.681,EBBREZZA,1,170.17,20.38,0.283,-1.381,1.434,-9.991,0.159,0.037,0.032,70.63,0.0,36.9,4,0,0
13:22:12.181,EBBREZZA,1,172.1,12.19,0.288,-2.385,1.753,-9.146,0.176,-0.097,0.182,70.63,0.0,36.9,4,0,0
13:22:12.681,EBBREZZA,1,172.27,5.93,0.279,0.024,3.077,-10.599,-0.111,-0.005,0.046,70.63,0.0,36.9,4,0,0
13:22:13.181,EBBREZZA,1,170.21,6.49,0.277,-0.534,1.925,-9.357,0.014,-0.033,0.086,70.63,0.0,36.9,4,0,0
13:22:13.681,EBBREZZA,1,174.79,-5.95,0.266,-0.419,2.444,-9.905,-0.125,0.023,0.051,70.63,0.0,36.9,4,0,0
13:22:14.181,EBBREZZA,1,172.62,4.12,0.262,-0.8,2.43,-9.476,-0.093,0.062,0.065,70.63,0.0,36.9,4,0,0
13:22:14.681,EBBREZZA,1,170.87,-1.5,0.241,1.834,4.853,-8.437,-0.48,0.086,-0.028,70.63,0.0,36.9,4,0,0
13:22:15.181,EBBREZZA,1,170.54,-2.29,0.269,-2.638,1.18,-9.153,0.361,-0.042,0.165,70.63,0.0,36.9,4,0,0
13:22:15.681,EBBREZZA,1,169.07,-3.41,0.235,0.335,3.361,-10.056,-0.15,0.035,0.083,70.63,0.0,36.8,4,0,0
13:22:16.181,EBBREZZA,1,169.16,-3.42,0.267,-0.515,0.639,-9.673,0.024,0.028,-0.026,70.63,0.0,36.8,4,0,0
13:22:16.682,EBBREZZA,1,167.94,-4.63,0.248,-0.874,1.322,-8.495,-0.11,0.197,-0.058,70.63,0.0,36.8,4,0,0
13:22:17.182,EBBREZZA,1,166.85,-4.91,0.259,1.216,1.638,-7.719,-0.753,0.37,-0.062,70.63,0.0,36.8,4,0,0
13:22:17.682,EBBREZZA,1,169.41,-3.88,0.275,-2.308,0.91,-10.53,0.137,-0.173,-0.047,70.63,0.0,36.8,4,0,0
13:22:18.182,EBBREZZA,1,164.58,-0.35,0.176,-1.741,4.487,-8.581,0.646,-0.382,0.041,70.63,0.0,36.8,4,0,0
13:22:18.682,EBBREZZA,1,167.23,1.06,0.261,-4.355,2.954,-6.34,0.187,0.307,-0.202,70.63,0.0,36.8,4,0,0
13:22:19.182,EBBREZZA,1,170.3,-0.82,0.263,-0.603,2.234,-10.46,-0.18,0.092,-0.011,70.63,0.0,36.8,4,0,0
13:22:19.682,EBBREZZA,1,167.3,-4.07,0.246,-2.143,2.883,-9.931,0.14,-0.015,0.047,70.63,0.0,36.8,4,0,0
13:22:20.182,EBBREZZA,1,168.27,-9.66,0.26,-1.978,1.911,-9.096,-0.21,0.105,0.006,70.63,0.0,36.8,4,0,0
13:22:20.682,EBBREZZA,1,167.84,-4.22,0.268,-1.836,1.745,-9.294,-0.076,0.012,0.002,70.63,0.0,36.7,4,0,0
13:22:21.182,EBBREZZA,1,167.7,-4.06,0.247,-1.257,2.109,-8.521,-0.19,0.05,-0.052,70.63,0.0,36.7,4,0,0
13:22:21.682,EBBREZZA,1,168.45,-2.94,0.241,-1.01,1.398,-9.328,-0.151,0.091,-0.078,70.63,0.0,36.7,4,0,0
13:22:22.182,EBBREZZA,1,165.93,7.32,0.255,-0.721,1.068,-10.422,-0.074,0.001,-0.046,70.63,0.0,36.7,4,0,0
13:22:22.682,EBBREZZA,1,169.81,-11.22,0.267,-0.105,1.592,-9.146,-0.274,0.084,-0.06,70.63,0.0,36.7,4,0,0
13:22:23.182,EBBREZZA,1,167.86,-11.41,0.244,-1.379,1.767,-9.424,-0.114,0.049,-0.039,70.63,0.0,36.7,4,0,0
13:22:23.682,EBBREZZA,1,166.21,-29.49,0.259,-1.532,1.985,-9.486,-0.179,0.07,-0.019,70.63,0.0,36.7,4,0,0
13:22:24.183,EBBREZZA,1,169.27,-11.81,0.265,-2.435,2.485,-9.919,-0.131,0.086,-0.032,70.63,0.0,36.7,4,0,0
13:22:24.683,EBBREZZA,1,179.2,24.87,0.319,0.737,2.933,-8.622,-0.299,0.134,0.004,70.63,0.0,36.7,4,0,0
13:22:25.183,EBBREZZA,1,176.31,36.39,0.334,-1.654,2.739,-9.167,-0.059,0.03,0.035,70.63,0.0,36.7,4,0,0
13:22:25.683,EBBREZZA,1,175.18,37.47,0.343,-0.754,3.955,-8.061,-0.085,-0.072,0.164,70.63,0.0,36.6,4,0,0
13:22:26.183,EBBREZZA,1,174.73,38.82,0.397,-1.484,4.757,-8.282,-0.134,0.018,0.24,70.63,0.0,36.6,4,0,0
13:22:26.683,EBBREZZA,1,175.63,36.82,0.383,-0.524,4.599,-8.48,-0.104,-0.041,0.386,70.63,0.0,36.6,4,0,0
13:22:27.183,EBBREZZA,1,172.55,38.04,0.394,-1.551,4.439,-8.715,-0.033,0.005,0.533,70.63,0.0,36.6,4,0,0
13:22:27.683,EBBREZZA,1,174.48,32.33,0.329,0.622,4.966,-10.046,-0.191,-0.088,0.491,70.63,0.0,36.6,4,0,0
13:22:28.183,EBBREZZA,1,170.75,23.44,0.28,0.297,4.752,-9.402,-0.055,-0.046,0.414,70.63,0.0,36.6,4,0,0
13:22:28.683,EBBREZZA,1,169.95,-6.81,0.266,0.005,2.253,-9.555,0.059,-0.016,0.247,70.63,0.0,36.6,4,0,0
13:22:29.183,EBBREZZA,1,173.0,-5.82,0.271,0.524,0.922,-9.146,-0.454,0.203,-0.05,70.63,0.0,36.6,4,0,0
13:22:29.684,EBBREZZA,1,173.59,-6.42,0.277,0.699,1.575,-9.883,-0.164,0.007,0.019,70.63,0.0,36.6,4,0,0
13:22:30.184,EBBREZZA,1,170.72,-5.12,0.249,-1.805,1.719,-10.022,-0.106,0.128,-0.005,70.63,0.0,36.6,4,0,0
13:22:30.684,EBBREZZA,1,175.49,-9.26,0.168,0.8,1.616,-10.575,-0.278,0.018,-0.093,70.63,0.0,36.5,4,0,0
13:22:31.184,EBBREZZA,1,172.07,-14.36,0.223,-0.299,1.439,-9.522,-0.139,0.024,-0.001,70.63,0.0,36.5,4,0,0
13:22:31.684,EBBREZZA,1,175.57,-13.68,0.29,-1.396,1.142,-9.05,-0.172,0.087,-0.005,70.63,0.0,36.5,4,0,0
13:22:32.184,EBBREZZA,1,175.31,-11.31,0.274,-0.57,1.235,-9.862,-0.138,-0.063,0.008,70.63,0.0,36.5,4,0,0
13:22:32.684,EBBREZZA,1,171.61,-10.31,0.279,-1.195,1.159,-9.867,-0.009,0.152,-0.09,70.63,0.0,36.5,4,0,0
13:22:33.184,EBBREZZA,1,173.57,-6.44,0.267,0.01,0.594,-9.538,-0.255,0.102,-0.086,70.63,0.0,36.4,4,0,0
13:22:33.684,EBBREZZA,1,177.18,-13.6,0.283,-0.22,2.346,-12.428,-0.226,-0.167,0.027,70.63,0.0,36.4,4,0,0
13:22:34.184,EBBREZZA,1,172.97,-8.63,0.264,-0.555,1.322,-9.366,-0.113,0.07,0.042,70.63,0.0,36.4,4,0,0
13:22:34.684,EBBREZZA,1,171.13,10.29,0.23,0.105,1.183,-8.578,-0.114,0.027,-0.021,70.63,0.0,36.4,4,0,0
13:22:35.184,EBBREZZA,1,171.06,5.62,0.236,-1.173,1.791,-10.202,-0.091,0.073,-0.018,70.63,0.0,36.4,4,0,0
13:22:35.684,EBBREZZA,1,167.9,4.9,0.248,-2.176,2.509,-8.847,-0.159,0.068,0.069,70.63,0.0,36.4,4,0,0
13:22:36.184,EBBREZZA,1,168.76,5.62,0.231,-0.702,1.803,-8.933,-0.223,0.1,-0.018,70.63,0.0,36.4,4,0,0
13:22:36.684,EBBREZZA,1,170.04,4.76,0.232,-1.463,1.748,-9.256,-0.032,0.02,-0.005,70.63,0.0,36.4,4,1,0
13:22:37.184,EBBREZZA,1,169.83,4.51,0.234,-1.525,2.047,-9.23,-0.19,0.058,-0.019,70.63,0.0,36.4,4,1,0
13:22:37.684,EBBREZZA,1,167.65,-2.54,0.256,-1.302,1.59,-9.282,-0.1,0.059,-0.003,70.63,0.0,36.4,4,1,0
13:22:38.187,EBBREZZA,1,167.94,5.6,0.238,-1.398,1.839,-8.681,-0.187,0.037,-0.023,70.63,0.0,36.3,4,1,0
13:22:38.687,EBBREZZA,1,169.35,11.59,0.23,-1.53,1.446,-8.722,-0.024,0.045,0.001,70.63,0.0,36.3,4,1,0
13:22:39.187,EBBREZZA,1,168.06,7.84,0.24,-1.417,1.982,-8.94,-0.189,0.117,-0.044,70.63,0.0,36.3,4,1,0
13:22:39.688,EBBREZZA,1,166.97,7.76,0.255,-2.421,0.792,-8.581,-0.185,0.154,-0.031,70.63,0.0,36.3,4,1,0
13:22:40.188,EBBREZZA,1,167.48,6.26,0.227,-1.511,1.539,-8.897,-0.075,0.037,0.005,70.63,0.0,36.3,4,1,0
13:22:40.688,EBBREZZA,1,169.05,8.68,0.225,-1.69,2.667,-9.428,-0.052,0.078,-0.007,70.63,0.0,36.3,4,1,0
13:22:41.188,EBBREZZA,1,167.12,11.0,0.234,-1.298,2.088,-9.457,-0.16,0.098,-0.033,70.63,0.0,36.3,4,1,0
13:22:41.688,EBBREZZA,1,166.69,9.92,0.286,-1.501,2.327,-9.572,-0.155,0.043,-0.0,70.63,0.0,36.3,4,1,0
13:22:42.188,EBBREZZA,1,167.24,3.19,0.234,-1.607,1.379,-10.616,0.099,-0.028,0.042,70.63,0.0,36.3,4,1,0
13:22:42.688,EBBREZZA,1,168.32,6.31,0.243,-1.621,2.394,-9.225,0.005,-0.044,0.016,70.63,0.0,36.3,4,1,0
13:22:43.188,EBBREZZA,1,173.0,0.85,0.26,-3.017,2.119,-9.163,-0.129,0.035,0.0,70.63,0.0,36.3,4,1,0
13:22:43.688,EBBREZZA,1,170.32,8.54,0.228,-1.683,2.26,-9.021,-0.155,0.093,-0.022,70.63,0.0,36.3,4,1,0
13:22:44.188,EBBREZZA,1,166.05,7.5,0.232,-1.322,2.234,-8.859,-0.167,0.04,0.003,70.63,0.0,36.3,4,1,0
13:22:44.688,EBBREZZA,1,169.8,2.37,0.239,-2.116,2.385,-9.033,-0.156,0.078,-0.029,70.63,0.0,36.3,4,1,0
13:22:45.188,EBBREZZA,1,169.17,-1.68,0.215,-2.784,2.588,-9.005,-0.117,0.072,-0.028,70.63,0.0,36.3,4,1,0
13:22:45.688,EBBREZZA,1,170.83,2.47,0.23,-3.361,2.55,-8.765,-0.167,0.076,-0.019,70.63,0.0,36.3,4,1,0
13:22:46.188,EBBREZZA,1,168.86,1.79,0.258,-3.259,2.514,-8.77,-0.137,0.063,-0.013,70.63,0.0,36.3,4,1,0
13:22:46.689,EBBREZZA,1,170.57,-0.13,0.228,-3.302,2.547,-8.507,-0.209,0.083,-0.023,70.63,0.0,36.3,4,1,0
13:22:47.189,EBBREZZA,1,170.4,3.95,0.237,-2.516,2.744,-9.191,-0.15,0.064,-0.013,70.63,0.0,36.3,4,1,0
13:22:47.689,EBBREZZA,1,168.36,10.58,0.23,-2.593,2.624,-8.717,-0.171,0.069,-0.019,70.63,0.0,36.3,4,1,0
13:22:48.189,EBBREZZA,1,170.55,11.48,0.229,-1.844,2.411,-9.534,-0.139,0.068,-0.009,70.63,0.0,36.2,4,1,0
13:22:48.689,EBBREZZA,1,168.49,7.67,0.23,-0.893,2.088,-9.61,-0.126,0.058,-0.017,70.63,0.0,36.2,4,1,0
13:22:49.189,EBBREZZA,1,171.05,12.95,0.224,-0.886,1.93,-9.39,-0.118,0.06,-0.013,70.63,0.0,36.2,4,1,0
13:22:49.689,EBBREZZA,1,170.9,32.37,0.224,-1.041,2.081,-9.371,-0.137,0.056,-0.021,70.63,0.0,36.2,4,1,0
13:22:50.189,EBBREZZA,1,170.58,33.7,0.227,-0.998,1.803,-9.414,-0.128,0.061,-0.014,70.63,0.0,36.2,4,1,0
13:22:50.689,EBBREZZA,1,171.33,27.92,0.219,-1.075,2.114,-9.529,-0.117,0.062,-0.007,70.63,0.0,36.2,4,1,0
13:22:51.189,EBBREZZA,1,169.89,28.56,0.191,-1.027,1.867,-9.323,-0.157,0.071,-0.021,70.63,0.0,36.2,4,1,0
13:22:51.689,EBBREZZA,1,171.12,34.36,0.207,-0.934,2.102,-9.402,-0.119,0.058,-0.015,70.63,0.0,36.2,4,1,0
13:22:52.189,EBBREZZA,1,169.46,35.33,0.208,-1.077,1.963,-9.469,-0.152,0.07,-0.021,70.63,0.0,36.2,4,1,0
13:22:52.689,EBBREZZA,1,169.59,35.3,0.221,-0.838,1.906,-9.316,-0.139,0.064,-0.014,70.63,0.0,36.2,4,1,0
13:22:53.189,EBBREZZA,1,170.1,35.2,0.227,-1.14,2.157,-9.591,-0.134,0.063,-0.015,70.63,0.0,36.2,5,1,0
13:22:53.689,EBBREZZA,1,169.42,28.25,0.123,-1.137,1.994,-9.481,-0.128,0.064,-0.011,70.63,0.0,36.2,5,1,0
13:22:54.189,EBBREZZA,1,171.06,34.49,0.222,-0.812,2.037,-9.541,-0.136,0.064,-0.022,70.63,0.0,36.2,5,1,0
13:22:54.690,EBBREZZA,1,170.7,37.97,0.28,-1.113,1.867,-9.385,-0.152,0.075,-0.016,70.63,0.0,36.2,5,1,0
13:22:55.190,EBBREZZA,1,169.55,35.6,0.245,-0.946,2.162,-9.407,-0.12,0.055,-0.007,70.63,0.0,36.2,5,1,0
13:22:55.690,EBBREZZA,1,-145.76,19.48,0.214,-1.089,1.896,-9.51,-0.144,0.057,-0.015,70.63,0.0,36.2,5,1,0
13:22:56.190,EBBREZZA,1,172.31,28.72,0.224,-0.912,1.906,-9.419,-0.123,0.071,-0.011,70.63,0.0,36.2,5,1,0
13:22:56.690,EBBREZZA,1,170.92,27.31,0.211,-1.077,2.069,-9.409,-0.135,0.063,-0.019,70.63,0.0,36.2,5,1,0
13:22:57.190,EBBREZZA,1,174.66,33.43,0.111,-1.073,2.078,-9.464,-0.119,0.062,-0.014,70.63,0.0,36.2,5,1,0
13:22:57.690,EBBREZZA,1,169.05,40.24,0.212,-0.967,2.045,-9.392,-0.131,0.068,-0.015,70.63,0.0,36.2,5,1,0
13:22:58.190,VIGILE,1,172.0,33.64,0.254,-1.152,1.827,-9.256,-0.143,0.071,-0.016,70.63,0.0,36.2,5,1,1
13:22:58.690,VIGILE,1,169.51,37.57,0.236,-0.871,2.095,-9.476,-0.114,0.06,-0.018,70.63,0.0,36.2,5,1,1
13:22:59.190,VIGILE,1,176.45,32.3,0.074,-1.267,1.872,-9.5,-0.14,0.061,-0.01,70.63,0.0,36.2,5,1,1
13:22:59.690,VIGILE,1,167.26,6.39,0.222,-0.891,1.942,-9.486,-0.134,0.064,-0.015,70.63,0.0,36.2,5,1,1
13:23:00.190,VIGILE,1,173.4,-2.68,0.238,-1.061,1.982,-9.378,-0.144,0.07,-0.022,70.63,0.0,36.2,5,1,1
13:23:00.690,VIGILE,1,171.53,0.71,0.245,-1.001,1.908,-9.39,-0.135,0.063,-0.022,70.63,0.0,36.2,5,1,1
13:23:01.190,VIGILE,1,177.82,3.19,0.248,-0.946,1.925,-9.543,-0.13,0.07,-0.015,70.63,0.0,36.2,5,1,1
13:23:01.690,VIGILE,1,-177.75,7.15,0.233,-1.022,1.925,-9.256,-0.146,0.064,-0.014,70.63,0.0,36.2,5,1,1
13:23:02.191,VIGILE,1,171.0,-0.06,0.22,-1.034,2.138,-9.436,-0.113,0.05,-0.006,70.63,0.0,36.2,5,1,1
13:23:02.691,VIGILE,1,170.45,-2.46,0.209,-1.123,1.911,-9.222,-0.132,0.065,-0.015,70.63,0.0,36.2,5,1,1
13:23:03.191,VIGILE,1,-173.25,2.07,0.208,-1.015,2.03,-9.55,-0.136,0.056,-0.014,70.63,0.0,36.2,6,1,1
13:23:03.691,VIGILE,1,176.12,0.33,0.232,-1.025,2.174,-9.469,-0.141,0.05,-0.016,70.63,0.0,36.2,6,1,1
13:23:04.191,VIGILE,1,179.13,-2.98,0.226,-1.025,1.956,-9.5,-0.133,0.049,-0.009,70.63,0.0,36.2,6,1,1
13:23:04.691,VIGILE,1,178.91,-4.66,0.228,-0.871,1.987,-9.553,-0.137,0.059,-0.014,70.63,0.0,36.2,6,1,1
13:23:05.191,VIGILE,1,178.75,-7.03,0.237,-1.049,1.913,-9.165,-0.144,0.061,-0.018,70.63,0.0,36.2,6,1,1
13:23:05.691,VIGILE,1,177.66,3.31,0.227,-1.14,2.085,-9.536,-0.115,0.044,-0.002,70.63,0.0,36.2,6,1,1
13:23:06.191,VIGILE,0,0.0,0.0,0.0,-1.061,1.906,-9.431,-0.153,0.066,-0.019,70.63,0.0,36.2,6,1,1
13:23:06.691,VIGILE,1,174.47,-6.35,0.175,-0.996,2.009,-9.4,-0.133,0.065,-0.021,70.63,0.0,36.2,6,1,1
13:23:07.191,VIGILE,0,0.0,0.0,0.0,-1.149,2.14,-9.395,-0.141,0.074,-0.023,70.63,0.0,36.2,6,1,1
13:23:07.691,VIGILE,0,0.0,0.0,0.0,-0.974,1.997,-9.44,-0.138,0.057,-0.015,70.63,0.0,36.2,6,1,1
13:23:08.191,VIGILE,1,-179.68,-2.38,0.242,-1.022,1.97,-9.342,-0.147,0.087,-0.025,70.63,0.0,36.1,6,1,1
13:23:08.691,VIGILE,1,174.95,-4.22,0.235,-0.922,1.841,-9.184,-0.146,0.068,-0.022,70.63,0.0,36.1,6,1,1
13:23:09.191,VIGILE,0,0.0,0.0,0.0,-1.018,2.195,-9.443,-0.12,0.065,-0.018,70.63,0.0,36.1,6,1,1
13:23:09.691,VIGILE,0,0.0,0.0,0.0,-1.252,1.978,-9.615,-0.132,0.062,-0.009,70.63,0.0,36.1,6,1,1
13:23:10.192,VIGILE,0,0.0,0.0,0.0,-0.883,1.963,-9.421,-0.118,0.06,-0.008,70.63,0.0,36.1,6,1,1
13:23:10.692,VIGILE,0,0.0,0.0,0.0,-0.907,1.997,-9.483,-0.145,0.07,-0.026,70.63,0.0,36.1,6,1,1
13:23:11.192,VIGILE,1,178.7,-4.86,0.239,-0.797,1.954,-9.301,-0.142,0.078,-0.023,70.63,0.0,36.1,6,1,1
13:23:11.692,VIGILE,1,-178.01,-2.63,0.096,-1.018,1.958,-9.5,-0.132,0.064,-0.016,70.63,0.0,36.1,6,1,1
13:23:12.192,VIGILE,1,179.04,1.16,0.232,-0.862,1.87,-9.22,-0.158,0.078,-0.022,70.63,0.0,36.1,6,1,1
13:23:12.692,VIGILE,1,178.47,-5.65,0.229,-1.025,2.205,-9.503,-0.118,0.062,-0.012,70.63,0.0,36.1,6,1,1
13:23:13.192,VIGILE,0,0.0,0.0,0.0,-1.207,2.002,-9.529,-0.149,0.072,-0.02,70.63,0.0,36.1,6,1,1
13:23:13.692,VIGILE,0,0.0,0.0,0.0,-0.936,1.863,-9.306,-0.134,0.052,-0.01,70.63,0.0,36.1,6,1,1
13:23:14.192,VIGILE,0,0.0,0.0,0.0,-1.03,2.066,-9.321,-0.135,0.063,-0.016,70.63,0.0,36.1,6,1,1
13:23:14.692,VIGILE,1,-173.4,9.16,0.266,-1.034,1.937,-9.294,-0.132,0.055,-0.004,70.63,0.0,36.1,6,1,1
13:23:15.192,VIGILE,1,-173.31,-1.57,0.241,-0.95,1.968,-9.471,-0.136,0.074,-0.021,70.63,0.0,36.1,6,1,1
13:23:15.692,VIGILE,1,-171.51,-11.04,0.236,-1.152,1.851,-9.378,-0.145,0.074,-0.019,70.63,0.0,36.1,6,1,1
13:23:16.192,VIGILE,1,-173.23,1.63,0.254,-1.008,2.083,-9.378,-0.112,0.05,-0.002,70.63,0.0,36.1,6,1,1
13:23:16.692,VIGILE,1,-174.75,4.23,0.245,-0.948,2.009,-9.486,-0.144,0.064,-0.024,70.63,0.0,36.1,6,1,1
13:23:17.192,VIGILE,1,-174.87,9.8,0.254,-0.917,1.942,-9.304,-0.133,0.063,-0.012,70.63,0.0,36.1,6,1,1
13:23:17.692,VIGILE,1,-176.49,2.93,0.241,-1.053,1.975,-9.254,-0.136,0.068,-0.018,70.63,0.0,36.1,6,1,1
13:23:18.193,VIGILE,1,179.48,-0.55,0.235,-1.001,2.081,-9.376,-0.135,0.073,-0.02,70.63,0.0,36.1,6,1,1
13:23:18.693,VIGILE,1,-173.79,-2.94,0.232,-1.085,2.002,-9.414,-0.124,0.053,-0.005,70.63,0.0,36.1,6,1,1
13:23:19.193,VIGILE,1,-177.39,-8.67,0.243,-1.006,1.944,-9.493,-0.139,0.069,-0.022,70.63,0.0,36.1,6,1,1
13:23:19.693,VIGILE,1,-176.67,-8.52,0.242,-1.144,1.887,-9.349,-0.127,0.048,-0.003,70.63,0.0,36.1,6,1,1
13:23:20.193,VIGILE,1,-176.16,-14.89,0.246,-1.085,2.207,-9.527,-0.12,0.055,-0.012,70.63,0.0,36.1,6,1,1
13:23:20.693,VIGILE,1,-176.74,-7.74,0.256,-1.116,1.817,-9.524,-0.101,0.043,-0.019,70.63,0.0,36.1,6,1,1
13:23:21.193,VIGILE,1,-175.51,-14.48,0.224,-0.905,1.932,-9.4,-0.122,0.062,-0.02,70.63,0.0,36.1,6,1,1
13:23:21.693,VIGILE,1,-173.44,-14.11,0.252,-1.077,2.112,-9.464,-0.132,0.062,-0.014,70.63,0.0,36.1,6,1,1
13:23:22.193,VIGILE,1,-178.13,-11.44,0.239,-0.905,1.844,-9.414,-0.133,0.062,-0.017,70.63,0.0,36.1,6,1,1
13:23:22.693,VIGILE,1,-165.01,1.46,0.094,-1.01,2.021,-9.519,-0.125,0.066,-0.012,70.63,0.0,36.1,6,1,1
13:23:23.193,VIGILE,0,0.0,0.0,0.0,-0.982,1.875,-9.278,-0.17,0.083,-0.03,70.63,0.0,36.1,6,1,1
13:23:23.693,VIGILE,1,177.31,-2.74,0.163,-1.003,2.145,-9.558,-0.134,0.071,-0.019,70.63,0.0,36.1,6,1,1
13:23:24.193,VIGILE,0,0.0,0.0,0.0,-1.202,1.908,-9.582,-0.149,0.067,-0.016,70.63,0.0,36.1,6,1,1
13:23:24.693,VIGILE,0,0.0,0.0,0.0,-0.881,1.901,-9.22,-0.144,0.072,-0.014,70.63,0.0,36.1,6,1,1
13:23:25.193,VIGILE,1,-173.24,-4.33,0.255,-1.137,2.136,-9.527,-0.127,0.062,-0.008,70.63,0.0,36.1,6,1,1
13:23:25.693,VIGILE,1,-171.92,2.36,0.252,-1.027,2.09,-9.244,-0.136,0.065,-0.018,70.63,0.0,36.1,6,1,1
13:23:26.194,VIGILE,1,-174.62,-4.95,0.246,-0.965,2.011,-9.503,-0.124,0.054,-0.012,70.63,0.0,36.1,6,1,1
13:23:26.694,VIGILE,1,-174.19,-2.08,0.259,-0.953,1.923,-9.469,-0.147,0.07,-0.025,70.63,0.0,36.1,6,1,1
13:23:27.194,VIGILE,1,-174.55,-7.02,0.268,-1.209,1.848,-9.268,-0.11,0.052,-0.009,70.63,0.0,36.1,6,1,1
13:23:27.694,VIGILE,1,-176.37,-6.39,0.24,-1.034,2.143,-9.4,-0.108,0.058,-0.01,70.63,0.0,36.1,6,1,1
13:23:28.194,VIGILE,1,-175.0,12.29,0.241,-1.221,1.963,-9.495,-0.146,0.069,-0.017,70.63,0.0,36.1,6,1,1
13:23:28.694,VIGILE,1,-176.23,8.04,0.215,-0.893,1.956,-9.364,-0.122,0.058,-0.009,70.63,0.0,36.1,6,1,1
13:23:29.194,VIGILE,1,-174.65,9.12,0.271,-1.073,2.097,-9.476,-0.133,0.061,-0.017,70.63,0.0,36.1,6,1,1
13:23:29.694,VIGILE,1,-168.95,27.29,0.299,-1.058,2.078,-9.385,-0.134,0.063,-0.016,70.63,0.0,36.1,6,1,1
13:23:30.194,VIGILE,1,-175.47,-1.14,0.255,-0.955,1.944,-9.426,-0.126,0.062,-0.018,70.63,0.0,36.1,6,1,1
13:23:30.694,VIGILE,1,-179.38,-4.69,0.228,-0.903,1.949,-9.536,-0.138,0.07,-0.019,70.63,0.0,36.1,6,1,1
13:23:31.195,VIGILE,1,-179.79,-1.41,0.226,-0.967,1.841,-9.17,-0.161,0.067,-0.022,70.63,0.0,36.1,6,1,1
13:23:31.695,VIGILE,1,179.48,1.21,0.269,-1.022,2.15,-9.421,-0.113,0.059,-0.005,70.63,0.0,36.1,6,1,1
13:23:32.195,VIGILE,1,-178.95,-4.39,0.281,-1.152,1.968,-9.524,-0.149,0.068,-0.021,70.63,0.0,36.1,6,1,1
13:23:32.695,VIGILE,1,179.16,-5.52,0.249,-0.912,1.918,-9.385,-0.148,0.077,-0.019,70.63,0.0,36.1,6,1,1
13:23:33.195,VIGILE,1,-179.86,-6.47,0.244,-0.895,1.99,-9.436,-0.159,0.078,-0.036,70.63,0.0,36.1,6,1,1
13:23:33.695,VIGILE,1,-179.68,-4.98,0.272,-1.104,2.054,-9.361,-0.139,0.065,-0.02,70.63,0.0,36.1,6,1,1
13:23:34.195,VIGILE,1,178.74,-3.05,0.202,-0.682,1.935,-9.424,-0.143,0.067,-0.027,70.63,0.0,36.1,6,1,1
13:23:34.695,VIGILE,1,-179.13,-5.81,0.217,-1.001,1.973,-9.541,-0.117,0.059,-0.014,70.63,0.0,36.1,6,1,1
13:23:35.195,VIGILE,1,-179.52,-5.03,0.273,-1.034,1.982,-9.256,-0.116,0.07,-0.018,70.63,0.0,36.1,6,1,1
13:23:35.695,VIGILE,1,-174.1,-15.55,0.285,-0.134,1.729,-9.859,-0.146,0.089,-0.026,70.63,0.0,36.1,6,1,1
13:23:36.195,VIGILE,1,-166.08,-10.39,0.109,0.333,1.494,-9.512,-0.165,0.08,-0.03,70.63,0.0,36.1,6,1,1
13:23:36.695,DISTRAZIONE,1,-162.93,-4.4,0.107,0.419,1.372,-9.22,-0.137,0.082,-0.021,70.63,0.0,36.1,6,1,1
13:23:37.195,DISTRAZIONE,1,-158.12,11.13,0.12,0.613,1.223,-9.321,-0.287,0.13,-0.055,70.63,0.0,36.1,6,1,1
13:23:37.695,DISTRAZIONE,1,-158.43,11.64,0.115,-0.45,1.681,-9.838,-0.074,0.03,-0.022,70.63,0.0,36.1,6,1,1
13:23:38.196,DISTRAZIONE,1,-177.11,28.16,0.282,0.196,1.286,-9.926,-0.115,0.088,-0.015,70.63,0.0,36.1,6,1,1
13:23:38.696,DISTRAZIONE,1,-159.62,16.15,0.098,0.637,1.755,-9.859,-0.124,0.071,0.005,70.63,0.0,36.1,6,1,1
13:23:39.196,DISTRAZIONE,1,-163.84,16.74,0.121,-1.147,2.255,-9.445,-0.212,0.099,0.013,70.63,0.0,36.1,6,1,1
13:23:39.696,DISTRAZIONE,1,-167.74,21.4,0.24,-1.207,2.128,-9.864,-0.095,0.025,-0.015,70.63,0.0,36.1,6,1,1
13:23:40.196,DISTRAZIONE,1,-158.88,16.33,0.114,-2.035,2.969,-8.401,-0.112,0.069,0.051,70.63,0.0,36.1,6,1,1
13:23:40.696,DISTRAZIONE,1,-159.24,23.96,0.122,-1.877,1.549,-8.698,-0.125,0.013,0.003,70.63,0.0,36.1,6,1,1
13:23:41.196,DISTRAZIONE,1,-172.1,32.8,0.317,-2.164,1.487,-9.5,-0.116,0.079,-0.045,70.63,0.0,36.1,6,1,1
13:23:41.696,DISTRAZIONE,1,-165.89,-35.34,0.35,-0.275,1.185,-9.141,-0.182,0.103,-0.023,70.63,0.0,36.1,6,1,1
13:23:42.196,DISTRAZIONE,0,0.0,0.0,0.0,-1.379,0.826,-9.627,-0.076,0.072,-0.067,70.63,0.0,36.1,6,1,1
13:23:42.696,DISTRAZIONE,1,-159.04,25.56,0.143,-0.85,0.232,-9.572,-0.172,0.166,-0.21,70.63,0.0,36.1,6,1,1
13:23:43.196,DISTRAZIONE,1,-165.88,5.06,0.301,-0.412,-0.634,-9.462,-0.153,0.134,-0.348,70.63,0.0,36.1,6,1,1
13:23:43.696,DISTRAZIONE,1,-166.01,-38.03,0.295,-2.073,-2.112,-9.95,-0.938,0.37,-0.444,70.63,0.0,36.1,6,1,1
13:23:44.196,DISTRAZIONE,1,-163.1,-40.13,0.319,-3.778,-0.816,-9.78,0.003,0.141,-0.486,70.63,0.0,36.1,6,1,1
13:23:44.696,DISTRAZIONE,1,-159.53,12.06,0.099,-2.181,0.23,-9.577,-0.184,0.199,-0.503,70.63,0.0,36.1,6,1,1
13:23:45.196,DISTRAZIONE,1,-160.71,26.88,0.153,-1.027,0.965,-9.919,-0.172,0.156,-0.416,70.63,0.0,36.1,6,1,1
13:23:45.696,DISTRAZIONE,1,-163.14,17.81,0.311,-0.747,0.862,-9.948,-0.163,0.097,-0.256,70.63,0.0,36.2,6,1,1
13:23:46.197,DISTRAZIONE,1,-159.43,23.73,0.124,-0.036,1.47,-9.222,-0.119,0.089,-0.106,70.63,0.0,36.2,6,1,1
13:23:46.697,DISTRAZIONE,1,-160.03,23.68,0.115,0.079,1.374,-9.641,-0.134,0.06,-0.036,70.63,0.0,36.2,6,1,1
13:23:47.197,DISTRAZIONE,1,-162.73,34.09,0.118,-1.257,1.346,-9.34,-0.241,0.082,-0.097,70.63,0.0,36.2,6,1,1
13:23:47.697,DISTRAZIONE,1,-160.4,24.26,0.147,-1.207,1.638,-9.392,-0.09,0.07,-0.116,70.63,0.0,36.2,6,1,1
13:23:48.197,VIGILE,1,-175.63,17.49,0.192,-1.14,1.913,-9.297,0.007,-0.013,0.0,70.63,0.0,36.2,6,1,1
13:23:48.697,VIGILE,0,0.0,0.0,0.0,0.376,2.066,-9.773,-0.167,0.081,-0.001,70.63,0.0,36.2,6,1,1
13:23:49.197,VIGILE,1,175.51,-5.56,0.293,0.769,1.666,-9.357,-0.312,0.085,-0.049,70.63,0.0,36.2,6,1,1
13:23:49.697,VIGILE,1,-178.98,-7.2,0.291,0.057,1.882,-9.735,-0.015,0.024,-0.002,70.63,0.0,36.2,6,1,1
13:23:50.197,VIGILE,1,179.66,-10.4,0.208,-1.305,1.686,-9.493,-0.059,0.04,0.009,70.63,0.0,36.2,6,1,1
13:23:50.697,VIGILE,1,-179.18,-5.17,0.281,0.256,1.496,-10.053,-0.211,0.122,-0.022,70.63,0.0,36.2,6,1,1
13:23:51.197,VIGILE,1,175.59,-2.22,0.238,-2.65,2.473,-8.42,-0.533,0.28,-0.082,70.63,0.0,36.2,6,1,1
13:23:51.697,VIGILE,1,178.59,-4.44,0.271,-0.378,1.652,-9.962,-0.162,0.062,-0.019,70.63,0.0,36.2,6,1,1
13:23:52.197,VIGILE,1,179.1,-4.21,0.259,-0.927,1.733,-8.882,-0.169,0.088,-0.046,70.63,0.0,36.2,6,1,1
13:23:52.697,VIGILE,1,177.99,-4.94,0.275,-1.257,1.932,-9.685,-0.023,0.033,0.008,70.63,0.0,36.2,6,1,1
13:23:53.197,VIGILE,1,177.65,-6.71,0.268,-0.972,1.839,-9.723,-0.157,0.059,-0.009,70.63,0.0,36.2,6,1,1
13:23:53.697,VIGILE,1,177.5,-6.31,0.251,-1.288,2.301,-9.069,-0.196,0.114,-0.056,70.63,0.0,36.2,6,1,1
13:23:54.198,VIGILE,1,177.29,-6.75,0.286,-1.269,2.284,-9.076,-0.1,0.059,-0.019,70.63,0.0,36.2,6,1,1
13:23:54.698,VIGILE,1,177.35,-5.13,0.239,-1.834,2.258,-9.538,-0.049,-0.023,0.014,70.63,0.0,36.2,6,1,1
13:23:55.198,VIGILE,1,177.35,-8.5,0.276,-1.736,2.064,-9.369,-0.101,0.076,-0.013,70.63,0.0,36.2,6,1,1
13:23:55.698,VIGILE,1,174.32,-5.42,0.281,-1.518,2.413,-9.369,-0.128,0.076,-0.02,70.63,0.0,36.1,6,1,1
13:23:56.198,VIGILE,1,174.72,-4.18,0.261,-2.442,2.557,-8.854,-0.276,0.121,-0.029,70.63,0.0,36.1,6,1,1
13:23:56.698,VIGILE,1,177.83,-11.4,0.194,-3.469,3.077,-8.808,-0.09,0.022,0.019,70.63,0.0,36.1,6,1,1
13:23:57.198,VIGILE,1,175.91,-9.02,0.269,-3.17,3.043,-8.629,-0.164,0.086,-0.017,70.63,0.0,36.1,6,1,1
13:23:57.698,VIGILE,1,177.34,-12.63,0.251,-3.096,2.761,-8.873,-0.109,0.037,0.013,70.63,0.0,36.1,6,1,1
13:23:58.198,VIGILE,1,179.95,-12.09,0.292,-1.094,2.306,-9.091,-0.15,0.072,-0.022,70.63,0.0,36.1,6,1,1
13:23:58.698,VIGILE,1,-178.25,-5.59,0.328,-0.718,2.085,-10.245,0.204,0.021,0.026,70.63,0.0,36.1,6,1,1
13:23:59.198,VIGILE,1,174.38,-9.27,0.271,-0.381,2.279,-9.299,-0.146,0.09,-0.027,70.63,0.0,36.1,6,1,1
13:23:59.698,VIGILE,1,178.91,-6.19,0.281,-0.35,1.338,-9.95,-0.095,0.057,-0.013,70.63,0.0,36.1,6,1,1
13:24:00.198,VIGILE,1,-179.44,-10.94,0.285,-0.022,1.681,-10.041,-0.028,0.043,0.007,70.63,0.0,36.1,6,1,1
13:24:00.698,VIGILE,1,180.0,-8.58,0.255,0.407,1.741,-10.084,-0.107,0.076,-0.032,70.63,0.0,36.1,6,1,1
13:24:01.198,VIGILE,1,-178.01,-12.41,0.274,-0.105,1.504,-9.457,-0.061,0.016,-0.01,70.63,0.0,36.1,6,1,1
13:24:01.698,VIGILE,1,-179.98,-10.9,0.283,0.74,1.475,-10.017,-0.066,0.035,-0.0,70.63,0.0,36.1,6,1,1
13:24:02.198,VIGILE,1,179.25,-6.71,0.274,0.68,1.865,-9.902,-0.072,0.039,0.025,70.63,0.0,36.1,6,1,1
13:24:02.699,VIGILE,1,176.36,-6.66,0.229,-1.032,1.508,-9.424,-0.167,0.083,-0.029,70.63,0.0,36.1,6,1,1
13:24:03.199,VIGILE,1,177.04,-9.13,0.267,-1.097,1.927,-9.692,-0.084,0.019,-0.001,70.63,0.0,36.1,6,1,1
13:24:03.699,VIGILE,1,-179.76,-10.27,0.282,-0.182,1.48,-9.725,-0.164,0.075,-0.01,70.63,0.0,36.1,6,1,1
13:24:04.199,VIGILE,1,172.39,-4.92,0.259,-0.522,1.822,-9.579,-0.074,0.032,0.025,70.63,0.0,36.1,6,1,1
13:24:04.699,VIGILE,1,177.27,-1.54,0.29,-0.11,1.717,-8.291,-0.221,0.125,-0.033,70.63,0.0,36.1,6,1,1
13:24:05.199,VIGILE,1,179.12,-5.07,0.279,-0.57,1.748,-9.151,-0.116,0.042,0.009,70.63,0.0,36.1,6,1,1
13:24:05.699,VIGILE,1,179.44,-8.24,0.278,0.778,1.35,-9.158,-0.231,0.11,-0.064,70.63,0.0,36.1,6,1,1
13:24:06.199,VIGILE,1,176.59,-8.11,0.26,-0.103,1.915,-9.321,-0.063,0.046,-0.002,70.63,0.0,36.1,6,1,1
13:24:06.699,VIGILE,1,176.77,-5.96,0.267,-0.081,2.028,-9.428,-0.246,0.064,-0.027,70.63,0.0,36.1,6,1,1
13:24:07.199,VIGILE,1,176.79,-7.91,0.268,-1.343,1.243,-9.043,-0.079,0.08,-0.017,70.63,0.0,36.1,6,1,1
13:24:07.699,VIGILE,1,178.81,-9.39,0.27,-0.321,2.583,-9.354,-0.159,0.052,-0.045,70.63,0.0,36.1,6,1,1
13:24:08.199,VIGILE,1,-179.9,-6.47,0.275,-1.077,2.291,-9.596,0.066,-0.008,-0.004,70.63,0.0,36.1,6,1,1
13:24:08.699,VIGILE,1,179.63,-7.03,0.27,-0.737,2.083,-9.086,-0.125,0.083,-0.043,70.63,0.0,36.1,6,1,1
13:24:09.199,VIGILE,1,-179.93,-6.8,0.273,-0.285,1.709,-9.536,-0.228,0.078,-0.031,70.63,0.0,36.1,6,1,1
13:24:09.699,VIGILE,1,178.22,-7.34,0.276,0.316,1.628,-9.471,-0.127,0.052,-0.014,70.63,0.0,36.1,6,1,1
13:24:10.200,VIGILE,1,178.91,-9.01,0.264,-1.211,2.442,-9.404,-0.128,0.048,-0.034,70.63,0.0,36.1,6,1,1
13:24:10.700,VIGILE,1,-179.8,-13.82,0.299,-0.723,1.657,-8.693,-0.172,0.055,-0.004,70.63,0.0,36.1,6,1,1
13:24:11.200,VIGILE,1,179.4,-11.01,0.291,-1.269,1.719,-8.736,-0.165,0.104,-0.017,70.63,0.0,36.1,6,1,1
13:24:11.700,VIGILE,1,179.75,-11.26,0.269,-1.853,2.545,-9.017,-0.178,0.058,0.031,70.63,0.0,36.1,6,1,1
13:24:12.200,VIGILE,1,-179.13,-8.25,0.282,-2.219,2.291,-10.247,-0.034,0.073,0.038,70.63,0.0,36.1,6,1,1
13:24:12.700,VIGILE,1,-179.81,-9.8,0.284,-1.089,2.035,-8.77,-0.126,0.053,-0.013,70.63,0.0,36.1,6,1,1
13:24:13.200,VIGILE,1,178.78,-8.01,0.269,-3.869,1.377,-12.263,-0.696,0.366,-0.119,70.63,0.0,36.1,6,1,1
13:24:13.700,VIGILE,1,177.35,1.06,0.289,-1.901,1.86,-7.578,0.131,-0.371,0.084,70.63,0.0,36.1,6,1,1
13:24:14.200,VIGILE,1,178.47,-5.25,0.284,-1.063,1.968,-10.072,-0.061,0.061,-0.015,70.63,0.0,36.1,6,1,1
13:24:14.700,VIGILE,1,-178.27,-6.01,0.266,-0.038,1.961,-10.139,-0.221,0.128,-0.044,70.63,0.0,36.1,6,1,1
13:24:15.200,VIGILE,1,177.39,-5.66,0.276,-0.462,2.931,-7.582,-0.182,0.089,-0.05,70.63,0.0,36.1,6,1,1
13:24:15.700,VIGILE,1,-178.29,-4.16,0.307,0.261,2.399,-10.432,0.212,0.147,0.075,70.63,0.0,36.1,6,1,1
13:24:16.200,VIGILE,1,-179.97,-5.22,0.276,-0.532,1.851,-9.388,-0.045,0.029,0.016,70.63,0.0,36.1,6,1,1
13:24:16.700,VIGILE,1,178.63,-4.8,0.263,-1.391,1.999,-9.725,-0.075,0.049,-0.008,70.63,0.0,36.1,6,1,1
13:24:17.200,VIGILE,1,176.72,-6.49,0.173,-0.833,2.124,-9.426,-0.276,0.092,-0.048,70.63,0.0,36.1,6,1,1
13:24:17.701,VIGILE,1,-179.96,-7.91,0.276,-1.326,2.172,-8.013,-0.171,0.099,-0.046,70.63,0.0,36.1,6,1,1
13:24:18.201,VIGILE,1,-178.97,-8.54,0.289,-0.105,2.504,-9.325,-0.192,0.104,-0.037,70.63,0.0,36.1,6,1,1
13:24:18.701,VIGILE,1,-179.38,-8.47,0.274,-0.871,1.848,-9.55,-0.091,0.02,0.012,70.63,0.0,36.1,6,1,1
13:24:19.201,VIGILE,1,178.76,-9.12,0.273,-0.546,1.686,-9.256,-0.068,0.056,-0.001,70.63,0.0,36.1,6,1,1
13:24:19.701,VIGILE,1,179.99,-11.56,0.286,-0.359,2.265,-9.517,-0.057,0.08,-0.009,70.63,0.0,36.1,6,1,1
13:24:20.201,VIGILE,1,-171.79,34.03,0.13,-1.089,2.119,-9.081,-0.221,0.105,-0.048,70.63,0.0,36.1,6,1,1
13:24:20.701,VIGILE,1,-173.42,15.37,0.288,-0.026,1.733,-11.133,0.038,0.03,0.025,70.63,0.0,36.1,6,1,1
13:24:21.201,VIGILE,1,-172.38,-12.5,0.291,-0.175,1.911,-9.428,-0.097,0.073,-0.021,70.63,0.0,36.1,6,1,1
13:24:21.701,VIGILE,1,-172.71,-8.54,0.298,1.082,1.815,-9.783,-0.293,0.103,-0.067,70.63,0.0,36.1,6,1,1
13:24:22.201,VIGILE,1,-174.28,-5.09,0.24,0.412,1.815,-9.649,-0.261,0.075,-0.038,70.63,0.0,36.1,6,1,1
13:24:22.701,VIGILE,1,-166.72,27.38,0.09,0.314,0.338,-8.475,-0.072,0.007,-0.001,70.63,0.0,36.1,6,1,1
13:24:23.201,VIGILE,1,-176.25,-6.49,0.263,-0.098,1.434,-10.159,0.129,0.004,0.035,70.63,0.0,36.1,6,1,1
13:24:23.701,VIGILE,1,-175.97,-11.09,0.291,0.441,1.065,-9.541,-0.189,0.103,-0.03,70.63,0.0,36.1,6,1,1
13:24:24.201,VIGILE,1,-176.09,-9.95,0.245,0.498,1.142,-9.96,-0.147,0.046,-0.025,70.63,0.0,36.1,6,1,1
13:24:24.701,NERVOSO,1,-177.59,-0.7,0.267,0.649,1.429,-9.287,-0.189,0.107,-0.05,70.63,0.0,36.1,6,1,1
13:24:25.201,NERVOSO,1,-178.16,-3.88,0.264,0.431,1.913,-10.439,0.027,0.02,0.073,70.63,0.0,36.1,6,1,1
13:24:25.702,NERVOSO,1,-176.7,-7.6,0.277,0.5,1.463,-9.105,-0.273,0.14,-0.039,70.63,0.0,36.0,6,1,1
13:24:26.202,NERVOSO,1,178.7,0.3,0.265,-0.749,2.253,-10.166,-0.223,0.112,-0.082,70.63,0.0,36.0,6,1,1
13:24:26.702,NERVOSO,1,178.16,-1.96,0.286,-2.296,2.741,-9.459,-0.256,0.106,-0.039,70.63,0.0,36.0,6,1,1
13:24:27.202,NERVOSO,1,175.52,3.5,0.274,-4.992,4.135,-6.687,-0.577,0.098,-0.237,70.63,0.0,36.0,6,1,1
13:24:27.702,NERVOSO,1,176.1,2.13,0.289,-5.772,4.065,-7.192,-0.202,0.082,-0.011,70.63,0.0,36.0,6,1,1
13:24:28.202,NERVOSO,1,176.19,0.85,0.288,-6.34,3.517,-7.034,-0.02,0.015,0.027,70.63,0.0,36.0,6,1,1
13:24:28.702,NERVOSO,1,178.49,-0.62,0.265,-1.085,2.646,-9.052,-0.139,0.076,-0.04,70.63,0.0,36.0,6,1,1
13:24:29.202,NERVOSO,1,-176.54,3.78,0.259,-0.251,2.313,-8.48,-0.279,0.165,-0.0,70.63,0.0,36.0,6,1,1
13:24:29.702,NERVOSO,1,-176.09,5.29,0.272,0.678,1.592,-11.109,0.106,-0.044,0.048,70.63,0.0,36.0,6,1,1
13:24:30.202,NERVOSO,1,-174.65,-4.55,0.262,0.529,2.868,-8.724,-0.139,0.056,-0.011,70.63,0.0,36.0,6,1,1
13:24:30.703,NERVOSO,1,-176.79,-7.42,0.255,0.754,1.93,-8.894,-0.234,0.095,-0.044,70.63,0.0,35.9,6,1,1
13:24:31.203,NERVOSO,1,179.95,-4.28,0.285,-0.089,3.347,-9.567,-0.195,0.026,-0.049,70.63,0.0,35.9,6,1,1
13:24:31.703,NERVOSO,1,179.66,-1.65,0.268,-1.908,3.898,-8.856,-0.075,0.088,0.018,70.63,0.0,35.9,6,1,1
13:24:32.203,NERVOSO,1,-174.69,4.18,0.274,0.91,2.064,-11.006,-0.128,0.079,0.066,70.63,0.0,35.9,6,1,1
13:24:32.703,NERVOSO,1,178.73,-0.25,0.264,-0.431,2.337,-10.345,0.052,-0.105,0.051,70.63,0.0,35.9,6,1,1
13:24:33.203,NERVOSO,1,-179.27,-1.76,0.269,1.961,2.112,-8.078,-0.652,0.325,-0.149,70.63,0.0,35.8,6,1,1
13:24:33.703,NERVOSO,1,177.47,-4.5,0.269,-1.128,3.354,-9.328,-0.21,0.098,-0.03,70.63,0.0,35.8,6,1,1
13:24:34.203,NERVOSO,1,175.01,3.57,0.276,-5.351,4.029,-7.855,0.684,-0.41,0.029,70.63,0.0,35.8,6,1,1
13:24:34.703,NERVOSO,1,173.21,5.48,0.272,-1.283,4.362,-7.187,-0.195,0.007,0.022,70.63,0.0,35.8,6,1,1
13:24:35.203,NERVOSO,1,171.5,11.16,0.282,-3.979,5.246,-8.464,-0.045,-0.026,0.056,70.63,0.0,35.8,6,1,1
13:24:35.703,NERVOSO,1,176.54,12.15,0.272,-2.382,4.254,-7.815,-0.147,0.016,0.049,70.63,0.0,35.8,6,1,1
13:24:36.203,NERVOSO,1,-176.32,15.21,0.291,-2.832,3.603,-7.58,0.133,-0.001,0.118,70.63,0.0,35.8,6,1,1
13:24:36.703,NERVOSO,1,-177.45,-2.28,0.264,-2.392,3.61,-7.755,-0.252,0.076,-0.007,70.63,0.0,35.8,6,1,1
13:24:37.204,NERVOSO,1,-178.31,-9.42,0.264,-2.162,2.284,-9.699,-0.106,0.071,-0.092,70.63,0.0,35.8,6,1,1
13:24:37.704,NERVOSO,1,-177.56,-0.21,0.274,0.28,4.602,-9.287,-0.201,0.055,0.076,70.63,0.0,35.8,6,1,1
13:24:38.204,NERVOSO,1,172.6,-1.33,0.27,0.484,2.861,-9.991,-0.058,0.025,0.013,70.63,0.0,35.7,6,1,1
13:24:38.704,NERVOSO,1,172.15,-0.7,0.262,-1.451,1.913,-9.565,0.215,-0.048,0.019,70.63,0.0,35.7,6,1,1
13:24:39.204,NERVOSO,1,171.31,-0.89,0.278,-2.643,4.276,-9.026,-0.425,0.149,-0.072,70.63,0.0,35.7,6,1,1
13:24:39.704,NERVOSO,1,175.49,-2.8,0.278,-4.099,4.164,-9.282,-0.288,0.103,-0.066,70.63,0.0,35.7,6,1,1
13:24:40.204,NERVOSO,1,175.24,-4.58,0.285,-0.488,4.456,-8.633,-0.165,0.063,-0.028,70.63,0.0,35.7,6,1,1
13:24:40.704,NERVOSO,1,178.04,-23.72,0.247,1.228,3.613,-11.258,-0.423,0.141,-0.098,70.63,0.0,35.6,6,1,1
13:24:41.204,NERVOSO,1,177.37,-18.88,0.285,-1.317,3.055,-9.184,-0.066,0.033,-0.014,70.63,0.0,35.6,6,1,1
13:24:41.704,NERVOSO,1,175.88,-14.4,0.286,-0.91,3.342,-8.813,-0.2,0.074,-0.018,70.63,0.0,35.6,6,1,1
13:24:42.204,NERVOSO,1,174.94,-13.39,0.291,-1.65,3.522,-8.873,-0.13,0.084,-0.016,70.63,0.0,35.6,6,1,1
13:24:42.704,NERVOSO,1,177.3,-13.79,0.278,-0.563,2.986,-8.806,-0.228,0.102,-0.057,70.63,0.0,35.6,6,1,1
13:24:43.204,NERVOSO,1,-177.62,-17.95,0.291,-1.604,2.761,-9.787,0.252,-0.007,0.019,70.63,0.0,35.6,6,1,1
13:24:43.704,NERVOSO,1,-176.13,-16.45,0.277,0.35,0.321,-10.544,-0.055,0.155,-0.221,70.63,0.0,35.6,6,1,1
13:24:44.204,NERVOSO,1,-177.17,-28.1,0.239,-1.164,-2.643,-11.82,-0.278,0.29,-0.547,70.63,0.0,35.6,6,1,1
13:24:44.704,NERVOSO,1,179.95,-18.07,0.257,-5.097,-1.712,-11.121,-0.231,0.191,-0.524,70.63,0.0,35.6,6,1,1
13:24:45.205,NERVOSO,1,-176.2,-10.28,0.273,-2.686,-0.663,-11.779,-0.001,0.314,-0.411,70.63,0.0,35.6,6,1,1
13:24:45.705,NERVOSO,1,-178.81,-9.93,0.269,0.113,1.683,-11.234,-0.17,0.285,-0.212,70.63,0.0,35.5,6,1,1
13:24:46.205,NERVOSO,1,-175.76,16.82,0.266,-0.022,2.744,-10.252,-1.834,0.318,-0.325,70.63,0.0,35.5,6,1,1
13:24:46.705,NERVOSO,1,178.72,7.31,0.286,-1.044,4.307,-7.417,-0.079,0.119,0.03,70.63,0.0,35.5,6,1,1
13:24:47.205,NERVOSO,1,-178.33,-11.02,0.282,2.042,2.602,-8.097,-0.035,-0.14,0.111,70.63,0.0,35.5,6,1,1
13:24:47.705,NERVOSO,1,167.21,-32.57,0.3,2.605,2.995,-11.789,-0.401,0.183,-0.121,70.63,0.0,35.5,6,1,1
13:24:48.205,NERVOSO,1,-176.14,-16.33,0.299,-0.773,1.247,-9.883,-0.013,0.121,-0.118,70.63,0.0,35.5,6,1,1
13:24:48.705,NERVOSO,1,-177.36,-13.11,0.275,0.201,-0.39,-9.529,-0.272,0.38,-0.156,70.63,0.0,35.5,6,1,1
13:24:49.205,NERVOSO,1,-175.43,-10.3,0.288,1.623,2.746,-13.137,0.774,-0.152,-0.009,70.63,0.0,35.5,6,1,1
13:24:49.705,NERVOSO,1,179.96,-2.32,0.271,-5.279,2.622,-8.902,-0.192,-0.214,-0.161,70.63,0.0,35.5,6,1,1
13:24:50.205,NERVOSO,1,-177.71,-12.91,0.289,-6.63,3.874,-7.128,-0.232,0.172,-0.005,70.63,0.0,35.5,6,1,1
13:24:50.705,NERVOSO,1,-179.38,-19.03,0.284,-2.588,0.122,-9.426,-0.201,0.181,-0.25,70.63,0.0,35.4,6,1,1
13:24:51.205,NERVOSO,1,-173.5,7.44,0.274,-0.532,-1.235,-9.481,-0.451,0.215,-0.271,70.63,0.0,35.4,6,1,1
13:24:51.705,NERVOSO,1,-179.03,-9.49,0.274,0.448,2.67,-9.488,0.124,-0.098,0.039,70.63,0.0,35.4,6,1,1
13:24:52.205,NERVOSO,1,164.42,-29.75,0.285,1.803,3.151,-9.567,-0.153,0.136,-0.024,70.63,0.0,35.4,6,1,1
13:24:52.705,NERVOSO,1,-174.51,-15.29,0.269,1.185,1.865,-11.748,0.229,-0.143,-0.051,70.63,0.0,35.4,6,1,1
13:24:53.206,NERVOSO,1,-175.52,-21.38,0.279,-0.242,1.161,-11.803,0.173,-0.119,-0.153,70.63,0.0,35.4,6,1,1
13:24:53.706,NERVOSO,1,179.63,1.33,0.297,-3.311,4.298,-7.657,-0.373,0.133,-0.116,70.63,0.0,35.4,6,1,1
13:24:54.206,NERVOSO,1,178.95,-11.84,0.294,-7.369,4.733,-8.753,-0.096,0.035,-0.065,70.63,0.0,35.4,6,1,1
13:24:54.706,NERVOSO,1,-174.83,-25.85,0.261,-4.161,-2.339,-10.247,-0.797,0.311,-0.484,70.63,0.0,35.4,6,1,1
13:24:55.206,NERVOSO,1,-172.24,12.13,0.263,-1.015,-2.112,-9.541,-0.671,0.302,-0.18,70.63,0.0,35.4,6,1,1
13:24:55.706,NERVOSO,1,-173.65,9.58,0.277,1.755,2.763,-11.078,0.472,-0.226,0.21,70.63,0.0,35.3,6,1,1
13:24:56.206,NERVOSO,1,-174.92,5.25,0.266,3.077,3.881,-9.419,-0.354,0.214,0.019,70.63,0.0,35.3,6,1,1
13:24:56.706,NERVOSO,1,171.14,20.43,0.292,0.984,2.533,-10.139,0.204,-0.243,0.017,70.63,0.0,35.3,6,1,1
13:24:57.206,NERVOSO,1,-175.75,11.43,0.267,-0.553,-0.441,-9.838,-0.054,-0.082,-0.184,70.63,0.0,35.3,6,1,1
13:24:57.706,NERVOSO,1,-175.49,18.89,0.28,-2.789,2.904,-9.258,-0.124,0.068,-0.059,70.63,0.0,35.3,6,1,1
13:24:58.206,NERVOSO,1,-177.18,15.67,0.29,-6.103,5.741,-6.974,-0.053,0.083,0.016,70.63,0.0,35.2,6,1,1
13:24:58.706,NERVOSO,1,165.65,34.73,0.296,-3.608,5.947,-7.968,0.03,0.021,0.149,70.63,0.0,35.2,6,1,1
13:24:59.206,NERVOSO,1,179.7,11.81,0.311,-0.79,5.89,-7.702,-0.203,0.002,0.19,70.63,0.0,35.2,6,1,1
13:24:59.706,NERVOSO,1,-176.27,1.71,0.302,-0.263,1.951,-10.745,0.127,-0.08,-0.019,70.63,0.0,35.2,6,1,1
13:25:00.207,NERVOSO,1,-178.73,2.88,0.275,-0.584,1.42,-10.446,-0.132,0.059,-0.114,70.63,0.0,35.2,6,1,1
13:25:00.707,NERVOSO,1,178.77,4.43,0.293,-1.793,3.656,-9.651,-0.149,0.069,-0.05,70.63,0.0,35.2,6,1,1
13:25:01.207,NERVOSO,1,-179.18,-2.49,0.294,-5.001,4.875,-8.341,-0.207,0.046,-0.088,70.63,0.0,35.2,6,1,1
13:25:01.707,NERVOSO,1,-179.35,5.96,0.284,-7.166,4.762,-7.779,-0.154,0.174,-0.025,70.63,0.0,35.2,6,1,1
13:25:02.207,NERVOSO,1,179.52,8.17,0.263,-1.992,3.297,-8.583,0.109,-0.01,0.006,70.63,0.0,35.2,6,1,1
13:25:02.707,NERVOSO,1,-177.81,10.49,0.285,-1.856,4.559,-9.536,-0.022,0.052,-0.001,70.63,0.0,35.2,6,1,1
13:25:03.207,NERVOSO,1,174.45,13.64,0.272,-2.138,4.506,-9.388,-0.144,0.149,-0.025,70.63,0.0,35.1,6,1,1
13:25:03.707,NERVOSO,1,179.12,15.36,0.283,-6.493,5.322,-6.364,0.003,0.009,-0.037,70.63,0.0,35.1,6,1,1
13:25:04.207,NERVOSO,1,-178.01,16.91,0.276,-7.29,5.729,-6.642,-0.119,0.048,-0.017,70.63,0.0,35.1,6,1,1
13:25:04.707,NERVOSO,1,174.98,13.9,0.262,-6.263,4.705,-7.341,-0.019,0.065,0.026,70.63,0.0,35.1,6,1,1
13:25:05.207,NERVOSO,1,179.02,10.92,0.279,-3.891,4.374,-8.277,-0.149,0.07,-0.016,70.63,0.0,35.1,6,1,1
13:25:05.707,NERVOSO,1,-179.67,11.41,0.277,-1.195,3.455,-8.741,-0.125,0.062,-0.013,70.63,0.0,35.1,6,1,1
13:25:06.207,NERVOSO,1,-178.87,17.19,0.285,-1.063,3.428,-8.787,-0.149,0.076,-0.025,70.63,0.0,35.1,6,1,1
13:25:06.707,NERVOSO,1,-178.4,16.36,0.284,-0.939,3.577,-9.163,-0.148,0.079,-0.026,70.63,0.0,35.1,6,1,1
13:25:07.207,NERVOSO,1,-178.46,30.38,0.181,-0.95,3.438,-8.875,-0.144,0.063,-0.017,70.63,0.0,35.1,6,1,1
13:25:07.707,NERVOSO,1,-178.53,31.02,0.142,-1.068,3.591,-9.067,-0.139,0.067,-0.019,70.63,0.0,35.1,6,1,1
13:25:08.207,VIGILE,1,-179.66,32.4,0.172,-0.955,3.431,-8.863,-0.134,0.059,-0.013,70.63,0.0,35.0,6,1,1
13:25:08.708,VIGILE,1,-176.61,20.19,0.259,-0.165,3.287,-9.694,-0.129,0.081,-0.005,70.63,0.0,35.0,6,1,1
13:25:09.208,VIGILE,1,167.93,19.82,0.28,2.679,2.279,-10.053,-0.253,0.064,-0.036,70.63,0.0,35.0,6,1,1
13:25:09.708,VIGILE,1,-178.49,14.58,0.277,1.013,2.899,-8.495,-0.151,0.074,-0.032,70.63,0.0,35.0,6,1,1
13:25:10.208,VIGILE,1,168.84,23.22,0.3,0.86,3.024,-8.602,-0.078,0.071,-0.006,70.63,0.0,35.0,6,1,1
13:25:10.708,VIGILE,1,-179.26,4.72,0.28,0.278,3.311,-9.136,-0.068,0.042,-0.007,70.63,0.0,35.0,6,1,1
13:25:11.208,VIGILE,1,-179.38,10.48,0.279,1.305,3.457,-10.147,-0.112,0.071,0.018,70.63,0.0,35.0,6,1,1
13:25:11.708,VIGILE,1,-178.62,-6.58,0.281,-1.822,3.488,-8.449,-0.261,0.1,-0.028,70.63,0.0,35.0,6,1,1
13:25:12.208,VIGILE,1,-179.27,-8.12,0.271,-1.516,3.306,-8.475,-0.134,0.026,-0.009,70.63,0.0,35.0,6,1,1
13:25:12.708,VIGILE,1,166.96,-33.83,0.303,1.085,2.598,-9.143,-0.156,0.123,-0.017,70.63,0.0,35.0,6,1,1
13:25:13.208,VIGILE,1,165.17,-35.38,0.308,0.283,3.093,-8.768,-0.168,0.073,-0.038,70.63,0.0,34.9,6,1,1
13:25:13.708,VIGILE,1,-174.07,-13.39,0.292,-0.591,3.728,-9.103,-0.067,0.09,-0.006,70.63,0.0,34.9,6,1,1
13:25:14.208,VIGILE,1,-179.87,-5.57,0.281,0.448,2.346,-9.787,-0.094,0.07,-0.011,70.63,0.0,34.9,6,1,1
13:25:14.708,VIGILE,1,178.28,-3.13,0.269,-0.105,2.428,-9.335,-0.047,0.055,0.018,70.63,0.0,34.9,6,1,1
13:25:15.208,VIGILE,1,-178.52,-9.63,0.279,0.172,2.634,-8.835,-0.166,0.103,-0.034,70.63,0.0,34.9,6,1,1
13:25:15.708,VIGILE,1,-178.44,-11.64,0.244,-1.022,1.793,-8.253,-0.026,-0.062,-0.026,70.63,0.0,34.9,6,1,1
13:25:16.208,VIGILE,1,-178.57,-11.89,0.254,-0.991,2.042,-8.246,-0.247,0.047,-0.034,70.63,0.0,34.9,6,1,1
13:25:16.709,VIGILE,1,177.7,-2.58,0.281,-0.297,2.88,-9.989,-0.222,0.034,-0.048,70.63,0.0,34.9,6,1,1
13:25:17.209,VIGILE,1,-179.5,-1.85,0.132,-1.089,2.028,-9.9,0.012,-0.057,0.021,70.63,0.0,34.9,6,1,1
13:25:17.709,VIGILE,1,-178.47,-7.54,0.276,-0.175,2.344,-9.457,-0.071,0.05,-0.011,70.63,0.0,34.9,6,1,1
13:25:18.209,VIGILE,1,-178.48,-6.29,0.281,-0.668,2.365,-9.589,-0.048,0.051,0.006,70.63,0.0,34.9,6,1,1
13:25:18.709,VIGILE,1,179.42,-6.08,0.268,0.261,2.777,-9.376,-0.207,0.033,-0.033,70.63,0.0,34.9,6,1,1
13:25:19.209,VIGILE,1,178.99,-8.37,0.229,-0.084,2.966,-9.823,-0.135,0.122,-0.012,70.63,0.0,34.9,6,1,1
13:25:19.709,VIGILE,1,179.02,-7.79,0.247,-0.089,2.492,-9.538,-0.17,0.043,-0.018,70.63,0.0,34.9,6,1,1
13:25:20.209,VIGILE,1,179.72,-7.78,0.248,-0.271,1.844,-8.167,-0.25,0.102,-0.07,70.63,0.0,34.9,6,1,1
13:25:20.709,VIGILE,1,178.99,-9.54,0.239,-0.68,2.995,-9.795,0.095,0.019,0.002,70.63,0.0,34.9,7,1,1
13:25:21.209,VIGILE,1,179.26,-11.92,0.263,-0.675,2.404,-9.299,-0.111,0.09,-0.094,70.63,0.0,34.9,7,1,1
13:25:21.709,VIGILE,1,176.64,-10.34,0.189,-1.951,1.834,-9.048,-0.238,0.093,-0.087,70.63,0.0,34.9,7,1,1
13:25:22.209,VIGILE,1,178.83,-12.29,0.264,-0.644,1.973,-10.242,-0.129,0.139,-0.075,70.63,0.0,34.9,7,1,1
13:25:22.709,VIGILE,1,178.42,-8.03,0.266,-0.45,2.387,-9.744,-0.05,0.091,-0.058,70.63,0.0,34.9,7,1,1
13:25:23.209,VIGILE,1,178.05,-12.33,0.282,-1.128,0.9,-8.653,-0.222,0.056,-0.105,70.63,0.0,34.9,7,1,1
13:25:23.709,VIGILE,1,177.66,-7.67,0.277,-2.119,1.796,-9.838,-0.151,0.137,-0.094,70.63,0.0,34.9,7,1,1
13:25:24.210,VIGILE,1,179.69,-9.02,0.281,-1.59,1.41,-9.167,-0.063,0.113,-0.066,70.63,0.0,34.9,7,1,1
13:25:24.710,VIGILE,1,-179.51,-11.45,0.252,-1.053,1.144,-9.385,-0.163,0.026,-0.115,70.63,0.0,34.9,7,1,1
13:25:25.210,VIGILE,1,177.32,-6.63,0.277,-1.817,2.291,-10.429,0.038,0.086,-0.031,70.63,0.0,34.9,7,1,1
13:25:25.710,VIGILE,1,177.32,-3.69,0.267,-1.307,2.813,-9.814,-0.174,-0.068,-0.107,70.63,0.0,34.9,7,1,1
13:25:26.210,VIGILE,1,178.8,-1.91,0.263,0.539,2.241,-9.847,-0.136,0.083,-0.08,70.63,0.0,34.9,7,1,1
13:25:26.710,VIGILE,1,-179.33,-4.65,0.272,-1.214,2.686,-9.91,0.016,0.068,-0.055,70.63,0.0,34.9,7,1,1
13:25:27.210,VIGILE,1,176.29,-0.67,0.284,-1.144,2.526,-9.941,-0.112,0.029,-0.099,70.63,0.0,34.9,7,1,1
13:25:27.710,VIGILE,1,177.41,3.99,0.266,-1.616,2.464,-10.202,-0.192,0.063,-0.084,70.63,0.0,34.9,7,1,1
13:25:28.210,VIGILE,1,179.39,11.75,0.279,-1.077,2.15,-9.177,-0.137,0.109,-0.035,70.63,0.0,34.9,7,1,1
13:25:28.710,VIGILE,0,0.0,0.0,0.0,0.139,4.887,-11.296,-0.686,0.264,-0.126,70.63,0.0,34.9,7,1,1
13:25:29.210,VIGILE,1,159.14,68.9,0.504,-1.199,1.98,-9.9,-0.22,0.132,-0.024,70.63,0.0,34.9,7,1,1
13:25:29.710,CRASH,1,157.91,64.41,0.446,-2.2,2.701,-9.419,-0.097,0.085,0.075,70.63,0.0,34.9,7,1,1
13:25:30.210,CRASH,1,148.02,70.29,0.829,-1.286,3.026,-9.179,-0.228,0.153,0.016,70.63,0.0,34.9,7,1,1
13:25:30.710,CRASH,1,179.93,35.74,0.3,-1.142,2.555,-9.129,-0.02,0.049,0.008,70.63,0.0,34.9,7,1,1
13:25:31.211,CRASH,0,0.0,0.0,0.0,0.069,4.872,-8.215,-0.411,0.276,-0.03,70.63,0.0,34.9,7,1,1
13:25:31.711,CRASH,1,178.42,8.59,0.276,-3.428,2.485,-9.467,-0.068,0.202,-0.042,70.63,0.0,34.9,7,1,1
13:25:32.211,CRASH,0,0.0,0.0,0.0,-1.147,3.191,-7.992,-0.184,0.083,-0.045,70.63,0.0,34.9,7,1,1
13:25:32.711,CRASH,1,-178.85,41.7,0.306,-0.335,2.351,-9.131,-0.198,0.086,-0.051,70.63,0.0,34.9,7,1,1
13:25:33.211,CRASH,1,-178.21,-15.77,0.146,-1.994,0.941,-8.586,0.658,-0.052,0.132,70.63,0.0,34.8,6,1,1
13:25:33.711,CRASH,1,-170.79,12.26,0.101,-0.716,2.653,-8.899,-0.15,0.076,-0.039,70.63,0.0,34.8,6,1,1
13:25:34.211,DISTRAZIONE,1,-176.71,6.22,0.201,-2.373,3.704,-9.543,-0.879,0.487,-0.101,70.63,0.0,34.8,6,1,1
13:25:34.711,DISTRAZIONE,1,-175.53,-8.72,0.232,-1.798,2.741,-10.862,-0.185,0.069,-0.011,70.63,0.0,34.8,6,1,1
13:25:35.211,DISTRAZIONE,1,-178.32,14.7,0.268,-2.105,2.401,-9.005,-0.15,0.078,-0.031,70.63,0.0,34.8,6,1,1
13:25:35.711,DISTRAZIONE,0,0.0,0.0,0.0,-0.809,2.806,-7.75,-0.118,0.029,-0.065,70.63,0.0,34.8,6,1,1
13:25:36.211,DISTRAZIONE,1,161.31,72.1,0.419,-1.808,3.144,-9.366,-0.102,0.021,-0.021,70.63,0.0,34.8,6,1,1
13:25:36.711,DISTRAZIONE,1,175.99,51.63,0.708,-2.121,3.112,-10.264,-0.056,0.057,-0.003,70.63,0.0,34.8,6,1,1
13:25:37.211,DISTRAZIONE,1,171.09,-36.26,0.317,-1.69,3.096,-9.675,-0.103,0.043,-0.01,70.63,0.0,34.8,6,1,1
13:25:37.712,DISTRAZIONE,0,0.0,0.0,0.0,-2.461,2.102,-9.093,-0.04,-0.016,-0.001,70.63,0.0,34.8,6,1,1
13:25:38.212,DISTRAZIONE,1,142.25,78.48,0.472,-1.487,3.062,-9.61,-0.169,0.068,-0.011,70.63,0.0,34.8,6,1,1
13:25:38.712,DISTRAZIONE,1,138.35,74.78,0.587,-0.816,3.701,-9.081,-0.124,0.013,-0.031,70.63,0.0,34.8,6,1,1
13:25:39.212,DISTRAZIONE,1,117.89,78.71,0.409,-1.374,2.655,-9.294,-0.024,-0.046,-0.014,70.63,0.0,34.8,6,1,1
13:25:39.712,DISTRAZIONE,0,0.0,0.0,0.0,-0.448,1.712,-8.777,-0.302,0.141,-0.066,70.63,0.0,34.8,6,1,1
13:25:40.212,DISTRAZIONE,1,148.07,75.82,0.416,-0.503,3.543,-10.846,-0.058,0.057,0.01,70.63,0.0,34.8,6,1,1
13:25:40.712,DISTRAZIONE,1,173.49,41.15,0.302,-1.721,4.013,-8.373,0.006,-0.023,0.031,70.63,0.0,34.7,6,1,1
13:25:41.212,DISTRAZIONE,1,-177.59,26.5,0.267,-1.688,3.721,-9.285,0.035,0.027,0.041,70.63,0.0,34.7,6,1,1
13:25:41.712,DISTRAZIONE,1,-176.3,34.43,0.116,-0.702,2.401,-10.001,-0.073,-0.045,0.002,70.63,0.0,34.7,6,1,1
13:25:42.212,DISTRAZIONE,0,0.0,0.0,0.0,-0.895,3.409,-8.631,-0.064,0.055,0.009,70.63,0.0,34.7,6,1,1
13:25:42.712,DISTRAZIONE,1,179.43,41.14,0.283,-1.073,3.17,-10.489,-0.026,0.027,-0.018,70.63,0.0,34.7,6,1,1
13:25:43.212,DISTRAZIONE,1,177.78,2.41,0.287,-0.168,2.837,-9.048,-0.147,0.103,-0.066,70.63,0.0,34.7,6,1,1
13:25:43.712,DISTRAZIONE,1,-179.27,-2.0,0.253,0.539,4.8,-9.378,-0.206,-0.006,-0.035,70.63,0.0,34.7,6,1,1
13:25:44.212,DISTRAZIONE,1,-177.47,-17.9,0.091,-1.226,3.73,-9.792,-0.148,0.057,0.008,70.63,0.0,34.7,6,1,1
13:25:44.712,DISTRAZIONE,1,-179.02,-8.8,0.274,-0.972,1.721,-8.744,-0.103,0.162,-0.002,70.63,0.0,34.7,6,1,1
13:25:45.212,VIGILE,1,177.72,-11.24,0.26,-0.395,4.776,-7.951,-0.09,0.061,-0.043,70.63,0.0,34.7,6,1,1
13:25:45.712,VIGILE,1,-179.05,-18.7,0.277,-1.12,3.5,-9.771,-0.072,0.031,0.03,70.63,0.0,34.7,6,1,1
13:25:46.213,VIGILE,0,0.0,0.0,0.0,-1.408,2.986,-8.732,-0.113,0.024,0.004,70.63,0.0,34.7,6,1,1
13:25:46.713,VIGILE,1,178.87,-18.85,0.262,-1.674,2.911,-9.134,-0.036,-0.023,0.049,70.63,0.0,34.7,6,1,1
13:25:47.213,VIGILE,1,-177.6,-16.63,0.24,-2.198,3.56,-9.17,-0.109,0.034,0.003,70.63,0.0,34.7,6,1,1
13:25:47.713,VIGILE,1,179.04,-22.96,0.256,-2.334,2.749,-10.116,-0.304,0.244,-0.124,70.63,0.0,34.7,6,1,1
13:25:48.213,VIGILE,1,178.66,-27.56,0.265,-1.958,2.538,-9.167,-0.148,0.005,-0.077,70.63,0.0,34.7,6,1,1
13:25:48.713,VIGILE,1,174.43,-30.95,0.301,-3.163,1.271,-10.786,-0.158,0.141,-0.169,70.63,0.0,34.7,6,1,1
13:25:49.213,VIGILE,1,176.89,-28.9,0.266,-3.091,0.632,-10.278,-0.175,0.189,-0.266,70.63,0.0,34.7,6,1,1
13:25:49.713,VIGILE,1,178.17,-27.02,0.28,-1.652,0.11,-10.132,-0.151,0.129,-0.3,70.63,0.0,34.7,6,1,1
13:25:50.213,VIGILE,1,177.4,-21.21,0.272,-2.784,0.551,-10.319,-0.282,0.212,-0.323,70.63,0.0,34.7,6,1,1
13:25:50.713,VIGILE,1,179.27,-21.58,0.275,-2.509,0.869,-9.943,-0.087,0.206,-0.278,70.63,0.0,34.7,6,1,1
13:25:51.213,VIGILE,1,179.38,-11.33,0.277,-1.688,0.967,-9.555,-0.221,0.165,-0.236,70.63,0.0,34.7,6,1,1
13:25:51.713,VIGILE,1,-177.94,1.28,0.276,-1.03,1.489,-9.187,-0.212,0.166,-0.174,70.63,0.0,34.7,6,1,1
13:25:52.213,VIGILE,1,176.7,13.37,0.274,-1.02,3.661,-9.187,-0.152,0.069,-0.054,70.63,0.0,34.7,6,1,1
13:25:52.713,VIGILE,1,-179.62,12.06,0.281,-0.783,3.108,-8.995,-0.194,0.07,-0.047,70.63,0.0,34.7,6,1,1
13:25:53.213,VIGILE,1,176.43,14.49,0.27,-1.135,4.085,-9.074,-0.114,0.045,-0.026,70.63,0.0,34.7,6,1,1
13:25:53.714,VIGILE,1,179.3,19.51,0.271,-2.483,3.926,-8.495,-0.217,0.118,-0.059,70.63,0.0,34.7,6,1,1
13:25:54.214,VIGILE,1,176.48,18.09,0.28,-3.021,3.594,-8.241,-0.171,0.062,-0.011,70.63,0.0,34.7,6,1,1
13:25:54.714,VIGILE,1,175.09,24.55,0.278,-2.885,3.783,-8.454,-0.048,0.028,0.013,70.63,0.0,34.7,6,1,1
13:25:55.214,VIGILE,1,175.99,33.89,0.329,-3.685,4.444,-8.349,-0.159,0.101,-0.014,70.63,0.0,34.7,6,1,1
13:25:55.714,VIGILE,1,164.3,54.5,0.333,-2.035,3.893,-7.989,-0.206,0.091,-0.004,70.63,0.0,34.7,6,1,1
13:25:56.214,VIGILE,1,178.38,41.52,0.312,-0.766,5.557,-8.119,-0.059,-0.062,0.27,70.63,0.0,34.7,6,1,1
13:25:56.714,VIGILE,1,177.52,45.13,0.462,-1.051,6.821,-7.774,-0.038,-0.195,0.438,70.63,0.0,34.7,6,1,1
13:25:57.214,VIGILE,1,176.24,46.54,0.523,-0.618,7.47,-7.515,-0.052,-0.212,0.563,70.63,0.0,34.7,6,1,1
13:25:57.715,VIGILE,1,-178.02,45.65,0.433,0.69,5.409,-9.062,0.075,-0.146,0.634,70.63,0.0,34.7,6,1,1
13:25:58.215,VIGILE,1,178.63,40.43,0.368,-0.62,6.579,-8.947,-0.108,-0.294,0.541,70.63,0.0,34.7,6,1,1
13:25:58.715,VIGILE,1,-173.91,35.12,0.303,2.133,3.658,-9.304,0.031,-0.178,0.424,70.63,0.0,34.7,6,1,1
13:25:59.215,VIGILE,1,-177.03,21.15,0.296,0.539,2.643,-9.495,0.013,-0.078,0.159,70.63,0.0,34.7,6,1,1
13:25:59.715,VIGILE,1,-179.5,1.47,0.286,0.682,2.021,-9.622,-0.036,0.034,-0.004,70.63,0.0,34.7,6,1,1
13:26:00.215,VIGILE,1,-179.94,-6.21,0.281,-1.506,2.571,-9.811,-0.13,0.056,-0.08,70.63,0.0,34.7,6,1,1
13:26:00.715,VIGILE,1,178.72,-9.33,0.274,-1.01,3.491,-8.815,-0.104,0.085,-0.04,70.63,0.0,34.7,6,1,1
13:26:01.216,VIGILE,1,-178.11,37.29,0.162,-0.462,2.042,-8.856,-0.121,0.068,-0.013,70.63,0.0,34.7,6,1,1
13:26:01.716,VIGILE,1,179.89,18.98,0.272,0.17,2.799,-9.862,-0.063,0.048,-0.01,70.63,0.0,34.7,6,1,1
13:26:02.216,VIGILE,1,-178.05,18.57,0.283,-0.031,2.212,-9.258,-0.111,0.075,-0.031,70.63,0.0,34.7,6,1,1
13:26:02.716,VIGILE,1,-175.03,34.06,0.1,0.824,2.581,-11.301,0.031,0.101,-0.008,70.63,0.0,34.7,6,1,1
13:26:03.216,VIGILE,1,-175.99,21.28,0.254,0.582,2.09,-9.462,-0.202,0.065,-0.026,70.63,0.0,34.7,6,1,1
13:26:03.716,VIGILE,1,-172.44,24.44,0.259,0.373,2.045,-9.534,-0.13,0.091,-0.022,70.63,0.0,34.7,6,1,1
13:26:04.216,VIGILE,1,-178.97,15.18,0.272,-0.532,1.013,-9.953,-0.019,0.006,-0.042,70.63,0.0,34.7,6,1,1
13:26:04.716,VIGILE,1,-176.17,19.32,0.284,-0.986,1.717,-10.867,-0.069,-0.052,-0.032,70.63,0.0,34.7,6,1,1
13:26:05.216,VIGILE,1,-174.48,30.79,0.11,-1.918,2.16,-8.305,-0.557,0.25,-0.107,70.63,0.0,34.7,6,1,1
13:26:05.716,VIGILE,1,-179.35,20.79,0.272,-0.927,3.179,-9.548,-0.232,0.051,-0.04,70.63,0.0,34.7,6,1,1
13:26:06.216,VIGILE,1,-178.9,21.26,0.282,-0.522,3.179,-9.345,-0.149,0.093,-0.023,70.63,0.0,34.7,6,1,1
13:26:06.716,VIGILE,1,-173.96,32.68,0.103,-1.731,3.548,-8.408,-0.119,0.072,-0.023,70.63,0.0,34.7,6,1,1
13:26:07.216,VIGILE,1,-173.49,21.73,0.297,-9.136,5.89,-5.61,-0.071,0.217,0.272,70.63,0.0,34.7,6,1,1
13:26:07.716,CRASH,1,-173.35,22.96,0.297,-8.552,5.43,-6.586,-0.169,0.064,-0.035,70.63,0.0,34.7,6,1,1
13:26:08.216,CRASH,1,-172.2,29.62,0.161,-7.91,5.574,-6.919,0.209,-0.07,0.04,70.63,0.0,34.7,6,1,1
13:26:08.716,CRASH,0,0.0,0.0,0.0,-0.405,2.409,-7.779,-0.171,0.14,-0.007,70.63,0.0,34.7,6,1,1
13:26:09.217,CRASH,1,-178.97,42.35,0.281,-0.464,2.988,-9.177,-0.141,0.07,-0.017,70.63,0.0,34.7,6,1,1
13:26:09.717,CRASH,1,178.84,38.15,0.347,-0.857,3.354,-9.048,-0.133,0.065,-0.011,70.63,0.0,34.7,6,1,1
13:26:10.217,CRASH,1,-176.58,24.82,0.28,-0.754,3.211,-9.117,-0.141,0.065,-0.017,70.63,0.0,34.7,6,1,1
13:26:10.717,CRASH,1,-176.74,11.05,0.285,-0.812,3.359,-9.141,-0.127,0.072,-0.013,70.63,0.0,34.7,6,1,1
13:26:11.217,CRASH,1,-178.3,1.09,0.268,-0.922,3.148,-9.098,-0.153,0.073,-0.022,70.63,0.0,34.7,6,1,1
13:26:11.717,CRASH,1,-176.51,37.23,0.189,-0.761,3.469,-9.1,-0.123,0.055,-0.011,70.63,0.0,34.7,6,1,1
13:26:12.217,CRASH,1,-175.39,16.04,0.259,-0.939,3.194,-9.021,-0.152,0.073,-0.018,70.63,0.0,34.7,6,1,1
13:26:12.717,VIGILE,1,-177.28,8.6,0.28,-0.749,3.22,-9.325,-0.125,0.066,-0.022,70.63,0.0,34.7,6,1,1
13:26:13.217,VIGILE,1,-178.01,-2.62,0.265,1.223,2.473,-9.759,-0.098,0.102,0.007,70.63,0.0,34.6,6,1,1
13:26:13.717,VIGILE,1,-178.32,-5.64,0.24,1.686,2.567,-10.199,-0.158,0.087,-0.05,70.63,0.0,34.6,6,1,1
13:26:14.217,VIGILE,1,-179.3,5.58,0.234,0.733,2.813,-8.32,-0.323,0.144,-0.094,70.63,0.0,34.6,6,1,1
13:26:14.717,VIGILE,1,-177.22,4.1,0.258,0.838,3.527,-9.536,-0.059,0.087,-0.043,70.63,0.0,34.6,6,1,1
13:26:15.217,VIGILE,1,-177.73,3.44,0.277,1.896,2.67,-8.768,-0.166,0.089,-0.05,70.63,0.0,34.6,6,1,1
13:26:15.717,VIGILE,1,178.77,1.42,0.255,-0.06,2.854,-9.802,-0.094,0.031,-0.011,70.63,0.0,34.6,6,1,1
13:26:16.217,VIGILE,1,178.04,4.59,0.256,-0.922,3.438,-8.303,-0.17,0.044,-0.005,70.63,0.0,34.6,6,1,1
13:26:16.717,VIGILE,1,-179.96,11.05,0.264,0.098,3.144,-8.993,-0.161,0.106,-0.02,70.63,0.0,34.6,6,1,1
13:26:17.217,VIGILE,1,-177.64,16.73,0.271,-0.402,3.103,-9.543,-0.006,0.02,0.017,70.63,0.0,34.6,6,1,1
13:26:17.718,VIGILE,1,-176.14,17.06,0.197,0.417,3.694,-9.752,-0.153,0.076,-0.022,70.63,0.0,34.6,6,1,1
13:26:18.218,DISTRAZIONE,1,-173.54,-1.38,0.112,-0.237,2.981,-9.273,-0.148,0.085,-0.025,70.63,0.0,34.6,6,1,1
13:26:18.718,DISTRAZIONE,0,0.0,0.0,0.0,0.254,4.044,-9.129,-0.23,0.082,-0.031,70.63,0.0,34.6,6,1,1
13:26:19.218,DISTRAZIONE,0,0.0,0.0,0.0,-1.539,3.069,-9.278,-0.146,0.036,0.002,70.63,0.0,34.6,6,1,1
13:26:19.718,DISTRAZIONE,0,0.0,0.0,0.0,-1.312,4.116,-8.734,-0.066,0.07,-0.003,70.63,0.0,34.6,6,1,1
13:26:20.218,DISTRAZIONE,0,0.0,0.0,0.0,-1.29,3.73,-8.396,-0.12,0.05,-0.027,70.63,0.0,34.6,6,1,1
13:26:20.718,DISTRAZIONE,1,171.6,36.46,0.38,-1.12,3.438,-9.452,-0.262,0.09,-0.026,70.63,0.0,34.6,6,1,1
13:26:21.218,DISTRAZIONE,0,0.0,0.0,0.0,-1.398,3.601,-9.421,-0.07,0.041,-0.018,70.63,0.0,34.6,6,1,1
13:26:21.718,DISTRAZIONE,0,0.0,0.0,0.0,-0.994,2.995,-9.189,-0.083,0.036,-0.017,70.63,0.0,34.6,6,1,1
13:26:22.218,DISTRAZIONE,0,0.0,0.0,0.0,-1.365,3.524,-9.306,-0.131,0.042,-0.005,70.63,0.0,34.6,6,1,1
13:26:22.718,DISTRAZIONE,0,0.0,0.0,0.0,-0.199,3.29,-9.005,-0.255,0.056,-0.05,70.63,0.0,34.6,6,1,1
13:26:23.218,DISTRAZIONE,0,0.0,0.0,0.0,-0.97,3.388,-9.096,-0.13,0.033,-0.014,70.63,0.0,34.6,7,1,1
13:26:23.718,DISTRAZIONE,0,0.0,0.0,0.0,-1.307,3.613,-9.007,-0.071,0.039,-0.013,70.63,0.0,34.6,7,1,1
13:26:24.219,DISTRAZIONE,0,0.0,0.0,0.0,-1.109,4.266,-7.891,-0.031,0.128,-0.033,70.63,0.0,34.6,7,1,1
13:26:24.719,DISTRAZIONE,1,-172.98,30.01,0.329,-0.96,3.129,-9.062,-0.157,0.093,-0.025,70.63,0.0,34.6,7,1,1
13:26:25.219,DISTRAZIONE,0,0.0,0.0,0.0,0.309,3.146,-9.699,-0.123,0.08,0.0,70.63,0.0,34.6,7,1,1
13:26:25.719,DISTRAZIONE,1,-179.59,76.71,0.332,0.347,3.316,-9.574,-0.145,0.116,-0.014,70.63,0.0,34.6,7,1,1
13:26:26.219,DISTRAZIONE,0,0.0,0.0,0.0,0.041,2.756,-9.584,-0.148,0.111,0.001,70.63,0.0,34.6,7,1,1
13:26:26.719,DISTRAZIONE,1,-173.02,23.15,0.294,0.007,2.945,-9.225,-0.065,0.031,-0.007,70.63,0.0,34.6,7,1,1
13:26:27.219,DISTRAZIONE,1,-174.37,-7.46,0.273,-0.984,2.789,-9.304,-0.186,0.083,-0.042,70.63,0.0,34.6,7,1,1
13:26:27.719,DISTRAZIONE,1,-168.48,17.53,0.112,-1.408,3.615,-9.12,-0.088,0.076,-0.002,70.63,0.0,34.6,7,1,1
13:26:28.219,VIGILE,1,-158.26,30.24,0.123,0.395,3.323,-8.964,-0.076,0.026,-0.02,70.63,0.0,34.5,7,1,1
13:26:28.719,VIGILE,0,0.0,0.0,0.0,-1.604,4.166,-9.795,-0.301,0.134,-0.068,70.63,0.0,34.5,7,1,1
13:26:29.219,VIGILE,1,-176.92,8.56,0.278,-0.148,4.458,-7.638,0.236,-0.062,0.029,70.63,0.0,34.5,7,1,1
13:26:29.719,VIGILE,1,178.82,-9.01,0.276,-0.311,2.919,-9.1,-0.044,0.215,0.018,70.63,0.0,34.5,7,1,1
13:26:30.219,VIGILE,1,-178.99,-14.98,0.279,0.587,2.859,-9.656,-0.203,0.087,-0.037,70.63,0.0,34.5,7,1,1
13:26:30.719,VIGILE,1,-179.67,-10.96,0.262,-0.017,3.045,-9.246,-0.086,0.064,-0.015,70.63,0.0,34.5,7,1,1
13:26:31.219,VIGILE,1,-165.92,-19.23,0.217,0.776,3.395,-8.724,-0.136,0.098,-0.048,70.63,0.0,34.5,7,1,1
13:26:31.719,VIGILE,1,-175.78,-8.1,0.265,-0.826,2.746,-9.4,-0.1,0.038,-0.011,70.63,0.0,34.5,7,1,1
13:26:32.219,VIGILE,1,179.36,-13.18,0.25,-0.67,3.029,-9.685,-0.193,0.127,-0.072,70.63,0.0,34.5,7,1,1
13:26:32.720,VIGILE,1,178.33,-14.01,0.259,-0.62,2.792,-9.644,-0.119,0.113,-0.069,70.63,0.0,34.5,7,1,1
13:26:33.220,VIGILE,1,-179.19,-15.76,0.268,-0.62,2.114,-9.608,-0.121,0.095,-0.063,70.63,0.0,34.5,7,1,1
13:26:33.720,VIGILE,1,-179.86,-17.18,0.219,-1.269,1.923,-9.914,-0.102,0.021,-0.09,70.63,0.0,34.5,7,1,1
13:26:34.220,VIGILE,1,179.21,-14.21,0.255,-1.207,1.338,-9.725,0.093,0.161,-0.053,70.63,0.0,34.5,7,1,1
13:26:34.720,VIGILE,1,-179.76,-15.76,0.273,-1.429,1.882,-9.857,-0.148,0.033,-0.133,70.63,0.0,34.5,7,1,1
13:26:35.220,VIGILE,1,179.07,-14.01,0.292,-0.749,1.846,-9.28,-0.145,0.082,-0.159,70.63,0.0,34.5,7,1,1
13:26:35.720,VIGILE,1,-179.69,-15.0,0.255,-1.231,1.815,-9.443,-0.239,0.133,-0.165,70.63,0.0,34.5,7,1,1
13:26:36.220,VIGILE,1,179.63,-14.55,0.257,-0.967,1.587,-8.389,-0.116,0.151,-0.137,70.63,0.0,34.5,7,1,1
13:26:36.720,VIGILE,1,-179.21,-9.69,0.278,-0.776,2.119,-8.823,-0.27,0.106,-0.104,70.63,0.0,34.5,7,1,1
13:26:37.220,VIGILE,1,-175.03,34.42,0.107,-1.59,4.008,-8.926,0.016,0.021,-0.002,70.63,0.0,34.5,7,1,1
13:26:37.720,VIGILE,1,-176.67,13.85,0.266,-1.092,3.934,-9.064,-0.117,0.091,-0.01,70.63,0.0,34.5,7,1,1
13:26:38.220,VIGILE,1,-175.79,-7.37,0.278,-0.843,2.713,-9.285,-0.044,-0.09,0.01,70.63,0.0,34.5,7,1,1
13:26:38.720,VIGILE,1,-173.96,36.49,0.109,-1.164,3.211,-8.459,-0.073,0.087,0.014,70.63,0.0,34.5,7,1,1
13:26:39.220,VIGILE,1,-178.91,17.11,0.26,-0.467,3.792,-9.51,-0.031,0.056,-0.013,70.63,0.0,34.5,7,1,1
13:26:39.720,VIGILE,1,-179.21,-0.39,0.266,-1.216,2.998,-8.581,-0.357,0.135,-0.068,70.63,0.0,34.5,7,1,1
13:26:40.220,VIGILE,1,-179.62,1.88,0.266,-0.879,2.717,-9.067,-0.207,0.15,-0.008,70.63,0.0,34.5,7,1,1
13:26:40.720,VIGILE,1,-179.04,-1.36,0.133,-0.484,3.644,-9.459,-0.158,0.066,0.003,70.63,0.0,34.5,7,1,1
13:26:41.220,VIGILE,1,-178.92,-6.09,0.287,-0.876,3.261,-8.899,-0.14,0.027,0.015,70.63,0.0,34.5,7,1,1
13:26:41.721,VIGILE,1,-173.38,18.27,0.264,-0.424,3.057,-8.871,-0.126,0.128,-0.029,70.63,0.0,34.5,7,1,1
13:26:42.221,VIGILE,1,178.08,6.1,0.285,-1.022,3.601,-9.524,-0.066,-0.019,0.005,70.63,0.0,34.5,7,1,1
13:26:42.721,VIGILE,1,177.53,-0.47,0.272,-0.8,1.958,-8.557,0.064,0.037,0.058,70.63,0.0,34.5,7,1,1
13:26:43.221,VIGILE,1,177.04,-1.93,0.269,-1.621,3.97,-9.534,-0.172,0.075,0.012,70.63,0.0,34.5,7,1,1
13:26:43.721,VIGILE,1,179.07,-7.52,0.276,-1.271,3.108,-8.83,-0.07,0.061,-0.007,70.63,0.0,34.5,7,1,1
13:26:44.221,VIGILE,1,178.5,2.06,0.153,0.067,2.37,-8.653,-0.187,0.052,-0.038,70.63,0.0,34.5,7,1,1
13:26:44.721,VIGILE,1,178.49,-5.1,0.28,-0.706,3.515,-9.239,-0.016,-0.006,0.0,70.63,0.0,34.5,7,1,1
13:26:45.221,CRASH,1,-179.11,0.48,0.29,-6.333,4.772,-7.377,-0.242,0.066,-0.052,70.63,0.0,34.5,7,1,1
13:26:45.721,CRASH,1,-172.31,30.55,0.305,-10.12,6.567,-6.309,-0.75,0.282,-0.169,70.63,0.0,34.4,7,1,1
13:26:46.221,CRASH,1,-177.34,-35.74,0.437,-8.315,5.203,-7.4,-0.235,0.08,-0.043,70.63,0.0,34.4,7,1,1
13:26:46.721,CRASH,0,0.0,0.0,0.0,1.401,0.084,-8.447,0.677,-0.08,0.288,70.63,0.0,34.4,7,1,1
13:26:47.221,CRASH,1,176.54,39.75,0.307,-0.591,2.739,-9.67,-0.118,0.074,-0.014,70.63,0.0,34.4,7,1,1
13:26:47.721,CRASH,0,0.0,0.0,0.0,-0.879,2.983,-9.395,-0.123,0.065,-0.013,70.63,0.0,34.4,7,1,1
13:26:48.221,CRASH,1,-172.83,41.92,0.253,-1.077,3.072,-9.196,-0.135,0.066,-0.018,70.63,0.0,34.4,7,1,1
13:26:48.721,CRASH,0,0.0,0.0,0.0,-1.12,2.959,-9.143,-0.141,0.068,-0.013,70.63,0.0,34.4,7,1,1
13:26:49.221,CRASH,0,0.0,0.0,0.0,-0.953,2.88,-9.196,-0.151,0.067,-0.015,70.63,0.0,34.4,7,1,1
13:26:49.721,CRASH,1,-139.64,68.76,0.369,-0.788,2.885,-9.304,-0.105,0.057,-0.015,70.63,0.0,34.4,7,1,1
13:26:50.222,CRASH,1,-151.85,65.93,0.276,-0.907,2.902,-9.27,-0.149,0.066,-0.019,70.63,0.0,34.4,7,1,1
13:26:50.722,CRASH,1,-160.51,60.02,0.552,-0.886,2.739,-9.096,-0.181,0.079,-0.027,70.63,0.0,34.4,7,1,1
13:26:51.222,CRASH,0,0.0,0.0,0.0,-0.826,3.096,-9.246,-0.104,0.057,-0.013,70.63,0.0,34.4,7,1,1
13:26:51.722,VIGILE,1,-172.83,-28.9,0.307,-1.08,2.962,-9.34,-0.154,0.075,-0.026,70.63,0.0,34.4,7,1,1
13:26:52.222,VIGILE,1,-175.72,-28.15,0.299,-0.785,2.801,-9.014,-0.159,0.097,-0.023,70.63,0.0,34.4,7,1,1
13:26:52.722,VIGILE,1,-177.28,-14.12,0.29,-0.189,2.89,-9.505,-0.014,0.044,0.015,70.63,0.0,34.4,7,1,1
13:26:53.222,VIGILE,1,-177.91,-11.77,0.237,1.554,2.342,-9.538,-0.159,0.067,-0.03,70.63,0.0,34.4,7,1,1
13:26:53.722,VIGILE,1,-177.75,-4.84,0.255,0.699,1.949,-9.543,-0.176,0.072,-0.012,70.63,0.0,34.4,7,1,1
13:26:54.222,VIGILE,1,-178.06,-13.45,0.212,0.364,1.879,-9.953,0.002,0.016,-0.004,70.63,0.0,34.4,7,1,1
13:26:54.722,VIGILE,1,-178.68,-2.16,0.269,0.891,2.21,-9.067,-0.104,0.06,-0.042,70.63,0.0,34.4,7,1,1
13:26:55.222,VIGILE,1,177.44,-3.0,0.151,0.658,1.942,-9.766,-0.171,0.027,-0.042,70.63,0.0,34.4,7,1,1
13:26:55.722,VIGILE,1,-179.48,-9.84,0.269,-1.001,2.114,-9.383,-0.143,0.064,-0.013,70.63,0.0,34.4,7,1,1
13:26:56.222,VIGILE,1,-179.92,-12.74,0.273,-0.204,2.705,-9.105,0.014,0.063,0.051,70.63,0.0,34.4,7,1,1
13:26:56.722,VIGILE,1,-176.85,-9.93,0.261,0.833,2.083,-9.591,-0.139,0.092,0.001,70.63,0.0,34.4,7,1,1
13:26:57.222,VIGILE,1,-177.28,-10.91,0.271,0.893,1.949,-7.994,-0.194,0.024,-0.015,70.63,0.0,34.4,7,1,1
13:26:57.722,VIGILE,1,-179.55,-9.77,0.264,0.709,2.437,-8.799,-0.185,0.098,-0.03,70.63,0.0,34.4,7,1,1
13:26:58.222,VIGILE,1,-179.71,-11.18,0.265,0.567,2.387,-9.79,-0.169,0.095,-0.044,70.63,0.0,34.4,7,1,1
13:26:58.723,VIGILE,1,-179.24,-12.43,0.277,-0.115,2.399,-9.855,-0.071,0.052,-0.022,70.63,0.0,34.4,7,1,1
13:26:59.223,VIGILE,1,179.22,-20.15,0.271,-1.238,2.878,-10.226,0.182,0.005,0.01,70.63,0.0,34.4,7,1,1
13:26:59.723,VIGILE,0,0.0,0.0,0.0,-1.065,2.066,-9.397,-0.224,0.104,-0.11,70.63,0.0,34.4,7,1,1
13:27:00.223,VIGILE,1,178.8,-35.83,0.349,-2.516,0.795,-10.104,-0.059,0.153,-0.171,70.63,0.0,34.4,7,1,1
13:27:00.723,VIGILE,1,-179.2,-35.6,0.343,-2.442,-1.092,-8.811,0.251,0.148,-0.191,70.63,0.0,34.3,7,1,1
13:27:01.223,VIGILE,1,177.63,-32.14,0.287,-2.655,0.366,-9.55,-0.217,0.181,-0.335,70.63,0.0,34.3,7,1,1
13:27:01.723,VIGILE,1,179.31,-17.11,0.261,-2.164,0.91,-9.634,-0.164,0.143,-0.318,70.63,0.0,34.3,7,1,1
13:27:02.223,VIGILE,1,-176.4,-22.72,0.316,-1.865,0.311,-10.3,-0.155,0.193,-0.351,70.63,0.0,34.3,7,1,1
13:27:02.723,VIGILE,1,-177.77,-20.48,0.3,-1.164,1.101,-9.807,-0.212,0.16,-0.289,70.63,0.0,34.3,7,1,1
13:27:03.223,VIGILE,1,-178.16,-13.57,0.268,0.043,1.81,-10.156,-0.258,0.136,-0.182,70.63,0.0,34.3,7,1,1
13:27:03.723,VIGILE,1,-178.23,-9.79,0.275,-0.541,2.37,-8.215,-0.108,0.073,0.007,70.63,0.0,34.3,7,1,1
13:27:04.223,VIGILE,1,-176.22,-12.31,0.269,-0.421,2.727,-9.742,-0.147,0.148,-0.032,70.63,0.0,34.3,7,1,1
13:27:04.723,VIGILE,1,-178.49,-7.03,0.292,-0.11,2.351,-9.23,-0.137,0.111,-0.035,70.63,0.0,34.3,7,1,1
13:27:05.224,VIGILE,1,-179.15,-2.01,0.278,0.457,2.667,-9.802,-0.172,0.078,-0.059,70.63,0.0,34.3,7,1,1
13:27:05.724,VIGILE,1,-177.89,-7.49,0.287,0.555,2.301,-9.462,-0.744,0.398,-0.233,70.63,0.0,34.3,7,1,1
13:27:06.224,VIGILE,1,-179.33,11.73,0.197,-0.314,2.413,-9.45,-0.183,0.082,-0.059,70.63,0.0,34.3,7,1,1
13:27:06.724,VIGILE,1,179.61,8.26,0.239,-0.306,2.602,-9.359,-0.225,0.083,-0.057,70.63,0.0,34.3,7,1,1
13:27:07.224,VIGILE,1,177.7,6.29,0.258,-0.342,2.71,-8.691,-0.21,0.068,-0.01,70.63,0.0,34.3,7,1,1
13:27:07.724,VIGILE,1,-178.86,-5.39,0.271,-0.532,3.539,-9.459,-0.098,0.06,-0.026,70.63,0.0,34.3,7,1,1
13:27:08.224,VIGILE,1,175.3,-3.07,0.279,-1.063,3.323,-8.88,-0.234,0.109,-0.037,70.63,0.0,34.3,7,1,1
13:27:08.724,VIGILE,1,175.26,-2.09,0.246,-1.338,3.242,-8.717,-0.202,0.112,-0.03,70.63,0.0,34.3,7,1,1
13:27:09.224,VIGILE,1,174.1,0.68,0.276,-1.714,3.285,-9.278,-0.081,0.086,-0.015,70.63,0.0,34.3,7,1,1
13:27:09.724,VIGILE,1,179.43,10.54,0.28,-0.874,3.517,-7.626,-0.157,0.027,-0.049,70.63,0.0,34.3,7,1,1
13:27:10.224,VIGILE,1,178.13,12.99,0.285,-1.791,2.191,-8.732,-0.002,0.031,0.019,70.63,0.0,34.3,7,1,1
13:27:10.724,VIGILE,1,179.55,17.67,0.291,-1.602,3.472,-9.282,-0.162,0.123,-0.029,70.63,0.0,34.3,7,1,1
13:27:11.224,VIGILE,1,-176.28,12.88,0.302,-2.332,2.931,-8.459,-0.28,0.134,-0.01,70.63,0.0,34.3,7,1,1
13:27:11.724,VIGILE,1,-170.95,24.09,0.313,-2.782,3.294,-8.717,0.049,0.048,0.042,70.63,0.0,34.3,7,1,1
13:27:12.224,VIGILE,1,-170.66,31.15,0.299,-2.612,2.863,-8.399,-0.038,0.037,0.008,70.63,0.0,34.3,7,1,1
13:27:12.724,VIGILE,1,-170.84,-8.89,0.322,-2.444,4.513,-8.633,-0.298,0.101,0.026,70.63,0.0,34.3,7,1,1
13:27:13.224,VIGILE,0,0.0,0.0,0.0,-3.136,2.713,-9.242,-0.025,0.028,-0.018,70.63,0.0,34.3,7,1,1
13:27:13.724,VIGILE,1,152.96,-60.83,0.418,-2.993,-1.065,-10.022,-0.159,0.177,-0.385,70.63,0.0,34.3,7,1,1
13:27:14.224,VIGILE,1,-178.33,-32.28,0.335,-3.369,-1.077,-9.809,-0.171,0.17,-0.46,70.63,0.0,34.3,7,1,1
13:27:14.725,VIGILE,0,0.0,0.0,0.0,-1.973,1.662,-9.972,-0.165,0.218,-0.402,70.63,0.0,34.3,7,1,1
13:27:15.225,VIGILE,1,-174.58,17.0,0.265,-1.262,-1.499,-11.528,-0.099,0.128,-0.404,70.63,0.0,34.3,7,1,1
13:27:15.725,VIGILE,1,-175.68,-17.91,0.294,-2.327,0.989,-8.614,0.017,0.136,-0.241,70.63,0.0,34.3,7,1,1
13:27:16.225,VIGILE,1,178.98,-11.15,0.282,-1.724,1.59,-8.997,-0.037,0.023,-0.08,70.63,0.0,34.3,7,1,1
13:27:16.725,VIGILE,1,177.84,-2.54,0.248,-0.979,2.571,-9.527,0.21,-0.098,0.051,70.63,0.0,34.3,7,1,1
13:27:17.225,VIGILE,0,0.0,0.0,0.0,-0.948,2.2,-9.464,0.014,0.042,-0.001,70.63,0.0,34.3,7,1,1
13:27:17.725,VIGILE,1,-178.26,8.66,0.295,-0.95,1.518,-8.976,0.127,-0.021,0.027,70.63,0.0,34.3,7,1,1
13:27:18.225,VIGILE,1,179.43,6.53,0.278,0.156,2.533,-9.342,-0.365,0.156,-0.073,70.63,0.0,34.3,7,1,1
13:27:18.725,VIGILE,1,177.82,0.87,0.29,-1.29,2.054,-4.604,-0.87,0.306,-0.22,70.63,0.0,34.3,7,1,1
13:27:19.225,VIGILE,1,176.76,6.67,0.145,-2.531,2.059,-9.634,0.168,0.129,0.045,70.63,0.0,34.3,7,1,1
13:27:19.725,VIGILE,1,174.63,0.14,0.274,0.421,1.049,-11.76,-0.374,0.133,-0.049,70.63,0.0,34.3,7,1,1
13:27:20.225,VIGILE,1,174.79,5.66,0.255,-0.898,2.476,-8.698,-0.168,0.01,-0.017,70.63,0.0,34.3,7,1,1
13:27:20.725,VIGILE,1,179.83,8.68,0.278,-3.151,3.742,-10.111,0.346,-0.127,0.127,70.63,0.0,34.3,7,1,1
13:27:21.225,VIGILE,1,179.69,8.26,0.302,-2.986,4.07,-10.64,0.502,-0.161,0.167,70.63,0.0,34.3,7,1,1
13:27:21.725,VIGILE,1,-171.24,34.05,0.306,-2.004,2.799,-8.428,-0.157,0.058,-0.039,70.63,0.0,34.3,7,1,1
13:27:22.225,VIGILE,1,-173.31,30.32,0.292,-1.915,3.766,-9.098,-0.064,0.041,0.035,70.63,0.0,34.3,7,1,1
13:27:22.726,VIGILE,1,-178.29,39.33,0.351,-0.84,5.476,-8.535,-0.032,-0.02,0.215,70.63,0.0,34.3,7,1,1
13:27:23.226,VIGILE,1,-173.46,41.17,0.352,-0.644,4.633,-7.005,-0.21,0.004,0.198,70.63,0.0,34.3,7,1,1
13:27:23.726,VIGILE,1,-169.52,40.03,0.341,-1.774,5.77,-8.653,-0.02,-0.041,0.364,70.63,0.0,34.3,7,1,1
13:27:24.226,VIGILE,1,-169.53,26.8,0.316,-0.206,5.808,-8.068,-0.098,-0.033,0.341,70.63,0.0,34.3,7,1,1
13:27:24.726,VIGILE,1,179.65,14.1,0.235,0.223,4.92,-8.88,-0.142,-0.065,0.355,70.63,0.0,34.3,7,1,1
13:27:25.226,VIGILE,1,178.82,5.59,0.266,1.46,4.429,-9.742,-0.287,-0.126,0.267,70.63,0.0,34.3,7,1,1
13:27:25.726,VIGILE,1,179.2,-4.28,0.269,-0.56,2.686,-8.198,-0.05,0.277,0.1,70.63,0.0,34.2,7,1,1
13:27:26.226,VIGILE,1,-179.64,-0.12,0.283,0.536,3.158,-9.218,-0.242,0.097,-0.006,70.63,0.0,34.2,7,1,1
13:27:26.726,VIGILE,1,-179.66,-5.6,0.264,0.534,2.626,-12.103,-0.077,0.008,-0.041,70.63,0.0,34.2,7,1,1
13:27:27.226,VIGILE,1,177.15,-8.51,0.285,0.285,3.033,-10.388,-0.305,0.058,-0.058,70.63,0.0,34.2,7,1,1
13:27:27.726,VIGILE,1,178.22,-4.29,0.28,2.942,3.752,-11.169,-0.169,-0.117,0.07,70.63,0.0,34.2,7,1,1
13:27:28.226,VIGILE,1,176.11,-8.52,0.197,0.017,1.827,-9.321,-0.132,0.102,-0.032,70.63,0.0,34.2,7,1,1
13:27:28.726,VIGILE,1,175.83,-5.15,0.279,0.438,0.776,-8.121,-0.793,0.223,-0.143,70.63,0.0,34.2,7,1,1
13:27:29.226,VIGILE,1,178.32,-0.85,0.294,-1.592,2.758,-9.191,-0.141,0.035,-0.015,70.63,0.0,34.2,7,1,1
13:27:29.726,VIGILE,1,177.67,-3.96,0.266,-1.137,2.205,-8.653,-0.097,0.019,0.009,70.63,0.0,34.2,7,1,1
13:27:30.226,VIGILE,1,177.96,-2.11,0.259,-2.284,2.184,-8.478,-0.213,0.086,-0.03,70.63,0.0,34.2,7,1,1
13:27:30.726,VIGILE,1,178.75,-1.13,0.273,-1.762,3.359,-10.259,-0.064,0.022,-0.001,70.63,0.0,34.2,7,1,1
13:27:31.227,VIGILE,1,174.27,-5.26,0.285,-2.042,3.666,-8.265,-0.264,0.156,-0.018,70.63,0.0,34.2,7,1,1
13:27:31.727,VIGILE,1,176.54,-6.08,0.284,-4.015,2.725,-8.844,-0.181,0.211,-0.1,70.63,0.0,34.2,7,1,1
13:27:32.227,VIGILE,1,173.86,-5.83,0.263,-2.452,1.046,-6.924,-0.128,0.079,-0.018,70.63,0.0,34.2,7,1,1
13:27:32.727,VIGILE,1,176.55,-7.97,0.259,-2.483,2.069,-9.041,0.177,0.075,0.094,70.63,0.0,34.2,7,1,1
13:27:33.227,VIGILE,1,173.46,-0.58,0.249,-1.575,3.998,-8.09,-0.638,0.34,-0.14,70.63,0.0,34.1,7,1,1
13:27:33.727,VIGILE,1,175.27,-10.06,0.259,-1.975,4.384,-8.511,-0.139,0.006,-0.044,70.63,0.0,34.1,7,1,1
13:27:34.227,VIGILE,1,179.29,-39.91,0.31,-1.731,3.519,-8.677,-0.152,0.069,-0.024,70.63,0.0,34.1,7,1,1
13:27:34.727,VIGILE,0,0.0,0.0,0.0,-3.196,3.457,-9.165,-0.082,0.018,-0.015,70.63,0.0,34.1,7,1,1
13:27:35.227,VIGILE,1,163.64,-72.81,0.448,-2.82,3.795,-9.05,-0.115,0.053,-0.029,70.63,0.0,34.1,7,1,1
13:27:35.727,VIGILE,0,0.0,0.0,0.0,-1.839,3.239,-8.6,-0.076,0.106,-0.099,70.63,0.0,34.1,7,1,1
13:27:36.227,VIGILE,1,164.92,72.85,0.434,-2.114,3.321,-9.342,-0.143,0.111,-0.091,70.63,0.0,34.1,7,1,1
13:27:36.727,VIGILE,0,0.0,0.0,0.0,-1.398,3.081,-9.103,-0.162,0.1,-0.087,70.63,0.0,34.1,7,1,1
13:27:37.227,VIGILE,1,-176.35,-39.38,0.35,-1.178,3.115,-8.839,-0.2,0.098,-0.076,70.63,0.0,34.1,7,1,1
13:27:37.727,VIGILE,0,0.0,0.0,0.0,-1.077,3.019,-9.019,-0.142,0.078,-0.063,70.63,0.0,34.1,7,1,1
13:27:38.227,VIGILE,1,177.54,70.19,0.367,-0.5,2.703,-9.412,-0.065,0.066,-0.031,70.63,0.0,34.1,7,1,1
13:27:38.728,VIGILE,1,169.65,73.36,0.829,-0.141,1.97,-9.419,-0.065,0.078,-0.064,70.63,0.0,34.1,7,1,1
13:27:39.228,VIGILE,1,-178.17,44.21,0.41,-0.443,1.274,-10.841,-0.165,0.088,-0.108,70.63,0.0,34.1,7,1,1
13:27:39.728,VIGILE,1,-177.48,26.03,0.27,0.309,1.879,-10.039,-0.193,0.129,-0.197,70.63,0.0,34.1,7,1,1
13:27:40.228,VIGILE,1,-175.91,5.19,0.298,-0.467,0.611,-8.382,-0.286,0.189,-0.254,70.63,0.0,34.1,7,1,1
13:27:40.728,VIGILE,1,-176.18,18.26,0.298,0.35,0.927,-10.499,-0.144,0.162,-0.373,70.63,0.0,34.1,7,1,1
13:27:41.228,VIGILE,1,-174.1,16.91,0.283,0.077,0.5,-10.013,-0.07,0.143,-0.403,70.63,0.0,34.1,7,1,1
13:27:41.728,VIGILE,1,-175.66,-11.15,0.298,-1.578,0.982,-9.874,-0.33,0.172,-0.331,70.63,0.0,34.1,7,1,1
13:27:42.228,VIGILE,1,-175.61,-15.9,0.291,-0.23,0.611,-10.058,-0.185,0.228,-0.265,70.63,0.0,34.1,7,1,1
13:27:42.728,VIGILE,1,-176.45,-10.01,0.278,0.16,0.915,-9.914,-0.196,0.051,-0.297,70.63,0.0,34.1,7,1,1
13:27:43.228,VIGILE,1,-173.08,32.13,0.169,1.42,-0.582,-12.871,-0.16,0.067,-0.216,70.63,0.0,34.0,7,1,1
13:27:43.728,VIGILE,1,-176.85,9.37,0.269,0.656,1.693,-8.902,-0.252,0.139,-0.098,70.63,0.0,34.0,7,1,1
13:27:44.228,VIGILE,1,-179.14,4.42,0.261,0.283,2.112,-9.799,-0.127,0.062,0.018,70.63,0.0,34.0,7,1,1
13:27:44.728,VIGILE,1,-179.07,1.98,0.277,-1.346,2.952,-9.167,-0.196,0.102,-0.065,70.63,0.0,34.0,7,1,1
13:27:45.228,VIGILE,1,-177.26,22.18,0.197,0.172,1.946,-10.068,-0.089,0.069,-0.052,70.63,0.0,34.0,7,1,1
13:27:45.728,VIGILE,1,-179.89,23.55,0.132,-0.419,2.356,-9.764,-0.106,0.073,-0.03,70.63,0.0,34.0,7,1,1
13:27:46.228,VIGILE,1,-178.14,18.07,0.257,0.369,2.691,-8.751,-0.106,0.063,-0.021,70.63,0.0,34.0,7,1,1
13:27:46.729,VIGILE,1,-178.59,7.16,0.265,0.871,1.602,-9.0,-0.258,0.124,-0.07,70.63,0.0,34.0,7,1,1
13:27:47.229,VIGILE,1,-177.01,14.77,0.279,1.087,2.768,-9.074,-0.177,0.075,0.003,70.63,0.0,34.0,7,1,1
13:27:47.729,VIGILE,1,-176.55,12.75,0.275,1.64,6.764,-9.443,0.259,-0.18,0.371,70.63,0.0,34.0,7,1,1
13:27:48.229,NERVOSO,1,-177.77,0.16,0.28,-0.292,3.017,-9.838,0.071,-0.037,0.1,70.63,0.0,34.0,7,1,1
13:27:48.729,NERVOSO,1,176.6,0.53,0.272,-3.278,4.168,-7.503,-0.457,0.12,-0.026,70.63,0.0,34.0,7,1,1
13:27:49.229,NERVOSO,1,179.05,-7.34,0.276,-4.702,4.956,-9.189,-0.027,0.043,0.033,70.63,0.0,34.0,7,1,1
13:27:49.729,NERVOSO,1,-178.66,-1.12,0.281,-3.014,-0.096,-9.242,0.105,0.066,-0.184,70.63,0.0,34.0,7,1,1
13:27:50.229,NERVOSO,1,-175.86,19.83,0.275,-0.002,1.726,-9.507,-0.103,0.066,-0.073,70.63,0.0,34.0,7,1,1
13:27:50.729,NERVOSO,1,-178.02,14.53,0.27,0.807,4.48,-7.851,-0.135,-0.039,0.112,70.63,0.0,34.0,7,1,1
13:27:51.229,NERVOSO,1,-172.33,20.94,0.315,-0.35,4.276,-8.978,-0.052,0.009,0.091,70.63,0.0,34.0,7,1,1
13:27:51.729,NERVOSO,1,-175.91,-5.17,0.296,-5.737,5.397,-8.507,-0.075,0.003,0.006,70.63,0.0,34.0,7,1,1
13:27:52.229,NERVOSO,1,-171.02,27.31,0.264,-3.053,3.134,-8.995,-0.058,0.145,-0.058,70.63,0.0,34.0,7,1,1
13:27:52.729,NERVOSO,1,-175.21,21.0,0.279,-0.984,1.803,-9.017,-0.365,0.23,-0.187,70.63,0.0,34.0,7,1,1
13:27:53.229,NERVOSO,1,-175.38,21.08,0.294,1.307,0.591,-9.21,-0.265,0.274,-0.046,70.63,0.0,34.0,7,1,1
13:27:53.729,NERVOSO,1,-174.68,12.68,0.33,-5.947,8.633,-8.353,-2.58,0.731,-0.691,70.63,0.0,34.0,7,1,1
13:27:54.229,NERVOSO,1,-177.31,14.38,0.289,-5.325,6.309,-7.494,-0.058,-0.009,0.107,70.63,0.0,34.0,7,1,1
13:27:54.729,NERVOSO,1,-176.76,6.48,0.288,-1.516,2.6,-9.093,-0.033,0.074,0.0,70.63,0.0,34.0,7,1,1
13:27:55.230,NERVOSO,1,-176.08,-7.67,0.24,1.041,3.795,-8.739,0.01,0.106,0.031,70.63,0.0,34.0,7,1,1
13:27:55.730,NERVOSO,1,-176.06,5.2,0.268,0.551,2.823,-9.785,-0.036,0.141,0.073,70.63,0.0,34.0,7,1,1
13:27:56.230,NERVOSO,1,-175.16,-9.62,0.272,0.309,2.935,-10.156,0.01,-0.028,0.029,70.63,0.0,34.0,7,1,1
13:27:56.730,NERVOSO,1,-176.62,-9.28,0.276,0.663,0.661,-8.576,-0.361,0.149,-0.091,70.63,0.0,34.0,7,1,1
13:27:57.230,NERVOSO,1,177.62,0.05,0.262,-1.13,2.219,-8.349,-0.132,0.15,-0.006,70.63,0.0,34.0,7,1,1
13:27:57.730,NERVOSO,1,170.24,8.45,0.259,-6.541,4.47,-9.412,-0.301,0.331,-0.102,70.63,0.0,34.0,7,1,1
13:27:58.230,NERVOSO,1,179.84,13.18,0.321,-5.806,6.28,-8.358,0.623,-0.235,0.088,70.63,0.0,34.0,7,1,1
13:27:58.730,NERVOSO,1,177.08,5.95,0.26,-0.881,2.181,-8.1,-0.361,0.131,-0.061,70.63,0.0,34.0,7,1,1
13:27:59.230,NERVOSO,1,178.24,-1.63,0.268,0.857,0.867,-8.138,0.319,-0.112,0.064,70.63,0.0,34.0,7,1,1
13:27:59.730,NERVOSO,1,-178.76,-0.26,0.265,1.848,3.026,-9.752,-0.06,0.126,-0.015,70.63,0.0,34.0,7,1,1
13:28:00.230,NERVOSO,1,-175.26,4.86,0.278,2.952,4.381,-8.229,-1.075,0.088,0.038,70.63,0.0,34.0,7,1,1
13:28:00.730,NERVOSO,1,-179.62,-2.82,0.282,2.397,2.071,-8.971,-0.132,0.131,-0.004,70.63,0.0,34.0,7,1,1
13:28:01.230,NERVOSO,1,177.06,2.61,0.291,-0.869,4.164,-10.082,0.537,-0.177,0.148,70.63,0.0,34.0,7,1,1
13:28:01.730,NERVOSO,1,176.93,7.37,0.275,-1.697,5.983,-9.33,0.17,0.038,-0.03,70.63,0.0,34.0,7,1,1
13:28:02.230,NERVOSO,1,172.25,9.63,0.256,2.207,6.68,-11.897,0.889,-0.435,0.104,70.63,0.0,34.0,7,1,1
13:28:02.730,NERVOSO,1,-179.73,7.22,0.289,-2.964,7.163,-8.167,-0.267,0.034,-0.009,70.63,0.0,34.0,7,1,1
13:28:03.230,NERVOSO,1,171.43,11.64,0.267,-0.572,2.083,-9.098,-0.23,0.047,-0.055,70.63,0.0,34.0,7,1,1
13:28:03.731,NERVOSO,1,179.36,5.48,0.261,1.439,4.305,-9.656,0.092,0.002,-0.087,70.63,0.0,34.0,7,1,1
13:28:04.231,NERVOSO,1,175.12,9.1,0.269,0.572,3.151,-6.553,-0.162,-0.075,-0.061,70.63,0.0,34.0,7,1,1
13:28:04.731,NERVOSO,1,171.09,10.55,0.258,-5.43,5.193,-7.439,-0.516,0.253,-0.064,70.63,0.0,34.0,7,1,1
13:28:05.231,NERVOSO,1,175.64,11.13,0.276,-1.046,4.029,-8.756,-0.095,0.105,0.039,70.63,0.0,34.0,7,1,1
13:28:05.731,NERVOSO,1,170.79,27.71,0.283,2.674,3.697,-11.157,0.301,-0.049,0.068,70.63,0.0,34.0,7,1,1
13:28:06.231,NERVOSO,1,172.48,11.34,0.263,-3.019,4.338,-11.662,0.59,-0.03,-0.178,70.63,0.0,34.0,7,1,1
13:28:06.731,NERVOSO,1,179.28,10.81,0.294,-0.591,1.355,-8.279,-0.529,0.397,-0.199,70.63,0.0,34.0,7,1,1
13:28:07.231,NERVOSO,1,176.2,1.63,0.266,-1.59,5.914,-7.216,-0.265,0.075,-0.101,70.63,0.0,34.0,7,1,1
13:28:07.731,NERVOSO,1,-177.71,22.43,0.198,-0.888,3.378,-8.959,-0.258,0.089,-0.075,70.63,0.0,34.0,7,1,1
13:28:08.231,VIGILE,1,-178.49,10.58,0.27,-1.654,3.855,-8.988,-0.098,0.12,-0.004,70.63,0.0,34.0,7,1,1
13:28:08.731,VIGILE,1,-177.18,-7.04,0.253,-0.373,2.916,-8.511,-0.344,0.154,-0.013,70.63,0.0,34.0,7,1,1
13:28:09.231,VIGILE,1,179.21,14.22,0.254,-0.376,4.264,-10.058,-0.128,0.056,0.015,70.63,0.0,34.0,7,1,1
13:28:09.731,VIGILE,1,178.37,0.26,0.26,-0.208,3.591,-9.725,-0.073,0.007,-0.017,70.63,0.0,34.0,7,1,1
13:28:10.231,VIGILE,1,-173.49,20.95,0.285,0.215,5.377,-9.771,-0.177,0.024,-0.026,70.63,0.0,34.0,7,1,1
13:28:10.731,VIGILE,1,178.82,10.01,0.204,-0.816,2.55,-9.043,-0.146,0.077,0.001,70.63,0.0,34.0,7,1,1
13:28:11.231,VIGILE,1,173.4,5.95,0.247,-0.721,4.211,-8.856,-0.302,0.092,-0.036,70.63,0.0,34.0,7,1,1
13:28:11.732,VIGILE,1,179.34,-4.47,0.267,-0.218,4.401,-9.498,0.046,-0.118,0.02,70.63,0.0,34.0,7,1,1
13:28:12.232,VIGILE,1,-179.33,2.85,0.27,-0.745,3.464,-8.495,-0.13,0.125,-0.013,70.63,0.0,34.0,7,1,1
13:28:12.732,VIGILE,1,179.44,-2.61,0.261,-0.781,5.696,-10.106,-0.186,0.039,0.02,70.63,0.0,34.0,7,1,1
13:28:13.232,VIGILE,1,-178.85,-9.02,0.272,-1.312,3.824,-8.423,-0.262,0.24,0.031,70.63,0.0,34.0,7,1,1
13:28:13.732,VIGILE,1,-179.44,-8.25,0.267,0.16,4.061,-9.268,0.026,-0.396,0.016,70.63,0.0,34.0,7,1,1
13:28:14.232,VIGILE,1,-177.99,-16.02,0.255,-1.832,2.732,-7.061,-0.667,0.173,-0.174,70.63,0.0,34.0,7,1,1
13:28:14.732,VIGILE,1,-179.59,-18.23,0.271,-1.774,1.877,-9.294,-0.058,-0.007,-0.028,70.63,0.0,34.0,7,1,1
13:28:15.232,VIGILE,1,-178.48,-19.78,0.265,-1.267,2.713,-8.669,-0.16,0.157,-0.082,70.63,0.0,34.0,7,1,1
13:28:15.732,VIGILE,1,-179.45,-18.8,0.276,-1.288,2.67,-9.256,-0.066,0.157,-0.037,70.63,0.0,34.0,7,1,1
13:28:16.232,VIGILE,1,-178.39,-23.79,0.268,-2.025,3.158,-7.614,-0.241,0.093,-0.079,70.63,0.0,34.0,7,1,1
13:28:16.732,VIGILE,0,0.0,0.0,0.0,-1.946,2.988,-9.278,-0.052,-0.011,-0.018,70.63,0.0,34.0,7,1,1
13:28:17.232,VIGILE,1,177.95,-5.49,0.289,-1.75,2.624,-8.818,-0.088,0.053,-0.013,70.63,0.0,34.0,7,1,1
13:28:17.732,VIGILE,1,178.14,15.86,0.276,-2.78,2.959,-9.95,0.047,-0.073,0.05,70.63,0.0,34.0,7,1,1
13:28:18.232,VIGILE,1,176.24,24.63,0.27,-2.069,3.522,-7.93,-0.29,0.079,-0.012,70.63,0.0,34.0,7,1,1
13:28:18.732,VIGILE,1,176.28,32.53,0.312,-1.717,4.403,-9.12,-0.301,0.012,-0.089,70.63,0.0,34.0,7,1,1
13:28:19.233,VIGILE,1,-179.37,36.3,0.373,-1.128,2.887,-9.074,-0.122,0.087,0.128,70.63,0.0,34.0,7,1,1
13:28:19.733,VIGILE,1,179.24,38.06,0.377,0.096,6.426,-8.31,-0.301,0.001,0.136,70.63,0.0,34.0,7,1,1
13:28:20.233,VIGILE,1,177.88,40.75,0.371,-0.984,6.5,-8.363,-0.03,-0.146,0.338,70.63,0.0,34.0,7,1,1
13:28:20.733,VIGILE,1,179.44,35.03,0.308,-0.328,7.386,-9.589,0.09,-0.253,0.414,70.63,0.0,34.0,7,1,1
13:28:21.233,VIGILE,1,-178.03,33.63,0.337,-0.812,6.261,-8.317,-0.104,0.067,0.508,70.63,0.0,34.0,7,1,1
13:28:21.733,VIGILE,1,-179.93,30.94,0.327,0.431,6.184,-8.291,-0.071,-0.057,0.507,70.63,0.0,34.0,7,1,1
13:28:22.233,VIGILE,1,-177.33,21.98,0.267,1.453,5.586,-7.982,-0.029,-0.05,0.497,70.63,0.0,34.0,7,1,1
13:28:22.733,VIGILE,1,179.02,9.58,0.29,3.115,5.351,-8.882,-0.14,0.038,0.381,70.63,0.0,34.0,7,1,1
13:28:23.233,VIGILE,1,-179.63,-6.37,0.283,0.986,2.564,-10.048,-0.15,0.118,0.12,70.63,0.0,33.9,7,1,1
13:28:23.733,VIGILE,1,179.0,5.17,0.286,-0.266,3.809,-8.978,0.244,-0.161,-0.011,70.63,0.0,33.9,7,1,1
13:28:24.233,VIGILE,1,175.83,2.93,0.275,-1.966,3.639,-8.868,-0.074,-0.132,-0.051,70.63,0.0,33.9,7,1,1
13:28:24.733,VIGILE,1,177.86,-3.91,0.262,-1.48,2.844,-9.586,-0.07,0.018,0.001,70.63,0.0,33.9,7,1,1
13:28:25.233,VIGILE,1,177.01,-10.29,0.24,1.776,2.404,-7.42,-0.689,0.12,0.022,70.63,0.0,33.9,7,1,1
13:28:25.733,VIGILE,1,-177.97,-21.72,0.284,-0.177,2.6,-9.402,-0.17,0.096,-0.028,70.63,0.0,33.9,7,1,1
13:28:26.233,VIGILE,1,174.99,-21.7,0.284,0.352,2.339,-9.323,-0.209,0.118,-0.033,70.63,0.0,33.9,7,1,1
13:28:26.734,VIGILE,1,177.91,-13.93,0.248,-0.189,2.136,-10.254,-0.087,0.064,-0.011,70.63,0.0,33.9,7,1,1
13:28:27.234,VIGILE,1,178.85,-7.58,0.268,-0.402,2.435,-9.488,-0.235,0.058,-0.038,70.63,0.0,33.9,7,1,1
13:28:27.734,VIGILE,1,174.46,-8.52,0.264,-0.613,3.747,-7.793,-0.176,0.084,0.007,70.63,0.0,33.9,7,1,1
13:28:28.234,VIGILE,1,175.97,-8.51,0.258,-1.027,3.656,-8.672,-0.159,0.058,0.028,70.63,0.0,33.9,7,1,1
13:28:28.734,VIGILE,1,174.5,-8.63,0.23,-4.829,1.346,-7.027,-0.825,0.622,-0.247,70.63,0.0,33.9,7,1,1
13:28:29.234,VIGILE,1,-179.06,-14.8,0.245,-2.128,3.776,-9.716,-0.005,-0.022,-0.004,70.63,0.0,33.9,7,1,1
13:28:29.734,SONNOLENZA,1,177.58,-16.22,0.116,-0.886,2.528,-9.752,-0.055,0.092,-0.086,70.63,0.0,33.9,7,1,1
13:28:30.234,SONNOLENZA,1,174.61,-9.02,0.133,-1.053,2.308,-8.701,-0.116,0.103,-0.091,70.63,0.0,33.9,7,1,1
13:28:30.734,SONNOLENZA,1,174.25,-5.51,0.131,-2.085,2.854,-7.089,-0.12,0.309,-0.049,70.63,0.0,33.9,7,1,1
13:28:31.234,SONNOLENZA,1,175.67,1.09,0.131,0.261,2.602,-10.513,0.12,-0.01,0.049,70.63,0.0,33.9,7,1,1
13:28:31.734,SONNOLENZA,1,-179.39,1.18,0.135,-0.929,2.835,-8.425,-0.169,0.036,-0.002,70.63,0.0,33.9,7,1,1
13:28:32.234,SONNOLENZA,1,-175.89,-6.08,0.135,-0.364,2.136,-10.52,-0.117,0.156,0.0,70.63,0.0,33.9,7,1,1
13:28:32.734,SONNOLENZA,1,-156.57,9.33,0.141,-0.675,3.345,-10.278,-0.309,0.161,-0.028,70.63,0.0,33.9,7,1,1
13:28:33.234,SONNOLENZA,1,179.55,6.1,0.142,0.005,2.722,-8.559,-0.202,0.016,-0.011,70.63,0.0,33.9,8,1,1
13:28:33.734,SONNOLENZA,1,179.77,-0.45,0.23,-0.943,2.061,-7.678,-0.287,0.086,-0.019,70.63,0.0,33.9,8,1,1
13:28:34.235,SONNOLENZA,1,-173.98,-20.33,0.102,-0.177,2.959,-8.758,-0.252,0.14,-0.028,70.63,0.0,33.9,8,1,1
13:28:34.735,SONNOLENZA,1,-149.91,-7.59,0.131,-0.747,2.588,-8.636,-0.077,-0.048,-0.005,70.63,0.0,33.9,8,1,1
13:28:35.235,SONNOLENZA,1,-176.56,-18.29,0.235,-1.202,2.574,-9.84,-0.108,0.07,-0.014,70.63,0.0,33.9,8,1,1
13:28:35.735,SONNOLENZA,1,-177.68,-17.4,0.244,-1.077,4.384,-7.432,-0.465,0.151,-0.116,70.63,0.0,33.9,8,1,1
13:28:36.235,SONNOLENZA,1,-174.51,-21.61,0.206,-0.881,3.282,-9.038,-0.156,0.021,-0.052,70.63,0.0,33.9,8,1,1
13:28:36.735,SONNOLENZA,0,0.0,0.0,0.0,-0.208,1.448,-8.667,-0.289,0.12,-0.047,70.63,0.0,33.9,8,1,1
13:28:37.235,SONNOLENZA,1,-166.3,-29.31,0.301,-0.254,2.892,-9.014,-0.092,0.079,-0.099,70.63,0.0,33.9,8,1,1
13:28:37.735,SONNOLENZA,1,-177.2,-21.19,0.262,-1.518,2.538,-8.909,-0.203,0.041,-0.064,70.63,0.0,33.9,8,1,1
13:28:38.235,SONNOLENZA,1,-178.06,-30.47,0.263,-1.626,1.894,-10.599,0.046,0.006,-0.058,70.63,0.0,33.9,8,1,1
13:28:38.735,SONNOLENZA,1,-176.68,-28.16,0.232,-1.858,1.836,-8.55,-0.033,0.092,-0.09,70.63,0.0,33.9,8,1,1
13:28:39.235,SONNOLENZA,0,0.0,0.0,0.0,0.443,1.453,-8.183,-0.196,0.027,-0.084,70.63,0.0,33.9,8,1,1
13:28:39.735,SONNOLENZA,1,-157.08,-7.24,0.134,-2.698,1.281,-9.986,-0.228,0.061,-0.083,70.63,0.0,33.9,8,1,1
13:28:40.235,SONNOLENZA,1,-172.44,-18.27,0.293,-0.347,1.987,-8.552,-0.168,0.177,-0.106,70.63,0.0,33.9,8,1,1
13:28:40.735,SONNOLENZA,1,-173.33,-16.75,0.123,-2.464,0.991,-9.392,-0.338,0.231,-0.086,70.63,0.0,33.9,8,1,1
13:28:41.235,SONNOLENZA,1,-178.75,5.96,0.137,-1.575,3.196,-8.317,-0.511,0.428,-0.124,70.63,0.0,33.9,8,1,1
13:28:41.735,SONNOLENZA,1,177.19,5.78,0.11,-2.713,2.571,-9.426,-0.074,0.078,-0.057,70.63,0.0,33.9,8,1,1
13:28:42.235,SONNOLENZA,1,177.34,15.53,0.153,-2.413,1.432,-11.131,0.13,0.132,-0.021,70.63,0.0,33.9,8,1,1
13:28:42.735,SONNOLENZA,1,178.18,11.62,0.128,-1.434,2.727,-9.414,-0.066,0.12,-0.076,70.63,0.0,33.9,8,1,1
13:28:43.236,SONNOLENZA,1,-178.78,-5.44,0.205,-1.223,3.436,-10.001,-0.047,0.028,-0.021,70.63,0.0,33.9,8,1,1
13:28:43.736,SONNOLENZA,1,178.7,-18.51,0.19,-1.02,2.919,-10.025,-0.131,0.05,-0.043,70.63,0.0,33.9,8,1,1
13:28:44.236,SONNOLENZA,1,171.89,10.76,0.148,0.962,2.574,-8.878,-0.169,-0.042,-0.0,70.63,0.0,33.9,8,1,1
13:28:44.736,SONNOLENZA,1,169.35,5.56,0.103,-1.202,3.096,-8.404,-0.022,0.024,-0.007,70.63,0.0,33.9,8,1,1
13:28:45.236,SONNOLENZA,1,-179.47,-17.49,0.095,-1.652,3.658,-7.875,-0.061,-0.075,0.089,70.63,0.0,33.9,8,1,1
13:28:45.736,SONNOLENZA,1,-176.48,16.36,0.337,-1.283,2.789,-9.122,-0.113,0.057,-0.013,70.63,0.0,33.8,8,1,1
13:28:46.236,SONNOLENZA,1,-167.98,-17.56,0.257,-1.238,3.431,-8.559,-0.123,0.072,-0.011,70.63,0.0,33.8,8,1,1
13:28:46.736,SONNOLENZA,1,-170.79,-14.66,0.266,-1.089,2.751,-8.82,-0.206,0.087,-0.021,70.63,0.0,33.8,8,1,1
13:28:47.236,SONNOLENZA,1,-173.67,-16.08,0.238,-0.51,3.412,-9.199,-0.131,0.081,-0.014,70.63,0.0,33.8,8,1,1
13:28:47.736,SONNOLENZA,1,-175.26,-13.56,0.172,-1.302,3.539,-9.067,-0.098,0.072,0.004,70.63,0.0,33.8,8,1,1
13:28:48.236,SONNOLENZA,1,-172.19,-23.74,0.098,-0.804,2.662,-8.564,-0.246,0.209,-0.013,70.63,0.0,33.8,8,1,1
13:28:48.736,SONNOLENZA,1,-166.17,-22.92,0.266,-0.998,2.327,-7.276,-0.3,0.191,-0.05,70.63,0.0,33.8,8,1,1
13:28:49.236,SONNOLENZA,1,-174.54,-16.73,0.274,-0.417,3.989,-9.821,-0.104,-0.018,-0.01,70.63,0.0,33.8,8,1,1
13:28:49.736,SONNOLENZA,1,-177.36,-10.71,0.254,-3.16,2.018,-10.218,0.29,-0.141,0.086,70.63,0.0,33.8,8,1,1
13:28:50.236,SONNOLENZA,1,173.68,-2.88,0.216,-0.625,2.409,-9.208,-0.111,0.091,-0.013,70.63,0.0,33.8,8,1,1
13:28:50.736,SONNOLENZA,1,177.39,-1.73,0.214,-1.408,2.761,-9.79,-0.13,0.068,-0.002,70.63,0.0,33.8,7,1,1
13:28:51.237,SONNOLENZA,1,-150.9,7.26,0.165,0.072,2.942,-9.943,-0.178,0.039,-0.049,70.63,0.0,33.8,7,1,1
13:28:51.737,SONNOLENZA,1,-179.78,-26.04,0.261,-1.513,3.555,-8.909,-0.014,0.072,-0.003,70.63,0.0,33.8,7,1,1
13:28:52.237,SONNOLENZA,1,-177.78,0.97,0.154,-0.888,3.819,-9.771,-0.108,0.037,0.027,70.63,0.0,33.8,7,1,1
13:28:52.737,SONNOLENZA,1,175.02,8.01,0.156,-1.635,2.667,-11.746,0.723,-0.191,0.179,70.63,0.0,33.8,7,1,1
13:28:53.237,SONNOLENZA,1,172.47,7.07,0.114,-1.219,2.339,-9.256,-0.101,0.093,-0.047,70.63,0.0,33.8,7,1,1
13:28:53.737,SONNOLENZA,1,173.27,7.88,0.112,-0.836,2.969,-9.024,-0.112,0.084,-0.015,70.63,0.0,33.8,7,1,1
13:28:54.237,SONNOLENZA,1,176.18,9.7,0.186,-1.621,2.919,-8.593,-0.209,0.105,-0.033,70.63,0.0,33.8,7,1,1
13:28:54.737,SONNOLENZA,1,178.69,1.79,0.224,2.045,4.243,-7.439,-0.22,-0.033,0.011,70.63,0.0,33.8,7,1,1
13:28:55.237,SONNOLENZA,1,178.75,8.2,0.122,-1.085,2.646,-9.529,-0.162,0.074,-0.009,70.63,0.0,33.8,7,1,1
13:28:55.737,SONNOLENZA,1,-177.23,8.9,0.201,-0.184,1.386,-9.366,-0.054,-0.027,-0.021,70.63,0.0,33.8,7,1,1
13:28:56.237,SONNOLENZA,1,179.9,0.73,0.228,-0.792,2.018,-4.908,-0.551,-0.114,-0.074,70.63,0.0,33.8,7,1,1
13:28:56.737,SONNOLENZA,1,-178.12,-2.75,0.152,-1.492,2.401,-10.781,-0.158,0.193,-0.029,70.63,0.0,33.8,7,1,1
13:28:57.237,VIGILE,1,179.6,-3.32,0.247,-1.982,1.511,-9.855,-0.136,0.044,-0.024,70.63,0.0,33.8,7,1,1
13:28:57.738,VIGILE,1,178.23,3.22,0.078,0.883,1.659,-9.414,-0.07,0.011,-0.028,70.63,0.0,33.8,7,1,1
13:28:58.238,VIGILE,1,177.02,5.53,0.27,-1.271,2.1,-10.436,-0.167,0.06,-0.043,70.63,0.0,33.7,7,1,1
13:28:58.738,VIGILE,1,174.2,8.81,0.274,-2.152,3.053,-8.598,-0.342,0.169,-0.099,70.63,0.0,33.7,7,1,1
13:28:59.238,VIGILE,1,170.74,12.0,0.273,-1.767,3.129,-8.052,-0.276,0.186,-0.027,70.63,0.0,33.7,7,1,1
13:28:59.738,VIGILE,1,170.55,15.89,0.271,-3.194,4.614,-8.701,-0.215,0.1,-0.04,70.63,0.0,33.7,7,1,1
13:29:00.238,VIGILE,1,173.06,19.48,0.267,-2.969,3.168,-5.574,-0.064,0.163,-0.013,70.63,0.0,33.7,7,1,1
13:29:00.738,VIGILE,1,173.53,21.06,0.284,-2.296,3.148,-8.492,-0.189,0.066,-0.01,70.63,0.0,33.7,8,1,1
13:29:01.238,VIGILE,1,175.49,24.81,0.256,-2.409,4.135,-9.412,-0.058,0.024,0.029,70.63,0.0,33.7,8,1,1
13:29:01.738,VIGILE,1,175.87,35.47,0.346,-1.398,4.424,-8.195,-0.167,0.034,0.066,70.63,0.0,33.7,8,1,1
13:29:02.238,VIGILE,1,176.29,38.3,0.401,-0.22,9.076,-7.64,0.433,-0.238,0.188,70.63,0.0,33.7,8,1,1
13:29:02.738,VIGILE,1,175.21,38.81,0.413,-1.362,8.514,-6.563,0.022,-0.193,0.464,70.63,0.0,33.7,8,1,1
13:29:03.238,VIGILE,1,174.07,36.23,0.303,-1.64,6.67,-7.173,-0.061,-0.023,0.597,70.63,0.0,33.7,8,1,1
13:29:03.738,VIGILE,1,177.68,30.99,0.281,-0.745,7.377,-8.092,-0.003,-0.227,0.516,70.63,0.0,33.7,8,1,1
13:29:04.238,VIGILE,1,-177.84,18.27,0.283,0.807,7.015,-7.772,-0.069,-0.038,0.436,70.63,0.0,33.7,8,1,1
13:29:04.738,VIGILE,1,-179.4,14.53,0.24,0.165,2.078,-9.4,0.095,0.119,0.229,70.63,0.0,33.7,8,1,1
13:29:05.238,VIGILE,1,179.27,11.19,0.248,0.986,4.458,-8.978,0.015,-0.068,0.096,70.63,0.0,33.7,8,1,1
13:29:05.738,VIGILE,1,179.72,14.04,0.264,0.196,2.634,-10.242,-0.042,0.001,0.007,70.63,0.0,33.7,8,1,1
13:29:06.239,VIGILE,1,-179.29,-1.2,0.258,-1.554,3.555,-8.056,0.02,-0.038,0.068,70.63,0.0,33.7,8,1,1
13:29:06.739,VIGILE,1,177.89,-3.35,0.152,0.242,1.729,-8.691,-0.197,0.078,-0.002,70.63,0.0,33.7,8,1,1
13:29:07.239,VIGILE,1,175.51,1.33,0.22,-2.119,3.141,-9.787,0.055,0.032,-0.015,70.63,0.0,33.7,8,1,1
13:29:07.739,VIGILE,1,178.59,13.61,0.254,1.765,-0.062,-7.829,-0.268,0.223,-0.027,70.63,0.0,33.7,8,1,1
13:29:08.239,VIGILE,1,178.39,16.96,0.237,-0.364,1.736,-9.55,-0.032,0.135,0.01,70.63,0.0,33.7,8,1,1
13:29:08.739,VIGILE,1,178.69,14.1,0.274,-0.005,1.7,-10.573,-0.119,-0.002,-0.012,70.63,0.0,33.7,8,1,1
13:29:09.239,VIGILE,1,173.8,6.99,0.265,-0.85,1.369,-9.517,-0.034,0.048,0.003,70.63,0.0,33.7,8,1,1
13:29:09.739,VIGILE,1,177.19,9.68,0.242,-0.967,2.15,-8.701,-0.173,0.049,-0.009,70.63,0.0,33.7,8,1,1
13:29:10.239,VIGILE,1,178.42,12.2,0.238,-3.108,3.235,-8.43,-0.258,0.047,-0.045,70.63,0.0,33.7,8,1,1
13:29:10.739,VIGILE,0,0.0,0.0,0.0,-2.033,1.247,-10.041,-0.029,0.077,0.01,70.63,0.0,33.7,8,1,1
13:29:11.239,VIGILE,1,-170.12,36.61,0.216,-1.025,2.636,-8.681,-0.212,0.145,-0.029,70.63,0.0,33.7,8,1,1
13:29:11.739,VIGILE,1,-178.74,29.51,0.242,-1.693,2.77,-5.825,-0.529,0.407,-0.304,70.63,0.0,33.7,8,1,1
13:29:12.239,VIGILE,1,-179.54,26.9,0.236,-1.511,3.038,-8.897,-0.101,0.039,-0.012,70.63,0.0,33.7,8,1,1
13:29:12.739,VIGILE,1,175.66,16.9,0.234,-1.757,2.849,-9.474,0.176,-0.113,0.022,70.63,0.0,33.7,8,1,1
13:29:13.239,VIGILE,1,174.84,25.45,0.2,-1.935,1.946,-8.753,-0.022,-0.002,-0.002,70.63,0.0,33.6,8,1,1
13:29:13.740,VIGILE,1,175.17,13.58,0.243,-1.391,2.682,-9.139,-0.086,-0.003,-0.018,70.63,0.0,33.6,8,1,1
13:29:14.240,VIGILE,1,175.52,11.12,0.248,-1.171,3.06,-8.938,-0.203,0.078,-0.05,70.63,0.0,33.6,8,1,1
13:29:14.740,VIGILE,1,177.27,6.25,0.225,-2.1,2.155,-7.044,-0.157,0.071,-0.032,70.63,0.0,33.6,8,1,1
13:29:15.240,VIGILE,1,173.86,11.56,0.199,-2.191,2.48,-9.086,-0.043,0.039,0.014,70.63,0.0,33.6,8,1,0
13:29:15.740,VIGILE,1,177.78,18.98,0.201,-1.535,2.054,-8.392,-0.168,0.034,-0.05,70.63,0.0,33.6,8,1,0
13:29:16.240,VIGILE,1,-178.86,0.61,0.12,-1.427,2.303,-10.623,0.112,-0.154,-0.013,70.63,0.0,33.6,8,1,0
13:29:16.740,VIGILE,1,-178.98,4.62,0.115,-1.274,2.251,-9.383,-0.168,0.073,-0.017,70.63,0.0,33.6,8,1,0
13:29:17.240,EBBREZZA,1,179.77,4.02,0.265,-1.075,2.485,-9.081,-0.066,0.045,-0.006,70.63,0.0,33.6,8,1,0
13:29:17.740,EBBREZZA,1,178.21,12.22,0.233,-1.276,2.65,-9.828,-0.006,0.0,-0.016,70.63,0.0,33.6,8,1,0
13:29:18.240,EBBREZZA,1,179.75,25.61,0.232,-0.661,2.349,-9.661,-0.139,0.054,-0.033,70.63,0.0,33.6,8,1,0
13:29:18.740,EBBREZZA,1,178.89,21.08,0.206,-1.48,1.961,-9.397,-0.204,0.145,-0.044,70.63,0.0,33.6,8,1,0
13:29:19.240,EBBREZZA,1,175.35,18.95,0.24,-1.535,2.713,-10.144,-0.033,0.052,-0.018,70.63,0.0,33.6,8,1,0
13:29:19.740,EBBREZZA,1,177.28,22.21,0.221,-0.476,2.667,-9.17,-0.228,0.11,-0.016,70.63,0.0,33.6,8,1,0
13:29:20.241,EBBREZZA,1,177.25,23.41,0.24,-0.29,3.838,-10.216,-0.101,0.09,0.052,70.63,0.0,33.6,8,1,0
13:29:20.741,EBBREZZA,1,177.12,22.79,0.247,-0.654,4.053,-8.801,0.006,0.017,0.098,70.63,0.0,33.6,8,1,0
13:29:21.241,EBBREZZA,1,175.29,20.35,0.232,-0.886,5.109,-9.742,-0.069,0.044,0.167,70.63,0.0,33.6,8,1,0
13:29:21.741,EBBREZZA,1,178.28,14.62,0.248,-0.702,4.005,-8.408,-0.205,0.076,0.09,70.63,0.0,33.6,8,1,0
13:29:22.241,EBBREZZA,1,176.77,7.47,0.252,-0.512,3.757,-9.515,0.004,0.046,0.084,70.63,0.0,33.6,8,1,0
13:29:22.741,EBBREZZA,1,175.87,6.09,0.253,-0.824,2.942,-8.844,-0.193,0.118,0.022,70.63,0.0,33.6,8,1,0
13:29:23.241,EBBREZZA,1,175.62,0.76,0.243,-1.302,3.558,-9.105,-0.125,0.077,0.007,70.63,0.0,33.6,8,1,0
13:29:23.741,EBBREZZA,1,173.5,4.28,0.263,-0.931,3.594,-9.823,-0.027,-0.027,0.032,70.63,2137.56,33.6,8,0,0
13:29:24.241,EBBREZZA,1,174.11,6.88,0.258,-1.223,2.825,-9.321,-0.095,0.039,0.024,70.63,22.0,33.6,8,0,0
13:29:24.741,EBBREZZA,1,175.37,1.04,0.273,-0.139,2.859,-9.792,-0.234,0.099,-0.035,70.63,8.61,33.6,8,0,0
13:29:25.241,EBBREZZA,1,175.31,-2.44,0.27,-0.702,2.933,-9.934,-0.16,0.015,-0.03,70.63,8.49,33.6,8,0,0
13:29:25.741,EBBREZZA,1,175.83,-1.83,0.294,-0.773,2.377,-9.052,-0.155,0.013,-0.017,70.63,23.85,33.6,8,0,0
13:29:26.241,EBBREZZA,1,174.02,10.33,0.218,-1.013,2.43,-10.257,-0.104,0.046,-0.014,70.63,220.99,33.6,8,0,0
13:29:26.741,EBBREZZA,1,177.16,1.96,0.234,-0.335,1.757,-10.02,-0.147,0.126,-0.043,70.63,2264.17,33.6,8,0,0
13:29:27.241,EBBREZZA,1,176.53,6.77,0.231,-0.922,3.153,-11.157,-0.233,0.105,-0.045,70.63,0.0,33.6,8,0,0
13:29:27.741,EBBREZZA,1,179.32,16.34,0.237,-1.041,2.258,-9.764,-0.263,0.129,-0.033,70.63,0.0,33.6,8,0,0
13:29:28.242,EBBREZZA,1,-179.95,16.3,0.229,0.218,1.13,-9.026,-0.512,0.242,-0.039,70.63,0.0,33.5,8,0,0
13:29:28.742,EBBREZZA,1,177.12,11.29,0.227,0.247,2.332,-10.36,-0.133,0.064,-0.016,70.63,0.0,33.5,8,1,0
13:29:29.242,EBBREZZA,1,177.27,10.66,0.215,-2.382,4.085,-8.684,-0.124,0.061,-0.012,70.63,0.0,33.5,8,1,0
13:29:29.742,EBBREZZA,1,174.9,12.13,0.223,-1.532,3.496,-8.246,-0.069,0.044,0.013,70.63,0.0,33.5,8,1,0
13:29:30.242,EBBREZZA,1,177.78,3.11,0.233,-0.417,3.232,-9.704,-0.095,0.108,-0.009,70.63,0.0,33.5,8,1,0
13:29:30.742,EBBREZZA,1,176.63,-0.3,0.244,-0.821,3.644,-9.838,-0.345,0.266,-0.365,70.63,0.0,33.5,8,1,0
13:29:31.242,EBBREZZA,1,178.35,3.65,0.227,-0.611,2.689,-9.5,0.001,0.009,0.025,70.63,0.0,33.5,8,1,0
13:29:31.742,EBBREZZA,1,179.14,6.04,0.229,-1.302,1.803,-5.389,-0.388,-0.022,-0.075,70.63,0.0,33.5,8,1,0
13:29:32.242,EBBREZZA,1,177.11,23.26,0.222,-0.503,2.337,-9.656,-0.22,0.151,-0.011,70.63,0.0,33.5,8,1,0
13:29:32.742,EBBREZZA,1,179.78,10.36,0.285,0.057,2.636,-10.056,-0.096,0.073,-0.018,70.63,0.0,33.5,8,1,0
13:29:33.242,EBBREZZA,1,178.94,1.35,0.27,-2.069,3.601,-9.495,-0.065,0.09,-0.001,70.63,0.0,33.5,8,1,0
13:29:33.742,EBBREZZA,1,179.89,1.07,0.27,-0.565,1.183,-8.188,-0.214,0.164,-0.027,70.63,0.0,33.5,8,1,0
13:29:34.242,EBBREZZA,1,178.05,8.41,0.224,0.177,2.715,-9.737,-0.332,0.207,-0.007,70.63,0.0,33.5,8,1,0
13:29:34.742,EBBREZZA,1,178.73,13.84,0.245,0.424,2.751,-9.833,0.32,-0.079,0.007,70.63,0.0,33.5,8,1,0
13:29:35.242,EBBREZZA,1,178.67,11.24,0.228,0.46,0.905,-7.14,-0.159,0.102,-0.009,70.63,0.0,33.5,8,1,0
13:29:35.742,EBBREZZA,1,-179.24,7.89,0.223,0.836,4.618,-10.683,-0.039,-0.051,-0.036,70.63,0.0,33.5,8,1,0
13:29:36.243,EBBREZZA,1,178.46,9.81,0.238,-1.954,2.88,-9.833,-0.147,0.085,-0.001,70.63,0.0,33.5,8,1,0
13:29:36.743,EBBREZZA,1,178.23,12.73,0.232,-2.116,4.175,-6.766,0.246,-0.006,-0.058,70.63,0.0,33.5,8,1,0
13:29:37.243,EBBREZZA,1,-173.68,24.4,0.115,0.098,3.587,-9.436,0.186,-0.243,0.005,70.63,0.0,33.5,8,1,1
13:29:37.743,VIGILE,1,178.39,4.71,0.28,-1.824,2.315,-8.701,-0.29,0.126,-0.041,70.63,0.0,33.5,8,1,1
13:29:38.243,VIGILE,1,-178.69,17.43,0.23,-1.963,2.212,-10.022,-0.116,0.162,-0.005,70.63,0.0,33.5,8,1,1
13:29:38.743,VIGILE,1,179.99,1.25,0.29,4.307,4.961,-7.882,1.409,-0.454,0.539,70.63,0.0,33.5,8,1,1
13:29:39.243,VIGILE,1,175.75,0.52,0.211,-2.121,3.44,-8.045,-0.043,-0.056,-0.088,70.63,0.0,33.5,8,1,1
13:29:39.743,VIGILE,1,179.97,16.21,0.255,-0.194,2.306,-8.789,-0.314,0.144,-0.128,70.63,0.0,33.5,8,1,1
13:29:40.243,VIGILE,1,177.06,0.13,0.247,-0.184,2.813,-10.025,0.085,-0.049,0.01,70.63,0.0,33.5,8,1,1
13:29:40.743,VIGILE,1,176.78,-5.83,0.269,-1.372,3.235,-8.365,-0.061,0.067,-0.037,70.63,0.0,33.4,7,1,1
13:29:41.243,VIGILE,1,178.51,-5.04,0.253,-0.17,4.252,-10.415,-0.277,0.078,-0.047,70.63,0.0,33.4,7,1,1
13:29:41.743,VIGILE,1,179.17,-0.51,0.268,-0.769,4.094,-6.821,-0.019,0.022,-0.01,70.63,0.0,33.4,7,1,1
13:29:42.243,VIGILE,1,176.43,-5.51,0.258,-2.009,2.231,-8.945,-0.226,0.154,-0.006,70.63,0.0,33.4,7,1,1
13:29:42.743,VIGILE,1,178.56,-6.35,0.261,-0.261,1.733,-9.883,-0.142,0.105,-0.053,70.63,0.0,33.4,7,1,1
13:29:43.243,VIGILE,1,176.37,-9.19,0.198,-2.452,0.986,-11.14,-0.107,0.132,-0.086,70.63,0.0,33.4,7,1,1
13:29:43.743,VIGILE,1,176.88,-10.31,0.259,-2.133,1.039,-9.443,-0.104,0.013,-0.127,70.63,0.0,33.4,7,1,1
13:29:44.244,VIGILE,1,-178.56,-14.12,0.251,-1.142,2.397,-7.858,-0.487,0.351,-0.218,70.63,0.0,33.4,7,1,1
13:29:44.744,VIGILE,1,177.95,-10.26,0.273,-5.732,2.703,-5.176,-1.645,0.386,-0.201,70.63,0.0,33.4,7,1,1
13:29:45.244,VIGILE,1,175.89,-2.34,0.273,-1.64,2.023,-8.61,0.083,0.093,-0.2,70.63,0.0,33.4,7,1,1
13:29:45.744,VIGILE,1,176.29,-4.73,0.259,-0.493,2.581,-8.983,-0.225,0.092,-0.091,70.63,0.0,33.4,7,1,1
13:29:46.244,VIGILE,1,178.52,-5.61,0.27,-2.99,3.242,-10.312,-0.121,0.127,-0.028,70.63,0.0,33.4,7,1,1
13:29:46.744,VIGILE,1,178.95,-5.05,0.268,-0.237,3.666,-9.029,-0.004,0.115,-0.019,70.63,0.0,33.4,7,1,1
13:29:47.244,VIGILE,1,-177.73,-9.41,0.263,0.874,3.091,-7.949,-0.136,-0.049,-0.067,70.63,0.0,33.4,7,1,1
13:29:47.744,VIGILE,1,179.74,-0.72,0.253,-2.121,4.805,-9.112,-0.039,-0.069,-0.002,70.63,0.0,33.4,7,1,1
13:29:48.244,VIGILE,1,175.58,-2.57,0.259,1.87,3.622,-7.75,0.037,-0.123,0.059,70.63,0.0,33.4,7,1,1
13:29:48.744,VIGILE,1,176.96,-4.76,0.274,-2.114,3.876,-8.157,-0.616,0.359,-0.104,70.63,0.0,33.4,7,1,1
13:29:49.244,VIGILE,1,174.66,-7.35,0.257,-3.996,5.04,-8.32,0.094,0.017,0.059,70.63,0.0,33.4,7,1,1
13:29:49.744,VIGILE,1,178.98,-12.08,0.268,-5.966,0.534,-8.349,0.058,0.029,-0.053,70.63,0.0,33.4,7,1,1
13:29:50.244,VIGILE,1,-178.73,-18.6,0.297,-2.557,3.436,-9.301,-0.168,0.048,0.013,70.63,0.0,33.4,7,1,1
13:29:50.744,VIGILE,1,176.2,-37.99,0.352,-1.48,2.974,-8.717,-0.112,0.083,-0.043,70.63,0.0,33.4,7,1,1
13:29:51.244,VIGILE,1,-178.27,-35.3,0.357,-3.438,1.863,-9.098,-0.144,0.142,-0.178,70.63,0.0,33.4,7,1,1
13:29:51.744,VIGILE,1,178.94,-39.1,0.374,-3.745,1.264,-8.466,-0.404,0.335,-0.393,70.63,0.0,33.4,7,1,1
13:29:52.245,VIGILE,1,-174.5,-39.21,0.297,-3.73,0.857,-9.893,-0.23,0.238,-0.53,70.63,0.0,33.4,7,1,1
13:29:52.745,VIGILE,1,-178.86,-43.43,0.426,-0.912,2.703,-10.116,-0.293,0.257,-0.56,70.63,0.0,33.4,7,1,1
13:29:53.247,VIGILE,1,-177.56,-42.98,0.423,-1.812,3.12,-8.94,-0.186,0.274,-0.447,70.63,0.0,33.4,7,1,1
13:29:53.748,VIGILE,0,0.0,0.0,0.0,-1.827,3.115,-8.885,-0.225,0.31,-0.371,70.63,0.0,33.4,7,1,1
13:29:54.248,VIGILE,1,173.5,-72.16,0.397,-2.037,2.686,-9.823,-0.1,0.203,-0.279,70.63,0.0,33.4,7,1,1
13:29:54.748,VIGILE,1,179.19,0.86,0.234,-0.603,2.976,-8.95,-0.141,0.165,-0.223,70.63,0.0,33.4,7,1,1
13:29:55.248,VIGILE,1,177.05,-14.3,0.269,-0.773,2.689,-9.364,-0.134,0.132,-0.254,70.63,0.0,33.4,7,1,1
13:29:55.748,VIGILE,1,174.8,-14.74,0.284,-2.907,3.603,-9.522,-0.131,0.156,-0.256,70.63,0.0,33.4,7,1,1
13:29:56.248,VIGILE,1,179.01,-7.14,0.306,-2.286,4.63,-8.535,-0.179,0.084,-0.242,70.63,0.0,33.4,7,1,1
13:29:56.748,VIGILE,1,179.36,0.86,0.291,-1.295,1.537,-10.013,-0.109,0.081,-0.213,70.63,0.0,33.4,7,1,1
13:29:57.248,VIGILE,1,-173.13,16.92,0.323,-1.123,3.397,-8.284,-0.168,0.257,-0.13,70.63,0.0,33.4,7,1,1
13:29:57.748,VIGILE,1,-170.82,20.9,0.325,-0.163,3.256,-8.808,0.015,0.177,-0.164,70.63,0.0,33.4,7,1,1
13:29:58.248,VIGILE,1,-173.5,24.33,0.297,-0.618,4.911,-8.681,-0.304,0.06,-0.073,70.63,0.0,33.4,7,1,1
13:29:58.748,VIGILE,1,-175.96,35.14,0.336,-0.527,4.202,-8.684,-0.094,0.054,-0.047,70.63,0.0,33.4,7,1,1
13:29:59.248,VIGILE,1,-174.18,37.11,0.312,-0.711,4.034,-9.002,-0.148,0.063,0.0,70.63,0.0,33.4,7,1,1
13:29:59.748,VIGILE,0,0.0,0.0,0.0,-1.037,4.35,-8.961,-0.062,0.016,0.079,70.63,0.0,33.4,7,1,1
13:30:00.249,VIGILE,1,170.57,70.67,0.49,-1.899,3.33,-8.825,-0.092,0.022,0.057,70.63,0.0,33.4,7,1,1
