Timestamp,Label_ML,Cam_Face_Det,Cam_Pitch,Cam_Yaw,Cam_EAR,Gyro_Acc_X,Gyro_Acc_Y,Gyro_Acc_Z,Gyro_Rot_X,Gyro_Rot_Y,Gyro_Rot_Z,Audio_dB,Light_Lux,Temp_C,Humidity_Perc,Gas_Pin,Alcohol_Pin
10:47:21.189,VIGILE,0,0.0,0.0,0.0,-0.783,3.452,-9.0,-0.14,0.071,-0.022,80.23,0.0,25.5,40,1,1
10:47:21.689,VIGILE,0,0.0,0.0,0.0,-0.948,3.493,-9.297,-0.14,0.077,-0.022,81.9,0.0,25.5,40,1,1
10:47:22.189,VIGILE,0,0.0,0.0,0.0,-0.958,3.419,-8.904,-0.127,0.064,-0.017,79.13,0.0,25.5,40,1,1
10:47:22.689,VIGILE,0,0.0,0.0,0.0,-0.893,3.515,-9.246,-0.127,0.067,-0.017,74.04,0.0,25.5,40,1,1
10:47:23.189,VIGILE,0,0.0,0.0,0.0,-0.874,3.522,-8.885,-0.141,0.064,-0.019,78.01,0.0,25.5,40,1,1
10:47:23.690,VIGILE,1,-171.92,27.15,0.31,-1.008,3.364,-8.844,-0.112,0.076,-0.018,79.72,0.0,25.5,40,1,1
10:47:24.190,VIGILE,1,-168.84,27.11,0.205,-1.022,3.431,-9.024,-0.134,0.062,-0.021,80.17,0.0,25.5,40,1,1
10:47:24.690,VIGILE,1,-168.61,31.26,0.373,-0.747,3.333,-8.842,-0.126,0.071,-0.018,80.42,0.0,25.5,40,1,1
10:47:25.190,VIGILE,1,-127.77,72.04,0.351,-0.716,3.436,-9.131,-0.137,0.067,-0.019,79.16,0.0,25.5,40,1,1
10:47:25.690,VIGILE,1,-134.19,70.91,0.344,-0.845,3.486,-8.945,-0.145,0.074,-0.024,81.39,0.0,25.5,40,1,1
10:47:26.190,VIGILE,1,-135.32,70.49,0.266,-0.903,3.247,-9.012,-0.133,0.074,-0.021,82.11,0.0,25.5,40,1,1
10:47:26.690,VIGILE,1,-166.76,28.49,0.274,-0.991,3.452,-9.189,-0.152,0.078,-0.024,76.9,0.0,25.5,40,1,1
10:47:27.190,VIGILE,1,-131.82,68.11,0.254,-0.773,3.359,-8.78,-0.129,0.068,-0.014,79.43,0.0,25.5,40,1,1
10:47:27.690,VIGILE,1,-165.2,27.3,0.265,-0.931,3.582,-9.309,-0.128,0.069,-0.021,79.72,0.0,25.5,40,1,1
10:47:28.190,VIGILE,1,-131.94,71.6,0.383,-0.84,3.469,-8.899,-0.143,0.079,-0.022,81.77,0.0,25.5,40,1,1
10:47:28.690,VIGILE,1,-134.08,69.75,0.313,-0.979,3.419,-9.167,-0.121,0.064,-0.015,81.17,0.0,25.5,40,1,1
10:47:29.190,VIGILE,1,-167.88,27.89,0.234,-1.022,3.484,-9.208,-0.137,0.069,-0.019,80.92,0.0,25.5,40,1,1
10:47:29.690,VIGILE,1,-172.3,27.86,0.294,-0.95,3.357,-8.894,-0.133,0.074,-0.018,82.9,0.0,25.5,40,1,1
10:47:30.190,VIGILE,0,0.0,0.0,0.0,-0.883,3.338,-9.012,-0.114,0.064,-0.019,81.72,0.0,25.5,40,1,1
10:47:30.690,VIGILE,1,-175.46,57.52,0.26,-0.737,3.565,-9.139,-0.147,0.071,-0.023,82.51,0.0,25.5,40,1,1
10:47:31.191,VIGILE,1,177.35,48.0,0.359,-0.965,3.467,-8.854,-0.136,0.068,-0.021,83.09,0.0,25.4,40,1,1
10:47:31.691,VIGILE,1,-168.18,60.55,0.545,-0.785,3.395,-8.911,-0.124,0.071,-0.018,80.97,0.0,25.4,40,1,1
10:47:32.191,VIGILE,1,179.68,1.76,0.269,-0.912,3.484,-9.237,-0.146,0.066,-0.026,82.68,0.0,25.4,40,1,1
10:47:32.691,VIGILE,1,-173.94,17.29,0.276,-0.867,3.29,-9.05,-0.129,0.076,-0.015,81.24,0.0,25.4,40,1,1
10:47:33.191,VIGILE,1,178.04,-11.84,0.25,-0.67,3.39,-9.076,-0.141,0.079,-0.022,80.4,0.0,25.4,40,1,1
10:47:33.691,VIGILE,1,178.87,-9.83,0.259,-0.639,3.285,-9.062,-0.161,0.082,-0.035,84.28,0.0,25.4,40,1,1
10:47:34.191,VIGILE,1,-178.69,-10.03,0.246,-0.278,2.923,-9.182,-0.13,0.076,-0.055,77.15,0.0,25.4,40,1,1
10:47:34.691,VIGILE,1,-179.13,-13.86,0.264,-0.254,2.722,-10.087,-0.119,0.101,-0.144,80.14,0.0,25.4,40,1,1
10:47:35.191,VIGILE,1,179.06,-16.1,0.16,-0.383,2.588,-9.136,-0.143,0.179,-0.276,72.54,0.0,25.4,40,1,1
10:47:35.691,VIGILE,1,179.38,-19.48,0.281,-0.455,3.081,-9.708,-0.152,0.16,-0.382,86.73,0.0,25.4,40,1,1
10:47:36.191,VIGILE,1,179.07,-22.48,0.28,-1.377,2.942,-9.139,-0.238,0.242,-0.489,87.22,0.0,25.4,40,1,1
10:47:36.691,VIGILE,1,177.76,-18.21,0.26,-2.152,2.962,-9.491,-0.155,0.199,-0.4,82.64,0.0,25.4,40,1,1
10:47:37.191,VIGILE,1,177.52,-15.2,0.254,-2.042,3.503,-8.768,-0.15,0.164,-0.261,82.1,0.0,25.4,40,1,1
10:47:37.691,VIGILE,1,175.2,-11.98,0.236,-2.437,4.149,-8.593,-0.156,0.111,-0.141,77.47,0.0,25.4,40,1,1
10:47:38.191,VIGILE,1,-171.24,3.5,0.223,-2.1,3.982,-8.571,-0.147,0.09,-0.055,72.1,0.0,25.4,40,1,1
10:47:38.691,VIGILE,0,0.0,0.0,0.0,-0.584,2.938,-8.971,-0.118,0.077,-0.011,81.09,0.0,25.4,40,1,1
10:47:39.192,VIGILE,1,-173.53,-9.21,0.255,-0.857,3.239,-8.961,-0.134,0.074,-0.011,80.69,0.0,25.4,40,1,1
10:47:39.692,VIGILE,0,0.0,0.0,0.0,-0.986,3.22,-8.854,-0.132,0.083,-0.024,81.79,0.0,25.4,40,1,1
10:47:40.192,VIGILE,1,-172.47,-14.48,0.286,-1.01,3.39,-8.89,-0.136,0.071,-0.021,76.52,0.0,25.4,40,1,1
10:47:40.692,VIGILE,1,165.07,-63.74,0.32,0.227,3.194,-9.675,-0.136,0.082,-0.029,77.81,0.0,25.4,40,1,1
10:47:41.192,VIGILE,0,0.0,0.0,0.0,1.058,3.146,-9.486,-0.098,0.057,0.007,73.77,0.0,25.4,40,1,1
10:47:41.692,VIGILE,1,-175.07,14.26,0.303,0.931,3.706,-9.615,-0.118,0.035,0.091,83.69,0.0,25.4,40,1,1
10:47:42.192,VIGILE,1,-174.84,35.87,0.331,2.195,4.238,-9.127,-0.006,0.001,0.286,74.97,0.0,25.4,40,1,1
10:47:42.692,VIGILE,1,176.77,34.52,0.308,-0.354,3.883,-8.734,-0.105,-0.025,0.265,79.79,0.0,25.4,40,1,1
10:47:43.192,VIGILE,1,-173.7,32.23,0.306,0.369,3.876,-8.772,-0.002,-0.055,0.335,77.59,0.0,25.4,40,1,1
10:47:43.692,VIGILE,1,-177.71,29.51,0.254,0.694,3.931,-8.926,-0.11,-0.073,0.386,82.38,0.0,25.4,40,1,1
10:47:44.192,VIGILE,1,177.48,12.71,0.253,0.108,5.265,-9.44,-0.01,-0.117,0.408,81.16,0.0,25.4,40,1,1
10:47:44.692,VIGILE,1,-179.25,12.93,0.271,0.091,4.805,-8.547,-0.234,-0.013,0.28,89.34,0.0,25.4,40,1,1
10:47:45.192,VIGILE,1,-179.59,13.99,0.294,0.249,3.539,-9.196,-0.101,-0.001,0.178,81.83,0.0,25.4,40,1,1
10:47:45.693,VIGILE,1,-179.29,15.62,0.272,-0.532,4.19,-9.278,-0.139,0.048,0.032,87.21,0.0,25.4,40,1,1
10:47:46.193,VIGILE,1,-179.43,-0.18,0.264,-0.172,3.112,-8.758,-0.083,0.053,0.054,72.27,0.0,25.4,40,1,1
10:47:46.693,VIGILE,0,0.0,0.0,0.0,0.278,2.361,-8.665,-0.174,0.052,0.014,74.17,0.0,25.4,40,1,1
10:47:47.193,VIGILE,1,176.08,5.32,0.295,0.778,2.854,-9.261,-0.068,-0.002,0.03,81.44,0.0,25.4,40,1,1
10:47:47.693,VIGILE,1,-164.63,2.89,0.24,-0.819,2.452,-9.155,-0.251,0.098,-0.008,86.73,0.0,25.4,40,1,1
10:47:48.193,VIGILE,1,-172.08,-6.2,0.258,-1.065,4.137,-9.694,-0.087,0.093,-0.026,86.7,0.0,25.4,40,1,1
10:47:48.693,VIGILE,1,176.36,1.04,0.256,-0.747,2.725,-8.99,-0.199,0.074,-0.014,87.84,0.0,25.4,39,1,1
10:47:49.193,VIGILE,1,175.88,-4.91,0.204,-0.582,4.051,-9.282,-0.18,0.127,-0.009,86.67,0.0,25.4,39,1,1
10:47:49.693,VIGILE,1,177.3,-3.18,0.257,0.007,3.44,-9.345,-0.095,-0.012,-0.027,86.82,0.0,25.4,39,1,1
10:47:50.193,VIGILE,1,-179.6,-6.27,0.258,-0.407,3.388,-10.041,-0.124,0.078,-0.004,83.01,0.0,25.4,39,1,1
10:47:50.693,VIGILE,1,171.99,-1.14,0.244,-1.468,3.682,-10.999,-0.156,-0.0,-0.055,81.27,0.0,25.4,39,1,1
10:47:51.193,VIGILE,1,177.68,-3.26,0.271,0.22,3.807,-9.172,-0.188,0.075,-0.02,86.79,0.0,25.4,39,1,1
10:47:51.693,VIGILE,1,179.09,-4.21,0.283,-1.317,2.406,-9.131,-0.064,0.018,-0.018,87.04,0.0,25.4,39,1,1
10:47:52.193,VIGILE,1,-179.14,-0.57,0.282,-0.227,4.336,-9.72,-0.085,0.062,-0.023,80.03,0.0,25.4,39,1,1
10:47:52.693,VIGILE,1,177.17,-2.26,0.269,0.0,3.22,-9.287,-0.07,0.01,0.025,74.33,0.0,25.4,39,1,1
10:47:53.193,VIGILE,1,179.47,-3.57,0.261,0.012,3.438,-8.866,-0.142,0.022,0.021,83.1,0.0,25.4,39,1,1
10:47:53.694,VIGILE,1,179.5,-4.67,0.269,0.445,5.274,-9.187,-0.044,0.013,0.076,77.03,0.0,25.3,39,1,1
10:47:54.194,VIGILE,1,176.18,-3.91,0.26,-1.02,4.908,-9.515,-0.021,0.008,0.103,79.39,0.0,25.3,39,1,1
10:47:54.694,VIGILE,1,176.06,0.38,0.282,-0.256,3.62,-9.567,-0.288,0.056,0.091,84.62,0.0,25.3,39,1,1
10:47:55.194,VIGILE,1,175.96,0.53,0.275,0.251,3.127,-7.944,-0.243,0.043,0.042,88.4,0.0,25.3,39,1,1
10:47:55.694,VIGILE,1,176.51,-1.37,0.195,0.924,3.831,-8.226,-0.113,0.026,0.056,83.77,0.0,25.3,39,1,1
10:47:56.194,VIGILE,1,176.39,0.11,0.227,-0.105,2.926,-9.62,-0.114,0.051,0.007,86.87,0.0,25.3,39,1,1
10:47:56.694,VIGILE,1,174.36,1.05,0.267,0.065,2.313,-9.445,-0.076,0.034,-0.013,86.15,0.0,25.3,39,1,1
10:47:57.194,VIGILE,1,177.77,-5.71,0.266,0.491,2.921,-9.309,-0.271,0.121,-0.015,87.74,0.0,25.3,39,1,1
10:47:57.694,VIGILE,1,174.59,-1.6,0.246,-0.012,3.472,-9.306,-0.114,0.033,-0.032,82.82,0.0,25.3,39,1,1
10:47:58.194,VIGILE,1,175.43,1.48,0.264,2.48,4.336,-11.188,0.141,0.046,-0.005,89.82,0.0,25.3,39,1,1
10:47:58.694,VIGILE,1,177.59,-2.45,0.239,0.498,2.67,-10.144,-0.132,0.021,-0.005,86.72,0.0,25.3,39,1,1
10:47:59.195,VIGILE,1,177.27,-3.7,0.251,-0.567,2.081,-9.507,-0.242,0.079,-0.008,80.05,0.0,25.3,39,1,1
10:47:59.695,VIGILE,1,175.54,-6.21,0.231,0.455,2.945,-8.595,-0.217,0.089,-0.035,87.22,0.0,25.3,39,1,1
10:48:00.195,VIGILE,1,177.71,-10.45,0.26,-0.352,2.239,-8.851,-0.213,0.097,-0.072,85.38,0.0,25.3,39,1,1
10:48:00.695,VIGILE,1,177.49,-2.61,0.181,0.019,3.328,-10.408,-0.094,-0.003,0.009,82.06,0.0,25.3,39,1,1
10:48:01.195,VIGILE,1,177.87,-7.7,0.244,-1.113,2.933,-8.811,-0.33,0.167,-0.085,89.11,0.0,25.3,39,1,1
10:48:01.695,VIGILE,1,177.06,-4.51,0.256,-1.721,2.102,-9.567,0.075,0.011,0.063,87.82,0.0,25.3,39,1,1
10:48:02.195,VIGILE,1,173.14,-4.74,0.25,-1.535,2.796,-8.329,-0.234,0.137,-0.04,85.07,0.0,25.3,39,1,1
10:48:02.695,VIGILE,1,177.45,-1.23,0.264,-1.609,3.496,-10.135,-0.063,0.044,0.01,85.89,0.0,25.3,39,1,1
10:48:03.195,VIGILE,1,176.18,-7.77,0.282,-1.386,2.77,-8.255,-0.348,0.145,-0.081,85.18,0.0,25.3,39,1,1
10:48:03.695,VIGILE,1,177.81,-8.18,0.277,-2.873,3.108,-9.838,0.082,0.011,0.081,86.38,0.0,25.3,38,1,1
10:48:04.195,VIGILE,1,176.82,-8.7,0.26,0.575,3.96,-8.334,-0.069,-0.014,-0.044,82.6,0.0,25.3,38,1,1
10:48:04.695,VIGILE,1,177.17,-7.45,0.25,-1.973,4.59,-8.717,-0.102,0.149,-0.013,88.91,0.0,25.3,38,1,1
10:48:05.195,VIGILE,1,178.24,-10.33,0.254,0.613,4.123,-8.159,-0.344,0.065,-0.086,80.9,0.0,25.3,38,1,1
10:48:05.695,VIGILE,1,-178.84,-15.45,0.275,-1.494,2.636,-9.807,-0.111,0.079,0.015,82.94,0.0,25.3,38,1,1
10:48:06.195,VIGILE,1,-179.46,-16.34,0.257,-3.232,4.642,-8.997,0.268,0.06,0.029,88.09,0.0,25.3,38,1,1
10:48:06.695,VIGILE,1,176.22,-7.36,0.268,-0.06,2.162,-8.255,-0.296,0.196,-0.061,88.36,0.0,25.3,38,1,1
10:48:07.196,VIGILE,1,175.15,-8.99,0.262,-0.941,2.018,-8.566,-0.289,0.077,-0.116,85.67,0.0,25.3,38,1,1
10:48:07.696,VIGILE,1,175.64,-8.55,0.196,-1.396,1.097,-11.691,-0.102,0.026,0.022,88.12,0.0,25.3,38,1,1
10:48:08.196,VIGILE,1,176.38,-7.51,0.226,-0.438,3.084,-9.416,-0.225,0.065,-0.037,86.38,0.0,25.3,38,1,1
10:48:08.696,VIGILE,1,178.57,-7.19,0.252,-2.337,4.025,-8.238,-0.275,0.111,0.008,84.9,0.0,25.3,38,1,1
10:48:09.196,VIGILE,1,174.91,20.46,0.22,-1.566,3.747,-9.498,0.015,-0.018,0.047,86.81,0.0,25.3,38,1,1
10:48:09.696,VIGILE,1,177.46,0.51,0.225,-1.41,3.905,-8.396,-0.254,0.068,-0.095,78.6,0.0,25.3,38,1,1
10:48:10.196,VIGILE,1,173.88,-6.27,0.21,-0.347,2.667,-7.57,-0.326,-0.017,-0.08,88.58,0.0,25.3,38,1,1
10:48:10.696,VIGILE,1,178.23,-12.34,0.265,-3.062,2.251,-6.321,-0.781,0.262,-0.203,88.03,0.0,25.3,38,1,1
10:48:11.196,VIGILE,1,178.13,-12.14,0.266,0.771,1.63,-10.072,0.06,-0.095,0.103,88.45,0.0,25.3,38,1,1
10:48:11.696,VIGILE,1,172.43,-9.92,0.268,-3.393,2.816,-9.392,-0.877,0.393,-0.224,81.34,0.0,25.3,38,1,1
10:48:12.196,VIGILE,1,175.1,-8.66,0.266,-1.377,2.983,-10.013,-0.07,-0.02,0.035,86.67,0.0,25.3,38,1,1
10:48:12.696,VIGILE,1,178.14,-9.27,0.284,-2.114,3.225,-9.005,0.085,-0.018,-0.032,85.5,0.0,25.3,38,1,1
10:48:13.196,VIGILE,1,177.4,-9.75,0.287,-1.573,2.277,-8.861,-0.104,-0.036,-0.023,81.84,0.0,25.3,38,1,1
10:48:13.696,VIGILE,1,173.36,-7.85,0.228,-1.573,2.483,-8.641,-0.172,0.064,-0.031,81.84,0.0,25.2,37,1,1
10:48:14.196,VIGILE,1,-177.07,10.6,0.124,-1.125,2.784,-10.151,-0.184,0.114,-0.019,81.84,0.0,25.2,37,1,1
10:48:14.696,VIGILE,0,0.0,0.0,0.0,-1.75,2.995,-8.229,-0.118,0.081,-0.034,81.84,0.0,25.2,37,1,1
10:48:15.197,VIGILE,1,-174.78,-16.18,0.314,-1.755,3.895,-9.402,-0.087,0.105,-0.024,81.84,0.0,25.2,37,1,1
10:48:15.697,VIGILE,1,176.08,-12.02,0.277,-1.197,3.428,-9.625,-0.143,0.07,-0.007,81.84,2372.43,25.2,37,1,1
10:48:16.197,VIGILE,1,176.49,-16.48,0.255,-0.486,2.969,-8.88,-0.12,0.034,-0.01,81.84,31.04,25.2,37,1,1
10:48:16.697,VIGILE,1,176.05,-6.49,0.252,-0.96,3.321,-8.387,-0.155,0.053,-0.038,81.84,10.21,25.2,37,1,1
10:48:17.197,VIGILE,1,176.86,-2.85,0.25,-1.022,3.323,-8.863,-0.107,0.04,-0.023,81.84,8.13,25.2,37,1,1
10:48:17.697,VIGILE,1,174.4,-4.64,0.205,-1.654,3.395,-9.184,-0.111,0.067,-0.03,81.84,12.57,25.2,37,1,1
10:48:18.197,VIGILE,1,175.2,-1.54,0.203,-1.336,3.352,-9.426,-0.164,0.031,-0.044,81.84,47.41,25.2,37,1,1
10:48:18.697,VIGILE,1,176.93,-10.69,0.253,-2.114,3.024,-9.357,-0.077,0.084,-0.03,81.84,443.36,25.2,37,1,0
10:48:19.197,VIGILE,1,178.98,-8.62,0.207,-1.389,3.541,-9.938,-0.065,0.029,-0.025,81.84,2537.46,25.2,37,1,0
10:48:19.697,VIGILE,1,178.77,-6.3,0.197,-0.934,3.263,-9.622,-0.186,0.095,-0.061,81.84,0.0,25.2,37,1,0
10:48:20.197,VIGILE,1,179.18,-8.5,0.2,-0.879,1.784,-9.723,-0.062,0.05,-0.067,81.84,0.0,25.2,37,1,0
10:48:20.697,VIGILE,1,179.11,-5.85,0.205,-1.879,1.358,-8.638,-0.137,0.151,-0.095,81.84,0.0,25.2,37,1,0
10:48:21.197,VIGILE,1,179.5,-10.97,0.212,-2.591,3.062,-9.519,-0.116,0.116,-0.102,81.84,0.0,25.1,37,1,0
10:48:21.697,VIGILE,1,178.79,-11.26,0.244,-1.274,2.423,-8.478,-0.18,0.14,-0.097,81.84,0.0,25.1,37,1,0
10:48:22.197,VIGILE,1,175.51,-3.68,0.207,-1.575,1.556,-8.681,-0.224,0.138,-0.1,81.84,0.0,25.1,37,1,0
10:48:22.697,VIGILE,1,176.64,0.1,0.201,0.785,2.272,-10.977,-0.12,0.073,-0.042,81.84,0.0,25.1,37,1,0
10:48:23.198,VIGILE,1,176.59,-0.44,0.204,-1.077,1.542,-9.306,-0.204,0.112,-0.056,81.84,0.0,25.1,37,1,0
10:48:23.698,VIGILE,1,175.14,0.45,0.214,-0.781,1.865,-9.68,-0.128,0.092,-0.026,81.84,0.0,25.1,37,1,0
10:48:24.198,VIGILE,1,177.49,-4.95,0.199,-1.384,1.966,-9.503,-0.272,0.182,-0.084,81.84,0.0,25.1,37,1,0
10:48:24.698,VIGILE,1,177.6,-3.73,0.207,1.508,3.098,-10.951,-0.052,-0.015,-0.006,81.84,0.0,25.1,37,0,0
10:48:25.198,EBBREZZA,1,-179.55,-7.2,0.236,-1.101,1.554,-7.266,-0.419,0.175,-0.094,81.84,0.0,25.1,37,0,0
10:48:25.698,EBBREZZA,1,176.95,-2.59,0.201,-1.346,2.954,-9.002,-0.134,0.136,-0.04,81.84,0.0,25.1,37,0,0
10:48:26.198,EBBREZZA,1,176.56,-1.1,0.207,-0.922,3.622,-9.663,-0.157,0.104,-0.046,81.84,0.0,25.1,37,0,0
10:48:26.698,EBBREZZA,1,179.58,-1.01,0.226,-0.622,3.469,-8.507,-0.043,0.057,-0.006,81.84,0.0,25.1,37,0,0
10:48:27.198,EBBREZZA,1,179.77,-0.09,0.208,-0.891,3.455,-9.349,-0.196,0.048,-0.026,81.84,0.0,25.1,37,0,0
10:48:27.698,EBBREZZA,1,176.81,-4.59,0.22,1.034,3.967,-9.005,-0.013,-0.01,0.026,81.84,0.0,25.1,37,0,0
10:48:28.198,EBBREZZA,1,179.17,-4.49,0.234,-0.146,2.978,-8.648,-0.122,0.004,-0.025,81.84,0.0,25.1,37,0,0
10:48:28.699,EBBREZZA,1,179.76,-9.84,0.256,-0.491,1.618,-7.769,-0.236,0.078,-0.041,81.84,0.0,25.1,37,0,0
10:48:29.199,EBBREZZA,1,-178.97,-1.56,0.25,-2.205,3.915,-9.768,-0.035,-0.013,0.013,81.84,0.0,25.1,37,0,0
10:48:29.699,EBBREZZA,1,179.15,-4.68,0.22,-2.614,2.569,-8.186,-0.083,-0.03,0.053,81.84,0.0,25.1,37,0,0
10:48:30.199,EBBREZZA,1,179.54,-7.79,0.204,-1.635,3.886,-9.876,-0.006,0.034,0.016,81.84,0.0,25.1,37,0,0
10:48:30.699,EBBREZZA,1,179.95,-6.92,0.226,0.972,3.014,-6.8,-0.222,0.103,-0.033,81.84,0.0,25.1,37,0,0
10:48:31.199,EBBREZZA,1,176.78,-5.27,0.207,-1.487,3.548,-9.632,-0.044,0.035,0.022,81.84,0.0,25.0,37,0,0
10:48:31.699,EBBREZZA,1,177.4,-5.59,0.206,-1.226,3.105,-9.651,-0.183,0.079,0.017,81.84,0.0,25.0,37,0,0
10:48:32.199,EBBREZZA,1,177.93,-0.13,0.201,-1.034,2.993,-8.887,-0.136,0.044,-0.002,81.84,0.0,25.0,37,0,0
10:48:32.699,EBBREZZA,1,177.6,13.01,0.218,-0.766,3.555,-8.789,-0.207,0.107,-0.072,81.84,0.0,25.0,37,0,0
10:48:33.199,EBBREZZA,1,176.21,-6.17,0.267,-1.245,2.95,-8.861,-0.144,0.081,-0.032,81.84,0.0,25.0,37,0,0
10:48:33.699,EBBREZZA,1,177.83,-5.32,0.224,-2.059,3.074,-9.184,-0.055,0.044,-0.002,81.84,0.0,25.0,37,0,0
10:48:34.199,EBBREZZA,1,178.38,-2.19,0.259,-1.264,3.089,-9.349,-0.143,0.048,-0.013,81.84,0.0,25.0,37,0,0
10:48:34.699,EBBREZZA,1,177.66,-2.88,0.253,-1.144,3.405,-8.753,-0.159,0.102,-0.037,81.84,0.0,25.0,37,0,0
10:48:35.199,EBBREZZA,1,178.25,-13.53,0.259,-1.355,3.304,-9.39,-0.091,0.018,0.015,81.84,0.0,25.0,37,0,0
10:48:35.699,EBBREZZA,1,176.21,-10.9,0.279,-1.075,3.156,-8.784,-0.163,0.086,-0.01,81.84,0.0,25.0,37,0,0
10:48:36.199,EBBREZZA,1,174.54,-9.22,0.226,-1.712,3.45,-8.614,-0.193,0.07,-0.02,81.84,0.0,25.0,37,0,0
10:48:36.699,EBBREZZA,1,178.04,-10.38,0.251,-2.327,3.163,-8.406,-0.169,0.065,-0.021,81.84,0.0,25.0,37,0,0
10:48:37.200,EBBREZZA,1,172.57,-7.22,0.242,-1.851,3.455,-8.55,-0.156,0.077,-0.03,81.84,0.0,25.0,37,0,0
10:48:37.700,EBBREZZA,1,176.67,-8.85,0.262,-0.709,2.995,-9.285,-0.101,0.064,-0.013,81.84,0.0,25.0,37,0,0
10:48:38.200,EBBREZZA,1,177.16,-7.7,0.257,-1.865,2.995,-9.048,-0.171,0.082,-0.073,81.84,0.0,25.0,37,0,0
10:48:38.700,EBBREZZA,1,177.9,-3.69,0.264,-0.943,3.359,-9.234,-0.165,0.082,-0.079,81.84,0.0,25.0,37,0,0
10:48:39.200,EBBREZZA,1,179.39,-3.41,0.24,-1.891,3.084,-9.388,-0.047,0.048,-0.021,81.84,0.0,25.0,37,0,0
10:48:39.700,EBBREZZA,1,179.62,0.71,0.241,-1.575,3.019,-8.995,-0.142,0.078,-0.016,81.84,0.0,25.0,37,0,0
10:48:40.200,EBBREZZA,1,176.98,8.69,0.229,-1.384,2.892,-9.313,-0.232,0.103,-0.038,81.84,0.0,25.0,37,0,0
10:48:40.700,EBBREZZA,1,177.23,-2.04,0.274,-1.393,2.686,-9.28,-0.142,0.1,-0.01,81.84,0.0,25.0,37,0,0
10:48:41.200,EBBREZZA,1,178.09,3.29,0.248,-1.448,3.338,-9.134,-0.134,0.082,-0.034,81.84,0.0,25.0,37,0,0
10:48:41.700,EBBREZZA,1,177.77,21.24,0.269,-1.372,3.17,-9.076,-0.155,0.061,0.019,81.84,0.0,25.0,37,0,0
10:48:42.200,EBBREZZA,1,-178.17,21.06,0.28,-0.479,5.406,-8.152,-0.125,0.039,0.196,81.84,0.0,25.0,37,1,0
10:48:42.700,EBBREZZA,1,-179.63,30.83,0.321,-0.045,5.011,-8.332,-0.107,0.007,0.363,81.84,0.0,25.0,37,1,0
10:48:43.200,EBBREZZA,1,-178.08,30.07,0.293,-0.397,5.461,-8.557,-0.157,-0.089,0.326,81.84,0.0,25.0,37,1,0
10:48:43.700,EBBREZZA,1,177.35,3.75,0.248,-0.352,6.009,-8.468,-0.149,-0.086,0.326,81.84,0.0,25.0,37,1,0
10:48:44.200,EBBREZZA,1,-179.98,13.33,0.243,-0.266,4.396,-8.796,-0.057,-0.013,0.346,81.84,0.0,25.0,37,1,0
10:48:44.701,EBBREZZA,1,177.24,16.0,0.256,-0.072,3.326,-9.395,-0.065,0.023,0.184,81.84,0.0,25.0,37,1,0
10:48:45.201,EBBREZZA,1,172.44,9.6,0.246,-0.764,3.309,-8.681,-0.069,0.013,0.044,81.84,0.0,25.0,37,1,0
10:48:45.701,EBBREZZA,1,177.55,6.59,0.22,-1.437,3.242,-9.177,-0.148,0.057,0.002,81.84,0.0,25.0,37,1,0
10:48:46.201,EBBREZZA,1,178.66,5.9,0.221,-1.111,3.539,-9.062,-0.159,0.087,0.024,81.84,0.0,25.0,37,1,0
10:48:46.701,EBBREZZA,0,0.0,0.0,0.0,-1.245,3.189,-8.305,-0.234,0.073,0.015,81.84,0.0,25.0,37,1,0
10:48:47.201,EBBREZZA,0,0.0,0.0,0.0,-1.01,3.814,-9.345,-0.13,0.111,0.021,81.84,0.0,25.0,37,1,0
10:48:47.701,EBBREZZA,1,-176.46,29.24,0.261,-0.9,2.346,-10.233,-0.326,0.114,-0.04,81.84,0.0,25.0,37,1,0
10:48:48.201,EBBREZZA,1,178.27,33.68,0.234,-1.022,1.899,-8.353,-0.227,0.112,-0.008,81.84,0.0,25.0,37,1,0
10:48:48.701,EBBREZZA,1,179.5,31.7,0.238,-0.836,2.088,-9.618,-0.076,0.156,-0.005,81.84,0.0,25.0,37,1,0
10:48:49.201,EBBREZZA,1,177.32,31.85,0.209,0.646,3.512,-8.746,-0.005,-0.039,0.002,81.84,0.0,25.0,37,1,0
10:48:49.701,EBBREZZA,1,177.35,40.1,0.241,1.489,1.911,-8.966,-0.125,0.092,0.045,81.84,0.0,25.0,37,1,0
10:48:50.201,EBBREZZA,1,174.8,36.2,0.231,1.53,3.251,-9.1,-0.204,0.035,0.072,81.84,0.0,25.0,37,1,0
10:48:50.701,EBBREZZA,1,175.07,33.24,0.215,1.317,3.862,-9.373,-0.127,0.028,0.111,81.84,0.0,25.0,37,1,0
10:48:51.201,EBBREZZA,1,173.19,27.24,0.27,-0.081,4.099,-9.021,-0.144,0.042,0.09,81.84,0.0,24.9,37,1,0
10:48:51.701,EBBREZZA,1,173.46,15.09,0.274,-0.778,3.622,-8.645,-0.103,0.037,0.046,81.84,0.0,24.9,37,1,0
10:48:52.201,EBBREZZA,1,173.53,12.14,0.252,-0.783,2.983,-9.036,-0.105,0.047,0.017,81.84,0.0,24.9,37,1,0
10:48:52.701,VIGILE,1,176.6,7.01,0.256,-0.182,3.508,-9.254,-0.122,0.049,-0.007,81.84,0.0,24.9,37,1,0
10:48:53.202,VIGILE,1,176.35,13.32,0.245,-0.01,2.389,-9.017,-0.175,0.08,-0.019,81.84,0.0,24.9,37,1,0
10:48:53.702,VIGILE,1,175.24,18.27,0.224,-0.316,2.811,-9.234,-0.172,0.098,-0.034,81.84,0.0,24.9,37,1,0
10:48:54.202,VIGILE,1,175.09,15.21,0.224,0.034,2.966,-8.976,-0.119,0.059,-0.018,81.84,0.0,24.9,37,1,0
10:48:54.702,VIGILE,1,177.39,1.79,0.241,-0.476,3.249,-9.85,-0.035,0.057,-0.003,81.84,0.0,24.9,37,1,0
10:48:55.202,VIGILE,1,179.06,6.46,0.266,-0.34,2.99,-9.328,-0.128,0.082,-0.039,81.84,0.0,24.9,37,1,0
10:48:55.702,VIGILE,1,177.31,15.02,0.226,-1.077,3.397,-9.512,-0.07,0.059,-0.003,81.84,0.0,24.9,37,1,0
10:48:56.202,VIGILE,1,177.03,11.05,0.204,-0.453,2.313,-9.029,-0.183,0.096,-0.032,81.84,0.0,24.9,37,1,0
10:48:56.702,VIGILE,1,177.02,10.3,0.257,-1.025,2.813,-8.993,-0.132,0.058,-0.036,81.84,0.0,24.9,37,1,0
10:48:57.202,VIGILE,1,176.42,11.26,0.264,-0.4,2.904,-9.1,-0.132,0.064,-0.009,81.84,0.0,24.9,37,1,0
10:48:57.702,VIGILE,1,177.05,15.41,0.257,-0.646,2.777,-9.373,-0.083,0.044,-0.024,81.84,0.0,24.9,37,1,0
10:48:58.202,VIGILE,1,174.73,34.73,0.217,-1.255,3.694,-8.851,-0.207,0.051,-0.037,81.84,0.0,24.9,37,1,0
10:48:58.702,VIGILE,1,174.85,33.52,0.217,-1.571,3.045,-8.617,-0.138,0.086,-0.019,81.84,0.0,24.9,37,1,0
10:48:59.202,VIGILE,1,176.53,8.82,0.241,-0.795,2.842,-8.768,-0.207,0.087,-0.044,81.84,0.0,24.9,37,1,0
10:48:59.703,VIGILE,1,177.54,-0.22,0.233,-0.52,3.503,-9.543,-0.13,0.099,-0.008,81.84,0.0,24.9,37,1,0
10:49:00.203,VIGILE,1,176.24,4.74,0.261,-0.383,3.457,-9.555,-0.164,0.087,-0.019,81.84,0.0,24.9,37,1,0
10:49:00.703,VIGILE,1,174.83,5.29,0.24,0.024,3.074,-9.833,-0.173,0.068,-0.034,81.84,0.0,24.9,37,1,0
10:49:01.203,VIGILE,1,174.79,2.74,0.24,-1.578,3.431,-9.634,0.005,0.038,0.016,81.84,0.0,24.9,37,1,0
10:49:01.703,VIGILE,1,175.24,-1.99,0.276,-0.97,3.428,-8.875,-0.111,0.063,-0.022,81.84,0.0,24.9,37,1,0
10:49:02.203,VIGILE,1,174.67,1.67,0.254,-0.745,3.548,-9.618,-0.119,0.048,-0.033,81.84,0.0,24.9,37,1,0
10:49:02.703,VIGILE,1,171.22,-0.71,0.135,-0.867,3.431,-8.973,-0.126,0.094,-0.016,81.84,0.0,24.9,37,1,0
10:49:03.203,VIGILE,1,172.71,1.11,0.256,-0.972,3.026,-9.433,-0.151,0.088,-0.037,81.84,0.0,24.9,37,1,0
10:49:03.703,VIGILE,1,175.32,3.05,0.234,-0.737,2.55,-9.392,-0.142,0.061,-0.015,81.84,0.0,24.9,37,1,0
10:49:04.203,VIGILE,1,177.25,-4.58,0.237,-0.503,2.993,-9.093,-0.141,0.073,-0.023,81.84,0.0,24.9,37,1,0
10:49:04.703,VIGILE,1,176.12,-1.6,0.266,-0.838,3.529,-9.213,-0.107,0.048,-0.014,81.84,0.0,24.9,37,1,0
10:49:05.203,VIGILE,1,176.9,-6.42,0.253,-1.269,2.959,-9.218,-0.126,0.023,-0.01,81.84,0.0,24.9,37,1,0
10:49:05.703,VIGILE,1,175.9,-6.02,0.25,-0.402,3.175,-9.455,-0.134,0.034,-0.009,81.84,0.0,24.9,37,1,0
10:49:06.203,VIGILE,1,175.64,-3.82,0.272,-0.785,3.184,-8.887,-0.156,0.093,-0.037,81.84,0.0,24.9,37,1,0
10:49:06.703,VIGILE,1,176.78,-5.1,0.257,-1.104,2.794,-8.902,-0.148,0.082,-0.029,81.84,0.0,24.9,37,1,0
10:49:07.203,VIGILE,1,176.37,-4.84,0.248,-0.457,2.926,-9.732,-0.153,0.092,-0.02,81.84,0.0,24.9,37,1,0
10:49:07.704,VIGILE,1,175.08,-4.85,0.246,-0.503,2.789,-9.412,-0.124,0.063,-0.025,81.84,0.0,24.9,37,1,0
10:49:08.204,VIGILE,1,176.06,-6.77,0.269,-0.532,2.871,-9.586,-0.182,0.095,-0.025,81.84,0.0,24.9,37,1,1
10:49:08.704,VIGILE,1,176.07,-5.99,0.249,-1.231,2.758,-9.261,-0.132,0.096,-0.017,81.84,0.0,24.9,37,1,0
10:49:09.204,VIGILE,1,177.7,-5.91,0.249,-1.255,3.282,-9.629,-0.082,0.072,0.007,81.84,0.0,24.9,37,1,1
10:49:09.704,VIGILE,1,178.68,-9.01,0.245,-1.836,3.191,-8.897,-0.095,0.044,-0.007,81.84,0.0,24.9,37,1,0
10:49:10.204,VIGILE,1,175.88,-6.56,0.259,-0.855,2.959,-8.866,-0.134,0.043,-0.023,81.84,0.0,24.9,37,1,1
10:49:10.704,VIGILE,1,178.27,-11.07,0.195,-1.733,3.452,-8.878,-0.122,0.095,-0.017,81.84,0.0,24.9,37,1,1
10:49:11.204,VIGILE,1,178.09,-9.53,0.232,-0.986,3.031,-9.062,-0.062,0.068,-0.006,81.84,0.0,24.9,37,1,1
10:49:11.704,VIGILE,1,175.25,-1.29,0.254,-1.381,3.443,-8.744,-0.169,0.075,-0.029,81.84,0.0,24.9,37,1,1
10:49:12.204,VIGILE,1,176.89,-5.57,0.244,-1.01,3.587,-8.768,-0.16,0.084,-0.027,81.84,0.0,24.9,37,1,1
10:49:12.704,VIGILE,1,177.99,-4.54,0.241,-0.788,3.618,-9.44,-0.122,0.026,-0.001,81.84,0.0,24.9,37,1,1
10:49:13.205,VIGILE,1,177.57,-7.16,0.235,-1.913,3.254,-9.512,-0.12,0.099,-0.002,81.84,0.0,24.9,37,1,1
10:49:13.705,VIGILE,1,175.82,-3.21,0.238,-1.432,3.606,-9.306,-0.116,0.059,-0.009,81.84,0.0,24.8,36,1,1
10:49:14.205,VIGILE,1,176.25,-1.74,0.233,-1.295,3.249,-8.746,-0.156,0.092,-0.043,81.84,0.0,24.8,36,1,1
10:49:14.705,VIGILE,1,176.35,-5.05,0.25,-1.358,3.266,-8.909,-0.089,0.056,0.001,81.84,0.0,24.8,36,1,1
10:49:15.205,VIGILE,1,177.84,-5.27,0.233,-1.607,3.713,-8.255,-0.11,0.061,0.021,81.84,0.0,24.8,36,1,1
10:49:15.705,VIGILE,1,177.18,-7.3,0.243,-1.403,3.567,-8.868,-0.098,0.015,-0.015,81.84,0.0,24.8,36,1,1
10:49:16.205,VIGILE,1,176.09,-3.48,0.249,-2.308,3.709,-8.332,-0.199,0.089,-0.007,81.84,0.0,24.8,36,1,1
10:49:16.705,VIGILE,1,178.85,-5.0,0.248,-0.242,2.272,-5.71,-0.321,-0.023,-0.082,81.84,0.0,24.8,36,1,1
10:49:17.205,VIGILE,1,-179.58,-10.37,0.158,-0.895,3.855,-9.079,-0.216,0.019,-0.036,81.84,0.0,24.8,36,1,1
10:49:17.705,VIGILE,1,176.5,-2.37,0.07,-1.106,3.548,-8.487,-0.137,0.044,-0.016,81.84,0.0,24.8,36,1,1
10:49:18.205,VIGILE,1,177.67,3.82,0.236,-1.427,2.626,-9.206,-0.1,0.047,-0.016,81.84,0.0,24.8,36,1,1
10:49:18.705,VIGILE,1,177.99,2.92,0.226,-1.159,4.032,-9.1,-0.124,0.076,0.003,81.84,0.0,24.8,36,1,1
10:49:19.205,VIGILE,1,-178.08,26.31,0.282,-0.821,4.24,-8.353,-0.158,0.057,0.041,81.84,0.0,24.8,36,1,1
10:49:19.705,VIGILE,1,-177.87,32.1,0.307,-0.776,5.875,-8.866,-0.067,-0.001,0.151,81.84,0.0,24.8,36,1,1
10:49:20.205,VIGILE,1,-173.55,30.31,0.304,-0.129,5.66,-7.587,-0.113,-0.019,0.201,81.84,0.0,24.8,36,1,1
10:49:20.706,VIGILE,1,-176.88,24.49,0.269,0.096,6.536,-8.114,-0.035,-0.04,0.266,81.84,0.0,24.8,36,1,1
10:49:21.206,VIGILE,1,179.79,20.28,0.142,-0.022,6.558,-8.868,-0.053,-0.009,0.273,81.84,0.0,24.8,36,1,1
10:49:21.706,VIGILE,1,179.18,13.82,0.211,-0.294,5.207,-8.133,-0.088,-0.01,0.203,81.84,0.0,24.8,36,1,1
10:49:22.206,VIGILE,1,-179.55,13.62,0.244,-0.52,3.905,-8.363,-0.126,0.017,0.067,81.84,0.0,24.8,36,1,1
10:49:22.706,VIGILE,1,177.42,-0.95,0.249,-0.807,3.309,-8.657,-0.14,0.068,-0.01,81.84,0.0,24.8,36,1,1
10:49:23.206,VIGILE,1,176.73,-5.22,0.23,-1.398,3.661,-8.983,-0.157,0.07,-0.022,81.84,0.0,24.8,36,1,1
10:49:23.706,VIGILE,1,178.1,-10.03,0.244,-1.269,3.488,-9.752,-0.146,0.083,-0.021,81.84,0.0,24.7,36,1,1
10:49:24.206,VIGILE,1,175.97,-9.24,0.23,-1.276,3.419,-9.388,-0.052,0.026,-0.021,81.84,0.0,24.7,36,1,1
10:49:24.706,VIGILE,1,175.11,-7.5,0.235,-1.966,2.909,-8.856,-0.134,0.052,-0.056,81.84,0.0,24.7,36,1,1
10:49:25.206,VIGILE,1,-178.22,-11.37,0.257,-1.051,3.326,-8.985,-0.171,0.116,-0.054,81.84,0.0,24.7,36,1,1
10:49:25.706,VIGILE,1,173.94,-4.25,0.248,-1.695,3.065,-10.324,-0.103,0.095,-0.071,81.84,0.0,24.7,36,1,1
10:49:26.206,VIGILE,1,179.58,31.78,0.221,-1.982,3.201,-8.787,-0.078,0.074,-0.084,81.84,0.0,24.8,36,1,1
10:49:26.706,VIGILE,1,-176.55,41.43,0.299,-1.645,3.11,-9.668,-0.082,0.043,-0.061,81.84,0.0,24.8,36,1,1
10:49:27.206,VIGILE,1,-171.4,36.32,0.274,-1.346,3.179,-9.443,-0.101,0.032,-0.066,81.84,0.0,24.8,36,1,1
10:49:27.706,VIGILE,1,-173.28,33.39,0.265,-1.674,3.053,-8.878,-0.145,0.089,-0.061,81.84,0.0,24.8,36,1,1
10:49:28.206,DISTRAZIONE,1,-179.49,41.75,0.361,-1.221,3.912,-9.12,-0.14,0.088,0.014,81.84,0.0,24.8,36,1,1
10:49:28.707,DISTRAZIONE,1,-170.13,58.99,0.421,-0.915,3.132,-8.892,-0.103,0.066,-0.021,81.84,0.0,24.8,36,1,1
10:49:29.207,DISTRAZIONE,1,-174.21,31.89,0.269,-0.469,2.574,-9.498,-0.128,0.089,-0.065,81.84,0.0,24.8,36,1,1
10:49:29.707,DISTRAZIONE,1,-171.08,30.28,0.138,-0.781,3.469,-9.108,-0.16,0.071,-0.007,81.84,0.0,24.8,36,1,1
10:49:30.207,DISTRAZIONE,1,-166.65,32.78,0.278,-0.797,3.34,-9.316,-0.08,0.031,0.019,81.84,0.0,24.8,36,1,1
10:49:30.707,DISTRAZIONE,1,-172.59,-15.07,0.291,-0.706,3.096,-8.911,-0.162,0.072,-0.015,81.84,0.0,24.8,36,1,1
10:49:31.207,DISTRAZIONE,1,-169.47,30.17,0.283,-0.158,2.796,-9.431,-0.156,0.082,-0.035,81.84,0.0,24.9,36,1,1
10:49:31.707,DISTRAZIONE,1,-167.55,34.97,0.168,-0.972,2.713,-9.103,-0.128,0.093,-0.05,81.84,0.0,24.9,36,1,1
10:49:32.207,DISTRAZIONE,1,-159.94,35.22,0.338,-0.541,2.892,-9.251,-0.115,0.126,-0.051,81.84,0.0,24.9,36,1,1
10:49:32.707,DISTRAZIONE,1,-148.94,14.54,0.127,-0.639,1.875,-9.122,-0.142,0.1,-0.013,81.84,0.0,24.9,36,1,1
10:49:33.207,DISTRAZIONE,0,0.0,0.0,0.0,-0.153,3.067,-9.189,-0.174,0.122,-0.027,81.84,0.0,24.9,36,1,1
10:49:33.707,DISTRAZIONE,1,-173.38,-31.98,0.307,0.426,2.586,-9.754,-0.202,0.092,-0.013,81.84,0.0,24.9,36,1,1
10:49:34.207,DISTRAZIONE,1,-175.66,-30.4,0.326,-0.113,2.732,-8.408,-0.233,0.137,-0.088,81.84,0.0,24.9,36,1,1
10:49:34.707,DISTRAZIONE,1,-178.43,-44.07,0.372,-0.371,2.126,-8.909,-0.152,0.109,-0.073,81.84,0.0,24.9,36,1,1
10:49:35.207,DISTRAZIONE,1,177.75,-32.63,0.295,-0.318,3.575,-9.297,-0.145,0.075,0.006,81.84,0.0,24.9,36,1,1
10:49:35.707,DISTRAZIONE,1,179.28,-30.01,0.298,-0.603,3.302,-9.256,-0.1,0.038,0.0,81.84,0.0,24.9,36,1,1
10:49:36.208,DISTRAZIONE,1,-178.77,-26.21,0.167,-0.922,3.917,-9.242,-0.161,0.067,0.062,81.84,0.0,25.0,35,1,1
10:49:36.708,DISTRAZIONE,1,176.28,-30.74,0.282,-0.828,3.273,-9.096,-0.14,0.067,0.053,81.84,0.0,25.0,35,1,1
10:49:37.208,DISTRAZIONE,1,174.89,-32.92,0.302,-1.477,2.641,-9.239,-0.288,0.191,-0.124,81.84,0.0,25.0,35,1,1
10:49:37.708,DISTRAZIONE,1,-178.97,-36.11,0.309,-1.152,2.358,-8.887,-0.181,0.096,-0.089,81.84,0.0,25.0,35,1,1
10:49:38.208,DISTRAZIONE,1,-177.18,-33.98,0.242,-0.9,3.572,-9.242,-0.162,0.076,-0.007,81.84,0.0,25.0,35,1,1
10:49:38.708,DISTRAZIONE,1,-177.93,-22.71,0.254,-1.099,3.134,-9.335,-0.124,0.092,-0.018,81.84,0.0,25.0,35,1,1
10:49:39.208,DISTRAZIONE,1,178.4,-40.83,0.329,-1.204,1.104,-9.38,-0.137,0.109,-0.16,81.84,0.0,25.0,35,1,1
10:49:39.708,DISTRAZIONE,1,-179.33,-34.6,0.324,-1.463,1.939,-10.044,-0.135,0.179,-0.156,81.84,0.0,25.0,35,1,1
10:49:40.208,DISTRAZIONE,1,-179.32,-26.46,0.26,0.079,3.555,-9.22,-0.274,0.109,-0.09,81.84,0.0,25.0,35,1,1
10:49:40.708,DISTRAZIONE,0,0.0,0.0,0.0,-0.215,3.886,-8.643,-0.086,0.037,0.035,81.84,0.0,25.0,35,1,1
10:49:41.208,DISTRAZIONE,1,-177.27,-33.04,0.26,-0.397,3.871,-8.823,-0.149,0.054,0.016,81.84,0.0,25.1,35,1,1
10:49:41.708,DISTRAZIONE,1,179.86,-35.22,0.339,-0.869,3.091,-9.222,-0.106,0.073,-0.002,81.84,0.0,25.1,35,1,1
10:49:42.208,DISTRAZIONE,1,-179.08,-38.08,0.342,-1.039,3.407,-9.311,-0.077,0.067,-0.027,81.84,0.0,25.1,35,1,1
10:49:42.708,DISTRAZIONE,1,-179.74,-27.81,0.27,-1.374,2.914,-9.359,-0.127,0.083,-0.092,81.84,0.0,25.1,35,1,1
10:49:43.208,DISTRAZIONE,1,-179.41,18.43,0.228,-0.345,2.579,-9.203,-0.124,0.123,-0.055,81.84,0.0,25.1,35,1,1
10:49:43.708,VIGILE,1,168.06,3.66,0.218,-0.364,3.103,-9.967,-0.167,0.092,-0.034,81.84,0.0,25.1,35,1,1
10:49:44.208,VIGILE,1,171.67,-2.08,0.183,-0.773,3.225,-9.342,-0.138,0.068,-0.05,81.84,0.0,25.1,35,1,1
10:49:44.709,VIGILE,1,170.62,-3.09,0.231,-0.601,2.998,-9.043,-0.161,0.073,-0.034,81.84,0.0,25.1,35,1,1
10:49:45.209,VIGILE,1,172.0,-7.45,0.242,-1.152,2.756,-9.203,-0.184,0.108,-0.054,81.84,0.0,25.1,35,1,1
10:49:45.709,VIGILE,1,175.85,-11.56,0.207,-1.693,2.593,-9.754,-0.135,0.065,-0.096,81.84,0.0,25.1,35,1,1
10:49:46.209,VIGILE,1,172.68,-9.39,0.206,-1.204,2.586,-8.406,-0.181,0.075,-0.104,81.84,0.0,25.2,35,1,1
10:49:46.709,VIGILE,1,174.58,-9.24,0.21,-1.36,2.55,-9.27,-0.178,0.133,-0.119,81.84,0.0,25.2,35,1,1
10:49:47.209,VIGILE,1,174.49,-6.59,0.225,-1.475,3.357,-9.076,-0.075,0.097,-0.1,81.84,0.0,25.2,35,1,1
10:49:47.709,VIGILE,1,174.53,-8.03,0.225,-1.834,1.872,-8.947,-0.209,0.107,-0.112,81.84,0.0,25.2,35,1,1
10:49:48.209,VIGILE,1,176.86,-8.5,0.245,-1.14,2.995,-8.818,-0.158,0.115,-0.097,81.84,0.0,25.2,35,1,1
10:49:48.709,VIGILE,1,175.18,-4.73,0.248,-1.123,2.622,-8.964,-0.137,0.122,-0.074,81.84,0.0,25.2,35,1,1
10:49:49.209,VIGILE,1,177.24,-5.41,0.228,-1.726,3.713,-8.933,-0.095,0.037,-0.035,81.84,0.0,25.2,35,1,1
10:49:49.709,VIGILE,1,174.01,-1.09,0.225,-0.658,3.134,-9.12,-0.15,0.091,-0.039,81.84,0.0,25.2,35,1,1
10:49:50.209,VIGILE,1,173.25,-3.59,0.24,-0.895,3.01,-8.832,-0.176,0.064,-0.026,81.84,0.0,25.2,35,1,1
10:49:50.709,VIGILE,1,170.8,-2.38,0.253,-1.219,3.644,-9.282,-0.11,0.067,-0.012,81.84,0.0,25.2,35,1,1
10:49:51.209,VIGILE,1,168.66,-1.3,0.113,-1.24,3.136,-9.366,-0.106,0.059,-0.015,81.84,0.0,25.3,35,1,1
10:49:51.710,VIGILE,1,171.93,-4.89,0.236,-0.338,3.235,-9.852,-0.081,0.059,-0.007,81.84,0.0,25.3,35,1,1
10:49:52.210,VIGILE,1,176.13,-6.98,0.293,-0.903,3.172,-9.23,-0.142,0.084,-0.025,81.84,0.0,25.3,35,1,1
10:49:52.710,VIGILE,1,175.6,1.7,0.29,-1.427,3.385,-8.993,-0.125,0.091,-0.02,81.84,0.0,25.3,35,1,1
10:49:53.210,VIGILE,1,175.17,-7.63,0.231,-1.041,2.885,-9.931,-0.112,0.045,-0.011,81.84,0.0,25.3,35,1,1
10:49:53.710,VIGILE,1,175.72,-8.53,0.23,-1.046,2.758,-8.887,-0.162,0.069,-0.062,81.84,0.0,25.4,35,1,1
10:49:54.210,VIGILE,1,177.19,-8.73,0.228,-1.623,3.536,-10.036,-0.078,0.058,-0.028,81.84,0.0,25.4,35,1,1
10:49:54.710,VIGILE,1,175.66,-9.9,0.104,-1.168,3.122,-9.409,-0.121,0.078,-0.046,81.84,0.0,25.4,35,1,1
10:49:55.210,VIGILE,1,174.54,-8.08,0.184,-1.415,2.875,-9.316,-0.144,0.084,-0.061,81.84,0.0,25.4,35,1,1
10:49:55.710,VIGILE,1,172.82,-6.01,0.248,-1.018,3.223,-9.668,-0.109,0.052,-0.05,81.84,0.0,25.4,35,1,1
10:49:56.210,VIGILE,1,174.2,-8.06,0.21,-0.388,2.82,-9.373,-0.144,0.095,-0.045,81.84,0.0,25.4,35,1,1
10:49:56.710,VIGILE,1,176.06,-9.54,0.232,-1.176,3.292,-8.916,-0.114,0.062,-0.027,81.84,0.0,25.4,35,1,1
10:49:57.210,VIGILE,1,173.59,-4.41,0.23,-1.183,2.916,-9.031,-0.156,0.075,-0.019,81.84,0.0,25.4,35,1,1
10:49:57.710,VIGILE,1,174.05,-2.72,0.288,-1.343,3.091,-8.835,-0.157,0.066,-0.029,81.84,0.0,25.4,35,1,1
10:49:58.210,VIGILE,1,170.64,-2.16,0.253,-1.077,3.541,-8.492,-0.134,0.058,-0.012,81.84,0.0,25.4,35,1,1
10:49:58.710,VIGILE,1,171.23,-2.35,0.25,-1.176,3.486,-9.088,-0.127,0.072,-0.007,81.84,0.0,25.5,34,1,1
10:49:59.210,VIGILE,1,172.57,-3.39,0.239,-1.255,3.263,-9.194,-0.157,0.088,-0.017,81.84,0.0,25.5,34,1,1
10:49:59.711,VIGILE,1,171.57,-2.48,0.242,-0.764,3.357,-8.631,-0.127,0.05,-0.028,81.84,0.0,25.5,34,1,1
10:50:00.211,VIGILE,1,175.19,-3.15,0.237,-1.3,3.175,-9.232,-0.107,0.061,-0.006,81.84,0.0,25.5,34,1,1
10:50:00.711,VIGILE,1,172.13,-2.55,0.243,-1.14,3.4,-9.036,-0.155,0.068,-0.01,81.84,0.0,25.5,34,1,1
10:50:01.211,VIGILE,1,171.33,-0.92,0.234,-0.941,3.136,-8.349,-0.155,0.099,0.0,81.84,0.0,25.6,34,1,1
10:50:01.711,VIGILE,1,172.12,-1.43,0.197,-1.001,3.912,-9.421,-0.073,0.086,0.003,81.84,0.0,25.6,34,1,1
10:50:02.211,VIGILE,1,173.16,1.35,0.237,-1.614,3.728,-9.007,-0.136,0.078,0.014,81.84,0.0,25.6,34,1,1
10:50:02.711,VIGILE,1,176.86,-3.71,0.242,-1.908,3.701,-8.217,-0.147,0.059,0.022,81.84,0.0,25.6,34,1,1
10:50:03.211,VIGILE,1,176.5,-1.9,0.253,-1.317,4.152,-8.818,-0.109,0.016,0.041,81.84,0.0,25.6,34,1,1
10:50:03.711,VIGILE,1,179.59,-6.48,0.266,-0.943,3.831,-9.232,-0.103,0.064,0.072,81.84,0.0,25.7,34,1,1
10:50:04.211,VIGILE,1,179.55,-14.7,0.256,-0.929,4.262,-8.344,-0.085,0.013,0.076,81.84,0.0,25.7,34,1,1
10:50:04.711,VIGILE,0,0.0,0.0,0.0,-1.068,3.926,-9.038,-0.108,0.031,0.076,81.84,0.0,25.7,34,1,1
10:50:05.211,VIGILE,1,170.9,-33.29,0.395,-1.899,4.219,-8.657,-0.106,-0.001,0.096,81.84,0.0,25.7,34,1,1
10:50:05.711,VIGILE,1,172.71,-29.62,0.26,-3.139,4.621,-8.349,-0.143,0.064,0.07,81.84,0.0,25.7,34,1,1
10:50:06.211,VIGILE,1,178.89,-11.58,0.272,-4.058,4.334,-8.375,-0.102,0.022,0.025,81.84,0.0,25.8,34,1,1
10:50:06.712,VIGILE,1,-177.05,-1.33,0.236,-2.38,3.788,-8.282,-0.13,0.081,0.011,81.84,0.0,25.8,34,1,1
10:50:07.212,VIGILE,1,-174.23,12.23,0.294,-1.018,3.211,-8.789,-0.123,0.052,0.006,81.84,0.0,25.8,34,1,1
10:50:07.712,VIGILE,1,-178.5,32.74,0.229,0.546,2.722,-8.76,-0.179,0.072,0.006,81.84,0.0,25.8,34,1,1
10:50:08.212,VIGILE,1,-177.4,27.94,0.259,1.518,2.679,-10.355,-0.033,0.022,0.067,81.84,0.0,25.8,34,1,1
10:50:08.712,VIGILE,1,-178.86,27.2,0.253,1.025,3.886,-8.823,-0.021,-0.042,0.113,81.84,0.0,25.9,34,1,1
10:50:09.212,VIGILE,1,-178.85,23.08,0.235,1.441,2.55,-9.641,-0.216,0.088,0.185,81.84,0.0,25.9,34,1,1
10:50:09.712,VIGILE,1,-176.97,30.19,0.291,1.199,4.496,-9.143,-0.135,0.021,0.189,81.84,0.0,25.9,34,1,1
10:50:10.212,VIGILE,1,176.3,33.37,0.233,0.266,4.096,-9.088,-0.106,-0.077,0.25,81.84,0.0,25.9,34,1,1
10:50:10.712,VIGILE,1,177.44,33.86,0.292,0.316,4.779,-8.284,-0.082,-0.059,0.29,81.84,0.0,25.9,34,1,1
10:50:11.212,VIGILE,1,176.46,34.4,0.307,-0.431,5.875,-8.274,-0.113,-0.074,0.341,81.84,0.0,25.9,34,1,1
10:50:11.712,VIGILE,1,179.22,29.93,0.297,-0.603,5.145,-8.119,-0.042,-0.094,0.432,81.84,0.0,25.9,34,1,1
10:50:12.212,VIGILE,1,-178.03,19.52,0.27,0.249,6.244,-8.432,-0.089,-0.049,0.422,81.84,0.0,25.9,34,1,1
10:50:12.713,VIGILE,1,178.21,-14.63,0.284,1.319,5.097,-8.715,-0.112,-0.077,0.415,81.84,0.0,25.9,34,1,1
10:50:13.213,VIGILE,1,174.66,-6.39,0.225,0.251,3.244,-9.139,-0.033,-0.06,0.282,81.84,516.5,25.9,34,1,1
10:50:13.713,VIGILE,1,174.28,-9.08,0.267,-0.177,2.935,-9.677,-0.151,0.029,0.08,81.84,67.36,26.0,34,1,1
10:50:14.213,VIGILE,1,173.59,-4.85,0.11,0.079,2.796,-9.493,-0.256,0.087,-0.015,81.84,28.8,26.0,34,1,1
10:50:14.713,VIGILE,1,173.65,-5.29,0.031,-0.436,2.875,-9.4,-0.106,0.019,-0.03,81.84,29.87,26.0,34,1,1
10:50:15.213,VIGILE,1,177.9,-8.36,0.218,-1.034,2.935,-8.923,-0.145,0.066,0.013,81.84,80.61,26.0,34,1,1
10:50:15.713,VIGILE,1,177.5,-12.73,0.273,-1.276,3.0,-9.017,-0.152,0.044,0.015,81.84,377.72,26.0,34,1,1
10:50:16.213,VIGILE,1,179.4,-19.81,0.212,0.34,2.1,-9.701,-0.181,0.11,-0.054,81.84,0.0,26.0,34,1,1
10:50:16.713,VIGILE,1,169.54,-3.2,0.058,-0.9,3.103,-8.988,-0.15,0.087,-0.035,81.84,0.0,26.0,34,1,1
10:50:17.213,SONNOLENZA,1,178.06,-7.54,0.053,0.18,3.306,-8.947,-0.164,0.086,-0.017,81.84,0.0,26.0,34,1,1
10:50:17.713,SONNOLENZA,1,178.7,-5.8,0.212,0.232,2.521,-9.495,-0.187,0.091,-0.012,81.84,0.0,26.0,34,1,1
10:50:18.213,SONNOLENZA,1,177.51,-11.44,0.199,-0.424,2.849,-9.476,-0.088,0.057,0.015,81.84,0.0,26.0,34,1,1
10:50:18.713,SONNOLENZA,1,174.81,-9.82,0.074,-0.481,2.727,-8.554,-0.13,0.065,-0.024,81.84,0.0,25.9,34,1,1
10:50:19.213,SONNOLENZA,1,176.55,-9.99,0.052,-1.077,2.962,-9.141,-0.116,0.037,-0.015,81.84,0.0,25.9,34,1,1
10:50:19.714,SONNOLENZA,1,179.29,-11.45,0.259,-1.094,3.464,-9.031,-0.194,0.064,-0.033,81.84,0.0,25.9,34,1,1
10:50:20.214,SONNOLENZA,1,178.98,-10.3,0.045,-0.711,2.734,-9.452,-0.111,0.066,-0.02,81.84,0.0,25.9,34,1,1
10:50:20.714,SONNOLENZA,1,171.83,-4.17,0.084,-0.543,2.751,-8.978,-0.2,0.104,-0.025,81.84,0.0,25.9,34,1,1
10:50:21.214,SONNOLENZA,1,-178.62,-12.24,0.223,0.105,2.998,-8.071,-0.169,0.145,-0.023,81.84,0.0,25.9,34,1,1
10:50:21.714,SONNOLENZA,1,174.79,-7.62,0.227,-0.414,3.388,-7.683,-0.126,0.035,-0.064,81.84,0.0,25.9,34,1,1
10:50:22.214,SONNOLENZA,1,-178.43,-13.1,0.058,0.048,2.073,-8.25,-0.183,0.173,-0.002,81.84,0.0,25.9,34,1,1
10:50:22.714,SONNOLENZA,1,-176.4,-16.87,0.104,-0.567,2.523,-9.486,-0.173,0.126,-0.024,81.84,0.0,25.9,34,1,1
10:50:23.214,SONNOLENZA,1,-176.35,-17.43,0.264,-0.12,3.098,-9.278,-0.104,0.057,-0.021,81.84,0.0,25.9,34,1,1
10:50:23.714,SONNOLENZA,1,-176.61,-19.03,0.257,0.881,3.785,-10.044,-0.145,0.002,-0.069,81.84,0.0,26.0,34,1,1
10:50:24.214,SONNOLENZA,1,179.11,-13.54,0.219,-0.527,2.866,-8.796,-0.212,0.104,-0.026,81.84,0.0,26.0,34,1,1
10:50:24.714,SONNOLENZA,1,177.89,-14.02,0.249,-1.262,2.715,-9.084,-0.156,0.055,-0.016,81.84,0.0,26.0,34,1,1
10:50:25.214,SONNOLENZA,1,177.38,-13.26,0.172,-0.328,2.449,-9.055,-0.192,0.087,-0.063,81.84,0.0,26.0,34,1,1
10:50:25.715,SONNOLENZA,1,175.71,-13.73,0.096,-0.924,2.725,-9.459,-0.104,0.111,-0.098,81.84,0.0,26.0,34,1,1
10:50:26.215,SONNOLENZA,1,176.31,-10.36,0.244,-0.716,2.229,-9.498,-0.133,0.104,-0.111,81.84,0.0,26.0,34,1,1
10:50:26.715,SONNOLENZA,1,177.6,10.28,0.236,-1.501,3.302,-9.912,-0.072,0.104,-0.101,81.84,0.0,26.0,34,1,1
10:50:27.215,SONNOLENZA,1,179.83,-2.91,0.217,-0.381,2.576,-9.019,-0.196,0.124,-0.111,81.84,0.0,26.0,34,1,1
10:50:27.715,SONNOLENZA,1,178.28,-5.7,0.215,-0.122,1.492,-9.838,-0.175,0.049,-0.088,81.84,0.0,26.0,34,1,1
10:50:28.215,SONNOLENZA,1,174.45,-2.98,0.035,-1.516,3.321,-9.17,-0.114,0.049,-0.043,81.84,0.0,26.0,34,1,1
10:50:28.715,SONNOLENZA,1,179.0,-4.35,0.107,-0.373,3.809,-10.319,-0.244,0.083,0.005,81.84,0.0,26.0,34,1,1
10:50:29.215,SONNOLENZA,1,175.79,-9.27,0.096,-1.772,3.304,-9.297,-0.159,0.049,-0.075,81.84,0.0,26.0,34,1,1
10:50:29.715,SONNOLENZA,1,178.98,-8.35,0.247,-0.345,2.947,-9.242,-0.142,0.063,-0.029,81.84,0.0,26.0,34,1,1
10:50:30.215,SONNOLENZA,1,-179.16,-14.48,0.235,-0.668,2.507,-9.342,-0.133,0.082,-0.052,81.84,0.0,26.0,34,1,1
10:50:30.715,SONNOLENZA,1,-168.42,-11.5,0.082,-1.223,2.777,-8.978,-0.144,0.05,-0.035,81.84,0.0,26.0,34,1,1
10:50:31.215,SONNOLENZA,1,-155.69,-23.47,0.227,-1.623,3.041,-8.873,-0.106,0.097,-0.021,81.84,0.0,26.0,33,1,1
10:50:31.715,SONNOLENZA,1,-178.89,-18.92,0.315,-1.736,3.685,-9.385,-0.107,0.043,-0.02,81.84,0.0,26.0,33,1,1
10:50:32.215,SONNOLENZA,1,-176.99,-15.04,0.264,-1.595,2.959,-9.364,-0.17,0.085,-0.01,81.84,0.0,26.0,33,1,1
10:50:32.716,SONNOLENZA,1,-171.55,-13.9,0.152,-0.761,2.969,-9.249,-0.166,0.074,-0.022,81.84,0.0,26.0,33,1,1
10:50:33.216,SONNOLENZA,1,-159.66,14.6,0.258,-1.125,2.811,-9.041,-0.121,0.081,-0.021,81.84,0.0,26.0,33,1,1
10:50:33.716,SONNOLENZA,1,-156.44,-18.38,0.304,-1.039,3.656,-9.301,-0.103,0.065,-0.025,81.84,0.0,26.0,33,1,1
10:50:34.216,SONNOLENZA,1,-176.83,-1.38,0.199,-0.876,3.28,-9.366,-0.113,0.065,-0.023,81.84,0.0,26.0,33,1,1
10:50:34.716,SONNOLENZA,1,173.7,-5.51,0.236,-0.862,3.395,-8.892,-0.141,0.067,-0.022,81.84,0.0,26.0,33,1,1
10:50:35.216,SONNOLENZA,1,-178.88,-9.0,0.089,-0.711,3.084,-9.304,-0.118,0.064,-0.008,81.84,0.0,26.0,33,1,1
10:50:35.716,SONNOLENZA,1,-177.92,11.16,0.208,-0.421,3.129,-10.336,0.051,0.007,-0.033,81.84,0.0,26.0,33,1,1
10:50:36.216,SONNOLENZA,1,-154.11,-11.73,0.125,-0.342,2.758,-8.461,-0.475,0.166,-0.084,81.84,0.0,26.0,33,1,1
10:50:36.716,SONNOLENZA,1,-163.2,-31.15,0.31,-0.907,3.033,-9.043,-0.14,0.081,-0.006,81.84,0.0,26.0,33,1,1
10:50:37.216,SONNOLENZA,1,-139.9,-11.87,0.122,0.843,3.706,-7.195,-0.33,-0.088,0.062,81.84,0.0,26.0,33,1,1
10:50:37.716,SONNOLENZA,0,0.0,0.0,0.0,-0.39,4.008,-7.867,-0.097,0.184,-0.024,81.84,0.0,26.0,33,1,1
10:50:38.216,SONNOLENZA,1,178.05,-6.04,0.264,-1.25,3.412,-8.961,-0.045,0.014,0.015,81.84,0.0,26.0,33,1,1
10:50:38.716,SONNOLENZA,1,174.29,-6.27,0.254,-0.642,2.825,-9.213,-0.177,0.086,-0.025,81.84,0.0,26.0,33,1,1
10:50:39.217,SONNOLENZA,1,176.0,-14.65,0.239,-0.869,2.799,-9.131,-0.118,0.072,-0.016,81.84,0.0,26.0,33,1,1
10:50:39.717,SONNOLENZA,1,175.22,-3.33,0.27,-1.448,3.481,-9.323,-0.118,0.076,-0.027,81.84,0.0,26.0,33,1,1
10:50:40.217,VIGILE,1,170.48,-1.81,0.143,-1.331,3.309,-9.299,-0.12,0.067,-0.011,81.84,0.0,26.0,33,1,1
10:50:40.717,VIGILE,1,171.33,-3.51,0.153,-1.448,3.519,-8.894,-0.137,0.042,-0.005,81.84,0.0,26.0,33,1,1
10:50:41.217,VIGILE,1,174.15,-4.23,0.156,-1.018,3.318,-8.854,-0.153,0.099,-0.018,81.84,0.0,26.0,33,1,1
10:50:41.717,VIGILE,1,172.8,-3.67,0.24,-0.814,2.887,-9.34,-0.098,0.092,-0.013,81.84,0.0,26.0,33,1,1
10:50:42.217,VIGILE,1,174.36,-4.14,0.259,-0.541,2.813,-8.952,-0.175,0.087,-0.033,81.84,0.0,26.0,33,1,1
10:50:42.717,VIGILE,1,173.91,-3.98,0.247,-1.166,2.806,-9.675,-0.059,0.037,0.0,81.84,0.0,26.0,33,1,1
10:50:43.217,VIGILE,1,177.49,-7.18,0.249,-1.597,3.244,-9.543,-0.091,0.067,-0.013,81.84,0.0,26.0,33,1,1
10:50:43.717,VIGILE,1,175.86,-3.27,0.233,-1.015,3.237,-9.072,-0.159,0.048,-0.009,81.84,0.0,26.0,33,1,1
10:50:44.217,VIGILE,1,175.64,-4.47,0.216,-1.082,3.05,-9.012,-0.148,0.09,-0.015,81.84,0.0,26.0,33,1,1
10:50:44.717,VIGILE,1,177.26,-5.28,0.229,-1.484,2.77,-9.052,-0.088,0.065,-0.005,81.84,0.0,26.0,33,1,1
10:50:45.217,VIGILE,1,-179.86,2.66,0.246,-1.264,3.158,-8.966,-0.17,0.068,-0.017,81.84,0.0,26.0,33,1,1
10:50:45.717,VIGILE,1,177.44,-2.65,0.256,-0.97,3.563,-8.832,-0.136,0.077,-0.019,81.84,0.0,26.0,33,1,1
10:50:46.217,VIGILE,1,174.51,-4.99,0.262,-0.591,3.206,-9.093,-0.151,0.063,-0.02,81.84,0.0,26.0,33,1,1
10:50:46.717,VIGILE,1,175.58,-5.11,0.27,-1.688,3.675,-9.306,-0.088,0.051,-0.005,81.84,0.0,26.0,33,1,1
10:50:47.218,VIGILE,1,175.66,-8.85,0.24,-1.417,3.397,-9.266,-0.135,0.044,-0.022,81.84,0.0,26.0,33,1,1
10:50:47.718,VIGILE,1,174.79,-8.4,0.242,-2.021,3.498,-8.679,-0.139,0.059,-0.01,81.84,0.0,26.0,33,1,1
10:50:48.218,VIGILE,1,168.92,-1.79,0.218,-2.547,3.508,-8.885,-0.112,0.066,-0.002,81.84,0.0,26.0,33,1,1
10:50:48.718,VIGILE,1,169.57,-1.42,0.123,-2.964,3.953,-8.708,-0.231,0.082,-0.041,81.84,0.0,26.1,33,1,1
10:50:49.218,VIGILE,1,170.17,0.18,0.242,-4.01,4.334,-8.406,-0.122,0.047,-0.023,81.84,0.0,26.1,33,1,1
10:50:49.718,VIGILE,1,175.08,5.0,0.244,-3.639,4.12,-8.061,-0.183,0.055,-0.03,81.84,0.0,26.1,33,1,1
10:50:50.218,VIGILE,1,177.13,6.16,0.239,-3.792,4.42,-8.229,-0.137,0.072,-0.03,81.84,0.0,26.1,33,1,1
10:50:50.718,VIGILE,1,176.35,-0.64,0.256,-3.472,3.953,-8.183,-0.121,0.069,-0.022,81.84,0.0,26.1,33,1,1
10:50:51.218,VIGILE,1,173.01,26.16,0.124,-0.986,3.122,-9.21,-0.133,0.079,-0.016,81.84,0.0,26.1,33,1,1
10:50:51.718,VIGILE,1,162.34,-5.23,0.089,-0.929,3.213,-9.227,-0.131,0.064,-0.02,81.84,0.0,26.1,33,1,1
10:50:52.218,VIGILE,1,161.41,-4.25,0.067,-0.819,3.043,-9.177,-0.132,0.06,-0.02,81.84,0.0,26.1,33,1,1
10:50:52.718,VIGILE,1,161.99,-7.77,0.093,-0.867,2.938,-9.22,-0.129,0.067,-0.015,81.84,0.0,26.1,33,1,1
10:50:53.218,MALORE,1,162.33,-8.8,0.076,-1.022,2.899,-9.05,-0.139,0.063,-0.018,81.84,0.0,26.1,33,1,1
10:50:53.718,MALORE,1,162.16,-7.45,0.07,-1.027,3.112,-9.373,-0.132,0.07,-0.019,81.84,0.0,26.1,33,1,1
10:50:54.218,MALORE,1,162.25,-8.5,0.054,-0.737,3.005,-9.163,-0.137,0.066,-0.019,81.84,0.0,26.1,33,1,1
10:50:54.718,MALORE,1,161.74,-5.98,0.07,-0.955,3.134,-9.227,-0.131,0.075,-0.025,81.84,0.0,26.1,33,1,1
10:50:55.218,MALORE,1,162.25,-7.9,0.076,-1.068,2.986,-9.158,-0.12,0.069,-0.015,81.84,0.0,26.1,33,1,1
10:50:55.719,MALORE,1,162.02,-7.8,0.064,-0.864,3.232,-9.249,-0.13,0.073,-0.016,81.84,0.0,26.1,33,1,1
10:50:56.219,MALORE,1,161.83,-7.97,0.067,-0.773,3.012,-9.105,-0.128,0.072,-0.015,81.84,0.0,26.1,33,1,1
10:50:56.719,MALORE,1,161.99,-9.29,0.107,-0.967,3.144,-9.081,-0.135,0.077,-0.026,81.84,0.0,26.1,33,1,1
10:50:57.219,MALORE,1,162.63,-9.55,0.076,-0.886,3.05,-9.246,-0.123,0.069,-0.021,81.84,0.0,26.1,33,1,1
10:50:57.719,MALORE,1,161.54,-8.3,0.092,-0.824,3.237,-9.175,-0.123,0.067,-0.019,81.84,0.0,26.1,33,1,1
10:50:58.219,MALORE,1,162.41,-9.79,0.107,-0.871,2.938,-8.976,-0.131,0.063,-0.017,81.84,0.0,26.1,33,1,1
10:50:58.719,MALORE,1,162.36,-9.2,0.092,-1.049,3.153,-9.124,-0.129,0.064,-0.019,81.84,0.0,26.2,33,1,1
10:50:59.219,MALORE,1,161.63,-9.32,0.087,-0.862,3.077,-9.213,-0.126,0.06,-0.015,81.84,0.0,26.2,33,1,1
10:50:59.719,MALORE,1,162.71,-10.49,0.098,-0.974,2.919,-8.966,-0.139,0.067,-0.016,81.84,0.0,26.2,33,1,1
10:51:00.219,MALORE,1,161.46,-10.14,0.094,-1.077,3.024,-9.246,-0.143,0.067,-0.021,81.84,0.0,26.2,33,1,1
10:51:00.719,MALORE,1,162.9,-9.45,0.106,-0.771,2.988,-9.158,-0.137,0.068,-0.022,81.84,0.0,26.2,33,1,1
10:51:01.219,MALORE,1,163.46,-10.49,0.104,-0.967,3.127,-9.1,-0.133,0.07,-0.021,81.84,0.0,26.2,33,1,1
10:51:01.719,MALORE,1,162.78,-10.56,0.08,-0.826,3.093,-9.163,-0.144,0.072,-0.023,81.84,0.0,26.2,33,1,1
10:51:02.219,MALORE,1,162.12,-11.25,0.084,-0.943,2.99,-8.904,-0.14,0.069,-0.019,81.84,0.0,26.2,33,1,1
10:51:02.719,MALORE,1,162.0,-10.66,0.086,-0.883,3.048,-9.268,-0.155,0.075,-0.023,81.84,0.0,26.2,33,1,1
10:51:03.219,MALORE,1,162.95,-10.38,0.107,-0.661,2.969,-9.12,-0.143,0.074,-0.026,81.84,0.0,26.2,33,1,1
10:51:03.720,MALORE,1,161.71,-10.5,0.098,-0.984,3.043,-9.072,-0.14,0.067,-0.019,81.84,0.0,26.2,33,1,1
10:51:04.220,MALORE,1,162.02,-11.16,0.103,-0.828,3.026,-9.239,-0.141,0.076,-0.019,81.84,0.0,26.2,33,1,1
10:51:04.720,MALORE,1,162.12,-12.12,0.089,-0.912,3.05,-8.945,-0.126,0.066,-0.011,81.84,0.0,26.2,33,1,1
10:51:05.220,MALORE,1,161.97,-12.34,0.113,-1.058,2.962,-9.153,-0.145,0.071,-0.017,81.84,0.0,26.2,33,1,1
10:51:05.720,MALORE,1,161.75,-12.34,0.122,-0.996,3.072,-9.122,-0.125,0.064,-0.017,81.84,0.0,26.2,33,1,1
10:51:06.220,MALORE,1,161.29,-12.89,0.117,-0.986,3.091,-9.1,-0.14,0.071,-0.02,81.84,0.0,26.3,33,1,1
10:51:06.720,MALORE,1,161.26,-13.49,0.132,-0.857,3.072,-9.268,-0.136,0.075,-0.021,81.84,0.0,26.3,33,1,1
10:51:07.220,MALORE,1,161.52,-12.88,0.11,-0.922,3.127,-8.928,-0.116,0.066,-0.014,81.84,0.0,26.3,33,1,1
10:51:07.720,MALORE,1,176.22,-47.35,0.258,-1.08,2.969,-9.141,-0.14,0.069,-0.021,81.84,0.0,26.3,33,1,1
10:51:08.220,MALORE,0,0.0,0.0,0.0,-0.879,3.089,-9.187,-0.135,0.074,-0.017,81.84,0.0,26.3,33,1,1
10:51:08.720,MALORE,0,0.0,0.0,0.0,-0.967,2.952,-9.079,-0.127,0.067,-0.02,81.84,0.0,26.3,33,1,1
10:51:09.220,MALORE,0,0.0,0.0,0.0,-1.087,3.122,-9.278,-0.126,0.069,-0.02,81.84,0.0,26.3,33,1,1
10:51:09.720,MALORE,0,0.0,0.0,0.0,-0.742,3.16,-9.136,-0.134,0.074,-0.015,81.84,0.0,26.3,33,1,1
10:51:10.220,MALORE,0,0.0,0.0,0.0,-0.855,2.969,-9.014,-0.14,0.075,-0.026,81.84,0.0,26.3,33,1,1
10:51:10.720,MALORE,0,0.0,0.0,0.0,-1.082,3.165,-9.136,-0.131,0.071,-0.016,81.84,0.0,26.3,33,1,1
10:51:11.221,MALORE,0,0.0,0.0,0.0,-0.994,2.959,-9.072,-0.136,0.076,-0.019,81.84,0.0,26.3,33,1,1
10:51:11.721,MALORE,0,0.0,0.0,0.0,-0.948,3.12,-9.208,-0.126,0.064,-0.02,81.84,0.0,26.3,33,1,1
10:51:12.221,MALORE,0,0.0,0.0,0.0,-0.977,2.928,-8.902,-0.139,0.072,-0.025,81.84,0.0,26.3,33,1,1
10:51:12.721,MALORE,0,0.0,0.0,0.0,-0.991,3.297,-9.292,-0.125,0.068,-0.021,81.84,0.0,26.3,33,1,1
10:51:13.221,MALORE,0,0.0,0.0,0.0,-1.025,3.002,-8.99,-0.134,0.07,-0.017,81.84,0.0,26.3,33,1,1
10:51:13.721,MALORE,0,0.0,0.0,0.0,-1.053,3.194,-9.062,-0.131,0.072,-0.025,81.84,0.0,26.4,33,1,1
10:51:14.221,MALORE,1,-157.57,-22.61,0.269,-0.972,2.978,-9.117,-0.124,0.072,-0.018,81.84,0.0,26.4,33,1,1
10:51:14.721,MALORE,1,-176.98,-11.55,0.257,-0.781,2.986,-9.139,-0.152,0.082,-0.022,81.84,0.0,26.4,33,1,1
10:51:15.221,MALORE,1,-178.1,-1.17,0.251,-0.984,3.129,-8.882,-0.133,0.072,-0.015,81.84,0.0,26.4,33,1,1
10:51:15.721,MALORE,1,-179.78,-9.06,0.25,-1.087,3.144,-9.335,-0.132,0.076,-0.022,81.84,0.0,26.4,33,1,1
10:51:16.221,MALORE,1,-176.44,8.07,0.271,0.745,2.83,-9.637,-0.042,0.058,-0.004,81.84,0.0,26.4,33,1,1
10:51:16.721,MALORE,1,-174.68,2.13,0.257,1.889,1.717,-9.459,-0.192,0.084,-0.026,81.84,0.0,26.4,33,1,1
10:51:17.221,MALORE,1,-176.56,8.44,0.232,-0.596,2.294,-10.022,-0.225,0.082,-0.021,81.84,0.0,26.4,33,1,1
10:51:17.721,MALORE,1,-176.6,3.44,0.276,1.549,1.832,-9.598,-0.037,0.031,0.005,81.84,0.0,26.4,33,1,1
10:51:18.221,MALORE,1,-176.81,10.8,0.255,1.954,2.851,-9.057,-0.117,0.027,0.089,81.84,0.0,26.4,33,1,1
10:51:18.721,VIGILE,1,-174.76,11.94,0.279,1.372,4.046,-9.426,-0.095,-0.02,0.195,81.84,0.0,26.5,33,1,1
10:51:19.222,VIGILE,1,-176.8,19.66,0.277,-0.615,4.513,-8.973,-0.052,-0.058,0.304,81.84,0.0,26.5,33,1,1
10:51:19.722,VIGILE,1,-177.83,1.42,0.264,0.278,5.758,-8.016,-0.225,0.031,0.357,81.84,0.0,26.5,33,1,1
10:51:20.222,VIGILE,1,-175.19,20.88,0.271,1.037,5.188,-8.578,-0.238,-0.062,0.312,81.84,0.0,26.5,33,1,1
10:51:20.722,VIGILE,1,-178.89,-6.0,0.255,1.444,4.551,-8.993,-0.115,-0.023,0.285,81.84,0.0,26.5,33,1,1
10:51:21.222,VIGILE,1,172.25,-2.88,0.222,0.299,3.883,-9.5,-0.054,-0.045,0.229,81.84,0.0,26.6,33,1,1
10:51:21.722,VIGILE,1,-178.99,-3.79,0.251,0.309,2.909,-9.419,-0.116,0.05,0.053,81.84,0.0,26.6,33,1,1
10:51:22.222,VIGILE,1,178.61,7.5,0.087,-0.39,3.311,-9.076,-0.1,0.032,0.009,81.84,0.0,26.6,33,1,1
10:51:22.722,VIGILE,1,173.98,-4.62,0.132,-0.287,2.856,-9.428,-0.112,0.049,-0.018,81.84,0.0,26.6,33,1,1
10:51:23.222,VIGILE,1,171.98,-3.87,0.22,-0.745,3.17,-9.584,-0.141,0.078,-0.031,81.84,0.0,26.6,33,1,1
10:51:23.722,VIGILE,1,173.59,-4.61,0.227,-1.607,3.314,-9.5,-0.095,0.057,-0.021,81.84,0.0,26.6,33,1,1
10:51:24.222,VIGILE,1,176.6,-9.73,0.248,-0.874,3.721,-9.196,-0.101,0.047,-0.028,81.84,0.0,26.6,33,1,1
10:51:24.722,VIGILE,1,177.71,-8.3,0.252,-0.776,2.172,-7.913,-0.212,0.122,-0.038,81.84,0.0,26.6,33,1,1
10:51:25.222,VIGILE,1,176.71,-7.13,0.227,-0.093,2.638,-9.378,-0.126,0.051,-0.033,81.84,0.0,26.6,33,1,1
10:51:25.722,VIGILE,1,171.91,-3.88,0.232,-0.661,3.038,-9.153,-0.128,0.062,-0.047,81.84,0.0,26.6,33,1,1
10:51:26.222,VIGILE,1,175.03,-8.43,0.244,-0.431,2.655,-9.464,-0.129,0.08,-0.038,81.84,0.0,26.6,33,1,1
10:51:26.722,VIGILE,1,174.8,-8.83,0.242,-0.965,3.567,-9.127,-0.104,0.068,-0.01,81.84,0.0,26.6,33,1,1
10:51:27.223,VIGILE,1,178.15,-10.89,0.285,-0.563,4.096,-8.705,-0.11,0.043,0.03,81.84,0.0,26.6,33,1,1
10:51:27.723,VIGILE,1,179.23,-10.71,0.268,-0.979,4.123,-8.964,-0.103,0.047,0.054,81.84,0.0,26.6,33,1,1
10:51:28.223,VIGILE,1,177.47,20.97,0.233,-0.362,3.795,-8.48,-0.127,0.033,0.036,81.84,0.0,26.6,33,1,1
10:51:28.723,VIGILE,1,176.32,-7.28,0.247,-0.67,2.885,-9.033,-0.119,0.063,0.017,81.84,0.0,26.6,33,1,1
10:51:29.223,VIGILE,1,176.3,-13.88,0.25,-0.891,3.06,-8.928,-0.105,0.062,-0.042,81.84,0.0,26.6,33,1,1
10:51:29.723,VIGILE,1,173.86,-9.61,0.231,-0.606,2.729,-8.988,-0.138,0.086,-0.021,81.84,0.0,26.6,33,1,1
10:51:30.223,VIGILE,1,172.08,-8.76,0.253,-0.915,2.708,-9.464,-0.145,0.076,-0.029,81.84,0.0,26.6,33,1,1
10:51:30.723,VIGILE,1,174.51,-10.71,0.254,-0.857,3.529,-9.51,-0.109,0.033,-0.009,81.84,0.0,26.6,33,1,1
10:51:31.223,VIGILE,1,175.27,38.62,0.231,-0.366,2.672,-8.691,-0.126,0.056,-0.033,81.84,0.0,26.7,32,1,1
10:51:31.724,VIGILE,1,177.8,48.12,0.309,-0.615,3.148,-9.117,-0.176,0.061,-0.036,81.84,0.0,26.7,32,1,1
10:51:32.224,VIGILE,1,178.81,28.28,0.25,-0.206,3.232,-9.268,-0.145,0.07,-0.031,81.84,0.0,26.7,32,1,1
10:51:32.724,VIGILE,1,178.19,-10.13,0.249,-0.735,3.024,-8.662,-0.1,0.06,-0.02,81.84,0.0,26.7,32,1,1
10:51:33.224,VIGILE,1,179.42,-16.76,0.258,-1.319,2.966,-8.981,-0.156,0.032,-0.021,81.84,0.0,26.7,32,1,1
10:51:33.724,VIGILE,1,173.15,-13.33,0.132,-1.671,3.457,-9.637,-0.158,0.124,-0.004,81.84,0.0,26.7,32,1,1
10:51:34.224,VIGILE,1,173.73,-13.97,0.221,-1.7,3.57,-8.684,-0.121,0.081,-0.003,81.84,0.0,26.7,32,1,1
10:51:34.724,VIGILE,1,170.04,-6.79,0.232,-1.468,3.23,-9.194,-0.139,0.075,-0.007,81.84,0.0,26.7,32,1,1
10:51:35.224,VIGILE,1,171.47,-8.75,0.206,-1.362,3.314,-8.595,-0.124,0.076,-0.016,81.84,0.0,26.7,32,1,1
10:51:35.724,VIGILE,1,173.45,-10.49,0.238,-1.238,3.218,-9.074,-0.101,0.072,-0.023,81.84,0.0,26.7,32,1,1
10:51:36.224,VIGILE,1,173.91,-9.72,0.252,-1.109,3.208,-9.086,-0.189,0.075,-0.038,81.84,0.0,26.7,32,1,1
10:51:36.724,VIGILE,1,176.14,-13.36,0.244,-0.821,2.897,-8.981,-0.148,0.069,-0.024,81.84,0.0,26.7,32,1,1
10:51:37.224,VIGILE,1,173.75,-8.2,0.25,-0.702,3.644,-9.613,-0.167,0.072,-0.021,81.84,0.0,26.7,32,1,1
10:51:37.724,VIGILE,1,174.04,-7.96,0.209,-1.018,3.033,-9.402,-0.153,0.091,-0.003,81.84,0.0,26.7,32,1,1
10:51:38.224,VIGILE,1,168.34,-3.29,0.164,-0.917,3.45,-9.67,-0.114,0.013,-0.036,81.84,0.0,26.7,32,1,1
10:51:38.724,VIGILE,1,173.18,1.62,0.259,-0.491,2.938,-9.052,-0.183,0.101,-0.012,81.84,0.0,26.7,32,1,1
10:51:39.224,VIGILE,1,173.21,-5.89,0.248,-1.197,3.467,-9.304,-0.056,0.059,-0.019,81.84,0.0,26.7,32,1,1
10:51:39.725,VIGILE,1,173.39,-5.81,0.248,-0.723,3.383,-9.239,-0.139,0.046,-0.025,81.84,0.0,26.7,32,1,1
10:51:40.225,VIGILE,1,175.13,-10.4,0.264,-1.547,3.338,-8.952,-0.16,0.075,-0.012,81.84,0.0,26.7,32,1,1
10:51:40.725,VIGILE,1,172.09,-10.31,0.212,-1.022,3.73,-9.232,-0.153,0.071,-0.008,81.84,0.0,26.7,32,1,1
10:51:41.225,VIGILE,1,174.33,-7.85,0.244,-0.79,3.156,-8.681,-0.153,0.086,-0.015,81.84,0.0,26.7,32,1,1
10:51:41.725,VIGILE,1,174.63,-7.47,0.252,-0.424,3.0,-8.643,-0.157,0.118,-0.014,81.84,0.0,26.7,32,1,1
10:51:42.225,VIGILE,1,176.69,-9.61,0.273,-1.075,3.342,-8.835,-0.099,0.068,-0.017,81.84,0.0,26.7,32,1,1
10:51:42.725,VIGILE,1,175.16,0.0,0.264,-1.245,3.431,-9.527,-0.061,0.034,-0.011,81.84,0.0,26.7,32,1,1
10:51:43.225,VIGILE,1,176.17,-5.84,0.264,-1.176,2.866,-9.153,-0.138,0.044,-0.022,81.84,0.0,26.7,32,1,1
10:51:43.725,VIGILE,1,178.46,-11.16,0.271,-0.979,3.146,-8.622,-0.154,0.093,-0.044,81.84,0.0,26.7,32,1,1
10:51:44.225,VIGILE,1,178.18,-8.96,0.271,-1.647,3.244,-8.993,-0.088,0.065,-0.024,81.84,0.0,26.7,32,1,1
10:51:44.725,VIGILE,1,175.09,-10.68,0.136,-1.358,3.237,-9.052,-0.14,0.073,-0.021,81.84,0.0,26.7,32,1,1
10:51:45.225,VIGILE,1,175.72,-13.3,0.253,-1.135,3.259,-9.177,-0.126,0.074,-0.012,81.84,0.0,26.7,32,1,1
10:51:45.725,VIGILE,1,176.72,-10.07,0.22,-0.639,4.396,-8.511,-0.115,0.055,-0.011,81.84,0.0,26.7,32,1,1
10:51:46.226,VIGILE,1,176.9,-7.88,0.222,-1.401,3.244,-8.947,-0.129,0.068,-0.011,81.84,0.0,26.7,32,1,1
10:51:46.726,VIGILE,1,176.75,-11.03,0.22,-1.247,3.44,-9.141,-0.145,0.069,-0.013,81.84,0.0,26.7,32,1,1
10:51:47.226,VIGILE,1,176.68,-12.7,0.213,-1.652,3.12,-8.856,-0.164,0.084,-0.025,81.84,0.0,26.7,32,1,1
10:51:47.726,VIGILE,1,176.31,-13.56,0.232,-1.645,2.516,-9.565,-0.102,0.04,-0.006,81.84,0.0,26.7,32,1,0
10:51:48.226,VIGILE,1,176.22,-13.12,0.267,-1.535,3.687,-9.172,-0.093,0.062,-0.009,81.84,0.0,26.7,32,0,0
10:51:48.726,VIGILE,1,177.65,-13.56,0.221,-1.659,3.306,-9.639,-0.105,0.068,-0.007,81.84,0.0,26.7,31,0,0
10:51:49.226,VIGILE,1,178.22,-13.18,0.225,-1.223,3.263,-9.483,-0.13,0.067,-0.019,81.84,0.0,26.7,31,0,0
10:51:49.726,VIGILE,1,177.58,-12.38,0.243,-1.592,3.515,-8.739,-0.148,0.059,-0.02,81.84,0.0,26.7,31,0,0
10:51:50.226,VIGILE,1,172.46,1.34,0.254,-1.085,2.641,-9.026,-0.206,0.062,-0.026,81.84,0.0,26.7,31,0,0
10:51:50.726,VIGILE,1,173.54,-6.19,0.221,-0.91,3.359,-8.993,-0.197,0.094,-0.018,81.84,0.0,26.7,31,0,0
10:51:51.226,EBBREZZA,1,174.76,-9.13,0.249,-0.943,3.917,-9.591,-0.106,0.063,-0.006,81.84,0.0,26.7,31,0,0
10:51:51.726,EBBREZZA,1,173.36,-6.74,0.25,-0.709,3.709,-8.6,-0.165,0.08,-0.032,81.84,0.0,26.7,31,0,0
10:51:52.226,EBBREZZA,1,173.98,-5.08,0.207,-0.754,3.165,-8.792,-0.156,0.078,-0.032,81.84,0.0,26.7,31,0,0
10:51:52.726,EBBREZZA,1,172.84,-2.6,0.122,-1.178,3.579,-9.395,-0.119,0.055,-0.022,81.84,0.0,26.7,31,0,0
10:51:53.226,EBBREZZA,1,174.61,-4.61,0.264,-1.132,3.534,-9.438,-0.078,0.033,-0.007,81.84,0.0,26.7,31,0,0
10:51:53.727,EBBREZZA,1,172.99,-2.11,0.259,-0.886,3.491,-8.736,-0.124,0.073,-0.021,81.84,0.0,26.7,31,0,0
10:51:54.227,EBBREZZA,1,172.37,-3.13,0.24,-1.14,3.237,-8.971,-0.164,0.084,-0.025,81.84,0.0,26.7,31,0,0
10:51:54.727,EBBREZZA,1,167.79,-2.74,0.117,-0.994,3.196,-8.916,-0.126,0.069,-0.02,81.84,0.0,26.7,31,0,0
10:51:55.227,EBBREZZA,1,171.09,-5.03,0.252,-1.223,3.395,-9.05,-0.122,0.052,-0.023,81.84,0.0,26.7,31,0,0
10:51:55.727,EBBREZZA,1,170.6,-3.23,0.248,-1.987,3.587,-8.485,-0.192,0.096,-0.035,81.84,0.0,26.7,31,0,0
10:51:56.227,EBBREZZA,1,172.29,-2.89,0.254,-2.318,3.768,-8.052,-0.152,0.081,-0.026,81.84,0.0,26.7,31,0,0
10:51:56.727,EBBREZZA,1,174.26,-4.86,0.254,-2.586,4.041,-8.234,-0.142,0.058,-0.032,81.84,0.0,26.7,31,0,0
10:51:57.227,EBBREZZA,1,174.43,-7.49,0.235,-2.756,4.015,-8.531,-0.147,0.069,-0.023,81.84,0.0,26.7,31,0,0
10:51:57.727,EBBREZZA,1,173.13,-4.91,0.255,-3.117,3.821,-8.483,-0.112,0.045,-0.007,81.84,0.0,26.7,31,0,0
10:51:58.227,EBBREZZA,1,173.59,-6.11,0.262,-3.223,4.085,-8.054,-0.165,0.079,-0.023,81.84,0.0,26.7,31,0,0
10:51:58.727,EBBREZZA,1,175.36,-8.16,0.285,-0.666,3.227,-8.894,-0.142,0.103,-0.02,81.84,0.0,26.7,31,0,0
10:51:59.228,EBBREZZA,1,174.13,-8.62,0.244,-0.694,3.105,-9.009,-0.141,0.073,-0.02,81.84,0.0,26.7,31,0,0
10:51:59.728,EBBREZZA,1,175.5,-18.71,0.23,-1.006,3.244,-9.019,-0.131,0.07,-0.017,81.84,0.0,26.7,31,0,0
10:52:00.228,EBBREZZA,1,174.79,-23.23,0.187,-0.848,3.232,-9.12,-0.126,0.066,-0.016,81.84,0.0,26.7,31,0,0
10:52:00.728,EBBREZZA,1,177.23,-6.93,0.252,-0.903,3.141,-9.105,-0.144,0.066,-0.023,81.84,0.0,26.7,31,0,0
10:52:01.228,EBBREZZA,1,175.84,-5.88,0.268,-0.742,3.302,-8.981,-0.12,0.057,-0.014,81.84,0.0,26.7,31,0,0
10:52:01.728,EBBREZZA,1,175.03,-1.34,0.269,-1.03,3.127,-9.151,-0.138,0.057,-0.016,81.84,0.0,26.7,31,0,0
10:52:02.228,EBBREZZA,1,174.97,3.18,0.248,-0.709,3.115,-9.1,-0.132,0.07,-0.018,81.84,0.0,26.7,31,0,0
10:52:02.728,EBBREZZA,1,173.05,4.23,0.222,-1.049,3.321,-9.12,-0.128,0.056,-0.02,81.84,0.0,26.7,31,0,0
10:52:03.228,EBBREZZA,1,175.12,-2.16,0.199,-0.745,3.132,-9.012,-0.14,0.063,-0.018,81.84,0.0,26.7,31,1,0
10:52:03.728,EBBREZZA,1,176.0,-1.91,0.277,-0.946,3.254,-9.191,-0.144,0.072,-0.022,81.84,0.0,26.7,31,1,0
10:52:04.228,EBBREZZA,1,176.95,-1.19,0.255,-0.733,3.249,-8.961,-0.122,0.066,-0.018,81.84,0.0,26.7,31,1,0
10:52:04.728,EBBREZZA,1,175.04,-4.94,0.183,-0.965,3.273,-9.378,-0.13,0.072,-0.016,81.84,0.0,26.7,31,1,0
10:52:05.228,EBBREZZA,1,175.61,-3.52,0.256,-0.888,3.077,-8.969,-0.133,0.071,-0.019,81.84,0.0,26.7,31,1,0
10:52:05.728,EBBREZZA,1,176.88,-4.13,0.237,-0.867,3.28,-9.014,-0.13,0.068,-0.019,81.84,0.0,26.7,31,1,0
10:52:06.228,EBBREZZA,1,175.76,-3.19,0.243,-0.965,3.318,-9.091,-0.132,0.071,-0.021,81.84,0.0,26.7,31,1,0
10:52:06.728,EBBREZZA,1,175.26,-3.22,0.202,-0.795,3.124,-9.084,-0.144,0.071,-0.023,81.84,0.0,26.7,31,1,0
10:52:07.229,EBBREZZA,1,176.82,23.45,0.207,-0.869,3.266,-9.311,-0.131,0.066,-0.022,81.84,0.0,26.7,31,1,0
10:52:07.729,EBBREZZA,1,175.73,22.07,0.213,-0.879,3.227,-8.918,-0.128,0.069,-0.019,81.84,0.0,26.7,31,1,0
10:52:08.229,EBBREZZA,1,176.88,18.32,0.217,-0.907,3.359,-9.278,-0.132,0.079,-0.018,81.84,0.0,26.7,31,1,0
10:52:08.729,EBBREZZA,1,175.37,6.98,0.209,-0.998,3.144,-9.019,-0.136,0.074,-0.019,81.84,0.0,26.7,31,1,0
10:52:09.229,EBBREZZA,1,175.11,2.84,0.214,-0.939,3.266,-8.961,-0.127,0.071,-0.018,81.84,0.0,26.7,31,1,0
10:52:09.729,EBBREZZA,1,174.02,2.65,0.21,-0.888,3.268,-9.021,-0.137,0.069,-0.017,81.84,0.0,26.7,31,1,0
10:52:10.229,EBBREZZA,1,176.27,22.87,0.21,-0.733,3.079,-8.945,-0.13,0.064,-0.017,81.84,0.0,26.7,31,1,0
10:52:10.729,EBBREZZA,1,176.0,32.9,0.207,-0.905,3.191,-9.096,-0.142,0.074,-0.019,81.84,0.0,26.7,31,1,0
10:52:11.229,EBBREZZA,1,177.1,34.1,0.216,0.539,2.571,-9.507,-0.108,0.065,-0.007,81.84,0.0,26.7,31,1,0
10:52:11.730,EBBREZZA,1,176.09,16.18,0.203,3.168,1.496,-10.341,-0.066,0.072,0.003,81.84,0.0,26.7,31,1,0
10:52:12.230,EBBREZZA,1,176.24,15.48,0.224,0.335,2.768,-9.328,-0.095,0.025,-0.007,81.84,0.0,26.7,31,1,0
10:52:12.730,EBBREZZA,1,178.13,-0.99,0.26,0.639,2.466,-9.206,-0.075,0.057,-0.01,81.84,0.0,26.7,31,1,0
10:52:13.230,EBBREZZA,1,173.78,0.53,0.228,1.437,1.496,-9.555,-0.211,0.1,-0.052,81.84,0.0,26.7,31,1,0
10:52:13.730,EBBREZZA,1,172.82,7.28,0.232,-1.35,3.16,-9.038,-0.098,0.029,-0.021,81.84,0.0,26.6,31,1,0
10:52:14.230,EBBREZZA,1,171.11,17.02,0.245,-0.733,3.321,-9.392,-0.161,0.063,-0.025,81.84,0.0,26.6,31,1,0
10:52:14.730,EBBREZZA,1,172.96,39.71,0.21,-1.173,3.179,-9.232,-0.142,0.084,-0.022,81.84,0.0,26.6,31,1,0
10:52:15.230,EBBREZZA,1,173.73,35.19,0.201,-1.03,3.273,-8.77,-0.152,0.064,-0.015,81.84,0.0,26.6,31,1,0
10:52:15.730,EBBREZZA,1,172.76,13.28,0.252,-1.276,3.089,-9.019,-0.143,0.087,-0.015,81.84,0.0,26.6,31,1,0
10:52:16.230,EBBREZZA,1,172.01,12.25,0.271,-0.654,3.371,-9.019,-0.132,0.057,0.002,81.84,0.0,26.6,31,1,0
10:52:16.730,EBBREZZA,1,170.01,22.69,0.209,-0.505,3.225,-9.237,-0.156,0.036,0.02,81.84,0.0,26.6,31,1,0
10:52:17.230,VIGILE,1,172.83,29.67,0.242,-1.3,3.237,-8.586,-0.134,0.067,0.009,81.84,0.0,26.6,31,1,0
10:52:17.730,VIGILE,1,174.71,32.68,0.26,-1.429,3.409,-8.945,-0.123,0.05,0.003,81.84,0.0,26.6,31,1,0
10:52:18.230,VIGILE,1,172.84,37.18,0.278,-1.255,3.189,-8.952,-0.17,0.071,-0.005,81.84,0.0,26.6,31,1,0
10:52:18.730,VIGILE,1,170.16,24.76,0.197,-0.721,3.141,-8.665,-0.141,0.074,-0.005,81.84,0.0,26.6,31,1,0
10:52:19.230,VIGILE,1,170.92,13.94,0.208,-0.771,3.105,-9.342,-0.154,0.053,-0.001,81.84,0.0,26.6,31,1,0
10:52:19.731,VIGILE,1,174.15,-2.55,0.246,-1.391,2.801,-8.82,-0.182,0.086,-0.024,81.84,0.0,26.6,31,1,0
10:52:20.231,VIGILE,1,175.48,-10.07,0.244,-1.168,3.168,-9.201,-0.125,0.047,-0.017,81.84,0.0,26.6,31,1,0
10:52:20.731,VIGILE,1,173.8,-9.99,0.272,-1.106,3.141,-9.055,-0.129,0.092,-0.024,81.84,0.0,26.6,31,1,1
10:52:21.231,VIGILE,1,170.59,-3.52,0.234,-1.307,3.498,-9.345,-0.116,0.072,-0.034,81.84,0.0,26.6,32,1,1
10:52:21.731,VIGILE,1,173.87,-13.06,0.256,-1.736,3.218,-8.906,-0.113,0.106,-0.058,81.84,0.0,26.6,32,1,1
10:52:22.231,VIGILE,1,170.1,-7.63,0.243,-0.852,3.168,-9.304,-0.133,0.078,-0.089,81.84,0.0,26.6,32,1,1
10:52:22.731,VIGILE,1,174.78,-12.08,0.238,0.745,1.774,-9.395,-0.184,0.144,-0.092,81.84,0.0,26.6,32,1,1
10:52:23.231,VIGILE,1,176.97,-8.96,0.246,1.199,1.954,-10.295,-0.073,0.068,-0.072,81.84,0.0,26.6,32,1,1
10:52:23.731,VIGILE,1,171.01,8.27,0.228,-1.393,2.605,-9.258,-0.143,0.07,-0.114,81.84,0.0,26.6,32,1,1
10:52:24.231,VIGILE,1,170.94,2.67,0.252,-1.396,4.178,-9.79,-0.116,0.062,-0.037,81.84,0.0,26.6,32,1,1
10:52:24.731,VIGILE,1,169.34,-2.93,0.234,-0.383,3.266,-7.968,-0.122,0.043,-0.018,81.84,0.0,26.6,32,1,1
10:52:25.231,VIGILE,1,173.56,-11.65,0.229,-2.004,3.912,-7.7,-0.081,0.185,0.041,81.84,0.0,26.6,32,1,1
10:52:25.731,VIGILE,1,174.3,-7.96,0.244,-1.369,3.455,-8.871,-0.116,0.036,0.022,81.84,0.0,26.6,32,1,1
10:52:26.231,VIGILE,1,173.96,-4.46,0.239,-1.173,3.752,-8.988,-0.121,0.048,0.019,81.84,0.0,26.6,32,1,1
10:52:26.731,VIGILE,1,175.22,-28.87,0.273,-0.816,3.474,-9.062,-0.129,0.055,0.002,81.84,0.0,26.6,32,1,1
10:52:27.231,VIGILE,1,170.81,-16.73,0.211,-0.024,2.433,-9.055,-0.183,0.102,-0.008,81.84,0.0,26.6,32,1,1
10:52:27.732,VIGILE,1,173.93,0.46,0.265,0.484,2.512,-9.548,-0.113,0.062,-0.006,81.84,0.0,26.6,32,1,1
10:52:28.232,VIGILE,1,174.52,-1.59,0.239,0.383,2.732,-9.328,-0.175,0.084,-0.032,81.84,0.0,26.6,32,1,1
10:52:28.732,VIGILE,1,176.18,-3.26,0.257,-0.18,2.892,-9.342,-0.126,0.06,-0.017,81.84,0.0,26.5,32,1,1
10:52:29.232,VIGILE,1,176.21,-1.4,0.24,0.208,2.751,-9.625,-0.166,0.084,-0.026,81.84,0.0,26.5,32,1,1
10:52:29.732,VIGILE,1,176.6,-0.47,0.254,-1.077,3.294,-9.266,-0.166,0.052,-0.036,81.84,0.0,26.5,32,1,1
10:52:30.232,VIGILE,1,175.66,-1.66,0.255,-0.151,2.923,-9.507,-0.145,0.058,-0.009,81.84,0.0,26.5,32,1,1
10:52:30.732,VIGILE,1,178.17,-4.85,0.267,-0.168,2.693,-8.736,-0.141,0.072,-0.004,81.84,0.0,26.5,32,1,1
10:52:31.232,VIGILE,1,175.04,-2.11,0.276,-1.13,3.129,-8.928,-0.149,0.047,-0.019,81.84,0.0,26.5,32,1,1
10:52:31.732,VIGILE,1,173.61,-5.96,0.214,-0.378,3.153,-8.447,-0.182,0.061,-0.028,81.84,0.0,26.5,32,1,1
10:52:32.232,VIGILE,1,173.05,-3.65,0.234,-0.675,2.966,-9.562,-0.133,0.072,-0.037,81.84,0.0,26.5,32,1,1
10:52:32.732,VIGILE,1,173.09,-6.44,0.118,-1.437,3.098,-9.44,-0.117,0.105,-0.03,81.84,0.0,26.5,32,1,1
10:52:33.232,VIGILE,1,174.66,-8.48,0.236,-0.986,3.187,-9.218,-0.08,0.052,-0.045,81.84,0.0,26.5,32,1,1
10:52:33.732,VIGILE,1,172.77,-4.1,0.242,-1.566,2.861,-9.033,-0.144,0.082,-0.031,81.84,0.0,26.5,32,1,1
10:52:34.232,VIGILE,1,173.4,-5.36,0.234,-2.421,3.069,-8.708,-0.127,-0.004,-0.034,81.84,0.0,26.5,32,1,1
10:52:34.733,VIGILE,1,174.38,-1.93,0.249,-3.28,3.725,-8.329,-0.133,0.085,-0.025,81.84,0.0,26.5,32,1,1
10:52:35.233,VIGILE,1,170.02,0.39,0.24,-3.361,3.639,-8.784,-0.225,0.093,-0.028,81.84,0.0,26.5,32,1,1
10:52:35.733,VIGILE,1,171.32,1.35,0.249,-3.4,4.041,-8.095,-0.192,0.055,-0.022,81.84,0.0,26.5,32,1,1
10:52:36.233,VIGILE,1,175.37,2.54,0.268,-1.209,3.11,-8.871,-0.083,0.079,0.007,81.84,0.0,26.4,32,1,1
10:52:36.733,VIGILE,1,173.03,3.08,0.26,-2.064,3.596,-8.871,-0.119,0.046,-0.006,81.84,0.0,26.4,32,1,1
10:52:37.233,VIGILE,1,175.73,3.02,0.256,-1.152,2.904,-8.954,-0.163,0.06,-0.015,81.84,0.0,26.4,32,1,1
10:52:37.733,VIGILE,1,175.72,-0.82,0.274,-0.124,2.557,-9.402,-0.116,0.061,0.03,81.84,0.0,26.4,32,1,1
10:52:38.233,VIGILE,1,177.91,-1.69,0.264,-0.311,2.67,-9.347,-0.096,0.054,0.036,81.84,0.0,26.4,32,1,1
10:52:38.733,VIGILE,1,172.88,0.51,0.267,0.196,2.749,-9.524,-0.081,0.05,0.029,81.84,0.0,26.4,32,1,1
10:52:39.233,VIGILE,1,176.0,-10.0,0.274,-0.682,2.708,-9.163,-0.128,0.064,0.017,81.84,0.0,26.4,32,1,1
10:52:39.733,VIGILE,1,176.76,-9.75,0.268,-0.632,3.045,-9.699,-0.071,0.029,0.034,81.84,0.0,26.4,32,1,1
10:52:40.233,VIGILE,1,175.45,-7.29,0.273,-0.05,2.737,-8.981,-0.131,0.052,-0.011,81.84,0.0,26.4,32,1,1
10:52:40.733,VIGILE,1,175.07,-7.09,0.252,-0.306,2.88,-9.191,-0.169,0.09,-0.015,81.84,0.0,26.4,32,1,1
10:52:41.234,VIGILE,1,171.35,-30.91,0.306,-0.347,2.763,-8.892,-0.137,0.08,-0.008,81.84,0.0,26.4,32,1,1
10:52:41.734,VIGILE,1,171.07,-33.42,0.187,-1.389,2.878,-9.318,-0.114,0.046,-0.011,81.84,0.0,26.4,32,1,1
10:52:42.234,VIGILE,1,166.37,-68.91,0.379,-2.665,3.582,-9.076,-0.106,0.056,-0.021,81.84,0.0,26.4,32,1,1
10:52:42.734,VIGILE,1,172.1,-40.98,0.424,-0.95,3.239,-8.655,-0.175,0.07,-0.018,81.84,0.0,26.4,32,1,1
10:52:43.234,VIGILE,0,0.0,0.0,0.0,-1.705,3.45,-8.887,-0.124,0.05,-0.016,81.84,0.0,26.4,32,1,1
10:52:43.734,DISTRAZIONE,1,167.4,-77.46,0.486,-1.652,3.33,-8.947,-0.132,0.086,-0.014,81.84,0.0,26.4,31,1,1
10:52:44.234,DISTRAZIONE,1,176.0,-38.47,0.397,-1.633,3.026,-9.483,-0.071,0.019,0.013,81.84,0.0,26.4,31,1,1
10:52:44.734,DISTRAZIONE,1,176.11,-44.22,0.668,-0.601,2.399,-9.646,-0.152,0.08,-0.024,81.84,0.0,26.4,31,1,1
10:52:45.234,DISTRAZIONE,1,162.58,-72.93,0.431,-0.522,3.136,-9.158,-0.146,0.045,-0.027,81.84,0.0,26.4,31,1,1
10:52:45.734,DISTRAZIONE,1,166.12,-74.33,0.52,-0.874,2.49,-9.737,-0.153,0.077,-0.042,81.84,0.0,26.4,31,1,1
10:52:46.234,DISTRAZIONE,1,174.16,-39.19,0.335,-1.123,2.777,-9.929,-0.155,0.092,-0.035,81.84,0.0,26.3,31,1,1
10:52:46.734,DISTRAZIONE,1,155.41,-78.0,0.667,-0.728,2.959,-9.438,-0.141,0.063,-0.002,81.84,0.0,26.3,31,1,1
10:52:47.234,DISTRAZIONE,1,175.13,-37.54,0.293,-0.5,3.311,-9.522,-0.09,0.082,0.003,81.84,0.0,26.3,31,1,1
10:52:47.734,DISTRAZIONE,1,159.52,-73.32,0.398,-0.266,2.835,-8.99,-0.148,0.034,-0.003,81.84,0.0,26.3,31,1,1
10:52:48.234,DISTRAZIONE,1,160.24,-42.45,0.356,0.108,2.83,-9.665,-0.149,0.082,-0.011,81.84,0.0,26.3,31,1,1
10:52:48.734,DISTRAZIONE,1,173.51,-34.0,0.321,0.16,2.799,-9.491,-0.177,0.072,-0.022,81.84,0.0,26.3,31,1,1
10:52:49.235,DISTRAZIONE,0,0.0,0.0,0.0,-1.906,3.352,-8.894,-0.08,0.075,0.013,81.84,0.0,26.3,31,1,1
10:52:49.735,DISTRAZIONE,1,172.93,-26.36,0.327,-0.788,3.115,-8.289,-0.167,0.067,-0.038,81.84,0.0,26.3,31,1,1
10:52:50.235,DISTRAZIONE,1,175.0,-30.3,0.24,-0.539,2.909,-9.263,-0.129,0.044,-0.014,81.84,0.0,26.3,31,1,1
10:52:50.735,DISTRAZIONE,1,175.73,-12.56,0.241,0.156,2.813,-8.775,-0.191,0.102,-0.041,81.84,0.0,26.3,31,1,1
10:52:51.235,DISTRAZIONE,1,173.39,-0.01,0.221,-1.087,3.297,-8.887,-0.135,0.034,-0.014,81.84,0.0,26.3,31,1,1
10:52:51.735,DISTRAZIONE,1,169.13,4.15,0.196,-1.044,3.053,-9.048,-0.114,0.063,-0.025,81.84,0.0,26.3,31,1,1
10:52:52.235,VIGILE,1,170.49,0.8,0.225,-1.142,2.82,-8.882,-0.189,0.108,-0.041,81.84,0.0,26.3,31,1,1
10:52:52.735,VIGILE,1,175.57,1.73,0.191,-0.888,2.938,-8.947,-0.162,0.103,-0.022,81.84,0.0,26.3,31,1,1
10:52:53.235,VIGILE,1,174.36,-0.97,0.12,-0.294,3.302,-8.918,-0.156,0.076,-0.012,81.84,0.0,26.3,31,1,1
10:52:53.735,VIGILE,1,177.21,-3.73,0.237,-0.567,3.036,-9.895,-0.098,0.059,0.005,81.84,0.0,26.3,31,1,1
10:52:54.235,VIGILE,1,175.08,0.35,0.254,-0.469,2.756,-9.742,-0.11,0.063,-0.011,81.84,0.0,26.3,31,1,1
10:52:54.735,VIGILE,1,175.01,0.99,0.231,-0.498,2.622,-9.177,-0.117,0.055,-0.002,81.84,0.0,26.3,31,1,1
10:52:55.235,VIGILE,1,174.5,-1.78,0.236,-1.051,2.851,-9.16,-0.124,0.076,-0.019,81.84,0.0,26.3,31,1,1
10:52:55.735,VIGILE,1,176.01,-2.26,0.197,-0.833,2.904,-8.823,-0.107,0.06,-0.02,81.84,0.0,26.3,31,1,1
10:52:56.235,VIGILE,1,178.26,-3.01,0.266,-0.019,3.472,-8.65,-0.132,0.093,-0.026,81.84,0.0,26.2,32,1,1
10:52:56.736,VIGILE,1,178.54,-1.59,0.281,-1.018,3.254,-9.153,-0.124,0.054,-0.035,81.84,0.0,26.2,32,1,1
10:52:57.236,VIGILE,1,176.77,-3.84,0.283,-0.888,2.954,-8.906,-0.149,0.097,-0.021,81.84,0.0,26.2,32,1,1
10:52:57.736,VIGILE,1,178.62,-7.98,0.269,-0.302,3.412,-8.351,-0.185,0.079,-0.04,81.84,0.0,26.2,32,1,1
10:52:58.236,VIGILE,1,179.04,-6.21,0.271,-0.886,3.531,-9.589,-0.106,0.0,0.002,81.84,0.0,26.2,32,1,1
10:52:58.736,VIGILE,1,174.39,-1.65,0.261,-0.536,3.378,-9.529,-0.143,0.066,-0.015,81.84,0.0,26.2,32,1,1
10:52:59.236,VIGILE,1,176.51,-4.18,0.267,-1.255,3.206,-8.724,-0.109,0.062,-0.023,81.84,0.0,26.2,32,1,1
10:52:59.736,VIGILE,1,176.92,-11.61,0.24,-1.087,3.309,-8.681,-0.248,0.076,-0.043,81.84,0.0,26.2,32,1,1
10:53:00.236,VIGILE,1,174.95,-6.65,0.257,-1.068,2.82,-9.076,-0.132,0.057,-0.002,81.84,0.0,26.2,32,1,1
10:53:00.736,VIGILE,1,174.29,-1.33,0.243,-1.003,3.292,-7.925,-0.042,0.024,-0.013,81.84,0.0,26.2,32,1,1
10:53:01.236,VIGILE,1,176.42,4.23,0.265,-1.202,3.833,-9.081,-0.081,0.053,-0.013,81.84,0.0,26.2,32,1,1
10:53:01.736,VIGILE,1,177.39,0.33,0.261,-0.345,2.801,-8.868,-0.197,0.103,-0.045,81.84,0.0,26.2,32,1,1
10:53:02.236,VIGILE,1,175.48,-2.51,0.238,-0.941,3.397,-9.115,-0.076,0.049,-0.026,81.84,0.0,26.2,32,1,1
10:53:02.736,VIGILE,1,177.47,-6.17,0.267,-1.195,2.995,-9.153,-0.118,0.072,-0.022,81.84,0.0,26.2,32,1,1
10:53:03.236,VIGILE,1,176.4,-7.07,0.265,-0.632,2.873,-9.313,-0.099,0.031,-0.046,81.84,0.0,26.2,32,1,1
10:53:03.736,VIGILE,1,177.62,-8.98,0.264,-1.377,3.074,-9.122,-0.086,0.034,-0.016,81.84,0.0,26.2,31,1,1
10:53:04.237,VIGILE,1,177.54,-9.25,0.253,-1.595,2.969,-9.175,-0.156,0.065,-0.016,81.84,0.0,26.2,31,1,1
10:53:04.737,VIGILE,1,175.87,-6.45,0.255,-1.176,3.019,-8.653,-0.142,0.069,-0.021,81.84,0.0,26.2,31,1,1
10:53:05.237,VIGILE,1,176.95,-8.13,0.258,-1.427,3.46,-9.4,-0.119,0.062,-0.019,81.84,0.0,26.2,31,1,1
10:53:05.737,VIGILE,1,177.45,-1.43,0.244,-1.525,3.563,-9.076,-0.086,0.048,-0.005,81.84,0.0,26.2,31,1,1
10:53:06.237,VIGILE,1,177.26,-6.41,0.222,-1.946,3.024,-9.014,-0.15,0.074,-0.009,81.84,0.0,26.2,31,1,1
10:53:06.737,VIGILE,1,177.48,-8.25,0.232,-0.939,3.718,-9.22,-0.137,0.058,0.003,81.84,0.0,26.2,31,1,1
10:53:07.237,VIGILE,1,177.62,-8.26,0.242,-1.075,3.982,-8.923,-0.131,0.075,0.005,81.84,0.0,26.2,31,1,1
10:53:07.737,VIGILE,1,177.78,-7.86,0.079,-1.075,3.63,-8.686,-0.123,0.042,0.035,81.84,0.0,26.2,31,1,1
10:53:08.237,VIGILE,1,176.39,-11.99,0.237,-1.049,4.152,-9.649,-0.105,0.037,0.037,81.84,0.0,26.2,31,1,1
10:53:08.737,VIGILE,1,177.74,-5.28,0.077,-1.03,3.575,-9.108,-0.123,0.044,0.026,81.84,0.0,26.2,31,1,1
10:53:09.237,VIGILE,1,176.76,-5.39,0.247,-1.178,3.515,-9.163,-0.098,0.06,-0.013,81.84,0.0,26.2,31,1,1
10:53:09.737,VIGILE,1,177.05,-5.74,0.099,-1.448,2.816,-8.825,-0.164,0.06,-0.022,81.84,0.0,26.2,31,1,1
10:53:10.237,VIGILE,1,177.99,-5.05,0.043,-1.585,3.187,-9.041,-0.11,0.058,-0.045,81.84,0.0,26.2,31,1,1
10:53:10.737,SONNOLENZA,1,-179.21,-10.69,0.258,-0.883,2.861,-8.258,-0.193,0.13,-0.047,81.84,0.0,26.2,31,1,1
10:53:11.237,SONNOLENZA,1,-169.17,-23.19,0.109,-1.221,3.031,-9.38,-0.112,0.047,-0.033,81.84,0.0,26.2,31,1,1
10:53:11.737,SONNOLENZA,1,-176.37,-11.89,0.247,-1.087,3.424,-9.239,-0.091,0.056,-0.018,81.84,0.0,26.2,31,1,1
10:53:12.238,SONNOLENZA,1,-177.52,-12.38,0.253,-0.95,2.698,-8.863,-0.155,0.102,-0.027,81.84,0.0,26.2,31,1,1
10:53:12.738,SONNOLENZA,1,-173.39,-11.81,0.105,-1.111,3.057,-9.014,-0.113,0.057,-0.026,81.84,0.0,26.2,31,1,1
10:53:13.238,SONNOLENZA,1,-169.31,-34.65,0.19,-1.202,3.256,-8.887,-0.139,0.055,-0.038,81.84,0.0,26.2,31,1,1
10:53:13.738,SONNOLENZA,1,-176.55,-15.38,0.255,-1.216,2.964,-9.227,-0.191,0.073,-0.038,81.84,0.0,26.1,31,1,1
10:53:14.238,SONNOLENZA,1,-175.35,-13.71,0.276,-1.094,2.693,-9.036,-0.148,0.072,-0.04,81.84,0.0,26.1,31,1,1
10:53:14.738,SONNOLENZA,1,-176.68,-9.1,0.147,-1.724,3.208,-8.894,-0.133,0.067,-0.016,81.84,0.0,26.1,31,1,1
10:53:15.238,SONNOLENZA,1,-173.47,-13.8,0.292,-0.982,3.156,-9.282,-0.13,0.06,-0.027,81.84,0.0,26.1,31,1,1
10:53:15.738,SONNOLENZA,1,-175.55,-11.89,0.277,-1.465,3.141,-8.662,-0.133,0.082,-0.023,81.84,0.0,26.1,31,1,1
10:53:16.238,SONNOLENZA,1,-178.79,-11.33,0.265,-2.152,3.543,-8.787,-0.135,0.052,-0.02,81.84,0.0,26.1,31,1,1
10:53:16.738,SONNOLENZA,1,-166.44,-26.07,0.104,-3.11,3.807,-8.973,-0.108,0.074,-0.007,81.84,0.0,26.1,31,1,1
10:53:17.238,SONNOLENZA,1,-169.2,-32.4,0.306,-2.193,3.393,-8.526,-0.086,0.031,0.002,81.84,0.0,26.1,31,1,1
10:53:17.738,SONNOLENZA,1,-169.92,-35.86,0.313,-1.918,3.735,-8.514,-0.159,0.086,-0.029,81.84,0.0,26.1,31,1,1
10:53:18.238,SONNOLENZA,1,-165.82,-31.62,0.218,-2.509,3.642,-8.222,-0.165,0.056,-0.031,81.84,0.0,26.1,31,1,1
10:53:18.738,SONNOLENZA,1,-146.71,-18.4,0.109,-3.242,4.319,-8.461,-0.143,0.07,-0.027,81.84,0.0,26.1,31,1,1
10:53:19.238,SONNOLENZA,1,-143.45,-14.44,0.14,-4.039,4.29,-7.977,-0.126,0.085,-0.019,81.84,0.0,26.1,31,1,1
10:53:19.738,SONNOLENZA,1,-143.21,-15.1,0.138,-0.565,3.06,-9.529,-0.119,0.094,-0.011,81.84,0.0,26.1,31,1,1
10:53:20.239,SONNOLENZA,0,0.0,0.0,0.0,-1.073,3.139,-8.933,-0.14,0.069,-0.026,81.84,0.0,26.1,31,1,1
10:53:20.739,SONNOLENZA,1,159.96,4.09,0.088,-1.116,3.172,-9.155,-0.138,0.068,-0.02,81.84,0.0,26.1,31,1,1
10:53:21.239,SONNOLENZA,1,173.33,-6.4,0.022,-0.814,3.017,-9.038,-0.142,0.071,-0.02,81.84,0.0,26.1,31,1,1
10:53:21.739,SONNOLENZA,1,178.88,-13.85,0.106,-0.977,3.211,-9.055,-0.137,0.067,-0.022,81.84,0.0,26.1,31,1,1
10:53:22.239,SONNOLENZA,1,178.62,-14.98,0.272,-0.96,3.062,-8.995,-0.138,0.076,-0.02,81.84,0.0,26.1,31,1,1
10:53:22.739,SONNOLENZA,1,176.54,-15.94,0.099,-0.855,3.163,-9.215,-0.136,0.066,-0.02,81.84,0.0,26.1,31,1,1
10:53:23.239,SONNOLENZA,1,174.7,-16.74,0.069,-0.939,3.038,-8.909,-0.14,0.073,-0.016,81.84,0.0,26.1,31,1,1
10:53:23.739,SONNOLENZA,1,172.26,-14.99,0.037,-1.013,3.287,-9.256,-0.13,0.063,-0.017,81.84,0.0,26.1,31,1,1
10:53:24.240,SONNOLENZA,1,175.88,-16.29,0.287,-0.986,3.077,-9.069,-0.129,0.068,-0.013,81.84,0.0,26.1,31,1,1
10:53:24.740,SONNOLENZA,1,172.74,-7.02,0.218,-1.001,3.261,-9.179,-0.13,0.064,-0.017,81.84,0.0,26.1,31,1,1
10:53:25.240,SONNOLENZA,1,175.1,31.54,0.27,-1.099,3.213,-9.005,-0.13,0.067,-0.019,81.84,0.0,26.1,31,1,1
10:53:25.740,SONNOLENZA,1,168.52,9.52,0.175,-0.922,3.187,-9.129,-0.126,0.071,-0.015,81.84,0.0,26.1,31,1,1
10:53:26.240,SONNOLENZA,1,172.48,-1.22,0.265,-0.919,3.1,-9.23,-0.136,0.058,-0.022,81.84,0.0,26.1,31,1,1
10:53:26.740,SONNOLENZA,1,173.62,-3.55,0.264,-0.797,3.038,-8.588,-0.155,0.095,-0.025,81.84,0.0,26.1,31,1,1
10:53:27.240,VIGILE,1,175.04,-4.28,0.29,-1.07,3.232,-9.354,-0.139,0.072,-0.019,81.84,0.0,26.1,31,1,1
10:53:27.740,VIGILE,1,178.8,-6.81,0.289,0.692,2.409,-9.759,-0.135,0.067,-0.017,81.84,0.0,26.1,31,1,1
10:53:28.240,VIGILE,1,-179.85,-5.71,0.284,0.891,2.444,-9.993,-0.173,0.09,-0.034,81.84,0.0,26.1,31,1,1
10:53:28.740,VIGILE,1,176.61,-6.94,0.093,1.939,2.138,-10.235,-0.136,0.062,-0.029,81.84,0.0,26.1,31,1,1
10:53:29.240,VIGILE,1,-179.6,-2.9,0.294,0.749,2.768,-9.512,-0.167,0.088,-0.032,81.84,0.0,26.1,31,1,1
10:53:29.740,VIGILE,1,179.07,-5.08,0.306,0.769,2.452,-10.056,-0.12,0.048,-0.013,81.84,0.0,26.1,31,1,1
10:53:30.240,VIGILE,1,179.45,-9.94,0.299,-0.055,2.772,-9.651,-0.091,0.089,-0.006,81.84,0.0,26.1,31,1,1
10:53:30.740,VIGILE,1,175.51,-10.22,0.142,-0.663,3.065,-9.323,-0.131,0.03,-0.013,81.84,0.0,26.1,31,1,1
10:53:31.240,VIGILE,1,179.38,-9.47,0.282,-1.489,3.072,-8.909,-0.139,0.069,-0.022,81.84,0.0,26.1,31,1,1
10:53:31.740,VIGILE,1,176.47,-7.94,0.16,-1.176,3.28,-8.918,-0.132,0.062,-0.027,81.84,0.0,26.1,31,1,1
10:53:32.240,VIGILE,1,-179.65,-9.94,0.291,-0.469,3.247,-9.704,-0.115,0.062,-0.019,81.84,0.0,26.1,31,1,1
10:53:32.741,VIGILE,1,-179.6,-7.74,0.288,-0.175,2.459,-9.215,-0.122,0.076,-0.026,81.84,0.0,26.1,31,1,1
10:53:33.241,VIGILE,1,179.41,-5.98,0.297,-0.486,3.081,-8.77,-0.147,0.068,-0.035,81.84,0.0,26.1,31,1,1
10:53:33.741,VIGILE,1,179.48,18.82,0.305,-0.893,2.248,-9.17,-0.177,0.131,-0.113,81.84,0.0,26.1,31,1,1
10:53:34.241,VIGILE,1,179.94,30.27,0.288,0.462,3.788,-9.266,-0.101,0.053,0.026,81.84,0.0,26.1,31,1,1
10:53:34.741,VIGILE,1,179.6,42.8,0.358,1.08,3.828,-8.665,-0.131,0.062,0.042,81.84,0.0,26.1,31,1,1
10:53:35.241,VIGILE,1,171.8,43.04,0.269,-0.127,2.983,-8.832,-0.093,0.05,0.027,81.84,0.0,26.1,31,1,1
10:53:35.741,VIGILE,1,174.85,-12.89,0.25,-0.881,2.923,-8.078,-0.189,0.089,-0.029,81.84,0.0,26.1,31,1,1
10:53:36.241,VIGILE,1,173.98,-6.09,0.281,-1.135,2.772,-9.057,-0.099,0.087,-0.041,81.84,0.0,26.1,31,1,1
10:53:36.741,VIGILE,1,177.28,-10.9,0.273,-0.172,3.084,-8.748,-0.247,0.151,-0.06,81.84,0.0,26.1,31,1,1
10:53:37.241,VIGILE,1,176.22,-2.24,0.28,-0.589,3.144,-10.93,-0.114,0.089,-0.002,81.84,0.0,26.1,31,1,1
10:53:37.741,VIGILE,1,177.06,38.33,0.351,-1.077,3.383,-8.78,-0.128,0.06,-0.008,81.84,0.0,26.1,31,1,1
10:53:38.241,VIGILE,1,175.18,48.33,0.467,-1.128,2.828,-9.084,-0.149,0.068,-0.015,81.84,0.0,26.1,31,1,1
10:53:38.741,VIGILE,1,174.48,-8.01,0.099,-0.802,2.38,-8.681,-0.058,-0.011,-0.017,81.84,0.0,26.1,31,1,1
10:53:39.241,VIGILE,1,176.09,-16.35,0.27,-0.63,3.314,-9.507,-0.052,0.029,0.002,81.84,0.0,26.1,31,1,1
10:53:39.741,VIGILE,1,174.87,-18.1,0.285,-0.702,2.744,-8.892,-0.167,0.09,-0.014,81.84,0.0,26.1,31,1,1
10:53:40.241,VIGILE,1,173.26,-16.23,0.284,-0.697,2.947,-8.76,-0.183,0.09,-0.024,81.84,0.0,26.1,31,1,1
10:53:40.742,VIGILE,1,175.06,-18.78,0.266,-0.95,3.309,-9.1,-0.11,0.076,-0.014,81.84,0.0,26.1,31,1,1
10:53:41.242,VIGILE,1,175.81,-13.87,0.262,-0.948,3.268,-9.316,-0.082,0.045,-0.003,81.84,0.0,26.0,31,1,1
10:53:41.742,VIGILE,1,171.9,-6.71,0.276,-1.372,3.603,-9.627,-0.109,0.041,-0.02,81.84,0.0,26.0,31,1,1
10:53:42.242,VIGILE,1,175.75,-11.57,0.28,-0.979,3.067,-8.997,-0.132,0.086,-0.017,81.84,0.0,26.0,31,1,1
10:53:42.742,VIGILE,1,174.4,-9.24,0.26,-1.125,2.768,-9.285,-0.113,0.081,-0.016,81.84,0.0,26.0,31,1,1
10:53:43.242,VIGILE,1,175.58,-10.72,0.244,-0.907,3.177,-9.167,-0.094,0.061,-0.015,81.84,0.0,26.0,31,1,1
10:53:43.742,VIGILE,1,174.46,-10.09,0.243,-0.694,2.746,-9.081,-0.152,0.081,-0.031,81.84,0.0,26.0,31,1,1
10:53:44.242,VIGILE,1,174.49,-11.26,0.263,-0.831,3.397,-9.12,-0.12,0.056,-0.025,81.84,0.0,26.0,31,1,1
10:53:44.742,VIGILE,1,174.55,-11.25,0.254,-1.073,3.328,-9.232,-0.098,0.057,-0.011,81.84,0.0,26.0,31,1,1
10:53:45.242,VIGILE,1,174.35,-9.47,0.229,-1.001,2.878,-9.208,-0.114,0.055,-0.01,81.84,0.0,26.0,31,1,1
10:53:45.742,VIGILE,1,174.76,-9.17,0.262,-0.706,3.244,-9.91,-0.084,0.056,-0.003,81.84,0.0,26.0,31,1,1
10:53:46.242,VIGILE,1,172.89,-8.11,0.264,-0.536,3.007,-8.861,-0.115,0.048,-0.013,81.84,0.0,26.0,31,1,1
10:53:46.742,VIGILE,1,176.05,-8.15,0.272,0.06,3.153,-9.062,-0.164,0.08,-0.014,81.84,0.0,26.0,31,1,1
10:53:47.242,VIGILE,1,175.42,-7.05,0.184,-0.524,2.471,-9.244,-0.127,0.082,-0.013,81.84,0.0,26.0,31,1,1
10:53:47.742,VIGILE,1,174.45,-6.73,0.25,-0.984,3.773,-9.321,-0.094,0.063,-0.009,81.84,0.0,26.0,31,1,1
10:53:48.242,VIGILE,1,176.44,-8.65,0.261,-0.539,2.818,-9.366,-0.115,0.058,-0.014,81.84,0.0,26.0,31,1,1
10:53:48.743,VIGILE,1,175.33,-8.1,0.263,0.103,3.63,-8.849,-0.099,0.05,0.003,81.84,0.0,26.0,31,1,1
10:53:49.243,VIGILE,1,175.06,-11.17,0.259,-1.13,3.608,-9.136,-0.045,0.051,-0.006,81.84,0.0,26.0,31,1,1
10:53:49.743,VIGILE,1,178.35,-10.27,0.268,-2.023,3.328,-8.911,-0.045,0.181,-0.018,81.84,0.0,26.0,31,1,1
10:53:50.243,VIGILE,1,177.77,-10.62,0.263,0.316,3.232,-9.773,-0.259,0.088,-0.056,81.84,0.0,26.0,31,1,1
10:53:50.743,VIGILE,1,176.25,-10.76,0.254,-1.41,3.402,-9.807,-0.006,-0.008,-0.004,81.84,0.0,26.0,31,1,1
10:53:51.243,VIGILE,1,177.79,-8.89,0.299,0.139,-3.273,-7.295,-0.2,0.238,-0.035,81.84,0.0,26.0,31,1,1
10:53:51.743,VIGILE,1,173.84,-6.26,0.257,-1.073,3.632,-7.815,-0.231,0.075,-0.04,81.84,0.0,26.0,31,1,1
10:53:52.243,VIGILE,1,175.8,-10.45,0.269,-1.712,3.713,-8.219,-0.22,0.124,-0.065,81.84,0.0,26.0,31,1,1
10:53:52.743,VIGILE,1,174.06,-6.99,0.242,-1.52,3.613,-8.952,-0.147,0.047,-0.02,81.84,0.0,26.0,31,1,1
10:53:53.243,VIGILE,1,175.85,-10.35,0.259,-1.161,3.517,-9.103,-0.116,0.059,0.002,81.84,0.0,26.0,31,1,1
10:53:53.743,VIGILE,1,177.04,-12.65,0.255,-2.054,2.892,-9.112,-0.098,0.137,0.027,81.84,0.0,26.0,31,1,1
10:53:54.243,VIGILE,1,173.77,-8.04,0.258,-1.602,3.249,-8.973,-0.203,0.095,-0.048,81.84,0.0,26.0,31,1,1
10:53:54.743,VIGILE,1,174.78,-8.94,0.259,-1.982,2.962,-9.804,-0.127,0.076,-0.022,81.84,0.0,26.0,31,1,1
10:53:55.243,VIGILE,1,173.74,-7.91,0.16,-1.956,1.719,-8.973,-0.106,0.062,-0.013,81.84,0.0,26.0,31,1,1
10:53:55.743,VIGILE,1,177.35,-11.42,0.247,-2.947,4.334,-7.578,0.202,0.025,0.077,81.84,0.0,26.0,31,1,1
10:53:56.244,VIGILE,1,174.79,-10.95,0.248,-1.293,3.232,-9.364,-0.148,0.054,0.03,81.84,0.0,26.0,31,1,1
10:53:56.744,VIGILE,1,175.15,-11.48,0.267,-1.616,3.649,-9.246,-0.083,0.053,-0.005,81.84,0.0,26.0,31,1,1
10:53:57.244,VIGILE,1,174.87,-11.45,0.254,-1.453,2.164,-8.983,-0.131,0.056,0.026,81.84,0.0,26.0,31,1,1
10:53:57.744,VIGILE,1,173.61,-8.01,0.237,-1.817,3.16,-8.689,-0.078,0.04,-0.024,81.84,0.0,26.0,31,1,1
10:53:58.244,VIGILE,1,175.51,-11.4,0.24,-1.391,3.405,-9.194,-0.105,0.067,-0.05,81.84,0.0,26.0,31,1,1
10:53:58.744,VIGILE,1,169.28,-7.23,0.236,-1.508,1.688,-8.741,-0.153,0.052,-0.025,81.84,0.0,26.0,31,1,1
10:53:59.244,VIGILE,1,172.84,-4.18,0.219,-1.599,4.487,-7.345,-0.242,0.129,-0.095,81.84,0.0,26.0,31,1,1
10:53:59.744,VIGILE,1,172.44,-2.76,0.152,-2.083,2.701,-9.227,-0.156,0.06,-0.069,81.84,0.0,26.0,31,1,1
10:54:00.244,VIGILE,1,173.11,-6.54,0.146,-1.844,3.539,-8.768,-0.115,0.055,-0.03,81.84,0.0,26.0,31,1,1
10:54:00.744,VIGILE,1,171.86,-7.31,0.231,-2.756,2.835,-9.136,-0.144,0.092,-0.018,81.84,0.0,26.0,31,1,1
10:54:01.244,VIGILE,1,168.3,-5.0,0.222,-4.269,4.152,-8.078,-0.188,0.06,-0.038,81.84,0.0,26.0,31,1,1
10:54:01.744,VIGILE,1,173.35,0.04,0.267,-4.817,4.336,-8.107,-0.154,0.089,-0.021,81.84,0.0,26.0,31,1,1
10:54:02.244,VIGILE,1,175.11,-1.3,0.271,-3.378,3.941,-8.399,-0.131,0.073,-0.042,81.84,0.0,26.0,31,1,1
10:54:02.744,VIGILE,1,179.61,-2.84,0.216,-3.273,3.735,-8.44,-0.128,0.077,-0.02,81.84,0.0,26.0,31,1,1
10:54:03.244,VIGILE,1,173.89,-8.39,0.235,-1.298,2.916,-8.83,-0.148,0.074,-0.022,81.84,0.0,26.0,31,1,1
10:54:03.744,VIGILE,1,172.48,-0.49,0.21,-1.135,2.964,-9.151,-0.128,0.069,-0.017,81.84,0.0,26.0,31,1,1
10:54:04.245,VIGILE,1,171.36,-7.97,0.229,-1.022,2.761,-8.897,-0.128,0.069,-0.022,81.84,0.0,26.0,31,1,1
10:54:04.745,VIGILE,0,0.0,0.0,0.0,-1.049,3.129,-9.282,-0.123,0.069,-0.023,81.84,0.0,26.0,31,1,1
10:54:05.245,VIGILE,1,166.7,70.92,0.672,-1.085,2.811,-9.325,-0.112,0.069,-0.018,81.84,0.0,26.0,31,1,1
10:54:05.745,VIGILE,1,169.37,70.56,0.474,-1.092,2.89,-9.194,-0.12,0.067,-0.016,81.84,0.0,26.0,31,1,1
10:54:06.245,VIGILE,1,175.41,70.95,0.732,-1.077,2.962,-9.16,-0.137,0.07,-0.018,81.84,0.0,26.0,31,1,1
10:54:06.745,DISTRAZIONE,1,174.84,71.5,0.55,-0.855,2.804,-9.199,-0.133,0.066,-0.015,81.84,0.0,26.0,31,1,1
10:54:07.245,DISTRAZIONE,1,174.84,71.45,0.503,-1.135,2.907,-9.323,-0.129,0.072,-0.02,81.84,0.0,26.0,31,1,1
10:54:07.745,DISTRAZIONE,1,172.77,70.28,0.466,-1.027,2.811,-8.942,-0.128,0.067,-0.014,81.84,0.0,26.0,31,1,1
10:54:08.245,DISTRAZIONE,1,173.85,70.08,0.646,-1.087,2.883,-9.448,-0.137,0.073,-0.022,81.84,0.0,26.0,31,1,1
10:54:08.745,DISTRAZIONE,1,173.89,69.51,0.588,-1.065,2.772,-9.019,-0.144,0.071,-0.019,81.84,0.0,26.0,31,1,1
10:54:09.245,DISTRAZIONE,1,175.98,68.46,0.65,-1.101,2.983,-9.213,-0.129,0.07,-0.014,81.84,0.0,26.0,31,1,1
10:54:09.745,DISTRAZIONE,1,177.21,69.44,0.664,-1.039,2.935,-9.234,-0.132,0.064,-0.019,81.84,0.0,26.0,31,1,1
10:54:10.245,DISTRAZIONE,1,175.85,69.78,0.643,-0.991,2.772,-9.179,-0.132,0.066,-0.019,81.84,0.0,26.0,31,1,1
10:54:10.745,DISTRAZIONE,1,173.05,70.87,0.655,-1.044,2.964,-9.412,-0.135,0.069,-0.026,81.84,0.0,26.0,31,1,1
10:54:11.245,DISTRAZIONE,1,168.58,67.16,0.593,-1.118,2.828,-8.976,-0.135,0.071,-0.02,81.84,0.0,26.0,31,1,1
10:54:11.745,DISTRAZIONE,1,171.77,67.31,0.644,-1.092,2.95,-9.412,-0.133,0.071,-0.019,81.84,0.0,26.0,31,1,1
10:54:12.246,DISTRAZIONE,1,-172.46,63.99,0.783,-1.178,2.787,-9.079,-0.134,0.067,-0.018,81.84,0.0,26.0,31,1,1
10:54:12.746,DISTRAZIONE,1,-169.99,52.66,0.275,-0.984,2.842,-9.316,-0.128,0.071,-0.021,81.84,0.0,26.0,31,1,1
10:54:13.246,DISTRAZIONE,1,-173.89,37.79,0.137,-1.013,2.904,-9.131,-0.14,0.063,-0.017,81.84,0.0,26.0,31,1,1
10:54:13.746,DISTRAZIONE,1,-173.98,36.32,0.326,-1.027,2.837,-9.261,-0.127,0.068,-0.017,81.84,0.0,26.0,31,1,1
10:54:14.246,DISTRAZIONE,1,-170.43,-15.71,0.232,-1.065,2.94,-9.261,-0.135,0.068,-0.022,81.84,0.0,26.0,31,1,1
10:54:14.746,DISTRAZIONE,1,-169.04,-56.99,0.316,-1.147,2.782,-9.043,-0.143,0.071,-0.019,81.84,0.0,26.0,31,1,1
10:54:15.246,DISTRAZIONE,1,-166.51,-68.01,0.391,-1.063,3.055,-9.206,-0.114,0.061,-0.011,81.84,0.0,26.0,31,1,1
10:54:15.746,DISTRAZIONE,1,-178.03,-39.99,0.349,-1.14,2.842,-9.33,-0.14,0.07,-0.019,81.84,0.0,26.0,31,1,1
10:54:16.246,DISTRAZIONE,1,177.38,-42.72,0.404,-0.879,2.808,-9.172,-0.121,0.063,-0.013,81.84,0.0,26.0,31,1,1
10:54:16.746,DISTRAZIONE,1,177.05,-67.73,0.353,-1.154,2.945,-9.23,-0.132,0.065,-0.018,81.84,0.0,26.0,31,1,1
10:54:17.246,DISTRAZIONE,1,-168.17,-65.26,0.387,-1.14,2.818,-9.175,-0.137,0.068,-0.016,81.84,0.0,26.0,31,1,1
10:54:17.746,DISTRAZIONE,1,-179.92,-30.08,0.334,-0.962,2.919,-9.263,-0.123,0.063,-0.018,81.84,0.0,26.0,31,1,1
10:54:18.246,DISTRAZIONE,1,-171.18,-33.11,0.294,-1.207,2.804,-9.22,-0.124,0.064,-0.016,81.84,0.0,26.0,31,1,1
10:54:18.746,DISTRAZIONE,1,-165.77,-32.38,0.313,-0.876,3.01,-9.043,-0.117,0.059,-0.014,81.84,0.0,26.0,31,1,1
10:54:19.246,DISTRAZIONE,1,177.85,-15.53,0.287,-1.209,2.782,-9.431,-0.13,0.067,-0.018,81.84,0.0,26.0,31,1,1
10:54:19.746,DISTRAZIONE,1,178.86,32.83,0.158,-1.013,2.816,-9.206,-0.118,0.066,-0.017,81.84,0.0,26.0,31,1,1
10:54:20.247,DISTRAZIONE,1,176.71,20.73,0.267,-1.118,2.966,-9.258,-0.128,0.069,-0.018,81.84,0.0,26.0,31,1,1
10:54:20.747,DISTRAZIONE,1,161.19,17.05,0.17,-1.092,2.799,-9.201,-0.131,0.07,-0.021,81.84,0.0,26.0,31,1,1
10:54:21.247,MALORE,1,156.72,15.37,0.184,-1.061,2.94,-9.282,-0.123,0.064,-0.02,81.84,0.0,26.0,31,1,1
10:54:21.747,MALORE,1,157.32,6.98,0.134,-1.149,2.804,-9.134,-0.142,0.07,-0.019,81.84,0.0,26.0,31,1,1
10:54:22.247,MALORE,1,154.89,9.1,0.107,-0.912,3.055,-9.203,-0.126,0.068,-0.02,81.84,0.0,26.0,31,1,1
10:54:22.747,MALORE,1,157.06,9.12,0.063,-1.207,2.842,-9.323,-0.126,0.066,-0.021,81.84,0.0,26.0,31,1,1
10:54:23.247,MALORE,1,158.2,11.12,0.098,-0.934,2.768,-9.134,-0.113,0.062,-0.013,81.84,0.0,26.0,31,1,1
10:54:23.747,MALORE,1,162.8,23.7,0.053,-1.125,2.971,-9.251,-0.126,0.068,-0.02,81.84,0.0,26.0,31,1,1
10:54:24.247,MALORE,0,0.0,0.0,0.0,-1.075,2.775,-9.208,-0.128,0.069,-0.015,81.84,0.0,26.0,31,1,1
10:54:24.747,MALORE,1,-147.17,50.49,0.269,-1.018,2.914,-9.256,-0.13,0.067,-0.018,81.84,0.0,26.0,31,1,1
10:54:25.247,MALORE,1,-134.77,51.9,0.31,-1.156,2.751,-9.067,-0.138,0.068,-0.015,81.84,0.0,26.0,31,1,1
10:54:25.747,MALORE,1,-134.78,51.6,0.345,-1.025,3.072,-9.258,-0.116,0.065,-0.013,81.84,0.0,26.0,31,1,1
10:54:26.247,MALORE,1,-132.95,49.61,0.245,-1.156,2.782,-9.074,-0.143,0.069,-0.019,81.84,0.0,26.0,31,1,1
10:54:26.747,MALORE,1,-132.06,50.65,0.271,-0.871,2.813,-9.124,-0.128,0.065,-0.018,81.84,0.0,26.0,31,1,1
10:54:27.247,MALORE,1,-129.63,48.36,0.28,-1.123,3.124,-9.251,-0.123,0.068,-0.015,81.84,0.0,26.0,31,1,1
10:54:27.747,MALORE,1,-135.16,50.54,0.351,-1.099,2.796,-9.22,-0.124,0.07,-0.018,81.84,0.0,26.0,31,1,1
10:54:28.248,MALORE,1,-131.81,50.21,0.282,-1.039,2.938,-9.28,-0.129,0.069,-0.02,81.84,0.0,26.0,31,1,1
10:54:28.748,MALORE,1,-135.41,48.67,0.222,-1.14,2.734,-9.036,-0.14,0.074,-0.022,81.84,0.0,26.0,31,1,1
10:54:29.248,MALORE,1,-135.63,51.7,0.381,-0.984,3.055,-9.222,-0.125,0.069,-0.016,81.84,0.0,26.0,31,1,1
10:54:29.748,MALORE,1,-135.25,51.68,0.322,-1.152,2.82,-9.306,-0.136,0.065,-0.019,81.84,0.0,26.0,31,1,1
10:54:30.248,MALORE,1,-136.43,54.68,0.231,-1.003,2.844,-9.06,-0.117,0.066,-0.014,81.84,0.0,26.0,31,1,1
10:54:30.748,MALORE,1,-139.13,57.85,0.305,-1.132,3.01,-9.21,-0.127,0.073,-0.027,81.84,0.0,26.0,31,1,1
10:54:31.248,MALORE,0,0.0,0.0,0.0,-1.109,2.859,-9.163,-0.128,0.062,-0.018,81.84,0.0,26.0,31,1,1
10:54:31.748,MALORE,1,166.48,3.56,0.24,-0.941,2.933,-9.292,-0.143,0.071,-0.02,81.84,0.0,26.0,31,1,1
10:54:32.248,MALORE,1,168.68,-1.52,0.228,-1.132,2.813,-9.263,-0.133,0.066,-0.022,81.84,0.0,26.0,31,1,1
10:54:32.748,MALORE,1,-148.68,19.91,0.196,-0.826,2.928,-9.048,-0.127,0.064,-0.012,81.84,0.0,26.0,31,1,1
10:54:33.248,MALORE,0,0.0,0.0,0.0,-1.156,2.899,-9.452,-0.131,0.072,-0.027,81.84,0.0,26.0,31,1,1
10:54:33.748,MALORE,1,-141.75,47.08,0.246,-0.929,2.801,-9.055,-0.126,0.072,-0.02,81.84,0.0,26.0,31,1,1
10:54:34.248,MALORE,1,-137.69,49.47,0.272,-1.058,2.942,-9.127,-0.137,0.068,-0.018,81.84,0.0,26.0,31,1,1
10:54:34.748,MALORE,1,-131.53,47.73,0.273,-1.118,3.024,-9.184,-0.13,0.067,-0.019,81.84,0.0,26.0,31,1,1
10:54:35.248,MALORE,1,-131.05,48.15,0.358,-0.919,2.799,-9.237,-0.128,0.061,-0.02,81.84,0.0,26.0,31,1,1
10:54:35.748,MALORE,1,-130.73,49.12,0.364,-1.008,2.907,-9.191,-0.136,0.076,-0.016,81.84,0.0,26.0,31,1,1
10:54:36.249,MALORE,1,-130.97,49.19,0.356,-1.051,2.787,-8.961,-0.13,0.066,-0.011,81.84,0.0,26.0,31,1,1
10:54:36.749,MALORE,1,-130.57,48.65,0.354,-1.034,2.976,-9.416,-0.14,0.071,-0.021,81.84,0.0,26.0,31,1,1
10:54:37.249,MALORE,1,-131.8,48.79,0.343,-1.02,2.761,-9.151,-0.145,0.069,-0.024,81.84,0.0,26.0,31,1,1
10:54:37.749,MALORE,1,-132.54,50.17,0.362,-0.828,2.899,-9.091,-0.133,0.073,-0.018,81.84,0.0,26.0,31,1,1
10:54:38.249,MALORE,1,-130.8,49.61,0.342,-1.171,3.012,-9.268,-0.123,0.064,-0.017,81.84,0.0,26.0,31,1,1
10:54:38.749,MALORE,1,-130.66,51.36,0.419,-1.082,2.746,-9.213,-0.129,0.066,-0.011,81.84,0.0,26.0,31,1,1
10:54:39.249,MALORE,1,-166.91,21.88,0.243,-0.958,2.887,-9.179,-0.128,0.07,-0.018,81.84,0.0,26.0,31,1,1
10:54:39.749,MALORE,0,0.0,0.0,0.0,-1.183,2.969,-9.287,-0.126,0.063,-0.027,81.84,0.0,26.0,31,1,1
10:54:40.249,MALORE,1,168.67,14.91,0.244,-0.852,2.947,-9.155,-0.115,0.062,-0.015,81.84,0.0,26.0,31,1,1
10:54:40.749,MALORE,1,171.32,5.11,0.251,-1.073,2.887,-9.404,-0.138,0.071,-0.026,81.84,0.0,26.0,31,1,1
10:54:41.249,MALORE,1,170.11,1.98,0.227,-0.977,2.713,-8.921,-0.137,0.066,-0.02,81.84,0.0,26.0,31,1,1
10:54:41.749,MALORE,1,167.48,2.65,0.232,-1.046,3.005,-9.165,-0.131,0.07,-0.022,81.84,0.0,26.0,31,1,1
10:54:42.249,VIGILE,1,170.42,3.65,0.244,-1.161,3.01,-9.273,-0.128,0.066,-0.017,81.84,0.0,26.0,31,1,1
10:54:42.749,VIGILE,1,170.52,1.59,0.237,-1.063,2.674,-9.17,-0.133,0.075,-0.022,81.84,0.0,26.0,31,1,1
10:54:43.249,VIGILE,1,169.71,0.43,0.248,-1.003,2.897,-9.256,-0.14,0.075,-0.021,81.84,0.0,26.0,31,1,1
10:54:43.749,VIGILE,1,171.5,0.13,0.231,-1.123,2.828,-8.909,-0.142,0.071,-0.02,81.84,0.0,25.9,31,1,1
10:54:44.250,VIGILE,1,172.05,-4.59,0.268,-0.958,3.021,-9.191,-0.121,0.062,-0.018,81.84,0.0,25.9,31,1,1
10:54:44.750,VIGILE,1,173.8,-7.09,0.256,-1.168,2.835,-9.373,-0.133,0.06,-0.014,81.84,0.0,25.9,31,1,1
10:54:45.250,VIGILE,1,174.54,-6.36,0.246,-0.97,2.851,-9.124,-0.113,0.06,-0.008,81.84,0.0,25.9,31,1,1
10:54:45.750,VIGILE,1,175.11,-8.88,0.239,-1.082,3.007,-9.254,-0.135,0.069,-0.018,81.84,0.0,25.9,31,1,1
10:54:46.250,VIGILE,1,174.46,-10.82,0.22,-1.171,2.835,-9.165,-0.131,0.072,-0.024,81.84,0.0,25.9,31,1,1
10:54:46.750,VIGILE,1,173.82,-9.16,0.24,-0.967,2.818,-9.177,-0.123,0.067,-0.014,81.84,0.0,25.9,31,1,1
10:54:47.250,VIGILE,1,173.95,-8.84,0.25,-1.053,2.935,-9.357,-0.128,0.069,-0.019,81.84,0.0,25.9,31,1,1
10:54:47.750,VIGILE,1,172.38,-7.73,0.245,-1.068,2.768,-8.928,-0.141,0.071,-0.016,81.84,0.0,25.9,31,1,1
10:54:48.250,VIGILE,1,172.13,-5.39,0.243,-1.034,2.998,-9.321,-0.125,0.069,-0.019,81.84,0.0,25.9,31,1,1
10:54:48.750,VIGILE,1,171.99,-6.76,0.252,-1.207,2.801,-9.321,-0.14,0.071,-0.019,81.84,0.0,25.9,31,1,1
10:54:49.250,VIGILE,1,173.16,-1.26,0.256,-0.929,2.823,-9.177,-0.125,0.064,-0.015,81.84,0.0,25.9,31,1,1
10:54:49.750,VIGILE,1,173.2,-2.71,0.257,-1.08,2.957,-9.242,-0.131,0.067,-0.017,81.84,0.0,25.9,31,1,1
10:54:50.250,VIGILE,1,173.56,-1.36,0.266,-1.176,2.744,-9.206,-0.131,0.072,-0.018,81.84,0.0,25.9,31,1,1
10:54:50.750,VIGILE,1,173.64,-4.79,0.245,-0.979,2.976,-9.309,-0.133,0.072,-0.018,81.84,0.0,25.9,31,1,1
10:54:51.250,VIGILE,1,175.54,-3.75,0.251,-1.068,2.784,-9.036,-0.146,0.073,-0.02,81.84,0.0,25.9,31,1,1
10:54:51.751,VIGILE,1,175.11,-3.47,0.254,-0.845,2.964,-9.086,-0.121,0.066,-0.018,81.84,0.0,25.9,31,1,1
10:54:52.251,VIGILE,1,175.32,-4.4,0.253,-1.144,2.859,-9.467,-0.134,0.068,-0.024,81.84,0.0,25.9,31,1,1
10:54:52.751,VIGILE,1,174.91,-3.72,0.258,-0.891,2.701,-9.014,-0.138,0.069,-0.021,81.84,0.0,25.9,31,1,1
10:54:53.251,VIGILE,1,175.01,-4.36,0.274,-0.97,2.94,-9.072,-0.134,0.065,-0.015,81.84,0.0,25.9,31,1,1
10:54:53.751,VIGILE,1,174.64,-3.34,0.265,-1.243,3.019,-9.261,-0.128,0.064,-0.013,81.84,0.0,25.9,31,1,1
10:54:54.251,VIGILE,1,174.73,-2.1,0.271,-0.874,2.732,-9.242,-0.129,0.062,-0.017,81.84,0.0,25.9,31,1,1
10:54:54.751,VIGILE,1,174.53,-1.99,0.277,-0.955,2.837,-9.4,-0.126,0.065,-0.018,81.84,0.0,25.9,31,1,1
10:54:55.251,VIGILE,1,175.54,-4.42,0.263,-1.147,2.741,-8.93,-0.152,0.074,-0.021,81.84,0.0,25.9,31,1,1
10:54:55.751,VIGILE,1,175.61,-5.73,0.264,-1.027,3.05,-9.278,-0.127,0.069,-0.02,81.84,0.0,25.9,31,1,1
10:54:56.251,VIGILE,1,175.59,-1.78,0.242,-1.123,2.746,-9.165,-0.143,0.065,-0.022,81.84,0.0,25.9,31,1,1
10:54:56.751,VIGILE,1,174.53,-4.31,0.074,-0.912,2.808,-9.153,-0.123,0.066,-0.019,81.84,0.0,25.9,31,1,1
10:54:57.251,VIGILE,1,176.14,-4.97,0.239,-1.034,3.062,-9.222,-0.138,0.07,-0.018,81.84,0.0,25.9,31,1,1
10:54:57.751,VIGILE,1,175.75,-3.62,0.232,-1.204,2.772,-9.203,-0.134,0.072,-0.013,81.84,0.0,25.9,31,1,1
10:54:58.252,VIGILE,1,175.91,-4.24,0.247,-1.034,2.952,-9.294,-0.123,0.064,-0.015,81.84,0.0,25.9,31,1,1
10:54:58.752,VIGILE,1,175.99,-3.18,0.264,-1.101,2.878,-9.249,-0.137,0.073,-0.026,81.84,0.0,25.8,31,1,1
10:54:59.252,VIGILE,1,175.6,-5.23,0.261,-0.948,2.954,-9.129,-0.115,0.066,-0.017,81.84,0.0,25.8,31,1,1
10:54:59.752,VIGILE,1,175.81,-6.56,0.257,-1.247,2.808,-9.467,-0.136,0.067,-0.016,81.84,0.0,25.8,31,1,1
10:55:00.252,VIGILE,1,176.82,-7.0,0.268,-0.941,2.784,-9.115,-0.122,0.066,-0.015,81.84,0.0,25.8,31,1,1
10:55:00.752,VIGILE,1,175.9,-4.76,0.254,-1.063,2.986,-9.285,-0.137,0.069,-0.017,81.84,0.0,25.8,31,1,1
10:55:01.252,VIGILE,1,175.67,-6.81,0.101,-1.25,2.825,-9.191,-0.135,0.069,-0.021,81.84,0.0,25.8,31,1,1
10:55:01.752,VIGILE,1,178.6,-2.67,0.273,-1.027,2.851,-9.313,-0.122,0.066,-0.017,81.84,0.0,25.8,31,1,1
10:55:02.252,VIGILE,1,177.71,10.7,0.275,-1.049,2.981,-9.407,-0.131,0.068,-0.024,81.84,0.0,25.8,31,1,1
10:55:02.752,VIGILE,1,179.43,-8.3,0.272,-1.238,2.837,-9.1,-0.141,0.07,-0.021,81.84,0.0,25.8,31,1,1
10:55:03.252,VIGILE,1,177.05,0.48,0.283,-0.912,2.88,-9.084,-0.116,0.057,-0.014,81.84,0.0,25.8,31,1,1
10:55:03.752,VIGILE,1,176.11,-5.21,0.062,-1.049,2.921,-9.534,-0.135,0.068,-0.018,81.84,0.0,25.8,32,1,1
10:55:04.252,VIGILE,1,177.18,-2.95,0.273,-1.015,2.691,-9.024,-0.147,0.065,-0.02,81.84,0.0,25.8,32,1,1
10:55:04.752,VIGILE,1,177.14,-8.41,0.135,-0.86,2.842,-9.084,-0.126,0.063,-0.019,81.84,0.0,25.8,32,1,1
10:55:05.252,VIGILE,1,177.69,-4.39,0.234,-1.046,2.964,-9.23,-0.138,0.07,-0.017,81.84,0.0,25.8,32,1,1
10:55:05.752,VIGILE,1,176.39,-37.23,0.329,-1.195,2.931,-9.208,-0.134,0.066,-0.019,81.84,0.0,25.8,32,1,1
10:55:06.252,VIGILE,1,174.69,-32.89,0.312,-0.797,2.653,-9.263,-0.145,0.072,-0.019,81.84,0.0,25.8,32,1,1
10:55:06.753,VIGILE,1,178.67,-22.49,0.248,-0.955,2.916,-9.301,-0.134,0.067,-0.019,81.84,0.0,25.8,32,1,1
10:55:07.253,VIGILE,1,178.49,-13.09,0.252,-1.228,2.789,-9.155,-0.141,0.069,-0.018,81.84,0.0,25.8,32,1,1
10:55:07.753,VIGILE,1,177.84,-12.79,0.275,-0.946,2.971,-9.131,-0.119,0.07,-0.015,81.84,0.0,25.8,32,1,1
10:55:08.253,VIGILE,1,177.61,-7.7,0.253,-1.092,2.892,-9.4,-0.124,0.076,-0.023,81.84,0.0,25.8,32,1,1
10:55:08.753,VIGILE,1,177.7,-10.51,0.239,-1.171,2.784,-9.194,-0.146,0.062,-0.022,81.84,0.0,25.8,32,1,1
10:55:09.253,VIGILE,1,176.04,-7.3,0.25,-0.668,2.78,-9.045,-0.129,0.063,-0.02,81.84,0.0,25.8,32,1,1
10:55:09.753,VIGILE,1,175.58,-9.33,0.251,-1.008,2.995,-9.232,-0.113,0.061,-0.017,81.84,0.0,25.8,32,1,1
10:55:10.253,VIGILE,1,176.23,-8.97,0.243,-1.07,2.902,-9.05,-0.14,0.075,-0.022,81.84,0.0,25.8,32,1,1
10:55:10.753,VIGILE,1,174.39,-0.37,0.266,-0.915,2.863,-9.215,-0.118,0.059,-0.016,81.84,0.0,25.8,32,1,1
10:55:11.253,VIGILE,1,177.6,-4.25,0.221,-1.07,2.871,-9.311,-0.126,0.061,-0.018,81.84,0.0,25.8,32,1,1
10:55:11.753,VIGILE,1,176.43,1.43,0.271,-0.958,2.794,-8.961,-0.12,0.065,-0.017,81.84,0.0,25.8,32,1,1
10:55:12.253,VIGILE,1,176.03,-5.66,0.258,-1.085,3.05,-9.421,-0.139,0.071,-0.019,81.84,0.0,25.8,32,1,1
10:55:12.753,VIGILE,1,174.94,-1.82,0.254,-1.099,2.818,-9.215,-0.141,0.071,-0.016,81.84,0.0,25.8,32,1,1
10:55:13.253,VIGILE,1,174.37,-1.0,0.283,-0.903,2.928,-9.199,-0.129,0.073,-0.026,81.84,0.0,25.8,32,1,1
10:55:13.754,VIGILE,1,170.44,0.6,0.195,-1.199,2.954,-9.249,-0.128,0.06,-0.013,81.84,0.0,25.8,32,1,1
10:55:14.254,VIGILE,1,175.5,-6.17,0.24,-0.366,2.614,-9.196,-0.082,0.07,-0.003,81.84,0.0,25.8,32,1,1
10:55:14.754,VIGILE,1,176.57,-3.9,0.254,1.08,2.119,-9.926,-0.035,0.058,0.002,81.84,0.0,25.8,32,1,1
10:55:15.254,VIGILE,1,175.27,0.1,0.289,-1.348,2.423,-9.033,-0.122,0.041,-0.029,81.84,0.0,25.8,32,1,1
10:55:15.754,VIGILE,1,172.69,-3.69,0.098,-1.276,2.631,-8.847,-0.149,0.065,-0.018,81.84,0.0,25.8,32,1,1
10:55:16.254,VIGILE,1,172.49,0.33,0.255,-0.955,2.818,-9.064,-0.147,0.067,-0.016,81.84,0.0,25.8,32,1,1
10:55:16.754,VIGILE,1,173.69,-2.64,0.244,-0.637,2.37,-9.527,-0.164,0.063,-0.01,81.84,0.0,25.8,32,1,1
10:55:17.254,VIGILE,1,171.04,-0.01,0.242,0.62,3.189,-10.611,-0.177,0.111,-0.01,81.84,0.0,25.8,32,1,1
10:55:17.754,VIGILE,1,177.51,12.31,0.262,0.457,2.564,-9.361,-0.197,0.083,-0.009,81.84,0.0,25.8,32,1,1
10:55:18.254,VIGILE,1,177.26,9.58,0.271,1.336,2.658,-9.012,-0.181,0.071,-0.025,81.84,0.0,25.8,32,1,1
10:55:18.754,VIGILE,1,178.05,-0.01,0.253,1.159,2.543,-9.917,-0.081,0.062,0.013,81.84,0.0,25.8,32,1,1
10:55:19.254,VIGILE,1,176.9,1.42,0.27,0.357,2.55,-9.606,-0.115,-0.009,-0.011,81.84,0.0,25.8,32,1,1
10:55:19.754,VIGILE,1,174.1,-5.17,0.246,-1.626,3.055,-9.91,-0.177,0.004,-0.025,81.84,0.0,25.8,32,1,1
10:55:20.254,VIGILE,1,177.3,-12.91,0.228,-1.346,2.971,-8.789,-0.147,0.07,-0.028,81.84,0.0,25.8,32,1,1
10:55:20.754,VIGILE,1,175.44,-29.05,0.225,-0.189,3.225,-9.649,-0.105,0.056,-0.022,81.84,0.0,25.8,32,1,1
10:55:21.254,VIGILE,1,-173.87,-10.01,0.248,-0.16,2.418,-9.905,-0.119,0.095,0.003,81.84,0.0,25.8,32,1,1
10:55:21.755,VIGILE,1,176.07,-6.85,0.23,-0.69,3.057,-10.013,-0.2,0.101,-0.012,81.84,0.0,25.8,32,1,1
10:55:22.255,VIGILE,1,176.8,-10.94,0.246,-0.74,3.426,-9.311,-0.064,0.066,-0.012,81.84,0.0,25.8,32,1,1
10:55:22.755,VIGILE,1,172.82,-7.27,0.242,-0.326,3.211,-8.66,-0.126,0.058,-0.045,81.84,0.0,25.8,32,1,1
10:55:23.255,VIGILE,1,173.17,-10.2,0.226,-0.649,3.333,-8.976,-0.068,0.071,-0.016,81.84,0.0,25.8,32,1,1
10:55:23.755,VIGILE,1,174.11,-9.61,0.225,-0.045,3.012,-9.701,-0.056,0.07,-0.039,81.84,0.0,25.8,32,1,1
10:55:24.255,VIGILE,1,173.58,-12.08,0.256,-1.575,3.026,-8.993,-0.146,0.022,-0.059,81.84,0.0,25.8,32,1,1
10:55:24.755,VIGILE,1,171.11,-7.88,0.271,-2.167,3.847,-11.111,-0.184,0.128,-0.015,81.84,0.0,25.8,32,1,1
10:55:25.255,VIGILE,1,174.59,-21.97,0.247,0.924,5.485,-6.673,-0.419,0.235,-0.048,81.84,0.0,25.8,32,1,1
10:55:25.755,VIGILE,1,176.97,-17.12,0.248,-0.536,2.863,-8.696,-0.263,0.122,-0.043,81.84,0.0,25.8,32,1,1
10:55:26.255,VIGILE,1,179.67,-13.6,0.275,-0.225,2.83,-9.946,0.035,0.009,-0.011,81.84,0.0,25.8,32,1,1
10:55:26.755,VIGILE,1,177.45,-7.89,0.263,-0.869,3.0,-9.584,-0.136,0.073,-0.062,81.84,0.0,25.8,32,1,1
10:55:27.255,VIGILE,1,176.86,-8.99,0.262,0.124,2.832,-10.015,-0.172,0.091,-0.051,81.84,0.0,25.8,32,1,1
10:55:27.755,VIGILE,1,175.39,-7.88,0.23,-0.297,3.278,-9.838,-0.127,0.094,-0.044,81.84,0.0,25.8,32,1,1
10:55:28.255,VIGILE,1,174.64,-10.61,0.254,0.182,2.844,-9.208,-0.142,0.107,-0.063,81.84,0.0,25.8,32,1,1
10:55:28.755,VIGILE,1,173.58,-9.08,0.253,-0.338,1.64,-8.162,-0.203,0.09,-0.039,81.84,0.0,25.8,32,1,1
10:55:29.255,VIGILE,1,170.64,-9.8,0.246,-1.142,3.409,-9.51,-0.158,0.085,-0.039,81.84,0.0,25.8,32,1,1
10:55:29.756,VIGILE,1,174.71,-15.8,0.256,-1.147,3.28,-8.746,-0.123,0.042,-0.043,81.84,0.0,25.8,32,1,1
10:55:30.256,VIGILE,1,174.79,-15.58,0.249,-1.458,3.294,-9.407,-0.111,0.079,-0.036,81.84,0.0,25.8,32,1,1
10:55:30.756,VIGILE,1,176.34,-18.75,0.254,-1.329,3.79,-9.237,-0.139,0.067,-0.018,81.84,0.0,25.8,32,1,1
10:55:31.256,VIGILE,1,177.59,-17.87,0.221,-1.161,2.871,-8.95,-0.126,0.068,-0.003,81.84,0.0,25.8,32,1,1
10:55:31.756,VIGILE,1,175.38,-16.47,0.253,-1.374,4.257,-8.823,-0.18,0.09,0.019,81.84,0.0,25.8,32,1,1
10:55:32.256,VIGILE,1,177.1,-17.55,0.195,-1.458,4.219,-8.181,-0.164,0.044,0.043,81.84,0.0,25.8,32,1,1
10:55:32.756,VIGILE,1,175.37,-11.89,0.247,-1.235,4.812,-8.866,-0.177,0.046,0.064,81.84,0.0,25.8,32,1,1
10:55:33.256,VIGILE,1,173.77,-6.93,0.223,-1.176,4.513,-8.674,-0.063,0.029,0.093,81.84,0.0,25.8,32,1,1
10:55:33.756,VIGILE,1,174.66,-4.54,0.249,-0.52,2.942,-8.803,-0.11,-0.003,0.083,81.84,0.0,25.8,32,1,1
10:55:34.256,VIGILE,1,172.77,-10.45,0.258,-0.474,3.409,-8.507,-0.167,0.037,0.034,81.84,0.0,25.8,32,1,1
10:55:34.756,VIGILE,1,160.44,-5.62,0.274,-1.693,4.413,-9.352,-0.116,0.059,-0.011,81.84,0.0,25.8,32,1,1
10:55:35.256,VIGILE,1,178.1,-19.05,0.282,-2.231,2.44,-9.292,-0.165,0.114,-0.071,81.84,0.0,25.8,32,1,1
10:55:35.756,VIGILE,1,-179.09,-13.53,0.261,-2.229,1.034,-9.519,-0.133,0.139,-0.237,81.84,0.0,25.8,32,1,1
10:55:36.256,VIGILE,1,177.62,-23.52,0.111,-2.217,1.451,-9.67,-0.189,0.13,-0.351,81.84,0.0,25.8,32,1,1
10:55:36.756,VIGILE,1,178.01,-28.92,0.277,-1.566,0.546,-9.505,-0.175,0.16,-0.374,81.84,0.0,25.8,32,1,1
10:55:37.257,VIGILE,1,176.63,-25.37,0.278,-1.87,0.792,-10.427,-0.137,0.168,-0.409,81.84,0.0,25.8,32,1,1
10:55:37.757,VIGILE,1,-178.27,-19.55,0.268,-0.551,0.773,-9.677,-0.315,0.25,-0.382,81.84,0.0,25.8,32,1,1
10:55:38.257,VIGILE,1,179.28,4.77,0.27,0.551,1.877,-9.819,-0.168,0.192,-0.1,81.84,0.0,25.8,32,1,1
10:55:38.757,VIGILE,1,177.99,19.54,0.266,-0.019,3.462,-8.528,-0.133,0.095,0.085,81.84,0.0,25.8,32,1,1
10:55:39.257,VIGILE,1,178.22,18.37,0.251,-0.053,4.925,-8.854,-0.138,-0.042,0.158,81.84,0.0,25.8,32,1,1
10:55:39.757,VIGILE,1,176.66,7.71,0.233,0.448,4.46,-8.241,-0.173,-0.008,0.143,81.84,0.0,25.8,32,1,1
10:55:40.257,VIGILE,1,175.73,-9.51,0.256,0.721,4.559,-8.152,-0.147,0.016,0.149,81.84,0.0,25.8,32,1,1
10:55:40.757,VIGILE,1,174.8,-10.14,0.21,-0.397,4.319,-9.91,-0.023,0.06,0.075,81.84,0.0,25.8,32,1,1
10:55:41.257,VIGILE,1,177.9,-21.58,0.25,0.687,3.915,-9.917,0.004,0.054,0.011,81.84,0.0,25.8,32,1,1
10:55:41.757,VIGILE,1,176.45,-17.81,0.2,-0.014,2.753,-8.38,-0.19,0.029,-0.044,81.84,0.0,25.8,32,1,1
10:55:42.257,VIGILE,1,174.28,-11.36,0.239,0.156,2.758,-9.656,-0.079,0.006,-0.013,81.84,0.0,25.8,32,1,1
10:55:42.757,VIGILE,1,170.29,-10.09,0.051,-0.596,3.469,-9.196,-0.157,0.066,-0.039,81.84,0.0,25.8,32,1,1
10:55:43.257,VIGILE,1,173.6,-7.5,0.256,-0.62,2.916,-8.435,-0.179,0.053,-0.05,81.84,0.0,25.8,32,1,1
10:55:43.757,VIGILE,1,172.65,-5.05,0.251,-0.965,4.341,-9.515,-0.09,0.023,-0.06,81.84,0.0,25.8,32,1,1
10:55:44.257,VIGILE,1,175.61,-9.88,0.253,0.168,2.789,-9.424,-0.152,0.056,-0.043,81.84,0.0,25.8,32,1,1
10:55:44.758,VIGILE,1,173.42,-7.98,0.262,0.496,2.318,-7.987,-0.237,0.02,-0.052,81.84,0.0,25.8,32,1,1
10:55:45.258,VIGILE,1,172.95,-2.08,0.092,-0.113,2.873,-9.251,-0.152,0.061,-0.061,81.84,0.0,25.8,32,1,1
10:55:45.758,VIGILE,1,173.65,-3.62,0.248,-0.397,3.381,-9.828,-0.126,0.087,-0.037,81.84,0.0,25.8,32,1,1
10:55:46.258,VIGILE,1,174.52,-3.29,0.241,-0.939,3.486,-9.364,-0.148,0.063,-0.045,81.84,0.0,25.8,32,1,1
10:55:46.758,VIGILE,1,173.73,-1.93,0.246,-0.529,4.125,-9.165,-0.062,0.114,-0.022,81.84,0.0,25.8,32,1,1
10:55:47.258,VIGILE,1,173.48,8.67,0.221,-0.627,3.067,-8.938,-0.15,0.063,-0.027,81.84,0.0,25.8,32,1,1
10:55:47.758,VIGILE,0,0.0,0.0,0.0,-1.008,3.421,-8.497,-0.189,0.075,-0.032,81.84,0.0,25.8,32,1,1
10:55:48.258,VIGILE,1,176.72,25.17,0.266,-0.524,3.879,-9.428,-0.12,0.053,-0.02,81.84,0.0,25.8,32,1,1
10:55:48.758,VIGILE,1,174.98,17.36,0.106,-0.862,4.037,-8.657,-0.15,0.04,-0.003,81.84,0.0,25.8,32,1,1
10:55:49.258,VIGILE,1,175.12,18.78,0.256,-1.367,3.965,-9.464,-0.064,0.022,-0.005,81.84,0.0,25.8,32,1,1
10:55:49.758,VIGILE,1,-180.0,55.11,0.41,-1.125,3.713,-9.369,-0.17,0.067,-0.032,81.84,0.0,25.8,32,1,1
10:55:50.258,VIGILE,1,171.92,47.92,0.377,-0.84,3.311,-9.163,-0.139,0.051,-0.034,81.84,0.0,25.8,32,1,1
10:55:50.758,VIGILE,1,173.61,32.32,0.262,-1.621,3.85,-7.594,-0.134,0.084,-0.014,81.84,0.0,25.8,32,1,1
10:55:51.258,VIGILE,1,176.94,41.22,0.139,-1.279,3.831,-8.569,-0.16,0.056,-0.003,81.84,0.0,25.8,32,1,1
10:55:51.758,VIGILE,1,-179.75,34.94,0.286,-2.15,3.994,-9.524,-0.172,0.047,-0.01,81.84,0.0,25.8,32,1,1
10:55:52.259,VIGILE,1,-172.35,53.01,0.348,-0.563,3.886,-8.37,-0.205,0.12,-0.019,81.84,0.0,25.8,32,1,1
10:55:52.759,VIGILE,1,172.87,22.02,0.238,-1.98,3.239,-9.534,-0.172,0.13,0.011,81.84,0.0,25.8,32,1,1
10:55:53.259,VIGILE,1,170.47,16.77,0.232,1.642,-0.955,-8.337,0.231,-0.054,0.097,81.84,0.0,25.8,32,1,1
10:55:53.759,VIGILE,1,173.06,45.3,0.358,-0.936,3.34,-8.78,-0.173,0.072,-0.016,81.84,0.0,25.8,32,1,1
10:55:54.259,VIGILE,1,177.63,9.85,0.23,-0.675,3.555,-8.787,-0.163,0.083,-0.033,81.84,0.0,25.8,32,1,1
10:55:54.759,VIGILE,1,175.15,5.59,0.244,0.055,3.191,-9.093,-0.171,0.086,-0.041,81.84,0.0,25.8,32,1,1
10:55:55.259,VIGILE,1,173.79,11.88,0.217,-0.996,3.515,-8.832,-0.124,0.059,-0.017,81.84,0.0,25.8,32,1,1
10:55:55.759,VIGILE,1,173.51,10.62,0.053,-0.819,3.108,-8.899,-0.161,0.049,-0.015,81.84,0.0,25.8,32,1,1
10:55:56.259,VIGILE,1,172.4,0.17,0.102,-1.089,3.941,-8.842,-0.121,0.039,-0.022,81.84,0.0,25.8,32,1,1
10:55:56.759,VIGILE,1,172.58,-0.84,0.175,-0.994,3.601,-9.103,-0.165,0.083,-0.046,81.84,0.0,25.8,32,1,1
10:55:57.259,VIGILE,1,171.98,-3.3,0.251,-0.541,3.05,-9.357,-0.098,0.052,-0.017,81.84,0.0,25.8,32,1,1
10:55:57.759,VIGILE,1,171.43,-5.06,0.223,-0.778,3.445,-9.543,-0.12,0.076,-0.011,81.84,0.0,25.8,32,1,1
10:55:58.259,VIGILE,1,170.77,-2.23,0.226,-0.876,3.184,-9.357,-0.15,0.069,-0.018,81.84,0.0,25.8,32,1,1
10:55:58.759,VIGILE,1,171.59,-2.63,0.218,0.026,2.899,-8.583,-0.178,0.077,-0.02,81.84,0.0,25.8,32,1,1
10:55:59.259,VIGILE,1,171.64,-4.12,0.21,-1.618,3.752,-10.274,-0.226,0.061,-0.03,81.84,0.0,25.8,32,1,1
10:55:59.759,VIGILE,1,172.33,-0.91,0.197,-0.649,3.072,-8.538,-0.173,0.063,-0.056,81.84,0.0,25.8,32,1,1
10:56:00.260,VIGILE,1,173.62,-5.27,0.242,-1.453,3.27,-9.598,-0.14,0.039,-0.024,81.84,0.0,25.8,32,1,1
10:56:00.760,VIGILE,1,176.38,-5.43,0.249,-1.104,2.677,-8.933,-0.119,0.076,-0.02,81.84,0.0,25.8,32,1,1
10:56:01.260,VIGILE,1,173.8,-6.84,0.23,-1.281,2.614,-9.471,-0.118,0.054,-0.042,81.84,0.0,25.8,32,1,1
10:56:01.760,VIGILE,1,178.15,-0.67,0.254,-0.702,2.974,-9.634,-0.141,0.076,-0.03,81.84,0.0,25.8,32,1,1
10:56:02.260,VIGILE,1,177.02,3.71,0.244,-0.831,3.01,-9.043,-0.131,0.082,-0.012,81.84,0.0,25.8,32,1,1
10:56:02.760,VIGILE,1,176.25,2.51,0.235,-1.022,3.287,-9.601,-0.098,0.116,-0.021,81.84,0.0,25.8,32,1,1
10:56:03.260,VIGILE,1,177.65,4.71,0.267,-1.049,2.081,-9.641,-0.176,0.078,-0.009,81.84,0.0,25.8,32,1,1
10:56:03.760,DISTRAZIONE,1,179.75,26.94,0.27,1.748,2.655,-11.777,-0.166,0.105,0.128,81.84,0.0,25.8,32,1,1
10:56:04.260,DISTRAZIONE,1,-179.18,39.45,0.248,-0.163,4.602,-8.645,-0.145,0.014,0.039,81.84,0.0,25.8,32,1,1
10:56:04.760,DISTRAZIONE,1,-179.8,64.06,0.587,-2.346,3.361,-9.756,0.098,0.028,0.053,81.84,0.0,25.8,32,1,1
10:56:05.260,DISTRAZIONE,1,178.72,33.61,0.273,-1.563,3.527,-9.598,-0.165,0.095,-0.014,81.84,0.0,25.8,32,1,1
10:56:05.760,DISTRAZIONE,1,179.57,25.9,0.267,-1.243,0.706,-8.047,-0.283,0.075,-0.251,81.84,0.0,25.8,32,1,1
10:56:06.260,DISTRAZIONE,1,-171.93,52.21,0.303,-1.607,3.323,-8.935,-0.054,0.009,-0.004,81.84,0.0,25.8,32,1,1
10:56:06.760,DISTRAZIONE,1,-169.67,65.2,0.499,-0.685,3.687,-8.818,-0.099,0.064,0.032,81.84,0.0,25.8,32,1,1
10:56:07.260,DISTRAZIONE,1,-179.7,25.35,0.298,-0.8,2.672,-8.933,-0.181,0.098,-0.026,81.84,0.0,25.8,32,1,1
10:56:07.760,DISTRAZIONE,1,-177.16,65.0,0.637,-0.728,3.531,-8.346,-0.241,0.094,-0.006,81.84,0.0,25.8,32,1,1
10:56:08.261,DISTRAZIONE,1,-172.66,56.43,0.374,-0.579,3.369,-8.729,-0.129,0.096,-0.006,81.84,0.0,25.8,32,1,1
10:56:08.761,DISTRAZIONE,1,178.51,21.66,0.282,-0.347,2.6,-9.28,-0.142,0.091,-0.034,81.84,0.0,25.8,32,1,1
10:56:09.261,DISTRAZIONE,1,178.06,1.54,0.267,-0.919,2.749,-9.507,-0.176,0.113,-0.027,81.84,0.0,25.8,32,1,1
10:56:09.761,DISTRAZIONE,1,177.73,-1.94,0.229,-0.797,2.775,-9.409,-0.185,0.075,-0.026,81.84,0.0,25.8,32,1,1
10:56:10.261,DISTRAZIONE,1,174.11,-2.13,0.264,-0.39,2.504,-9.515,-0.221,0.112,-0.033,81.84,0.0,25.8,32,1,1
10:56:10.761,DISTRAZIONE,1,176.52,-4.45,0.252,-0.426,3.098,-8.988,-0.135,0.027,-0.021,81.84,0.0,25.8,32,1,1
10:56:11.261,DISTRAZIONE,1,175.67,1.14,0.237,-0.555,3.012,-9.572,-0.138,0.082,-0.015,81.84,0.0,25.8,32,1,1
10:56:11.761,DISTRAZIONE,1,175.23,-7.6,0.249,-0.608,2.631,-8.373,-0.186,0.103,-0.03,81.84,0.0,25.8,32,1,1
10:56:12.261,DISTRAZIONE,1,172.01,-3.6,0.239,-0.148,2.986,-9.088,-0.187,0.114,-0.031,81.84,0.0,25.8,32,1,1
10:56:12.761,DISTRAZIONE,1,172.37,-2.17,0.14,-0.242,3.316,-9.546,-0.121,0.015,-0.021,81.84,0.0,25.8,32,1,1
10:56:13.261,DISTRAZIONE,1,172.81,-1.68,0.23,0.144,3.086,-8.662,-0.126,0.06,-0.027,81.84,0.0,25.8,32,1,1
10:56:13.761,DISTRAZIONE,1,172.61,-3.06,0.204,-2.049,3.122,-8.978,-0.117,0.106,-0.023,81.84,0.0,25.8,32,1,1
10:56:14.261,DISTRAZIONE,1,173.57,-4.68,0.145,-1.231,3.148,-9.246,-0.131,0.013,-0.019,81.84,0.0,25.8,32,1,1
10:56:14.761,DISTRAZIONE,1,174.1,-2.56,0.255,-1.137,3.304,-9.143,-0.0,0.018,0.007,81.84,0.0,25.8,32,1,1
10:56:15.261,DISTRAZIONE,1,171.69,-3.59,0.107,-1.702,3.369,-10.022,-0.106,0.114,-0.002,81.84,0.0,25.8,32,1,1
10:56:15.762,DISTRAZIONE,1,172.5,0.82,0.242,-1.36,3.27,-8.607,-0.14,0.07,-0.024,81.84,0.0,25.8,32,1,1
10:56:16.262,DISTRAZIONE,1,173.0,-3.77,0.254,-0.599,2.926,-10.039,-0.069,0.054,0.006,81.84,0.0,25.7,32,1,1
10:56:16.762,DISTRAZIONE,1,171.99,0.82,0.268,-1.211,3.773,-9.213,-0.162,0.103,-0.017,81.84,0.0,25.7,32,1,1
10:56:17.262,DISTRAZIONE,1,176.13,-2.32,0.26,-1.24,3.098,-9.175,-0.128,0.111,-0.017,81.84,0.0,25.7,32,1,1
10:56:17.762,DISTRAZIONE,1,174.89,1.61,0.196,0.34,2.931,-9.675,-0.098,0.043,-0.02,81.84,0.0,25.7,32,1,1
10:56:18.262,DISTRAZIONE,1,175.06,-2.81,0.227,-0.575,2.725,-9.309,-0.084,0.042,-0.01,81.84,0.0,25.7,32,1,1
10:56:18.762,DISTRAZIONE,1,172.77,-4.45,0.249,-1.135,3.505,-8.983,-0.133,0.077,-0.007,81.84,0.0,25.7,32,1,1
10:56:19.262,DISTRAZIONE,1,173.5,-8.02,0.255,-1.331,3.378,-9.74,-0.128,0.078,-0.008,81.84,0.0,25.7,32,1,1
10:56:19.762,DISTRAZIONE,1,175.82,-8.7,0.264,-1.757,3.622,-8.885,-0.162,0.059,-0.036,81.84,0.0,25.7,32,1,1
10:56:20.262,DISTRAZIONE,1,174.94,-2.83,0.255,-1.805,3.01,-9.352,-0.125,0.086,-0.029,81.84,0.0,25.7,32,1,1
10:56:20.762,DISTRAZIONE,1,174.07,-4.16,0.222,-0.797,3.831,-9.831,-0.075,0.061,-0.011,81.84,0.0,25.7,32,1,1
10:56:21.262,DISTRAZIONE,1,174.06,-4.4,0.233,-0.924,3.524,-9.689,-0.024,0.018,0.009,81.84,0.0,25.7,32,1,1
10:56:21.762,DISTRAZIONE,1,175.54,-4.6,0.264,-0.591,2.708,-9.143,-0.161,0.055,-0.022,81.84,0.0,25.7,32,1,1
10:56:22.262,DISTRAZIONE,1,173.09,-3.29,0.187,-0.972,3.093,-8.765,-0.148,0.094,-0.019,81.84,0.0,25.7,32,1,1
10:56:22.762,DISTRAZIONE,1,175.74,-6.48,0.281,-0.639,3.412,-9.397,-0.122,0.084,-0.017,81.84,0.0,25.7,32,1,1
10:56:23.262,DISTRAZIONE,1,174.26,13.5,0.231,-0.441,3.122,-10.223,-0.038,0.01,0.008,81.84,0.0,25.7,32,1,1
10:56:23.763,DISTRAZIONE,1,175.67,7.89,0.261,-1.305,3.242,-8.847,-0.117,0.043,0.005,81.84,0.0,25.7,32,1,1
10:56:24.263,DISTRAZIONE,1,177.5,-0.21,0.262,-0.168,3.165,-8.782,-0.123,0.069,0.007,81.84,0.0,25.7,32,1,1
10:56:24.763,VIGILE,1,176.8,-6.18,0.267,-0.101,3.021,-9.014,-0.218,0.078,-0.018,81.84,0.0,25.7,32,1,1
10:56:25.263,VIGILE,1,178.52,-10.43,0.277,-1.058,4.032,-9.244,-0.129,0.067,0.038,81.84,0.0,25.7,32,1,1
10:56:25.763,VIGILE,1,178.18,-12.52,0.278,-0.924,3.455,-8.607,-0.189,0.118,0.014,81.84,0.0,25.7,32,1,1
10:56:26.263,VIGILE,1,-179.85,-14.69,0.279,-0.381,3.213,-10.41,-0.086,0.066,0.06,81.84,0.0,25.7,32,1,1
10:56:26.763,VIGILE,1,178.14,-4.15,0.234,-0.797,4.293,-9.201,-0.01,0.043,0.041,81.84,0.0,25.7,32,1,1
10:56:27.263,VIGILE,1,177.14,-9.33,0.228,-1.07,1.616,-9.857,-0.054,0.007,0.03,81.84,0.0,25.7,32,1,1
10:56:27.763,VIGILE,1,178.23,-4.61,0.259,-1.405,3.273,-9.586,-0.107,0.01,0.021,81.84,0.0,25.7,32,1,1
10:56:28.263,VIGILE,1,178.53,-7.91,0.263,-0.251,3.017,-9.031,-0.155,0.067,0.018,81.84,0.0,25.7,32,1,1
10:56:28.763,VIGILE,1,175.74,-3.98,0.207,-1.243,4.063,-9.134,-0.11,0.08,0.027,81.84,0.0,25.7,32,1,1
10:56:29.263,VIGILE,1,173.95,-1.35,0.261,-0.709,4.293,-10.436,-0.134,0.114,0.052,81.84,0.0,25.7,32,1,1
10:56:29.763,VIGILE,1,177.02,-6.92,0.272,-2.093,4.628,-8.59,-0.083,0.024,0.051,81.84,0.0,25.7,32,1,1
10:56:30.263,VIGILE,1,-179.9,-8.38,0.163,-0.582,2.406,-9.335,-0.184,0.048,0.021,81.84,0.0,25.7,32,1,1
10:56:30.763,VIGILE,1,178.46,-10.59,0.283,-0.747,2.43,-8.574,-0.121,0.015,0.04,81.84,0.0,25.7,32,1,1
10:56:31.263,VIGILE,1,177.76,-9.89,0.25,-0.536,4.082,-9.445,-0.165,0.035,0.002,81.84,0.0,25.7,32,1,1
10:56:31.764,VIGILE,1,174.23,-1.63,0.141,-1.982,2.835,-10.963,0.126,0.062,0.035,81.84,0.0,25.7,32,1,1
10:56:32.264,VIGILE,1,175.01,-5.0,0.254,-0.764,3.857,-8.167,-0.216,0.112,-0.033,81.84,0.0,25.7,32,1,1
10:56:32.764,VIGILE,1,174.18,-5.97,0.262,-0.548,3.759,-10.953,0.054,0.001,0.009,81.84,0.0,25.7,32,1,1
10:56:33.264,VIGILE,1,176.19,-9.22,0.262,-0.362,3.74,-8.298,-0.124,0.063,-0.022,81.84,0.0,25.7,32,1,1
10:56:33.764,VIGILE,1,174.37,-3.88,0.247,-0.51,3.4,-9.656,-0.214,0.089,-0.027,81.84,0.0,25.6,32,1,1
10:56:34.264,VIGILE,1,174.8,-12.6,0.273,-0.412,3.481,-9.682,-0.168,0.033,0.004,81.84,0.0,25.6,32,1,1
10:56:34.764,VIGILE,1,174.66,-15.35,0.262,-1.508,3.503,-9.371,-0.141,0.103,-0.02,81.84,0.0,25.6,32,1,1
10:56:35.264,VIGILE,1,175.33,-9.59,0.256,-1.209,3.699,-9.165,-0.119,0.041,0.003,81.84,0.0,25.6,32,1,1
10:56:35.764,VIGILE,1,172.78,-12.58,0.26,-2.574,3.737,-7.781,-0.155,0.108,-0.023,81.84,0.0,25.6,32,1,1
10:56:36.264,VIGILE,1,173.0,-2.38,0.251,-1.779,3.165,-9.218,-0.083,0.082,-0.015,81.84,0.0,25.6,32,1,1
10:56:36.764,VIGILE,1,173.59,-2.22,0.065,-0.725,2.904,-9.275,-0.151,0.096,-0.023,81.84,0.0,25.6,32,1,1
10:56:37.265,VIGILE,1,177.92,-8.44,0.248,-0.898,3.141,-8.993,-0.166,0.087,-0.027,81.84,0.0,25.6,32,1,1
10:56:37.765,VIGILE,1,176.28,-11.21,0.233,-0.512,3.68,-9.546,-0.004,0.049,-0.02,81.84,0.0,25.6,32,1,1
10:56:38.265,VIGILE,1,176.73,-4.66,0.247,-0.783,2.84,-9.143,-0.103,0.121,-0.029,81.84,0.0,25.6,32,1,1
10:56:38.765,VIGILE,1,178.34,-4.72,0.211,-0.122,2.772,-9.215,-0.192,0.057,-0.021,81.84,0.0,25.6,32,1,1
10:56:39.265,VIGILE,1,176.98,-12.88,0.24,-0.886,3.488,-10.386,-0.066,-0.002,0.001,81.84,0.0,25.6,32,1,1
10:56:39.765,VIGILE,1,175.97,-14.15,0.197,-0.177,2.449,-8.969,-0.175,0.095,-0.027,81.84,0.0,25.6,32,1,1
10:56:40.265,VIGILE,1,176.85,7.42,0.214,-0.783,3.488,-9.232,-0.12,0.039,-0.018,81.84,0.0,25.6,32,1,1
10:56:40.765,VIGILE,1,177.42,-8.81,0.229,-1.125,3.395,-9.747,-0.088,0.057,-0.009,81.84,0.0,25.6,32,1,1
10:56:41.265,VIGILE,1,178.28,-11.82,0.236,-0.637,2.818,-9.515,-0.205,0.076,-0.035,81.84,0.0,25.6,32,1,1
10:56:41.765,VIGILE,1,177.75,-12.97,0.264,-0.302,2.895,-8.844,-0.141,0.108,-0.025,81.84,0.0,25.6,32,1,1
10:56:42.265,VIGILE,1,177.06,-13.2,0.26,-0.309,2.313,-7.934,-0.218,0.121,-0.025,81.84,0.0,25.6,32,1,1
10:56:42.765,VIGILE,1,175.55,-14.93,0.255,-0.891,2.789,-9.007,-0.141,0.037,-0.022,81.84,0.0,25.6,32,1,1
10:56:43.265,VIGILE,1,175.48,-9.74,0.217,-2.363,3.024,-9.079,-0.097,0.045,-0.015,81.84,0.0,25.6,32,1,1
10:56:43.765,VIGILE,1,177.4,-14.31,0.259,-0.378,3.393,-8.878,-0.21,0.112,-0.063,81.84,0.0,25.6,32,1,1
10:56:44.266,VIGILE,1,174.81,-7.89,0.272,-1.858,3.764,-8.871,-0.121,0.121,-0.017,81.84,0.0,25.6,32,1,1
10:56:44.766,VIGILE,1,176.82,-11.06,0.263,-1.085,3.575,-9.158,-0.145,0.059,-0.008,81.84,0.0,25.6,32,1,1
10:56:45.266,VIGILE,1,177.19,-12.43,0.249,-1.381,3.689,-8.892,-0.124,0.046,0.0,81.84,0.0,25.6,32,1,1
10:56:45.766,VIGILE,1,175.62,-12.36,0.246,-1.875,2.672,-9.244,0.052,0.008,0.021,81.84,0.0,25.6,32,1,1
10:56:46.266,VIGILE,1,179.05,-13.21,0.25,-1.65,3.601,-9.108,-0.027,0.066,0.005,81.84,0.0,25.6,32,1,1
10:56:46.766,VIGILE,1,175.45,-9.76,0.19,-1.353,2.926,-8.885,-0.115,0.031,-0.019,81.84,0.0,25.6,32,1,1
10:56:47.266,VIGILE,1,175.76,-8.99,0.244,-1.298,3.517,-9.481,-0.047,0.013,0.007,81.84,0.0,25.6,32,1,1
10:56:47.766,VIGILE,1,177.59,-9.3,0.258,-1.149,3.321,-9.29,-0.18,0.049,-0.032,81.84,0.0,25.6,32,1,1
10:56:48.266,VIGILE,1,175.36,-6.4,0.259,-1.674,3.479,-9.282,-0.122,0.021,-0.007,81.84,0.0,25.6,32,1,1
10:56:48.766,VIGILE,1,176.4,-7.63,0.263,-1.025,3.093,-9.007,-0.152,0.124,-0.018,81.84,0.0,25.6,32,1,1
10:56:49.266,VIGILE,1,177.66,-7.49,0.251,-0.788,3.373,-8.545,-0.188,0.068,-0.017,81.84,0.0,25.6,32,1,1
10:56:49.766,VIGILE,1,175.65,-4.11,0.247,-1.085,2.892,-9.476,-0.181,0.094,-0.034,81.84,0.0,25.6,32,1,1
10:56:50.266,VIGILE,1,177.84,-7.04,0.273,-0.871,3.56,-9.072,-0.124,0.007,-0.024,81.84,0.0,25.6,32,1,1
10:56:50.766,VIGILE,1,170.05,-34.81,0.332,-2.136,3.56,-10.965,-0.143,0.172,-0.019,81.84,0.0,25.6,32,1,1
10:56:51.266,VIGILE,1,176.11,-37.86,0.336,-1.427,3.168,-8.612,-0.113,0.079,-0.008,81.84,0.0,25.6,32,1,1
10:56:51.766,VIGILE,1,176.17,-34.06,0.334,-1.597,3.414,-9.424,-0.033,0.014,0.0,81.84,0.0,25.6,32,1,1
10:56:52.267,DISTRAZIONE,1,-177.28,-41.82,0.349,-2.229,4.14,-8.159,-0.177,0.079,-0.03,81.84,0.0,25.6,32,1,1
10:56:52.767,DISTRAZIONE,1,-167.48,-72.08,0.443,-1.02,3.804,-8.837,-0.187,0.081,-0.009,81.84,0.0,25.6,32,1,1
10:56:53.267,DISTRAZIONE,1,178.62,-32.12,0.391,-1.427,4.058,-8.657,-0.132,0.09,0.014,81.84,0.0,25.6,32,1,1
10:56:53.767,DISTRAZIONE,1,-178.95,-70.39,0.345,-2.16,5.507,-8.665,-0.099,0.01,0.098,81.84,0.0,25.6,32,1,1
10:56:54.267,DISTRAZIONE,1,-179.1,-37.5,0.36,-1.607,5.353,-8.602,-0.205,0.043,0.047,81.84,0.0,25.6,32,1,1
10:56:54.767,DISTRAZIONE,1,-176.87,-24.33,0.305,0.05,3.555,-10.032,-0.01,0.082,0.09,81.84,0.0,25.6,32,1,1
10:56:55.267,DISTRAZIONE,1,177.35,28.67,0.24,-0.986,3.053,-9.256,-0.114,-0.001,0.047,81.84,0.0,25.6,32,1,1
10:56:55.767,DISTRAZIONE,1,172.97,28.07,0.245,-0.917,4.803,-8.988,-0.049,-0.043,0.066,81.84,0.0,25.6,32,1,1
10:56:56.267,VIGILE,1,178.82,27.32,0.238,-0.522,3.91,-8.662,-0.168,0.051,0.107,81.84,0.0,25.6,32,1,1
10:56:56.767,VIGILE,1,177.96,24.53,0.232,-0.903,4.743,-9.189,-0.131,0.038,0.113,81.84,0.0,25.6,32,1,1
10:56:57.267,VIGILE,1,178.13,7.05,0.238,0.28,5.231,-9.076,-0.084,-0.061,0.15,81.84,0.0,25.6,32,1,1
10:56:57.767,VIGILE,1,177.85,20.18,0.237,-0.512,5.313,-8.454,-0.095,-0.032,0.144,81.84,0.0,25.6,32,1,1
10:56:58.267,VIGILE,1,175.78,21.63,0.186,-0.429,4.664,-8.528,-0.112,-0.018,0.15,81.84,0.0,25.6,32,1,1
10:56:58.767,VIGILE,1,175.15,7.83,0.227,-0.596,4.664,-8.265,-0.088,0.025,0.156,81.84,0.0,25.6,32,1,1
10:56:59.267,VIGILE,1,176.35,-13.91,0.254,-0.927,3.33,-9.122,-0.047,0.031,0.077,81.84,0.0,25.6,32,1,1
10:56:59.767,VIGILE,1,176.9,-23.32,0.248,-2.081,1.571,-8.722,-0.174,0.094,-0.098,81.84,0.0,25.6,32,1,1
10:57:00.268,VIGILE,1,177.35,-25.86,0.242,-2.047,0.45,-9.266,-0.272,0.224,-0.23,81.84,0.0,25.6,32,1,1
10:57:00.768,VIGILE,1,176.02,-22.59,0.255,-2.203,0.807,-9.697,0.026,0.077,-0.268,81.84,0.0,25.6,32,1,1
10:57:01.268,VIGILE,1,176.36,-20.61,0.257,-2.595,0.654,-10.238,0.038,0.117,-0.264,81.84,0.0,25.6,32,1,1
10:57:01.768,VIGILE,1,176.67,-6.14,0.254,-0.278,2.195,-10.427,-0.144,0.222,-0.257,81.84,0.0,25.6,32,1,1
10:57:02.268,VIGILE,1,174.05,9.08,0.227,-0.905,3.098,-9.91,-0.13,0.06,-0.048,81.84,0.0,25.6,32,1,1
10:57:02.768,VIGILE,1,175.03,15.06,0.259,0.115,4.132,-9.608,-0.089,0.021,0.037,81.84,0.0,25.6,32,1,1
10:57:03.268,VIGILE,1,174.55,11.72,0.156,0.749,4.99,-9.029,-0.06,-0.021,0.187,81.84,0.0,25.6,32,1,1
10:57:03.768,VIGILE,1,175.16,2.6,0.248,1.599,6.122,-8.416,-0.023,0.019,0.113,81.84,0.0,25.6,32,1,1
10:57:04.268,VIGILE,1,176.48,6.04,0.246,0.249,4.872,-7.975,-0.111,0.017,0.161,81.84,0.0,25.6,32,1,1
10:57:04.768,VIGILE,1,175.75,11.24,0.262,-0.381,3.773,-8.93,-0.132,-0.004,0.076,81.84,0.0,25.6,32,1,1
10:57:05.268,VIGILE,1,172.5,-3.27,0.245,-0.972,3.603,-9.771,-0.18,0.083,-0.025,81.84,0.0,25.6,32,1,1
10:57:05.768,VIGILE,1,173.16,-1.89,0.247,-0.558,2.636,-9.309,-0.113,0.045,-0.026,81.84,0.0,25.6,32,1,1
10:57:06.268,VIGILE,1,171.86,11.87,0.103,-0.615,3.249,-8.938,-0.142,0.071,-0.016,81.84,0.0,25.6,32,1,1
10:57:06.768,VIGILE,1,175.03,13.71,0.27,-1.329,3.79,-8.394,-0.153,0.085,-0.017,81.84,0.0,25.6,32,1,1
10:57:07.268,VIGILE,1,174.24,10.85,0.269,-0.474,3.407,-8.569,-0.159,0.081,0.023,81.84,0.0,25.6,32,1,1
10:57:07.769,VIGILE,1,173.93,9.98,0.248,-0.596,5.104,-9.299,-0.072,0.011,0.121,81.84,0.0,25.6,32,1,1
10:57:08.269,VIGILE,1,176.82,17.24,0.261,-0.517,4.963,-8.262,-0.076,0.016,0.125,81.84,0.0,25.6,32,1,1
10:57:08.769,VIGILE,1,176.11,6.22,0.252,0.955,5.854,-8.559,-0.053,-0.02,0.151,81.84,0.0,25.6,32,1,1
10:57:09.269,VIGILE,1,174.02,9.38,0.272,-0.924,4.99,-10.812,-0.3,0.28,0.134,81.84,0.0,25.6,32,1,1
10:57:09.769,VIGILE,1,172.11,-1.65,0.254,-2.033,5.83,-11.14,0.156,-0.122,0.22,81.84,0.0,25.6,32,1,1
10:57:10.269,VIGILE,1,175.72,-1.37,0.262,-0.532,4.566,-9.182,-0.128,0.053,0.14,81.84,0.0,25.6,32,1,1
10:57:10.769,VIGILE,1,174.39,-11.18,0.229,-0.484,3.014,-9.239,-0.209,0.063,-0.007,81.84,0.0,25.6,32,1,1
10:57:11.269,VIGILE,1,173.52,-7.37,0.249,-0.936,2.854,-8.724,-0.092,0.079,-0.017,81.84,0.0,25.6,32,1,1
10:57:11.769,VIGILE,1,175.73,-11.33,0.228,-0.441,2.009,-8.89,-0.162,0.046,-0.052,81.84,0.0,25.6,32,1,1
10:57:12.269,VIGILE,1,172.57,-11.44,0.26,-2.21,2.389,-9.823,0.002,0.112,0.039,81.84,0.0,25.6,32,1,1
10:57:12.769,VIGILE,1,172.63,-13.95,0.25,-1.171,3.256,-9.524,-0.083,0.042,-0.03,81.84,0.0,25.6,32,1,1
10:57:13.269,VIGILE,1,178.71,-12.99,0.26,-2.99,1.456,-8.993,-0.119,0.121,-0.143,81.84,0.0,25.6,32,1,1
10:57:13.769,VIGILE,1,179.44,-12.54,0.251,-1.817,2.392,-10.151,-0.133,0.1,-0.064,81.84,0.0,25.6,32,1,1
10:57:14.269,VIGILE,1,-172.32,35.53,0.31,-3.098,2.653,-9.201,-0.03,0.141,-0.089,81.84,0.0,25.6,32,1,1
10:57:14.769,VIGILE,1,-176.42,29.04,0.257,-1.86,2.315,-9.457,-0.182,0.081,-0.141,81.84,0.0,25.6,32,1,1
10:57:15.270,VIGILE,1,171.91,-9.43,0.255,-0.11,0.685,-7.487,-0.229,0.164,-0.165,81.84,0.0,25.6,32,1,1
10:57:15.770,VIGILE,1,172.23,-5.55,0.263,-1.346,3.34,-8.124,0.049,0.071,0.045,81.84,0.0,25.6,32,1,1
10:57:16.270,VIGILE,1,174.72,-1.48,0.203,-1.614,3.053,-8.648,-0.075,0.002,0.035,81.84,0.0,25.6,32,1,1
10:57:16.770,VIGILE,1,177.93,-10.74,0.261,-0.678,2.998,-9.965,-0.316,0.199,0.039,81.84,0.0,25.6,32,1,1
10:57:17.270,VIGILE,1,178.59,-10.33,0.259,1.111,4.175,-8.143,-0.037,-0.106,-0.006,81.84,0.0,25.6,32,1,1
10:57:17.770,VIGILE,1,173.35,51.93,0.501,-0.871,3.728,-10.604,0.025,0.074,0.066,81.84,0.0,25.6,32,1,1
10:57:18.270,VIGILE,1,170.25,66.33,0.769,-1.269,3.184,-10.001,-0.145,0.134,-0.008,81.84,0.0,25.6,32,1,1
10:57:18.770,DISTRAZIONE,1,172.79,65.32,0.75,0.098,3.527,-8.942,-0.107,0.012,-0.028,81.84,0.0,25.6,32,1,1
10:57:19.270,DISTRAZIONE,1,173.86,63.44,0.738,-1.034,3.249,-9.254,-0.171,0.051,0.021,81.84,0.0,25.6,32,1,1
10:57:19.770,DISTRAZIONE,1,-177.99,63.01,0.734,-0.977,3.754,-10.087,-0.149,0.075,-0.016,81.84,0.0,25.6,32,1,1
10:57:20.270,DISTRAZIONE,1,-179.23,61.93,0.571,-1.508,3.294,-10.513,-0.068,0.037,-0.025,81.84,0.0,25.6,32,1,1
10:57:20.770,DISTRAZIONE,1,-179.79,36.26,0.269,-3.412,1.827,-8.672,-0.094,0.191,-0.047,81.84,0.0,25.6,32,1,1
10:57:21.270,DISTRAZIONE,1,-174.33,59.97,0.373,-0.848,1.92,-8.851,-0.166,0.072,-0.004,81.84,0.0,25.6,32,1,1
10:57:21.770,DISTRAZIONE,1,175.96,48.16,0.453,0.187,2.761,-9.754,-0.314,0.188,-0.057,81.84,0.0,25.6,32,1,1
10:57:22.270,DISTRAZIONE,1,168.94,58.54,0.563,-0.757,2.796,-9.883,-0.072,0.049,-0.035,81.84,0.0,25.6,32,1,1
10:57:22.770,DISTRAZIONE,1,178.18,42.97,0.324,0.072,3.625,-9.833,0.228,-0.0,0.036,81.84,0.0,25.6,32,1,1
10:57:23.271,DISTRAZIONE,1,177.91,40.9,0.275,-2.327,3.179,-8.825,-0.107,0.133,-0.006,81.84,0.0,25.6,32,1,1
10:57:23.771,DISTRAZIONE,1,173.39,64.52,0.616,-2.363,2.638,-7.865,-0.387,0.245,-0.064,81.84,0.0,25.6,32,1,1
10:57:24.271,DISTRAZIONE,1,171.26,66.0,0.569,-0.012,3.503,-11.047,-0.064,-0.086,0.068,81.84,0.0,25.6,32,1,1
10:57:24.771,DISTRAZIONE,1,175.78,63.19,0.471,-0.792,4.027,-9.45,-0.181,0.03,-0.001,81.84,0.0,25.6,32,1,1
10:57:25.271,DISTRAZIONE,1,-178.36,-12.94,0.272,-2.114,2.399,-9.177,-0.204,0.109,0.017,81.84,0.0,25.6,32,1,1
10:57:25.771,DISTRAZIONE,1,179.58,-16.41,0.284,-0.163,3.354,-8.116,-0.009,-0.284,-0.117,81.84,0.0,25.6,32,1,1
10:57:26.271,VIGILE,1,174.4,-10.38,0.268,-2.935,-0.546,-7.755,-0.387,0.286,-0.033,81.84,0.0,25.6,32,1,1
10:57:26.771,VIGILE,1,171.99,-12.72,0.259,-0.874,3.29,-8.849,-0.026,0.173,0.038,81.84,0.0,25.6,32,1,1
10:57:27.271,VIGILE,1,170.95,-8.95,0.247,0.333,3.275,-11.504,-0.055,0.059,0.001,81.84,0.0,25.6,32,1,1
10:57:27.771,VIGILE,1,174.26,-13.82,0.268,-0.907,2.986,-9.708,-0.085,0.025,-0.026,81.84,0.0,25.6,32,1,1
10:57:28.271,VIGILE,1,176.62,-12.9,0.254,0.373,2.277,-9.33,-0.724,0.192,-0.194,81.84,0.0,25.6,32,1,1
10:57:28.771,VIGILE,1,172.75,-7.84,0.205,-1.381,3.067,-9.194,-0.261,0.241,-0.073,81.84,0.0,25.5,32,1,1
10:57:29.271,VIGILE,1,172.57,-9.35,0.25,-1.7,2.935,-9.756,-0.172,0.058,-0.08,81.84,0.0,25.5,32,1,1
10:57:29.771,VIGILE,1,175.08,-7.71,0.246,-1.372,1.319,-9.392,-0.282,0.125,-0.111,81.84,0.0,25.5,32,1,1
10:57:30.271,VIGILE,1,172.18,2.44,0.241,-1.18,3.486,-9.177,-0.195,0.106,-0.112,81.84,0.0,25.5,32,1,1
10:57:30.771,VIGILE,1,174.07,-7.12,0.256,-1.805,-0.287,-11.969,1.592,-0.423,-0.158,81.84,0.0,25.5,32,1,1
10:57:31.271,VIGILE,1,176.22,-10.21,0.259,-2.895,2.579,-6.972,-0.12,0.174,-0.019,81.84,0.0,25.5,32,1,1
10:57:31.772,VIGILE,1,177.42,-12.78,0.26,-1.118,3.361,-8.55,-0.202,0.113,-0.056,81.84,0.0,25.5,32,1,1
10:57:32.272,VIGILE,1,171.98,-10.38,0.07,-0.819,3.014,-9.017,-0.224,0.078,-0.077,81.84,0.0,25.5,32,1,1
10:57:32.772,VIGILE,1,174.36,-9.86,0.252,-3.311,3.943,-7.417,-0.446,0.239,-0.059,81.84,0.0,25.5,32,1,1
10:57:33.272,VIGILE,1,178.58,-10.09,0.267,-2.133,5.49,-9.79,0.098,-0.03,0.033,81.84,0.0,25.5,32,1,1
10:57:33.772,VIGILE,1,174.99,-7.98,0.249,-0.077,3.46,-9.601,-0.392,0.12,-0.061,81.84,0.0,25.5,32,1,1
10:57:34.272,VIGILE,1,176.05,-9.76,0.254,-0.986,3.718,-11.66,-0.306,0.02,0.028,81.84,0.0,25.5,32,1,1
10:57:34.772,VIGILE,1,172.78,-4.76,0.256,-0.673,2.931,-9.057,-0.111,0.007,0.03,81.84,0.0,25.5,32,1,1
10:57:35.272,VIGILE,1,174.45,-12.14,0.261,-0.934,3.175,-9.955,-0.425,0.216,-0.061,81.84,0.0,25.5,32,1,1
10:57:35.772,VIGILE,1,175.4,-7.98,0.266,1.147,2.571,-9.115,0.089,0.071,-0.025,81.84,0.0,25.5,32,1,1
10:57:36.272,VIGILE,1,176.86,-10.34,0.266,-1.841,2.921,-8.689,-0.201,0.01,-0.044,81.84,0.0,25.5,32,1,1
10:57:36.772,VIGILE,1,174.72,-9.84,0.255,-1.528,3.06,-8.832,-0.209,0.101,0.002,81.84,0.0,25.5,32,1,1
10:57:37.272,VIGILE,1,175.97,-10.06,0.252,-1.176,4.029,-10.556,-0.163,0.102,-0.025,81.84,0.0,25.5,32,1,1
10:57:37.772,VIGILE,1,174.82,6.75,0.103,1.844,7.357,-9.278,0.027,0.062,0.057,81.84,0.0,25.5,32,1,1
10:57:38.272,VIGILE,1,174.15,-8.38,0.253,-1.848,2.751,-9.143,-0.045,0.062,-0.006,81.84,0.0,25.5,32,1,1
10:57:38.772,VIGILE,1,175.78,-8.37,0.25,-0.575,3.735,-9.878,-0.012,0.108,-0.026,81.84,0.0,25.5,32,1,1
10:57:39.273,VIGILE,1,172.48,-3.97,0.242,-1.295,2.569,-8.758,-0.057,0.064,-0.043,81.84,0.0,25.5,32,1,1
10:57:39.773,VIGILE,1,177.31,-8.79,0.255,-1.336,2.251,-9.953,-0.204,0.047,-0.044,81.84,0.0,25.5,32,1,1
10:57:40.273,VIGILE,1,177.18,-8.83,0.226,-1.396,5.535,-6.917,-0.054,0.055,0.041,81.84,0.0,25.5,32,1,1
10:57:40.773,VIGILE,1,175.98,-10.79,0.221,-2.035,2.363,-9.732,-0.174,0.058,0.004,81.84,0.0,25.5,32,1,1
10:57:41.273,VIGILE,1,175.01,-7.41,0.259,-0.838,4.008,-9.455,-0.041,-0.018,-0.006,81.84,0.0,25.5,32,1,1
10:57:41.773,VIGILE,1,173.92,-8.35,0.26,-0.158,3.373,-9.457,-0.127,-0.004,-0.025,81.84,0.0,25.5,32,1,1
10:57:42.273,VIGILE,1,173.57,-5.44,0.18,-1.889,3.606,-10.324,-0.119,0.04,0.002,81.84,0.0,25.5,32,1,1
10:57:42.773,VIGILE,1,175.15,-5.53,0.247,-1.559,4.013,-7.812,-0.125,0.043,-0.062,81.84,0.0,25.5,32,1,1
10:57:43.273,VIGILE,1,175.59,-10.06,0.217,-1.389,3.598,-8.624,-0.139,0.06,-0.019,81.84,0.0,25.5,32,1,1
10:57:43.773,VIGILE,1,175.85,-10.45,0.256,-0.747,4.585,-7.563,-0.232,0.14,-0.035,81.84,0.0,25.5,32,1,1
10:57:44.273,VIGILE,1,174.43,-4.32,0.265,-2.392,3.728,-8.942,-0.242,0.066,0.003,81.84,0.0,25.5,32,1,1
10:57:44.773,VIGILE,1,172.61,-4.83,0.239,-1.034,2.648,-8.595,-0.182,0.11,0.015,81.84,0.0,25.5,32,1,1
10:57:45.273,VIGILE,1,174.15,-4.94,0.258,-1.707,4.283,-9.165,-0.125,0.072,-0.009,81.84,0.0,25.5,32,1,1
10:57:45.773,VIGILE,1,170.47,-3.25,0.243,-0.596,3.412,-8.126,-0.161,0.082,-0.04,81.84,0.0,25.5,32,1,1
10:57:46.273,VIGILE,1,172.08,2.98,0.243,-0.948,3.285,-10.896,-0.166,0.08,-0.023,81.84,0.0,25.5,32,1,1
10:57:46.773,VIGILE,1,172.08,-2.22,0.092,-1.678,3.421,-9.057,-0.08,0.05,-0.027,81.84,0.0,25.5,32,1,1
10:57:47.273,VIGILE,1,176.79,-9.18,0.238,-1.432,2.497,-8.803,-0.121,0.071,-0.018,81.84,0.0,25.5,32,1,1
10:57:47.774,VIGILE,1,175.04,-9.11,0.206,-0.785,2.696,-9.096,-0.191,0.068,0.019,81.84,0.0,25.5,32,1,1
10:57:48.274,VIGILE,1,173.6,-3.23,0.243,-1.559,2.44,-8.952,-0.161,0.066,0.008,81.84,0.0,25.5,32,1,1
10:57:48.774,VIGILE,1,174.03,-5.68,0.245,-1.307,2.672,-9.754,-0.194,0.076,-0.003,81.84,0.0,25.5,32,1,1
10:57:49.274,VIGILE,1,174.64,-8.88,0.236,-1.176,3.378,-8.552,-0.022,0.009,0.021,81.84,0.0,25.5,32,1,1
10:57:49.774,VIGILE,1,174.37,-8.05,0.246,-0.429,4.209,-8.289,-0.205,-0.001,-0.016,81.84,0.0,25.5,32,1,1
10:57:50.274,VIGILE,1,175.63,-5.97,0.267,-3.266,0.524,-9.074,0.006,0.073,-0.323,81.84,0.0,25.5,32,1,1
10:57:50.774,VIGILE,1,178.01,-12.97,0.246,-3.915,4.796,-8.859,-0.32,0.012,-0.229,81.84,0.0,25.5,32,1,1
10:57:51.274,VIGILE,1,174.0,3.84,0.262,-1.274,3.809,-9.704,-0.161,0.095,-0.025,81.84,0.0,25.5,32,1,1
10:57:51.774,VIGILE,1,174.03,-7.84,0.267,-1.08,1.949,-8.703,-0.389,0.137,-0.045,81.84,0.0,25.5,32,1,1
10:57:52.274,VIGILE,1,173.81,-5.25,0.25,-1.82,2.952,-7.872,-0.348,0.17,-0.07,81.84,0.0,25.5,32,1,1
10:57:52.774,VIGILE,1,175.26,-4.01,0.248,-0.845,3.124,-9.936,-0.063,0.023,-0.03,81.84,0.0,25.5,32,1,1
10:57:53.274,VIGILE,1,176.22,-0.28,0.245,-1.056,2.361,-8.2,-0.276,0.046,-0.028,81.84,0.0,25.5,32,1,1
10:57:53.774,VIGILE,1,179.43,-5.23,0.255,-1.975,4.039,-8.811,0.16,-0.071,0.049,81.84,0.0,25.5,32,1,1
10:57:54.274,VIGILE,1,177.99,-8.52,0.263,-0.62,1.554,-8.626,-0.091,0.021,-0.047,81.84,0.0,25.5,32,1,1
10:57:54.774,VIGILE,1,175.69,-10.28,0.243,-1.348,3.407,-8.588,-0.142,0.059,-0.031,81.84,0.0,25.5,32,1,1
10:57:55.274,VIGILE,1,175.59,-9.16,0.276,-1.156,2.653,-9.558,-0.189,0.039,-0.018,81.84,0.0,25.5,32,1,1
10:57:55.775,VIGILE,1,173.96,-17.76,0.223,-1.044,3.306,-9.689,-0.117,0.059,0.001,81.84,0.0,25.5,32,1,1
10:57:56.275,VIGILE,1,175.79,-10.83,0.263,1.76,2.571,-8.121,-0.01,0.094,-0.025,81.84,0.0,25.5,32,1,1
10:57:56.775,VIGILE,1,175.78,-13.2,0.281,0.144,2.119,-7.882,-0.317,0.116,-0.033,81.84,0.0,25.5,32,1,1
10:57:57.275,VIGILE,1,172.0,-8.33,0.257,-0.192,2.351,-8.234,-0.17,0.065,-0.06,81.84,0.0,25.5,32,1,1
10:57:57.775,VIGILE,1,175.94,-7.03,0.243,-0.757,2.713,-7.767,-0.249,-0.217,-0.038,81.84,0.0,25.5,32,1,1
10:57:58.275,VIGILE,1,176.96,11.47,0.261,-0.539,3.46,-9.996,0.288,-0.018,0.022,81.84,0.0,25.5,32,1,1
10:57:58.775,VIGILE,1,177.04,-8.44,0.272,1.456,4.137,-8.001,-0.229,0.03,-0.08,81.84,0.0,25.5,32,1,1
10:57:59.275,VIGILE,1,176.79,-9.3,0.236,-0.874,5.052,-7.982,-0.305,0.09,-0.031,81.84,0.0,25.5,32,1,1
10:57:59.775,VIGILE,1,174.85,1.78,0.241,-0.022,3.297,-8.894,-0.189,0.056,-0.046,81.84,0.0,25.5,32,1,1
10:58:00.275,VIGILE,1,175.01,-14.73,0.244,-1.001,3.821,-9.567,-0.085,0.094,0.009,81.84,0.0,25.5,32,1,1
10:58:00.775,VIGILE,1,176.9,-19.53,0.252,-1.276,2.964,-9.297,-0.122,0.033,-0.018,81.84,0.0,25.5,32,1,1
10:58:01.275,VIGILE,1,171.43,-4.24,0.237,-3.093,3.072,-10.096,-0.158,0.088,0.016,81.84,0.0,25.5,32,1,1
10:58:01.775,VIGILE,1,173.19,-5.91,0.084,-1.07,3.984,-8.557,-0.205,0.085,-0.067,81.84,0.0,25.5,32,1,1
10:58:02.275,VIGILE,1,172.67,3.0,0.243,-1.506,3.203,-9.538,-0.051,-0.022,0.086,81.84,0.0,25.5,32,1,1
10:58:02.775,VIGILE,1,175.69,-5.6,0.137,0.081,1.401,-8.95,-0.4,-0.037,-0.07,81.84,0.0,25.5,32,1,1
10:58:03.276,VIGILE,1,173.2,0.2,0.251,-0.242,2.761,-8.215,-0.117,0.078,-0.027,81.84,0.0,25.5,32,1,1
10:58:03.776,VIGILE,1,177.04,-5.55,0.248,-0.836,2.777,-8.964,-0.185,0.079,-0.032,81.84,0.0,25.5,32,1,1
10:58:04.276,VIGILE,1,174.42,-6.83,0.237,0.498,3.496,-8.449,-0.304,0.018,-0.076,81.84,0.0,25.5,32,1,1
10:58:04.776,VIGILE,1,173.91,-10.76,0.238,-1.053,3.701,-9.115,-0.314,0.149,-0.095,81.84,0.0,25.5,32,1,1
10:58:05.276,VIGILE,1,175.03,-5.98,0.256,-0.666,2.49,-9.218,-0.201,0.072,-0.042,81.84,0.0,25.5,32,1,1
10:58:05.776,VIGILE,1,173.34,-9.45,0.233,-2.217,3.141,-11.114,-0.088,-0.037,0.041,81.84,0.0,25.5,32,1,1
10:58:06.276,VIGILE,1,173.43,-9.66,0.255,-1.137,8.085,-11.655,0.062,-0.108,-0.06,81.84,0.0,25.5,32,1,1
10:58:06.776,VIGILE,1,176.45,-12.94,0.263,-2.248,1.832,-8.375,-0.185,0.098,-0.027,81.84,0.0,25.5,32,1,1
10:58:07.276,VIGILE,1,170.52,-6.73,0.064,-1.901,2.557,-9.21,-0.094,0.064,-0.024,81.84,0.0,25.5,32,1,1
10:58:07.776,VIGILE,1,176.6,-11.78,0.06,-0.965,2.89,-8.997,-0.017,0.027,-0.013,81.84,0.0,25.5,32,1,1
10:58:08.276,VIGILE,1,178.8,-12.94,0.262,-1.779,3.718,-7.87,0.001,0.007,-0.026,81.84,0.0,25.5,32,1,1
10:58:08.776,VIGILE,1,176.72,-8.82,0.243,-1.511,2.916,-10.532,-0.026,0.091,-0.07,81.84,0.0,25.5,31,1,1
10:58:09.276,VIGILE,1,176.76,-9.2,0.094,-1.097,2.38,-10.585,-0.218,0.098,-0.092,81.84,0.0,25.5,31,1,1
10:58:09.776,VIGILE,1,175.43,-9.71,0.084,-1.937,2.583,-9.804,-0.192,0.103,-0.066,81.84,0.0,25.5,31,1,1
10:58:10.276,SONNOLENZA,1,177.08,-11.33,0.271,-1.125,1.458,-7.681,-0.105,-0.038,-0.074,81.84,0.0,25.5,31,1,1
10:58:10.776,SONNOLENZA,1,176.23,-11.7,0.284,-2.021,3.749,-7.728,0.35,-0.08,0.093,81.84,0.0,25.5,31,1,1
10:58:11.277,SONNOLENZA,1,176.0,-8.43,0.222,-1.542,5.705,-8.758,-0.326,0.031,0.014,81.84,0.0,25.6,31,1,1
10:58:11.777,SONNOLENZA,1,177.0,-12.9,0.142,-1.743,3.273,-9.507,-0.1,0.039,-0.021,81.84,0.0,25.6,31,1,1
10:58:12.277,SONNOLENZA,1,174.97,-3.68,0.073,-0.675,3.359,-9.148,-0.153,0.094,0.006,81.84,0.0,25.6,31,1,1
10:58:12.777,SONNOLENZA,1,176.42,-13.81,0.224,-1.856,3.622,-8.437,0.353,-0.176,0.1,81.84,0.0,25.6,31,1,1
10:58:13.277,SONNOLENZA,1,178.55,-13.88,0.275,-1.731,2.806,-8.554,-0.151,0.088,-0.019,81.84,0.0,25.6,31,1,1
10:58:13.777,SONNOLENZA,1,175.86,-12.5,0.235,-0.994,2.116,-10.918,-0.154,0.064,-0.015,81.84,0.0,25.6,31,1,1
10:58:14.277,SONNOLENZA,1,173.08,-6.7,0.119,-0.754,2.564,-9.732,-0.141,0.047,-0.039,81.84,0.0,25.6,31,1,1
10:58:14.777,SONNOLENZA,1,174.19,-4.35,0.079,-0.266,3.606,-9.069,-0.133,0.067,-0.006,81.84,0.0,25.6,31,1,1
10:58:15.277,SONNOLENZA,1,179.51,-13.51,0.276,-0.503,3.235,-9.148,-0.147,0.018,-0.039,81.84,0.0,25.6,31,1,1
10:58:15.777,SONNOLENZA,1,179.23,-12.81,0.287,-1.463,3.347,-9.548,-0.148,0.125,-0.012,81.84,0.0,25.6,31,1,1
10:58:16.277,SONNOLENZA,1,174.07,-9.84,0.256,0.383,4.851,-11.789,-0.081,0.122,-0.065,81.84,0.0,25.6,31,1,1
10:58:16.777,SONNOLENZA,1,173.44,-9.38,0.218,-1.865,1.173,-10.35,0.038,-0.034,0.013,81.84,0.0,25.6,31,1,1
10:58:17.277,SONNOLENZA,1,176.68,-12.11,0.106,-1.31,3.172,-8.454,-0.058,0.014,-0.024,81.84,0.0,25.6,31,1,1
10:58:17.777,SONNOLENZA,1,177.19,-11.99,0.114,-4.63,2.066,-11.286,-0.032,0.151,0.06,81.84,0.0,25.6,31,1,1
10:58:18.277,SONNOLENZA,1,176.24,3.16,0.265,-3.182,1.362,-9.359,-0.019,-0.001,0.04,81.84,0.0,25.6,31,1,1
10:58:18.777,SONNOLENZA,1,177.95,-6.67,0.257,-1.709,4.401,-13.135,-0.106,0.176,0.035,81.84,0.0,25.6,31,1,1
10:58:19.278,SONNOLENZA,1,-178.48,-17.99,0.27,-1.48,2.471,-9.483,-0.065,0.05,-0.027,81.84,0.0,25.6,31,1,1
10:58:19.778,SONNOLENZA,1,174.89,-7.17,0.264,-0.948,2.899,-8.607,-0.126,0.108,0.0,81.84,0.0,25.6,31,1,1
10:58:20.278,SONNOLENZA,1,175.08,6.25,0.274,-0.773,3.029,-9.1,-0.191,0.071,-0.011,81.84,0.0,25.6,31,1,1
10:58:20.778,VIGILE,1,174.83,-2.25,0.081,-1.451,3.577,-9.218,-0.002,0.02,0.031,81.84,0.0,25.6,31,1,1
10:58:21.278,VIGILE,1,176.73,-4.03,0.272,-0.536,3.227,-9.392,-0.23,0.121,-0.024,81.84,0.0,25.6,31,1,1
10:58:21.778,VIGILE,1,-179.14,-6.27,0.267,-0.512,2.581,-9.541,-0.069,-0.007,-0.009,81.84,0.0,25.6,31,1,1
10:58:22.278,VIGILE,1,179.49,-9.41,0.3,0.491,2.313,-8.32,-0.305,0.052,-0.063,81.84,0.0,25.6,31,1,1
10:58:22.778,VIGILE,1,178.89,-13.32,0.23,-1.228,3.055,-9.483,-0.147,0.011,-0.021,81.84,0.0,25.6,31,1,1
10:58:23.278,VIGILE,1,179.98,-10.77,0.283,-0.476,1.918,-9.165,-0.1,0.129,0.011,81.84,0.0,25.6,31,1,1
10:58:23.778,VIGILE,1,174.87,-6.85,0.251,-0.678,3.239,-9.881,-0.098,0.031,-0.01,81.84,0.0,25.5,31,1,1
10:58:24.278,VIGILE,1,177.84,-10.89,0.305,-0.85,3.381,-10.341,-0.053,0.102,0.025,81.84,0.0,25.5,31,1,1
10:58:24.778,VIGILE,1,-177.51,-12.84,0.355,0.153,3.685,-10.918,-0.11,0.058,-0.018,81.84,0.0,25.5,31,1,1
10:58:25.278,VIGILE,1,178.99,-7.31,0.095,-0.22,3.242,-10.611,-0.08,0.052,-0.012,81.84,0.0,25.5,31,1,1
10:58:25.778,VIGILE,1,-177.9,-9.97,0.092,-0.96,1.796,-8.459,-0.063,-0.035,0.007,81.84,0.0,25.5,31,1,1
10:58:26.278,VIGILE,1,-179.43,-11.7,0.267,-0.747,3.634,-9.191,-0.03,0.006,0.037,81.84,0.0,25.5,31,1,1
10:58:26.778,VIGILE,1,179.75,-11.61,0.253,0.464,3.749,-8.839,-0.089,-0.008,0.034,81.84,0.0,25.5,31,1,1
10:58:27.279,VIGILE,1,178.56,-7.01,0.052,-0.275,4.017,-9.349,-0.134,0.022,0.033,81.84,0.0,25.5,31,1,1
10:58:27.779,VIGILE,1,178.05,-9.08,0.14,-0.472,3.388,-9.548,-0.13,0.089,0.045,81.84,0.0,25.5,31,1,1
10:58:28.279,VIGILE,1,178.04,-3.75,0.199,-0.443,2.598,-9.227,-0.2,0.083,0.017,81.84,0.0,25.5,31,1,1
10:58:28.779,VIGILE,1,176.9,-4.74,0.253,0.165,3.692,-9.172,-0.023,-0.053,0.042,81.84,0.0,25.6,31,1,1
10:58:29.279,VIGILE,1,177.58,-5.83,0.271,-0.05,3.711,-8.31,-0.112,0.009,0.022,81.84,0.0,25.6,31,1,1
10:58:29.779,VIGILE,1,178.05,-12.72,0.264,0.426,3.919,-8.145,-0.237,0.023,0.01,81.84,0.0,25.6,31,1,1
10:58:30.279,VIGILE,1,176.1,-6.54,0.231,-1.032,0.615,-9.661,-0.16,0.107,0.041,81.84,0.0,25.6,31,1,1
10:58:30.779,VIGILE,1,173.67,-7.3,0.057,-0.421,3.201,-8.6,-0.139,0.048,0.002,81.84,0.0,25.6,31,1,1
10:58:31.279,VIGILE,1,171.09,-2.65,0.236,-1.202,3.026,-9.493,-0.097,0.054,-0.011,81.84,0.0,25.6,31,1,1
10:58:31.779,VIGILE,1,174.45,-9.27,0.158,-0.941,3.73,-9.23,-0.117,0.055,-0.016,81.84,0.0,25.6,31,1,1
10:58:32.279,VIGILE,1,176.11,-10.67,0.264,-1.128,2.887,-8.866,-0.132,0.053,-0.029,81.84,0.0,25.6,31,1,1
10:58:32.779,VIGILE,1,174.91,-7.48,0.256,-0.488,3.062,-8.928,-0.15,0.074,-0.004,81.84,0.0,25.6,31,1,1
10:58:33.279,VIGILE,1,176.57,-11.71,0.261,-0.757,3.488,-6.548,-0.002,0.007,0.05,81.84,0.0,25.6,31,1,1
10:58:33.779,VIGILE,1,171.54,-7.87,0.224,-0.836,3.529,-9.364,-0.09,0.053,-0.004,81.84,0.0,25.6,31,1,1
10:58:34.279,VIGILE,1,175.75,-12.14,0.246,-1.128,2.002,-9.766,-0.118,0.06,-0.035,81.84,0.0,25.6,31,1,1
10:58:34.779,VIGILE,1,176.61,-10.32,0.107,-2.689,2.727,-9.946,-0.117,0.074,-0.003,81.84,0.0,25.6,31,1,1
10:58:35.280,VIGILE,1,174.37,-9.75,0.227,-1.056,3.108,-8.952,-0.161,0.043,-0.036,81.84,0.0,25.6,31,1,1
10:58:35.780,VIGILE,1,174.17,-10.57,0.243,-1.142,2.526,-9.414,-0.189,0.074,-0.021,81.84,0.0,25.6,31,1,1
10:58:36.280,VIGILE,1,173.91,-12.3,0.081,-1.3,2.756,-8.059,-0.171,0.075,-0.031,81.84,0.0,25.6,31,1,1
10:58:36.780,VIGILE,1,175.58,-11.44,0.263,-1.209,3.132,-9.16,-0.112,0.028,-0.027,81.84,0.0,25.6,31,1,1
10:58:37.280,VIGILE,1,173.56,-11.13,0.263,-1.599,2.65,-9.23,-0.179,0.069,-0.018,81.84,0.0,25.6,31,1,1
10:58:37.780,VIGILE,1,176.11,-12.02,0.263,-3.349,2.71,-9.141,-0.333,0.167,-0.042,81.84,0.0,25.6,31,1,1
10:58:38.280,VIGILE,1,176.62,-11.82,0.257,-1.231,3.603,-8.973,-0.16,0.03,-0.066,81.84,0.0,25.6,31,1,1
10:58:38.780,VIGILE,1,172.65,-10.8,0.236,-2.265,2.775,-9.711,-0.039,0.025,0.035,81.84,0.0,25.6,31,1,1
10:58:39.280,VIGILE,1,173.42,-9.06,0.245,-2.648,3.967,-7.755,-0.143,0.128,-0.04,81.84,0.0,25.6,31,1,1
10:58:39.780,VIGILE,1,166.23,-7.29,0.115,-0.888,3.342,-9.052,-0.21,0.104,-0.002,81.84,0.0,25.6,31,1,1
10:58:40.280,VIGILE,1,168.94,-5.82,0.225,-2.045,3.366,-8.234,-0.103,0.052,-0.007,81.84,0.0,25.6,31,1,1
10:58:40.780,VIGILE,1,169.67,-7.92,0.239,-2.928,5.078,-8.557,-0.14,0.087,-0.023,81.84,0.0,25.6,31,1,1
10:58:41.280,VIGILE,1,170.25,-8.83,0.239,-3.069,3.974,-8.155,-0.115,0.078,-0.024,81.84,0.0,25.6,31,1,1
10:58:41.780,VIGILE,1,170.17,-8.88,0.25,-3.148,4.472,-7.882,-0.255,0.04,-0.048,81.84,0.0,25.6,31,1,1
10:58:42.280,VIGILE,1,179.74,-14.4,0.24,-1.736,3.996,-9.187,-0.118,0.11,-0.011,81.84,0.0,25.6,31,1,1
10:58:42.781,VIGILE,1,168.41,-3.74,0.234,-1.731,3.297,-9.06,-0.088,0.034,-0.003,81.84,0.0,25.6,31,1,1
10:58:43.281,VIGILE,1,171.94,-6.92,0.25,-1.288,2.789,-8.564,-0.179,0.103,-0.024,81.84,0.0,25.6,31,1,1
10:58:43.781,VIGILE,1,172.8,-8.03,0.239,-0.464,3.666,-9.414,-0.192,0.061,-0.038,81.84,0.0,25.6,31,1,1
10:58:44.281,VIGILE,1,170.84,-7.04,0.245,-0.448,2.78,-8.26,-0.246,0.122,-0.081,81.84,0.0,25.6,31,1,1
10:58:44.781,VIGILE,1,175.69,-13.91,0.246,-2.093,4.453,-8.887,-0.121,0.096,0.019,81.84,0.0,25.6,31,1,1
10:58:45.281,VIGILE,1,170.1,-11.55,0.26,1.197,0.182,2.109,-4.48,1.147,0.618,81.84,0.0,25.6,31,1,1
10:58:45.781,VIGILE,1,168.78,-34.03,0.348,-1.906,5.279,-8.188,-0.102,0.001,0.013,81.84,0.0,25.6,31,1,1
10:58:46.281,VIGILE,1,173.01,-26.27,0.275,-3.115,4.518,-7.894,-0.104,0.067,-0.002,81.84,0.0,25.6,31,1,1
10:58:46.781,VIGILE,1,171.14,-37.8,0.402,-3.472,4.968,-8.76,-0.123,0.082,0.039,81.84,0.0,25.6,31,1,1
10:58:47.281,VIGILE,1,-177.5,19.91,0.297,-3.122,5.313,-8.262,-0.084,0.073,0.021,81.84,0.0,25.6,31,1,1
10:58:47.781,VIGILE,1,-178.24,46.73,0.325,-2.131,5.686,-8.514,-0.104,0.059,0.048,81.84,0.0,25.6,31,1,1
10:58:48.281,VIGILE,1,176.18,41.43,0.407,-0.797,6.431,-9.57,-0.036,0.033,0.107,81.84,0.0,25.6,31,1,1
10:58:48.781,VIGILE,1,170.11,41.6,0.306,-1.932,5.234,-8.938,-0.098,-0.002,0.196,81.84,0.0,25.6,31,1,1
10:58:49.281,VIGILE,1,173.31,41.86,0.392,-0.017,6.572,-8.803,-0.012,-0.062,0.395,81.84,0.0,25.6,31,1,1
10:58:49.781,VIGILE,1,172.66,40.17,0.358,0.745,6.021,-8.401,-0.13,-0.119,0.4,81.84,0.0,25.6,31,1,1
10:58:50.281,VIGILE,1,173.17,38.36,0.326,-1.063,5.964,-8.147,0.052,-0.155,0.461,81.84,0.0,25.6,31,1,1
10:58:50.781,VIGILE,1,173.27,35.56,0.327,0.982,6.155,-8.856,-0.001,-0.13,0.465,81.84,0.0,25.6,31,1,1
10:58:51.282,VIGILE,1,172.85,33.4,0.296,1.815,6.891,-7.784,-0.171,-0.083,0.501,81.84,0.0,25.6,31,1,1
10:58:51.782,VIGILE,1,177.96,26.84,0.274,1.762,6.926,-7.86,-0.061,-0.2,0.462,81.84,0.0,25.6,31,1,1
10:58:52.282,VIGILE,1,179.14,-11.25,0.242,-0.065,3.187,-9.122,-0.028,-0.062,0.176,81.84,0.0,25.6,31,1,1
10:58:52.782,VIGILE,1,174.64,-20.48,0.268,0.096,1.834,-9.093,-0.217,0.159,-0.071,81.84,0.0,25.6,31,1,1
10:58:53.282,VIGILE,1,174.79,-23.73,0.267,-2.605,1.937,-9.44,-0.099,0.152,-0.133,81.84,0.0,25.6,31,1,1
10:58:53.782,VIGILE,1,171.33,-25.58,0.259,-2.942,1.621,-9.934,-0.073,0.128,-0.265,81.84,0.0,25.6,31,1,1
10:58:54.282,VIGILE,1,174.91,-28.78,0.266,-1.951,-0.582,-10.233,-0.168,0.13,-0.369,81.84,0.0,25.6,31,1,1
10:58:54.782,NERVOSO,1,177.14,-31.46,0.261,-3.824,-0.934,-10.798,-0.04,0.078,-0.362,81.84,0.0,25.6,31,1,1
10:58:55.282,NERVOSO,1,176.16,-28.73,0.244,-4.903,-3.606,-11.43,0.167,0.139,-0.426,81.84,0.0,25.6,31,1,1
10:58:55.782,NERVOSO,1,175.19,-23.95,0.246,-4.037,-3.448,-11.727,0.342,0.007,-0.548,81.84,0.0,25.6,31,1,1
10:58:56.282,NERVOSO,1,178.1,-17.62,0.259,-3.158,-3.572,-11.423,-0.131,0.136,-0.405,81.84,0.0,25.7,31,1,1
10:58:56.782,NERVOSO,1,175.73,13.58,0.245,1.331,5.38,-10.989,-0.113,-0.015,0.058,81.84,0.0,25.7,31,1,1
10:58:57.282,NERVOSO,1,173.84,19.65,0.216,0.596,5.717,-8.408,-0.077,-0.038,0.243,81.84,0.0,25.7,31,1,1
10:58:57.782,NERVOSO,1,178.37,-2.22,0.242,0.338,2.95,-8.878,0.091,-0.108,0.035,81.84,0.0,25.7,31,1,1
10:58:58.282,NERVOSO,1,177.41,-1.4,0.216,-0.759,1.496,-9.407,-0.06,0.059,-0.128,81.84,0.0,25.7,31,1,1
10:58:58.782,NERVOSO,1,174.02,6.08,0.241,-4.099,4.712,-7.676,-0.097,-0.002,-0.028,81.84,0.0,25.7,31,1,1
10:58:59.283,NERVOSO,1,174.68,12.03,0.25,-5.131,4.602,-8.325,-0.146,0.092,-0.06,81.84,0.0,25.7,31,1,1
10:58:59.783,NERVOSO,1,176.9,12.57,0.267,-1.891,3.39,-8.993,-0.098,0.112,-0.03,81.84,0.0,25.7,31,1,1
10:59:00.283,NERVOSO,1,178.95,-8.03,0.261,-1.434,0.141,-10.087,-0.021,0.082,-0.182,81.84,0.0,25.7,31,1,1
10:59:00.783,NERVOSO,1,-179.92,1.65,0.26,-0.955,1.709,-9.946,-0.113,0.145,-0.197,81.84,0.0,25.7,31,1,1
10:59:01.283,NERVOSO,1,178.54,11.72,0.241,0.984,3.378,-8.959,-0.12,0.13,0.001,81.84,0.0,25.7,31,1,1
10:59:01.783,NERVOSO,1,176.74,-5.41,0.232,0.833,2.212,-10.755,-0.173,0.059,-0.034,81.84,0.0,25.7,31,1,1
10:59:02.283,NERVOSO,1,178.87,-7.87,0.251,-0.026,1.666,-10.175,-0.193,0.035,-0.111,81.84,0.0,25.7,31,1,1
10:59:02.783,NERVOSO,1,176.84,-0.37,0.246,-0.237,2.385,-8.981,-0.206,0.082,-0.065,81.84,0.0,25.7,31,1,1
10:59:03.283,NERVOSO,1,174.77,-3.6,0.246,-4.681,2.919,-8.926,-0.063,0.088,-0.104,81.84,0.0,25.7,31,1,1
10:59:03.783,NERVOSO,1,-179.22,-9.88,0.234,-5.571,3.95,-9.179,-0.112,-0.107,-0.068,81.84,0.0,25.7,32,1,1
10:59:04.283,NERVOSO,1,177.98,0.75,0.265,-2.037,1.913,-9.254,-0.119,0.117,-0.047,81.84,0.0,25.7,32,1,1
10:59:04.783,NERVOSO,1,-178.73,-11.37,0.14,-1.448,2.464,-9.685,-0.1,0.084,-0.056,81.84,0.0,25.7,32,1,1
10:59:05.283,NERVOSO,1,176.6,-9.05,0.132,-0.572,0.098,-10.391,-0.123,0.12,-0.228,81.84,0.0,25.7,32,1,1
10:59:05.783,NERVOSO,1,-179.78,7.45,0.245,-1.322,-0.055,-10.051,-0.139,0.077,-0.213,81.84,0.0,25.7,32,1,1
10:59:06.283,NERVOSO,1,178.0,11.2,0.231,1.678,3.163,-9.95,-0.232,-0.008,-0.001,81.84,0.0,25.7,32,1,1
10:59:06.783,NERVOSO,1,175.98,8.23,0.259,1.039,2.38,-9.665,-0.032,0.037,0.006,81.84,0.0,25.7,32,1,1
10:59:07.284,NERVOSO,1,176.04,12.91,0.248,-2.514,-1.209,-8.502,-0.031,0.103,-0.176,81.84,0.0,25.7,32,1,1
10:59:07.784,NERVOSO,1,175.89,12.0,0.226,3.795,6.086,-8.162,-0.394,0.023,0.268,81.84,0.0,25.7,32,1,1
10:59:08.284,NERVOSO,1,177.09,12.79,0.258,3.007,5.868,-9.287,0.115,-0.123,0.081,81.84,0.0,25.7,32,1,1
10:59:08.784,NERVOSO,1,177.66,-4.4,0.271,-1.051,4.159,-8.277,-0.011,-0.106,-0.082,81.84,0.0,25.7,32,1,1
10:59:09.284,NERVOSO,1,175.89,20.41,0.156,-3.021,-1.468,-9.12,-0.367,0.181,-0.298,81.84,0.0,25.7,32,1,1
10:59:09.784,NERVOSO,1,174.2,10.89,0.097,2.179,6.701,-4.97,-0.393,-0.122,0.261,81.84,0.0,25.7,32,1,1
10:59:10.284,NERVOSO,1,176.64,0.36,0.259,-2.404,1.405,-9.732,-0.008,0.019,-0.216,81.84,0.0,25.7,32,1,1
10:59:10.784,NERVOSO,1,177.59,35.82,0.306,-1.702,3.074,-8.727,-0.302,0.143,-0.047,81.84,0.0,25.7,32,1,1
10:59:11.284,NERVOSO,1,175.63,1.06,0.238,-1.324,3.814,-9.352,0.056,0.045,0.01,81.84,0.0,25.8,32,1,1
10:59:11.784,NERVOSO,1,172.47,0.34,0.237,-4.894,5.871,-8.267,-0.055,0.071,0.01,81.84,0.0,25.8,32,1,1
10:59:12.284,NERVOSO,1,176.42,-0.86,0.264,-5.337,5.808,-7.415,-0.136,0.059,0.015,81.84,0.0,25.8,32,1,1
10:59:12.784,NERVOSO,1,176.37,-3.4,0.223,-3.596,4.061,-8.844,-0.151,0.07,0.002,81.84,0.0,25.8,32,1,1
10:59:13.284,NERVOSO,1,176.97,-0.69,0.208,-2.823,4.001,-9.443,-0.022,0.049,0.027,81.84,0.0,25.8,32,1,1
10:59:13.785,VIGILE,1,173.14,-0.14,0.201,-1.247,3.742,-8.875,-0.075,0.053,-0.009,81.84,0.0,25.8,32,1,1
10:59:14.285,VIGILE,1,171.42,-3.67,0.182,-3.261,4.393,-8.222,-0.167,0.046,-0.021,81.84,0.0,25.8,32,1,1
10:59:14.785,VIGILE,1,-179.01,-16.18,0.217,-3.443,4.559,-8.396,-0.123,0.044,0.017,81.84,0.0,25.8,32,1,1
10:59:15.285,VIGILE,1,174.16,-38.1,0.354,-2.907,4.482,-8.26,-0.133,0.055,0.032,81.84,0.0,25.8,32,1,1
10:59:15.785,VIGILE,1,177.67,-18.68,0.194,-0.819,5.009,-8.143,-0.097,-0.058,0.189,81.84,0.0,25.8,32,1,1
10:59:16.285,VIGILE,0,0.0,0.0,0.0,-0.029,6.718,-7.781,-0.03,-0.107,0.393,81.84,0.0,25.8,32,1,1
10:59:16.785,VIGILE,1,165.55,58.89,0.376,-0.757,6.747,-7.654,0.015,-0.202,0.59,81.84,0.0,25.8,32,1,1
10:59:17.285,VIGILE,1,174.25,27.61,0.278,-0.148,6.223,-7.24,-0.126,-0.115,0.581,81.84,0.0,25.8,32,1,1
10:59:17.785,VIGILE,1,177.51,23.45,0.187,1.111,5.789,-8.696,0.005,-0.172,0.558,81.84,0.0,25.8,32,1,1
10:59:18.285,VIGILE,1,178.8,12.65,0.249,0.242,4.111,-9.009,-0.087,-0.067,0.394,81.84,0.0,25.8,32,1,1
10:59:18.785,VIGILE,1,-179.36,0.03,0.246,0.685,2.88,-8.528,-0.109,-0.009,0.126,81.84,0.0,25.8,32,1,1
10:59:19.285,VIGILE,1,179.7,-10.04,0.201,0.943,2.799,-8.289,-0.144,0.095,-0.053,81.84,0.0,25.8,32,1,1
10:59:19.785,VIGILE,1,-179.21,-9.92,0.235,1.039,4.003,-10.25,-0.202,0.224,-0.042,81.84,0.0,25.8,32,1,1
10:59:20.285,VIGILE,1,175.86,-16.73,0.238,-0.165,2.157,-9.957,-0.1,0.112,-0.148,81.84,293.96,25.8,32,1,1
10:59:20.786,VIGILE,1,178.83,-16.99,0.234,-2.904,1.705,-10.803,-0.096,0.101,-0.139,81.84,69.4,25.8,32,1,1
10:59:21.286,VIGILE,1,-179.38,-19.11,0.255,-1.93,2.48,-9.062,-0.362,0.179,-0.166,81.84,37.12,25.8,32,1,1
10:59:21.786,VIGILE,1,177.51,-25.18,0.155,-1.326,1.87,-9.469,-0.095,0.084,-0.088,81.84,32.53,25.8,32,1,1
10:59:22.286,VIGILE,1,172.19,-31.88,0.279,-1.743,1.717,-8.495,-0.063,0.122,-0.189,81.84,80.75,25.8,32,1,1
10:59:22.786,VIGILE,1,177.51,-31.48,0.224,-3.366,-0.34,-8.483,-0.208,0.169,-0.419,81.84,593.1,25.8,32,1,1
10:59:23.286,VIGILE,1,179.46,-31.47,0.175,-1.793,-0.543,-10.444,-0.404,0.331,-0.461,81.84,0.0,25.8,32,1,1
10:59:23.786,VIGILE,1,177.66,-28.9,0.233,-4.111,1.271,-9.704,-0.052,0.09,-0.434,81.84,0.0,25.8,32,1,1
10:59:24.286,VIGILE,1,-178.79,-24.83,0.238,-3.874,-1.645,-14.193,0.416,0.081,-0.417,81.84,0.0,25.8,32,1,1
10:59:24.786,VIGILE,1,-176.38,-17.86,0.08,-1.958,-0.134,-9.658,-0.277,0.238,-0.448,81.84,0.0,25.8,32,1,1
10:59:25.286,VIGILE,1,-176.96,-13.26,0.22,-1.07,1.092,-9.756,-0.303,0.197,-0.34,81.84,0.0,25.8,32,1,1
10:59:25.786,VIGILE,1,-179.85,-6.83,0.235,-0.843,2.136,-9.213,-0.201,0.156,-0.266,81.84,0.0,25.8,32,1,1
10:59:26.286,VIGILE,1,-178.0,1.84,0.245,1.228,2.703,-9.335,-0.132,0.066,-0.116,81.84,0.0,25.9,32,1,1
10:59:26.786,VIGILE,1,177.33,3.33,0.262,-0.34,3.158,-9.091,-0.076,0.001,0.0,81.84,0.0,25.9,32,1,1
10:59:27.286,VIGILE,1,176.86,5.12,0.242,-0.95,2.763,-9.33,0.027,0.027,0.014,81.84,0.0,25.9,32,1,1
10:59:27.786,VIGILE,1,174.86,12.86,0.241,0.172,2.899,-9.23,-0.145,0.095,-0.023,81.84,0.0,25.9,32,1,1
10:59:28.287,VIGILE,1,177.22,23.54,0.256,-0.089,2.715,-9.026,-0.153,0.096,-0.046,81.84,0.0,25.9,32,1,1
10:59:28.787,VIGILE,1,170.95,6.36,0.16,-0.443,2.983,-9.711,-0.121,0.107,-0.012,81.84,0.0,25.9,32,1,1
10:59:29.287,VIGILE,1,173.64,5.29,0.256,0.553,3.093,-9.941,-0.146,0.063,-0.012,81.84,0.0,25.9,32,1,1
10:59:29.787,VIGILE,1,172.51,2.39,0.126,0.429,2.784,-9.086,-0.213,0.115,-0.043,81.84,0.0,25.9,32,1,1
10:59:30.287,VIGILE,1,175.04,-0.9,0.228,0.287,3.168,-8.995,-0.15,0.067,-0.017,81.84,0.0,25.9,32,1,1
10:59:30.787,VIGILE,1,177.48,-2.16,0.242,-0.35,2.045,-9.749,-0.257,0.081,-0.057,81.84,0.0,25.9,32,1,1
10:59:31.287,VIGILE,1,178.84,-0.07,0.244,0.618,2.502,-9.68,-0.176,0.08,-0.034,81.84,0.0,25.9,32,1,1
10:59:31.787,VIGILE,1,177.61,-3.63,0.237,-1.903,2.504,-9.05,-0.076,0.047,-0.019,81.84,0.0,25.9,32,1,1
10:59:32.287,VIGILE,1,176.62,-3.08,0.238,-0.96,3.156,-9.428,-0.129,0.052,-0.005,81.84,0.0,25.9,32,1,1
10:59:32.787,VIGILE,1,179.42,-4.37,0.25,-0.709,2.756,-8.566,-0.287,0.109,-0.056,81.84,0.0,25.9,32,1,1
10:59:33.287,VIGILE,1,176.47,4.44,0.245,-1.099,3.869,-9.167,-0.149,0.076,-0.013,81.84,0.0,25.9,32,1,1
10:59:33.787,VIGILE,1,177.52,10.7,0.243,-1.077,3.859,-7.312,-0.03,0.029,0.074,81.84,0.0,25.9,32,1,1
10:59:34.287,VIGILE,1,179.19,12.52,0.233,-1.032,3.287,-9.005,0.098,0.054,0.058,81.84,0.0,25.9,32,1,1
10:59:34.787,VIGILE,1,179.81,13.88,0.243,-0.005,3.206,-8.693,-0.175,0.014,0.082,81.84,0.0,25.9,32,1,1
10:59:35.288,VIGILE,1,176.33,8.24,0.24,-0.182,4.769,-8.928,-0.134,0.054,0.078,81.84,0.0,25.9,32,1,1
10:59:35.788,VIGILE,1,177.54,8.49,0.237,-0.596,5.069,-8.82,-0.098,0.017,0.121,81.84,0.0,25.9,32,1,1
10:59:36.288,VIGILE,1,177.08,4.44,0.239,0.599,5.614,-8.792,-0.12,0.041,0.112,81.84,0.0,25.9,32,1,1
10:59:36.788,VIGILE,1,177.33,8.76,0.26,0.426,5.143,-8.696,-0.121,0.011,0.111,81.84,0.0,25.9,32,1,1
10:59:37.288,VIGILE,1,179.75,7.09,0.257,0.608,4.393,-8.526,-0.111,-0.009,0.133,81.84,0.0,25.9,32,1,1
10:59:37.788,VIGILE,1,179.6,7.52,0.242,0.381,5.138,-8.179,-0.119,0.026,0.138,81.84,0.0,25.9,32,1,1
10:59:38.288,VIGILE,1,178.61,4.69,0.255,-0.16,5.035,-8.349,-0.035,-0.003,0.147,81.84,0.0,25.9,32,1,1
10:59:38.788,VIGILE,1,178.17,4.21,0.254,0.795,4.458,-9.29,-0.258,0.075,0.044,81.84,0.0,25.9,32,1,1
10:59:39.288,VIGILE,1,178.26,1.49,0.238,0.67,3.682,-9.17,-0.131,0.039,0.056,81.84,0.0,25.9,32,1,1
10:59:39.788,VIGILE,1,178.54,-2.68,0.211,-0.421,3.22,-8.622,-0.09,0.024,0.043,81.84,0.0,25.9,32,1,1
10:59:40.288,VIGILE,1,175.43,-2.75,0.199,-1.506,3.211,-8.653,-0.042,0.053,0.054,81.84,0.0,25.9,32,1,1
10:59:40.788,VIGILE,1,175.74,-3.65,0.215,-1.312,3.869,-8.906,-0.083,0.052,0.018,81.84,0.0,25.9,32,1,1
10:59:41.288,VIGILE,1,177.62,-7.24,0.209,-1.226,4.164,-8.906,-0.224,0.091,-0.02,81.84,0.0,25.9,32,1,1
10:59:41.788,VIGILE,1,173.25,-6.69,0.217,-0.536,3.378,-9.984,-0.062,0.025,-0.014,81.84,0.0,25.9,32,1,1
10:59:42.288,VIGILE,1,175.55,-8.5,0.22,-1.336,3.316,-8.42,-0.077,0.018,-0.02,81.84,0.0,25.9,32,1,1
10:59:42.788,VIGILE,1,175.02,-5.34,0.233,-1.259,2.751,-9.986,-0.238,0.069,-0.018,81.84,0.0,25.9,32,1,1
10:59:43.289,VIGILE,1,176.0,-5.68,0.206,-1.195,2.547,-8.82,-0.086,0.051,-0.02,81.84,0.0,25.9,32,1,1
10:59:43.789,VIGILE,1,173.39,-8.76,0.215,-1.513,3.01,-9.467,-0.187,0.086,-0.04,81.84,0.0,26.0,32,1,1
10:59:44.289,VIGILE,1,173.63,-13.49,0.218,-1.614,1.836,-8.564,-0.178,0.097,-0.086,81.84,0.0,26.0,32,1,1
10:59:44.789,VIGILE,1,173.85,-15.53,0.228,-1.875,1.19,-9.428,-0.157,0.122,-0.176,81.84,0.0,26.0,32,1,1
10:59:45.289,VIGILE,1,175.29,-16.47,0.236,-2.365,1.12,-9.546,-0.169,0.145,-0.192,81.84,0.0,26.0,32,1,1
10:59:45.789,VIGILE,1,174.17,-17.76,0.214,-2.162,0.91,-9.85,-0.165,0.128,-0.246,81.84,0.0,26.0,32,1,1
10:59:46.289,VIGILE,1,178.29,-20.29,0.243,-2.078,1.226,-9.823,-0.167,0.171,-0.208,81.84,0.0,26.0,32,1,1
10:59:46.789,VIGILE,1,176.34,-19.12,0.189,-1.666,0.517,-10.764,-0.229,0.079,-0.195,81.84,0.0,26.0,32,1,1
10:59:47.289,VIGILE,1,177.25,-20.21,0.229,-1.925,-0.156,-10.295,-0.113,0.152,-0.199,81.84,0.0,26.0,32,1,1
10:59:47.789,VIGILE,1,177.05,-20.52,0.244,-2.018,0.498,-10.673,-0.153,0.134,-0.209,81.84,0.0,26.0,32,1,1
10:59:48.289,VIGILE,1,176.71,-18.79,0.14,-1.882,-0.271,-10.271,-0.049,0.127,-0.187,81.84,0.0,26.0,32,1,1
10:59:48.789,VIGILE,1,175.3,-20.44,0.137,-2.181,0.242,-10.046,-0.173,0.12,-0.193,81.84,0.0,26.0,32,1,1
10:59:49.289,VIGILE,1,175.45,-23.34,0.196,-2.071,1.097,-9.589,-0.17,0.085,-0.166,81.84,0.0,26.0,32,1,1
10:59:49.789,VIGILE,1,173.95,-19.35,0.229,-3.474,0.52,-10.532,-0.064,0.145,-0.163,81.84,0.0,26.0,32,1,1
10:59:50.289,VIGILE,1,172.68,-18.75,0.216,-3.235,0.139,-9.687,-0.172,0.215,-0.211,81.84,0.0,26.0,32,1,1
10:59:50.789,VIGILE,1,173.84,-22.08,0.198,-3.915,1.113,-10.738,0.023,0.099,-0.151,81.84,0.0,26.0,32,1,1
10:59:51.290,VIGILE,1,177.62,-24.97,0.243,-2.411,0.273,-9.809,-0.232,0.139,-0.243,81.84,0.0,26.0,32,1,1
10:59:51.790,VIGILE,1,177.14,-23.22,0.222,-2.253,0.508,-9.673,-0.153,0.13,-0.222,81.84,0.0,26.0,32,1,1
10:59:52.290,VIGILE,1,177.49,-22.05,0.229,-2.437,0.711,-10.204,-0.157,0.111,-0.192,81.84,0.0,26.0,32,1,1
10:59:52.790,VIGILE,1,179.41,-24.09,0.217,-2.576,1.063,-10.297,-0.108,0.124,-0.177,81.84,0.0,26.0,32,1,1
10:59:53.290,VIGILE,1,176.27,-22.9,0.246,-2.768,1.362,-9.641,-0.094,0.105,-0.148,81.84,0.0,26.0,32,1,1
10:59:53.790,VIGILE,1,177.31,-18.83,0.229,-2.382,0.196,-9.143,-0.278,0.176,-0.235,81.84,0.0,26.0,32,1,1
10:59:54.290,VIGILE,1,-170.1,12.15,0.264,-2.545,1.973,-9.653,-0.163,0.124,-0.215,81.84,0.0,26.0,32,1,1
10:59:54.790,VIGILE,1,-162.92,26.13,0.271,-2.629,1.393,-9.895,-0.22,0.151,-0.211,81.84,0.0,26.0,32,1,1
10:59:55.290,VIGILE,1,-159.14,28.98,0.277,-3.074,1.815,-9.807,-0.049,0.132,-0.177,81.84,0.0,26.0,32,1,1
10:59:55.790,VIGILE,1,-175.11,21.47,0.142,-1.587,2.442,-9.689,-0.188,0.095,-0.14,81.84,0.0,26.0,32,1,1
10:59:56.290,VIGILE,1,178.15,18.71,0.23,-2.38,3.864,-8.1,-0.064,0.089,0.057,81.84,0.0,26.0,31,1,1
10:59:56.790,VIGILE,1,174.36,14.42,0.211,-1.08,3.493,-9.072,-0.334,0.131,-0.062,81.84,0.0,26.0,31,1,1
10:59:57.290,VIGILE,1,175.25,17.3,0.218,-0.718,4.123,-8.82,0.075,0.038,0.083,81.84,0.0,26.0,31,1,1
10:59:57.791,VIGILE,1,173.1,15.73,0.229,-1.798,4.75,-9.033,0.014,-0.001,0.095,81.84,0.0,26.0,31,1,1
10:59:58.291,VIGILE,1,175.65,20.94,0.225,-3.352,4.865,-7.384,-0.16,0.066,0.053,81.84,0.0,26.0,31,1,1
10:59:58.791,VIGILE,1,-179.59,24.06,0.263,-1.633,5.088,-8.564,-0.148,0.048,0.079,81.84,0.0,26.0,31,1,1
10:59:59.291,VIGILE,1,177.88,27.78,0.273,-2.938,5.471,-7.049,-0.01,0.037,0.093,81.84,0.0,26.0,31,1,1
10:59:59.791,VIGILE,1,-179.42,33.74,0.314,-0.251,4.384,-8.516,-0.115,-0.001,0.143,81.84,0.0,26.0,31,1,1
11:00:00.291,VIGILE,1,176.07,28.82,0.274,0.543,5.959,-8.143,-0.179,0.017,0.203,81.84,0.0,26.0,31,1,1
11:00:00.791,VIGILE,1,-179.75,31.08,0.274,-0.005,6.05,-8.363,-0.104,-0.031,0.306,81.84,0.0,26.0,31,1,1
11:00:01.291,VIGILE,1,-179.19,30.83,0.279,-0.438,5.696,-7.173,-0.161,-0.091,0.289,81.84,0.0,26.0,31,1,1
11:00:01.791,VIGILE,1,-178.13,31.09,0.304,0.453,6.065,-7.544,-0.102,-0.07,0.334,81.84,0.0,26.0,31,1,1
11:00:02.291,VIGILE,1,-178.32,30.25,0.291,0.812,6.591,-8.308,-0.114,-0.031,0.35,81.84,0.0,26.0,31,1,1
11:00:02.791,VIGILE,1,-179.95,25.18,0.269,1.118,5.48,-8.76,-0.092,-0.036,0.324,81.84,0.0,26.0,31,1,1
11:00:03.291,VIGILE,1,-178.18,23.73,0.269,0.606,5.066,-8.428,-0.03,0.005,0.262,81.84,0.0,26.0,31,1,1
11:00:03.792,VIGILE,1,177.86,9.66,0.264,0.651,3.153,-9.258,-0.076,-0.007,0.068,81.84,0.0,26.1,31,1,1
11:00:04.292,VIGILE,1,176.07,0.53,0.271,-0.211,2.883,-9.876,0.034,0.113,0.055,81.84,0.0,26.1,31,1,1
11:00:04.792,VIGILE,1,178.32,-5.66,0.206,0.385,3.321,-9.677,-0.121,0.086,-0.022,81.84,0.0,26.1,31,1,1
11:00:05.292,VIGILE,1,176.08,-3.1,0.264,0.065,2.447,-9.874,0.015,0.052,0.009,81.84,0.0,26.1,31,1,1
11:00:05.792,VIGILE,1,176.81,-1.39,0.275,-0.922,3.031,-9.742,-0.22,0.063,-0.007,81.84,0.0,26.1,31,1,1
11:00:06.292,VIGILE,1,176.02,-7.02,0.257,-0.907,3.601,-8.787,-0.044,0.061,0.0,81.84,0.0,26.1,31,1,1
11:00:06.792,VIGILE,1,176.99,-6.28,0.26,0.141,3.426,-10.104,-0.114,0.054,-0.005,81.84,0.0,26.1,31,1,1
11:00:07.292,VIGILE,1,176.79,-7.96,0.269,-0.218,3.565,-8.856,-0.017,0.006,0.042,81.84,0.0,26.1,31,1,1
11:00:07.792,VIGILE,1,175.55,-11.09,0.267,-0.278,2.995,-9.301,-0.234,0.056,0.008,81.84,0.0,26.1,31,1,1
11:00:08.292,VIGILE,1,174.3,-5.24,0.262,-1.147,2.935,-8.191,-0.05,0.048,0.013,81.84,0.0,26.1,31,1,1
11:00:08.792,VIGILE,1,175.96,-7.07,0.285,-1.393,3.488,-9.05,-0.088,0.069,0.017,81.84,0.0,26.1,31,1,1
11:00:09.292,VIGILE,1,177.28,-10.89,0.254,-0.84,3.311,-8.832,-0.184,0.052,-0.012,81.84,0.0,26.1,31,1,1
11:00:09.792,VIGILE,1,178.95,-8.29,0.273,-1.281,2.569,-9.646,-0.133,0.132,0.005,81.84,0.0,26.1,31,1,1
11:00:10.292,VIGILE,1,176.72,-4.87,0.117,-0.35,3.541,-9.467,-0.245,0.091,-0.067,81.84,0.0,26.1,31,1,1
11:00:10.792,VIGILE,1,177.2,-1.21,0.281,-2.368,2.698,-8.732,-0.068,0.056,-0.012,81.84,0.0,26.1,31,1,1
11:00:11.292,VIGILE,1,178.32,7.3,0.26,-1.595,4.017,-9.541,-0.103,0.075,0.001,81.84,0.0,26.1,31,1,1
11:00:11.793,VIGILE,1,179.38,2.83,0.25,-1.252,4.166,-8.851,-0.094,0.054,0.053,81.84,0.0,26.1,31,1,1
11:00:12.293,VIGILE,1,177.72,7.22,0.241,0.014,4.087,-8.198,-0.06,0.025,0.044,81.84,0.0,26.1,31,1,1
11:00:12.793,VIGILE,1,175.67,9.97,0.239,-0.062,4.08,-9.34,-0.152,0.159,0.084,81.84,0.0,26.1,31,1,1
11:00:13.293,VIGILE,1,175.83,-0.36,0.253,-3.893,4.487,-13.312,0.223,0.071,0.21,81.84,0.0,26.1,31,1,1
11:00:13.793,VIGILE,1,-179.11,-2.02,0.259,0.101,5.181,-8.298,0.141,-0.041,0.154,81.84,0.0,26.1,31,1,1
11:00:14.293,VIGILE,1,178.5,-4.77,0.269,0.199,3.766,-7.683,-0.178,0.029,0.051,81.84,0.0,26.1,31,1,1
11:00:14.793,VIGILE,1,174.87,-4.68,0.248,0.417,4.779,-8.866,-0.221,0.098,0.041,81.84,0.0,26.1,31,1,1
11:00:15.293,VIGILE,1,176.26,-7.09,0.236,-0.318,3.567,-9.459,-0.137,0.104,0.007,81.84,0.0,26.1,31,1,1
11:00:15.793,VIGILE,1,176.57,-10.99,0.214,-0.038,2.935,-8.557,-0.216,0.089,-0.026,81.84,0.0,26.1,31,1,1
11:00:16.293,VIGILE,1,174.94,-7.69,0.213,0.081,3.158,-9.823,-0.042,0.005,-0.019,81.84,0.0,26.2,31,1,1
11:00:16.793,VIGILE,1,175.64,-6.73,0.223,-0.283,2.459,-9.206,0.012,0.031,0.012,81.84,0.0,26.2,31,1,1
11:00:17.293,VIGILE,1,175.98,-7.36,0.233,-0.51,2.947,-8.49,-0.108,0.062,-0.018,81.84,0.0,26.2,31,1,1
11:00:17.793,VIGILE,1,176.8,-8.94,0.237,-0.362,3.067,-9.445,-0.171,0.098,-0.041,81.84,0.0,26.2,31,1,1
11:00:18.293,VIGILE,1,174.61,-2.97,0.226,0.113,2.61,-10.216,-0.159,0.094,-0.032,81.84,0.0,26.2,31,1,1
11:00:18.793,VIGILE,1,176.1,-6.73,0.223,-0.354,3.323,-9.038,-0.128,0.094,-0.017,81.84,0.0,26.2,31,1,1
11:00:19.294,VIGILE,1,176.63,-9.08,0.212,0.453,3.656,-8.001,-0.199,0.139,-0.015,81.84,0.0,26.2,31,1,1
11:00:19.794,VIGILE,1,177.59,-12.64,0.258,-1.082,2.447,-8.667,0.025,0.017,-0.026,81.84,0.0,26.2,31,1,1
11:00:20.294,VIGILE,1,176.76,-9.39,0.243,-1.396,1.968,-9.299,-0.185,0.117,-0.06,81.84,0.0,26.2,31,1,1
11:00:20.794,VIGILE,1,175.31,-7.63,0.248,-0.742,3.711,-9.385,-0.234,0.048,-0.033,81.84,0.0,26.2,31,1,1
11:00:21.294,VIGILE,1,173.56,-6.76,0.214,-1.913,3.579,-9.838,-0.037,0.072,0.011,81.84,0.0,26.2,32,1,1
11:00:21.794,VIGILE,1,176.61,-9.75,0.218,-0.299,3.318,-9.728,-0.176,0.076,-0.053,81.84,0.0,26.2,32,1,1
11:00:22.294,VIGILE,1,175.35,-8.56,0.235,-0.998,3.005,-9.316,-0.171,0.09,-0.035,81.84,0.0,26.2,32,1,1
11:00:22.794,VIGILE,1,177.3,-6.73,0.247,-1.956,2.21,-9.517,-0.055,0.038,-0.042,81.84,0.0,26.2,32,1,1
11:00:23.294,VIGILE,1,174.68,-2.56,0.229,-0.675,3.649,-7.901,-0.209,0.139,-0.047,81.84,0.0,26.2,32,1,1
11:00:23.794,VIGILE,1,176.62,-7.08,0.243,-0.936,3.23,-9.033,-0.094,0.064,-0.002,81.84,0.0,26.3,31,1,1
11:00:24.294,VIGILE,1,175.38,-2.67,0.247,-0.448,4.427,-9.668,-0.128,0.026,-0.02,81.84,0.0,26.3,31,1,1
11:00:24.794,VIGILE,1,168.67,-0.92,0.27,-4.037,4.913,-7.772,-0.133,0.048,0.027,81.84,0.0,26.3,31,1,1
11:00:25.294,VIGILE,1,172.71,1.9,0.268,-3.759,4.626,-7.439,-0.122,0.041,0.015,81.84,0.0,26.3,31,1,1
11:00:25.794,VIGILE,1,176.85,3.29,0.266,-1.13,3.685,-9.301,-0.122,0.106,0.0,81.84,0.0,26.3,31,1,1
11:00:26.294,VIGILE,1,176.74,14.06,0.251,-0.812,3.448,-8.468,-0.116,0.039,0.01,81.84,0.0,26.3,31,1,1
11:00:26.795,VIGILE,1,179.84,-0.15,0.272,0.077,3.388,-8.878,-0.159,0.069,-0.013,81.84,0.0,26.3,31,1,1
11:00:27.295,VIGILE,1,176.74,8.04,0.275,-0.718,3.405,-8.612,-0.121,0.033,0.001,81.84,0.0,26.3,31,1,1
11:00:27.795,VIGILE,1,177.5,18.85,0.262,-2.093,3.79,-8.231,-0.102,0.112,-0.018,81.84,0.0,26.3,31,1,1
11:00:28.295,VIGILE,1,-172.21,16.95,0.273,-2.109,4.226,-8.744,-0.117,0.051,-0.013,81.84,0.0,26.3,31,1,1
11:00:28.795,VIGILE,1,179.13,30.81,0.287,-2.387,3.263,-8.571,-0.118,0.04,-0.028,81.84,0.0,26.3,31,1,1
11:00:29.295,VIGILE,1,174.48,31.87,0.297,-1.434,4.017,-9.012,-0.247,0.105,-0.029,81.84,0.0,26.3,31,1,1
11:00:29.795,VIGILE,1,170.02,41.68,0.287,-2.416,5.83,-7.721,-0.101,0.031,0.137,81.84,0.0,26.3,31,1,1
11:00:30.295,VIGILE,1,176.1,33.15,0.311,-0.553,8.025,-7.254,-0.06,-0.176,0.355,81.84,0.0,26.3,31,1,1
11:00:30.795,VIGILE,1,176.43,33.61,0.277,-0.196,6.97,-6.859,-0.141,-0.122,0.421,81.84,0.0,26.3,31,1,1
11:00:31.295,VIGILE,1,167.96,29.29,0.262,0.292,6.041,-6.515,-0.094,-0.105,0.496,81.84,0.0,26.4,31,1,1
11:00:31.795,VIGILE,1,172.0,29.79,0.255,-1.812,7.532,-7.451,-0.195,-0.041,0.544,81.84,0.0,26.4,31,1,1
11:00:32.295,VIGILE,1,175.76,6.0,0.231,-0.469,5.626,-6.814,-0.281,-0.085,0.31,81.84,0.0,26.4,31,1,1
11:00:32.795,VIGILE,1,179.95,-28.49,0.237,0.508,3.812,-8.969,-0.218,0.033,0.136,81.84,0.0,26.4,31,1,1
11:00:33.295,VIGILE,1,178.6,-23.77,0.236,0.053,0.251,-10.199,-0.45,0.243,-0.165,81.84,0.0,26.4,31,1,1
11:00:33.795,VIGILE,1,179.16,-30.12,0.269,-0.936,1.379,-9.591,-0.286,0.271,-0.204,81.84,0.0,26.4,31,1,1
11:00:34.295,VIGILE,1,178.56,-29.12,0.248,-1.113,2.009,-9.165,-0.297,0.271,-0.316,81.84,0.0,26.4,31,1,1
11:00:34.796,VIGILE,1,178.46,-27.21,0.224,0.06,1.75,-10.444,-0.027,0.174,-0.171,81.84,0.0,26.4,31,1,1
11:00:35.296,VIGILE,1,172.64,-24.68,0.227,-0.498,3.436,-9.416,-0.298,0.257,-0.309,81.84,0.0,26.4,31,1,1
11:00:35.796,VIGILE,1,174.31,-23.19,0.233,-1.573,3.079,-8.643,-0.344,0.234,-0.322,81.84,0.0,26.4,31,1,1
11:00:36.296,VIGILE,1,173.41,-23.77,0.175,-3.867,0.543,-10.147,0.011,0.089,-0.238,81.84,0.0,26.4,31,1,1
11:00:36.796,VIGILE,1,169.55,-13.87,0.102,-2.48,3.213,-9.333,0.029,0.158,-0.371,81.84,0.0,26.4,31,1,1
11:00:37.296,VIGILE,1,176.36,22.29,0.264,0.117,3.27,-9.177,-0.07,0.277,-0.163,81.84,0.0,26.4,31,1,1
11:00:37.796,VIGILE,1,171.3,18.7,0.248,0.237,2.093,-8.672,-0.006,-0.168,-0.148,81.84,0.0,26.4,31,1,1
11:00:38.296,VIGILE,1,174.58,33.41,0.29,-2.231,4.755,-8.499,-0.05,0.128,0.033,81.84,0.0,26.4,31,1,1
11:00:38.796,VIGILE,1,175.35,34.33,0.317,-0.141,7.611,-8.645,-0.109,-0.129,0.173,81.84,0.0,26.5,31,1,1
11:00:39.296,VIGILE,1,174.99,35.83,0.316,-1.018,8.279,-5.511,0.07,0.157,0.331,81.84,0.0,26.5,31,1,1
11:00:39.796,VIGILE,1,172.49,33.84,0.323,-0.285,8.265,-7.985,-0.059,-0.193,0.534,81.84,0.0,26.5,31,1,1
11:00:40.296,VIGILE,1,173.8,30.95,0.301,-0.764,7.994,-6.905,-0.136,-0.167,0.518,81.84,0.0,26.5,31,1,1
11:00:40.796,VIGILE,1,178.89,26.42,0.279,0.929,7.312,-8.363,0.024,-0.203,0.432,81.84,0.0,26.5,31,1,1
11:00:41.297,VIGILE,1,179.13,11.99,0.256,1.815,2.43,-8.389,-0.027,-0.035,0.297,81.84,0.0,26.5,31,1,1
11:00:41.797,VIGILE,1,175.4,7.18,0.251,-1.896,-0.785,-8.521,-0.378,0.454,-0.001,81.84,0.0,26.5,31,1,1
11:00:42.297,VIGILE,1,176.71,-8.47,0.28,0.081,2.14,-10.657,-0.462,0.331,-0.079,81.84,0.0,26.5,31,1,1
11:00:42.797,VIGILE,1,179.62,-11.5,0.28,-0.144,1.037,-7.772,-0.175,0.05,-0.03,81.84,0.0,26.5,31,1,1
11:00:43.297,VIGILE,1,179.38,-10.49,0.242,0.618,1.942,-9.469,-0.16,0.14,-0.044,81.84,0.0,26.5,31,1,1
11:00:43.797,VIGILE,1,176.62,-10.06,0.239,0.515,2.162,-12.038,-0.137,0.044,-0.074,81.84,0.0,26.6,31,1,1
11:00:44.297,VIGILE,1,169.75,-5.67,0.254,-3.498,3.371,-9.282,-0.232,0.269,-0.05,81.84,0.0,26.6,31,1,1
11:00:44.797,VIGILE,1,174.49,-8.99,0.237,1.168,0.792,-10.36,-0.369,0.383,-0.112,81.84,0.0,26.6,31,1,1
11:00:45.297,VIGILE,1,174.05,-8.8,0.231,-3.381,5.057,-8.373,0.003,-0.0,0.019,81.84,0.0,26.6,31,1,1
11:00:45.797,VIGILE,1,174.61,-9.06,0.254,-0.227,1.824,-9.95,-0.128,0.151,0.003,81.84,0.0,26.6,31,1,1
11:00:46.297,VIGILE,1,177.84,-6.64,0.269,-0.103,5.634,-10.851,0.187,0.086,-0.056,81.84,0.0,26.6,31,1,1
11:00:46.797,VIGILE,1,176.13,-10.89,0.226,0.036,3.555,-8.339,-0.847,0.355,-0.135,81.84,0.0,26.6,31,1,1
11:00:47.297,VIGILE,1,173.9,-7.52,0.254,-0.402,2.301,-10.259,-0.595,0.107,-0.165,81.84,0.0,26.6,31,1,1
11:00:47.797,VIGILE,1,175.22,-3.41,0.246,-2.875,5.133,-7.587,-0.102,0.187,0.096,81.84,0.0,26.6,31,1,1
11:00:48.297,VIGILE,1,176.52,-7.06,0.256,0.792,-0.838,-9.28,-0.931,0.301,-0.259,81.84,0.0,26.6,31,1,1
11:00:48.797,VIGILE,1,178.47,-6.97,0.247,-1.025,5.025,-10.685,-0.383,0.212,-0.125,81.84,0.0,26.7,31,1,1
11:00:49.298,VIGILE,1,178.32,-5.06,0.291,-0.893,3.563,-9.479,-0.056,0.027,-0.023,81.84,0.0,26.7,31,1,1
11:00:49.798,VIGILE,1,176.52,-10.48,0.247,-2.162,5.119,-9.819,-0.423,0.036,0.043,81.84,0.0,26.7,31,1,1
11:00:50.298,VIGILE,1,178.55,-9.83,0.262,-2.945,3.196,-7.379,-0.153,0.103,-0.035,81.84,0.0,26.7,31,1,1
11:00:50.798,VIGILE,1,178.2,-5.95,0.262,-1.573,3.443,-8.657,-0.166,0.036,-0.062,81.84,0.0,26.7,31,1,1
11:00:51.298,VIGILE,1,177.67,-5.32,0.248,0.347,4.056,-9.337,-0.195,0.068,-0.039,81.84,0.0,26.7,31,1,1
11:00:51.798,VIGILE,1,176.3,-6.72,0.187,-0.469,3.108,-9.388,-0.151,0.037,-0.033,81.84,0.0,26.7,31,1,1
11:00:52.298,VIGILE,1,174.84,-2.71,0.246,-1.578,3.112,-9.33,-0.079,0.052,-0.028,81.84,0.0,26.7,31,1,1
11:00:52.798,VIGILE,1,177.65,5.36,0.279,-1.341,3.428,-9.275,-0.05,0.059,-0.024,81.84,0.0,26.7,31,1,1
11:00:53.298,VIGILE,1,174.69,10.44,0.258,-1.604,3.555,-9.445,-0.093,0.063,-0.037,81.84,0.0,26.7,31,1,1
11:00:53.798,VIGILE,1,176.81,16.81,0.262,-0.409,3.91,-8.662,-0.196,0.091,-0.027,81.84,0.0,26.8,32,1,1
11:00:54.298,VIGILE,1,178.8,24.18,0.278,0.163,4.439,-7.594,-0.178,0.076,0.092,81.84,0.0,26.8,32,1,1
11:00:54.798,VIGILE,1,-179.54,20.54,0.287,-0.22,5.435,-7.606,-0.114,0.014,0.174,81.84,0.0,26.8,32,1,1
11:00:55.298,VIGILE,1,-177.92,18.17,0.263,-0.069,5.732,-9.187,-0.026,-0.022,0.225,81.84,0.0,26.8,32,1,1
11:00:55.798,VIGILE,1,177.31,16.68,0.268,0.9,4.978,-8.909,-0.169,-0.044,0.216,81.84,0.0,26.8,32,1,1
11:00:56.298,VIGILE,1,178.13,13.88,0.246,0.735,5.413,-8.559,-0.116,-0.031,0.242,81.84,0.0,26.8,32,1,1
11:00:56.798,VIGILE,1,176.32,0.44,0.189,-0.156,3.649,-9.632,-0.102,0.025,0.14,81.84,0.0,26.8,32,1,1
11:00:57.299,VIGILE,1,175.22,9.51,0.217,0.409,2.631,-9.493,-0.122,0.087,-0.022,81.84,0.0,26.8,32,1,1
11:00:57.799,VIGILE,1,176.06,-5.02,0.212,0.093,3.024,-8.576,-0.195,0.123,-0.02,81.84,0.0,26.8,32,1,1
11:00:58.299,VIGILE,1,175.56,-8.95,0.233,0.251,2.643,-9.912,-0.159,0.066,-0.016,81.84,0.0,26.8,32,1,1
11:00:58.799,VIGILE,1,176.75,-9.54,0.215,0.199,1.774,-8.753,-0.201,0.053,-0.015,81.84,0.0,26.9,32,1,1
11:00:59.299,VIGILE,1,172.44,-7.32,0.111,-0.053,2.502,-9.057,-0.181,0.052,-0.03,81.84,0.0,26.9,32,1,1
11:00:59.799,VIGILE,1,175.55,-9.68,0.206,-0.821,3.56,-9.898,-0.113,0.082,-0.011,81.84,0.0,26.9,32,1,1
11:01:00.299,VIGILE,1,174.51,-6.67,0.243,-0.213,3.759,-10.499,-0.215,0.009,-0.028,81.84,0.0,26.9,32,1,1
11:01:00.799,VIGILE,1,176.93,-9.72,0.223,0.716,2.787,-9.263,-0.199,0.055,-0.041,81.84,0.0,26.9,32,1,1
11:01:01.299,VIGILE,1,174.28,-8.83,0.238,-0.857,3.986,-9.608,-0.33,0.091,-0.034,81.84,0.0,26.9,32,1,1
11:01:01.799,VIGILE,1,174.19,-10.55,0.092,-0.292,3.661,-9.287,-0.127,0.084,-0.056,81.84,0.0,26.9,32,1,1
11:01:02.299,VIGILE,1,174.9,-10.16,0.222,-1.817,3.634,-8.799,0.012,-0.028,-0.002,81.84,0.0,26.9,32,1,1
11:01:02.799,VIGILE,1,175.54,-8.18,0.231,-1.753,2.167,-7.968,-0.265,0.098,-0.022,81.84,0.0,26.9,32,1,1
11:01:03.299,VIGILE,1,175.04,-7.85,0.239,-1.875,2.488,-8.562,-0.077,0.107,-0.03,81.84,0.0,26.9,32,1,1
11:01:03.799,VIGILE,1,172.04,-6.22,0.245,-0.713,3.424,-10.862,0.321,-0.07,-0.012,81.84,0.0,27.0,32,1,1
11:01:04.299,VIGILE,1,175.05,-12.43,0.228,-3.005,2.193,-10.803,0.147,0.139,-0.104,81.84,0.0,27.0,32,1,1
11:01:04.799,VIGILE,1,176.4,-14.34,0.232,-1.875,2.715,-14.554,1.98,0.349,0.348,81.84,0.0,27.0,32,1,1
11:01:05.300,VIGILE,1,176.44,-12.66,0.231,-2.684,2.528,-4.999,-0.276,-0.037,-0.059,81.84,0.0,27.0,32,1,1
11:01:05.800,VIGILE,1,175.18,-10.15,0.224,1.144,9.385,-13.585,-3.177,0.289,0.009,81.84,0.0,27.0,32,1,1
11:01:06.300,VIGILE,1,170.59,-7.03,0.221,-0.127,3.962,-9.222,-0.058,0.052,-0.012,81.84,0.0,27.0,31,1,1
11:01:06.800,VIGILE,1,172.88,-1.86,0.21,0.369,2.382,-13.276,0.523,-0.215,0.114,81.84,0.0,27.0,31,1,1
11:01:07.300,VIGILE,1,173.42,-2.17,0.222,3.752,2.035,-8.478,1.036,0.021,0.154,81.84,0.0,27.0,31,1,1
11:01:07.800,VIGILE,1,173.69,-2.18,0.144,-3.261,5.428,-9.893,0.039,-0.009,0.003,81.84,0.0,27.0,31,1,1
11:01:08.300,VIGILE,1,170.53,-2.5,0.234,0.706,1.676,-8.875,0.001,0.042,-0.019,81.84,0.0,27.0,31,1,1
11:01:08.800,VIGILE,1,172.09,-12.29,0.248,-4.362,-3.417,-5.397,0.924,-0.163,-0.306,81.84,0.0,27.1,31,1,1
11:01:09.300,VIGILE,1,169.66,-8.98,0.229,-4.334,3.024,-8.801,-0.564,0.223,0.045,81.84,0.0,27.1,31,1,1
11:01:09.800,VIGILE,1,166.57,-2.99,0.234,-2.54,2.485,-7.331,-0.344,-0.039,-0.133,81.84,0.0,27.1,31,1,1
11:01:10.300,VIGILE,1,167.3,7.92,0.244,-5.32,5.028,-8.578,-0.095,0.164,-0.037,81.84,0.0,27.1,31,1,1
11:01:10.801,VIGILE,1,172.77,18.46,0.257,-4.956,5.528,-7.599,-0.125,0.078,-0.027,81.84,0.0,27.1,31,1,1
11:01:11.301,VIGILE,1,177.07,23.78,0.263,-4.86,4.695,-7.963,-0.164,0.048,0.002,81.84,0.0,27.2,31,1,1
11:01:11.801,VIGILE,1,176.13,-17.82,0.272,-4.755,5.119,-7.384,-0.159,0.081,-0.022,81.84,0.0,27.2,31,1,1
11:01:12.301,VIGILE,1,-173.04,-41.34,0.293,-0.409,3.16,-8.916,-0.086,0.12,-0.007,81.84,0.0,27.2,31,1,1
11:01:12.801,VIGILE,1,179.8,-24.49,0.289,-0.68,3.433,-8.995,-0.133,0.073,-0.017,81.84,0.0,27.2,31,1,1
11:01:13.301,VIGILE,1,175.35,-33.57,0.266,-2.497,3.943,-7.999,-0.164,0.072,-0.026,81.84,0.0,27.2,31,1,1
11:01:13.801,VIGILE,1,175.09,51.42,0.329,-2.377,4.175,-8.353,-0.147,0.055,-0.047,81.84,0.0,27.3,31,1,1
11:01:14.301,VIGILE,1,171.61,65.61,0.504,-1.185,3.725,-9.266,-0.098,0.052,-0.01,81.84,0.0,27.3,31,1,1
11:01:14.801,VIGILE,1,173.52,46.21,0.462,-1.226,3.589,-8.918,-0.135,0.067,-0.035,81.84,0.0,27.3,31,1,1
11:01:15.301,VIGILE,1,177.96,-18.04,0.164,-1.453,3.237,-8.696,-0.143,0.071,-0.023,81.84,0.0,27.3,31,1,1
11:01:15.801,VIGILE,1,176.41,-36.12,0.289,-0.776,3.077,-9.115,-0.131,0.051,-0.025,81.84,0.0,27.3,31,1,1
11:01:16.301,VIGILE,1,177.34,-37.63,0.304,-0.809,3.079,-9.081,-0.115,0.066,-0.003,81.84,0.0,27.3,31,1,1
11:01:16.801,VIGILE,1,176.4,-36.67,0.308,-0.891,3.73,-8.995,-0.11,0.056,-0.01,81.84,0.0,27.3,31,1,1
11:01:17.301,VIGILE,0,0.0,0.0,0.0,-0.263,3.273,-9.131,-0.14,0.068,-0.006,81.84,0.0,27.3,31,1,1
11:01:17.801,VIGILE,1,178.71,29.6,0.061,-0.443,3.117,-9.076,-0.162,0.086,-0.006,81.84,0.0,27.3,31,1,1
11:01:18.301,VIGILE,1,176.72,-37.26,0.277,-0.464,3.299,-9.244,-0.13,0.091,-0.003,81.84,0.0,27.3,31,1,1
11:01:18.802,VIGILE,1,175.57,-37.82,0.296,-0.718,3.733,-9.029,-0.123,0.069,-0.026,81.84,0.0,27.4,31,1,1
11:01:19.302,VIGILE,1,175.8,-36.47,0.26,-1.111,3.163,-8.803,-0.126,0.067,0.003,81.84,0.0,27.4,31,1,1
11:01:19.802,VIGILE,1,-179.91,-34.79,0.292,-0.304,3.318,-8.808,-0.114,0.061,0.009,81.84,0.0,27.4,31,1,1
11:01:20.302,VIGILE,0,0.0,0.0,0.0,0.05,2.516,-8.703,-0.158,0.037,-0.017,81.84,0.0,27.4,31,1,1
11:01:20.802,VIGILE,1,176.29,40.26,0.186,-0.886,3.594,-8.679,-0.107,0.011,0.004,81.84,0.0,27.4,31,1,1
11:01:21.302,VIGILE,1,175.03,-51.71,0.254,0.244,2.835,-9.574,-0.187,0.051,0.038,81.84,0.0,27.5,31,1,1
11:01:21.802,VIGILE,1,177.22,-37.89,0.267,-0.582,2.375,-9.574,-0.121,0.026,0.079,81.84,0.0,27.5,31,1,1
11:01:22.302,VIGILE,1,175.61,-35.34,0.276,-0.548,2.751,-9.215,-0.125,0.02,0.075,81.84,0.0,27.5,31,1,1
11:01:22.802,VIGILE,0,0.0,0.0,0.0,-0.335,2.749,-10.063,-0.13,0.052,0.042,81.84,0.0,27.5,31,1,1
11:01:23.302,VIGILE,1,174.33,-40.55,0.351,-1.966,3.826,-8.885,-0.114,0.04,0.044,81.84,0.0,27.5,31,1,1
11:01:23.802,VIGILE,1,172.72,-41.36,0.284,-1.784,3.543,-8.526,-0.155,0.064,0.066,81.84,0.0,27.6,31,1,1
11:01:24.302,VIGILE,1,175.37,-40.97,0.291,-0.974,3.306,-8.825,-0.13,0.055,0.11,81.84,0.0,27.6,31,1,1
11:01:24.802,VIGILE,1,179.2,-44.69,0.407,-1.089,2.911,-9.385,-0.117,0.065,0.085,81.84,0.0,27.6,31,1,1
11:01:25.302,VIGILE,1,179.5,-43.92,0.419,-0.259,3.156,-8.689,-0.058,-0.01,0.02,81.84,0.0,27.6,31,1,1
11:01:25.803,VIGILE,1,179.6,-41.0,0.33,-0.694,3.225,-8.717,-0.143,0.064,0.011,81.84,0.0,27.6,31,1,1
11:01:26.303,VIGILE,1,175.69,-41.9,0.354,-0.812,3.151,-9.199,-0.098,0.05,-0.048,81.84,0.0,27.6,31,1,1
11:01:26.803,VIGILE,1,174.78,-38.16,0.32,-0.582,3.515,-8.588,-0.139,0.096,-0.098,81.84,0.0,27.6,31,1,1
11:01:27.303,VIGILE,1,175.82,-39.96,0.311,-1.039,2.344,-9.859,-0.14,0.1,-0.172,81.84,0.0,27.6,31,1,1
11:01:27.803,VIGILE,1,174.87,-40.28,0.329,0.01,2.954,-9.21,-0.133,0.09,-0.101,81.84,0.0,27.6,31,1,1
11:01:28.303,VIGILE,1,173.82,-36.27,0.358,-0.445,2.962,-9.373,-0.169,0.08,-0.082,81.84,0.0,27.6,31,1,1
11:01:28.803,VIGILE,1,177.07,-40.73,0.355,-1.013,3.627,-9.172,-0.156,0.12,-0.123,81.84,0.0,27.7,31,1,1
11:01:29.303,VIGILE,1,174.66,-40.68,0.323,-0.668,3.381,-9.237,-0.145,0.096,-0.124,81.84,0.0,27.7,31,1,1
11:01:29.803,VIGILE,1,175.48,-35.1,0.372,-0.742,3.548,-8.856,-0.157,0.121,-0.127,81.84,0.0,27.7,31,1,1
11:01:30.303,VIGILE,1,-176.57,-0.33,0.266,0.381,3.333,-9.153,-0.132,0.077,-0.049,81.84,0.0,27.7,31,1,1
11:01:30.803,VIGILE,1,-174.29,22.95,0.252,-0.606,3.27,-9.345,-0.154,0.063,-0.021,81.84,0.0,27.7,31,1,1
11:01:31.303,VIGILE,1,173.19,29.91,0.269,-0.776,3.534,-9.072,-0.123,0.06,-0.017,81.84,0.0,27.7,31,1,1
11:01:31.803,VIGILE,1,169.03,25.43,0.276,-0.536,3.469,-8.971,-0.124,0.076,-0.024,81.84,0.0,27.7,31,1,1
11:01:32.303,VIGILE,1,169.26,25.85,0.253,0.132,3.187,-9.1,-0.148,0.074,0.006,81.84,0.0,27.7,31,1,1
11:01:32.803,VIGILE,1,174.18,11.31,0.254,1.664,3.292,-9.79,-0.002,-0.018,0.141,81.84,0.0,27.7,31,1,1
11:01:33.303,VIGILE,1,175.77,-14.62,0.221,-0.314,3.371,-9.704,-0.05,-0.019,0.17,81.84,0.0,27.7,31,1,1
11:01:33.804,VIGILE,1,172.86,-10.25,0.236,-0.481,2.796,-9.268,-0.102,0.043,0.044,81.84,0.0,27.8,31,1,1
11:01:34.304,VIGILE,1,176.59,-18.43,0.245,-0.146,1.824,-9.335,-0.112,0.09,-0.175,81.84,0.0,27.8,31,1,1
11:01:34.804,VIGILE,1,175.75,-16.76,0.252,-1.451,2.856,-8.741,-0.126,0.21,-0.232,81.84,0.0,27.8,31,1,1
11:01:35.304,VIGILE,1,176.31,-13.23,0.243,1.18,2.581,-8.969,-0.042,0.157,-0.209,81.84,0.0,27.8,31,1,1
11:01:35.804,VIGILE,1,177.9,-13.63,0.236,0.007,3.345,-8.72,-0.183,0.041,-0.169,81.84,0.0,27.8,31,1,1
11:01:36.304,VIGILE,1,176.22,-4.0,0.253,-0.206,3.326,-9.28,-0.095,0.008,-0.096,81.84,0.0,27.8,31,1,1
11:01:36.804,VIGILE,1,176.24,-7.75,0.16,-1.176,2.119,-9.426,0.035,0.081,-0.028,81.84,0.0,27.8,31,1,1
11:01:37.304,VIGILE,1,175.9,-8.38,0.24,0.05,2.95,-10.278,-0.046,0.074,-0.019,81.84,0.0,27.8,31,1,1
11:01:37.804,VIGILE,1,174.97,-6.03,0.225,1.123,1.844,-10.4,-0.168,0.071,-0.052,81.84,0.0,27.8,31,1,1
11:01:38.304,VIGILE,1,175.48,-3.26,0.256,0.702,3.419,-8.468,-0.249,0.097,-0.111,81.84,0.0,27.8,31,1,1
11:01:38.804,VIGILE,1,176.64,-4.4,0.237,-0.01,3.34,-10.092,-0.064,0.059,-0.02,81.84,0.0,27.9,31,1,1
11:01:39.304,VIGILE,1,177.06,-11.3,0.241,-0.702,3.285,-8.818,-0.082,0.086,-0.06,81.84,0.0,27.9,31,1,1
11:01:39.804,VIGILE,1,178.72,-10.73,0.209,-1.76,2.964,-9.105,-0.109,0.175,-0.058,81.84,0.0,27.9,31,1,1
11:01:40.304,VIGILE,1,174.31,-11.34,0.118,0.062,1.458,-9.634,-0.285,0.042,-0.061,81.84,0.0,27.9,31,1,1
11:01:40.804,VIGILE,1,175.84,-11.36,0.203,-0.352,4.001,-7.149,-0.294,0.109,-0.052,81.84,0.0,27.9,31,1,1
11:01:41.304,VIGILE,1,175.9,-11.73,0.243,0.278,2.373,-9.852,-0.194,0.027,-0.025,81.84,0.0,27.9,31,1,1
11:01:41.805,VIGILE,1,170.93,-6.29,0.224,0.053,5.318,-8.222,-0.782,0.118,-0.116,81.84,0.0,27.9,31,1,1
11:01:42.305,VIGILE,1,174.45,-5.18,0.255,0.251,2.179,-11.435,-0.061,-0.013,-0.03,81.84,0.0,27.9,31,1,1
11:01:42.805,VIGILE,1,177.29,5.74,0.145,1.183,3.0,-10.613,-0.371,0.159,-0.108,81.84,0.0,27.9,31,1,1
11:01:43.305,VIGILE,1,173.57,-5.84,0.254,0.321,3.072,-10.041,-0.036,0.01,-0.028,81.84,0.0,27.9,31,1,1
11:01:43.805,VIGILE,1,173.77,-11.18,0.237,1.867,6.088,-11.976,-1.708,0.462,-0.168,81.84,0.0,27.9,31,1,1
11:01:44.305,VIGILE,1,175.28,-9.27,0.256,2.049,1.985,-9.29,0.215,-0.04,0.027,81.84,0.0,27.9,31,1,1
11:01:44.805,VIGILE,1,174.75,-13.06,0.26,-0.321,2.799,-9.038,-0.133,0.079,-0.042,81.84,0.0,27.9,31,1,1
11:01:45.305,VIGILE,1,176.39,-12.43,0.18,-1.269,2.995,-9.175,0.002,0.044,-0.048,81.84,0.0,27.9,31,1,1
11:01:45.805,VIGILE,1,175.65,-10.15,0.274,-0.091,2.854,-10.264,0.301,-0.026,0.017,81.84,0.0,27.9,31,1,1
11:01:46.305,VIGILE,1,176.05,-4.1,0.271,-1.549,3.127,-9.352,-0.035,-0.015,-0.019,81.84,0.0,28.0,31,1,1
11:01:46.805,VIGILE,1,177.61,-4.53,0.275,0.666,2.334,-9.021,-0.2,0.114,-0.08,81.84,0.0,28.0,31,1,1
11:01:47.305,VIGILE,1,177.48,-4.69,0.263,-1.362,2.746,-9.527,-0.249,0.112,-0.01,81.84,0.0,28.0,31,1,1
11:01:47.805,VIGILE,1,177.82,-8.07,0.264,0.208,2.073,-8.88,-0.36,0.144,-0.055,81.84,0.0,28.0,31,1,1
11:01:48.305,VIGILE,1,177.92,-9.0,0.256,-0.876,3.402,-7.942,0.044,0.016,0.012,81.84,0.0,28.0,31,1,1
11:01:48.805,VIGILE,1,173.9,-2.35,0.229,0.551,1.791,-9.39,-0.084,0.024,-0.033,81.84,0.0,28.0,31,1,1
11:01:49.305,VIGILE,1,174.03,-4.86,0.215,2.425,3.491,-11.978,-2.278,0.747,-0.215,81.84,0.0,28.0,31,1,1
11:01:49.806,VIGILE,1,177.31,3.04,0.257,-2.423,2.011,-7.554,-0.06,0.026,0.013,81.84,0.0,28.0,31,1,1
11:01:50.306,VIGILE,1,175.6,-1.56,0.244,-0.512,3.345,-9.306,0.013,0.015,0.038,81.84,0.0,28.0,31,1,1
11:01:50.806,VIGILE,1,176.94,-4.79,0.271,-1.422,5.011,-10.357,-0.028,0.009,-0.008,81.84,0.0,28.0,31,1,1
11:01:51.306,VIGILE,1,177.73,-3.8,0.258,-0.194,3.134,-9.191,-0.102,0.052,-0.004,81.84,0.0,28.0,31,1,1
11:01:51.806,VIGILE,1,176.88,2.41,0.246,-0.441,2.832,-8.811,-0.147,0.063,-0.022,81.84,0.0,28.0,31,1,1
11:01:52.306,VIGILE,1,176.55,-8.31,0.216,-1.137,2.971,-8.167,-0.149,0.071,-0.017,81.84,0.0,28.0,31,1,1
11:01:52.806,VIGILE,1,176.48,-5.72,0.231,-1.087,3.747,-9.285,-0.16,0.074,-0.022,81.84,0.0,28.0,31,1,1
11:01:53.306,VIGILE,1,176.5,-6.62,0.246,-2.217,3.067,-7.918,-0.332,0.167,-0.051,81.84,0.0,28.0,31,1,1
11:01:53.806,VIGILE,1,-179.99,-6.5,0.262,-0.998,2.023,-8.344,-0.152,0.062,-0.044,81.84,0.0,28.0,31,1,1
11:01:54.306,VIGILE,1,177.29,-11.33,0.259,0.615,1.429,-7.111,-1.364,0.501,-0.385,81.84,0.0,28.0,31,1,1
11:01:54.806,VIGILE,1,177.97,-4.16,0.24,-0.237,4.142,-8.188,0.077,-0.039,-0.002,81.84,0.0,28.0,31,1,1
11:01:55.306,VIGILE,1,174.71,33.78,0.298,-1.006,3.218,-9.175,-0.011,-0.004,-0.039,81.84,0.0,28.0,31,1,1
11:01:55.806,VIGILE,1,176.93,13.08,0.247,-1.348,2.899,-10.214,-0.162,0.1,-0.073,81.84,0.0,28.0,31,1,1
11:01:56.306,VIGILE,1,176.85,18.7,0.105,-1.59,3.27,-9.57,-0.146,0.073,-0.044,81.84,0.0,28.0,31,1,1
11:01:56.806,VIGILE,1,175.52,22.63,0.232,-1.427,2.816,-9.538,-0.12,0.072,-0.044,81.84,0.0,28.0,31,1,1
11:01:57.306,VIGILE,1,174.77,33.13,0.316,-1.791,3.74,-9.438,-0.119,0.038,-0.033,81.84,0.0,28.0,31,1,1
11:01:57.807,VIGILE,1,175.26,32.2,0.29,-1.429,4.276,-7.743,-0.157,0.025,0.004,81.84,0.0,28.0,31,1,1
11:01:58.307,VIGILE,1,172.7,36.65,0.34,-0.848,5.136,-8.689,-0.105,-0.015,0.175,81.84,0.0,28.0,31,1,1
11:01:58.807,VIGILE,1,175.34,39.22,0.331,-0.326,6.27,-7.278,-0.103,-0.036,0.307,81.84,0.0,28.0,31,1,1
11:01:59.307,VIGILE,1,176.13,38.43,0.328,-0.34,6.39,-7.896,-0.19,-0.042,0.348,81.84,0.0,28.0,31,1,1
11:01:59.807,VIGILE,1,174.18,36.65,0.308,0.316,6.819,-7.834,0.084,-0.1,0.48,81.84,0.0,28.0,31,1,1
11:02:00.307,VIGILE,1,177.26,36.16,0.312,1.975,7.353,-7.609,0.05,-0.094,0.46,81.84,0.0,28.0,31,1,1
11:02:00.807,VIGILE,1,178.48,27.94,0.21,-0.117,5.447,-8.545,-0.028,-0.041,0.317,81.84,0.0,28.0,31,1,1
11:02:01.307,VIGILE,1,177.35,0.21,0.227,0.026,5.397,-8.899,-0.144,0.019,0.225,81.84,0.0,28.1,31,1,1
11:02:01.807,VIGILE,1,177.04,-11.27,0.215,-0.388,4.36,-9.292,-0.158,0.015,0.136,81.84,0.0,28.1,31,1,1
11:02:02.307,VIGILE,1,177.33,-28.14,0.28,-1.338,2.495,-8.887,-0.28,0.15,0.052,81.84,0.0,28.1,31,1,1
11:02:02.807,VIGILE,1,176.77,-35.42,0.328,-0.864,2.399,-8.583,-0.251,0.114,-0.051,81.84,0.0,28.1,31,1,1
11:02:03.308,VIGILE,1,176.17,-31.97,0.246,-3.199,1.688,-9.342,-0.101,0.184,-0.246,81.84,0.0,28.1,31,1,1
11:02:03.808,VIGILE,1,174.86,-34.55,0.305,-2.966,0.642,-8.775,-0.322,0.183,-0.402,81.84,0.0,28.1,31,1,1
11:02:04.308,VIGILE,1,175.11,-28.64,0.256,-4.202,2.116,-9.301,-0.148,0.211,-0.315,81.84,0.0,28.1,31,1,1
11:02:04.808,VIGILE,1,176.53,-15.23,0.233,-1.896,2.203,-9.38,-0.1,0.133,-0.289,81.84,0.0,28.1,31,1,1
11:02:05.308,VIGILE,1,175.22,-17.67,0.247,-2.282,2.097,-8.645,-0.188,0.187,-0.3,81.84,0.0,28.1,31,1,1
11:02:05.808,VIGILE,1,175.64,-14.92,0.257,-2.021,2.77,-9.634,-0.214,0.188,-0.298,81.84,0.0,28.1,31,1,1
11:02:06.308,VIGILE,1,179.4,-23.65,0.244,0.196,1.607,-9.21,-0.267,0.179,-0.282,81.84,0.0,28.1,31,1,1
11:02:06.808,VIGILE,1,177.74,-37.08,0.287,0.079,2.042,-9.634,-0.176,0.147,-0.138,81.84,0.0,28.1,31,1,1
11:02:07.308,VIGILE,1,164.7,63.4,0.523,1.666,3.328,-8.746,-0.367,0.136,-0.123,81.84,0.0,28.1,31,1,1
11:02:07.808,VIGILE,0,0.0,0.0,0.0,0.316,2.337,-8.487,-0.123,0.002,-0.032,81.84,0.0,28.1,31,1,1
11:02:08.308,VIGILE,1,-179.28,4.4,0.302,1.551,2.107,-9.234,-0.44,0.168,-0.07,81.84,0.0,28.1,31,1,1
11:02:08.808,VIGILE,1,-176.92,-65.4,0.319,1.219,3.579,-7.788,-0.015,-0.01,-0.021,81.84,0.0,28.2,31,1,1
11:02:09.308,VIGILE,1,177.98,-33.43,0.186,-0.833,3.002,-9.306,-0.21,0.091,-0.04,81.84,0.0,28.2,31,1,1
11:02:09.808,VIGILE,1,178.68,42.14,0.359,-1.561,3.287,-9.153,-0.208,0.128,-0.031,81.84,0.0,28.2,31,1,1
11:02:10.308,VIGILE,1,177.91,43.96,0.295,-0.603,3.151,-8.926,-0.174,0.041,-0.023,81.84,0.0,28.2,31,1,1
11:02:10.808,VIGILE,1,-177.29,-25.44,0.255,-0.441,2.636,-9.256,-0.087,0.022,-0.019,81.84,0.0,28.2,31,1,1
11:02:11.309,VIGILE,0,0.0,0.0,0.0,-0.785,2.629,-8.602,-0.047,0.018,0.009,81.84,0.0,28.2,31,1,1
11:02:11.809,VIGILE,1,179.2,20.52,0.281,-0.244,4.199,-10.625,-0.203,0.08,-0.036,81.84,0.0,28.2,31,1,1
11:02:12.309,VIGILE,0,0.0,0.0,0.0,-1.537,2.89,-8.933,-0.048,0.002,0.058,81.84,0.0,28.2,31,1,1
11:02:12.809,VIGILE,1,177.21,34.64,0.285,-0.97,2.749,-8.691,-0.275,0.098,-0.064,81.84,0.0,28.2,31,1,1
11:02:13.309,VIGILE,1,176.5,-10.51,0.304,-0.86,2.693,-8.837,-0.133,0.045,-0.001,81.84,0.0,28.2,31,1,1
11:02:13.809,VIGILE,1,178.86,-6.89,0.271,-1.463,3.096,-9.917,0.007,0.003,0.015,81.84,0.0,28.2,31,1,1
11:02:14.309,VIGILE,1,178.28,-13.68,0.267,-1.03,4.168,-10.501,-0.134,0.096,-0.031,81.84,0.0,28.2,31,1,1
11:02:14.809,VIGILE,1,175.95,-19.63,0.266,-2.016,1.853,-9.155,-0.022,0.026,0.016,81.84,0.0,28.2,31,1,1
11:02:15.309,VIGILE,1,177.05,-11.86,0.263,-1.611,2.631,-10.003,-0.199,0.083,-0.005,81.84,0.0,28.2,31,1,1
11:02:15.809,VIGILE,1,177.07,-3.47,0.24,-0.158,3.268,-9.359,-0.174,0.065,-0.026,81.84,0.0,28.2,31,1,1
11:02:16.309,VIGILE,1,179.25,-1.43,0.267,-1.063,5.013,-11.004,-0.119,0.042,-0.024,81.84,0.0,28.3,31,1,1
11:02:16.809,VIGILE,1,-177.59,12.79,0.277,-1.243,3.208,-9.388,-0.156,0.035,-0.03,81.84,0.0,28.3,31,1,1
11:02:17.310,VIGILE,1,-174.15,38.17,0.284,-0.912,2.696,-9.361,-0.114,0.045,0.0,81.84,0.0,28.3,31,1,1
11:02:17.810,VIGILE,1,-177.95,32.61,0.27,-1.31,2.935,-9.519,-0.375,0.174,-0.059,81.84,0.0,28.3,31,1,1
11:02:18.310,VIGILE,1,-177.2,34.79,0.217,-0.788,3.754,-7.824,-0.329,0.135,-0.081,81.84,0.0,28.3,31,1,1
11:02:18.810,VIGILE,1,177.21,20.91,0.25,-2.234,3.709,-9.483,-0.237,0.083,-0.049,81.84,0.0,28.3,31,1,1
11:02:19.310,VIGILE,1,179.1,5.83,0.286,-0.433,2.535,-10.467,-0.463,0.164,-0.136,81.84,0.0,28.3,31,1,1
11:02:19.810,VIGILE,1,-177.5,15.19,0.26,-0.136,2.883,-9.131,-0.199,0.024,-0.046,81.84,0.0,28.3,31,1,1
11:02:20.310,VIGILE,1,179.2,-10.46,0.252,-1.171,3.723,-8.298,-0.209,0.073,-0.011,81.84,0.0,28.3,31,1,1
11:02:20.810,VIGILE,1,170.05,11.21,0.24,-1.511,4.266,-9.538,-0.03,0.059,0.034,81.84,0.0,28.3,31,1,1
11:02:21.310,VIGILE,1,172.98,29.83,0.239,-1.25,4.456,-8.748,-0.051,0.058,0.069,81.84,0.0,28.3,31,1,1
11:02:21.810,VIGILE,1,173.94,37.52,0.277,-0.302,3.888,-8.272,-0.116,0.056,0.075,81.84,0.0,28.3,31,1,1
11:02:22.310,VIGILE,1,177.84,38.07,0.16,0.273,5.126,-8.961,-0.202,0.041,0.126,81.84,0.0,28.3,31,1,1
11:02:22.810,VIGILE,1,179.38,30.58,0.255,-0.603,4.35,-6.05,-0.107,-0.025,0.282,81.84,0.0,28.3,31,1,1
11:02:23.310,VIGILE,1,177.28,23.51,0.262,0.297,7.12,-7.877,-0.047,-0.147,0.309,81.84,0.0,28.3,31,1,1
11:02:23.810,VIGILE,1,179.7,54.27,0.451,0.687,4.518,-8.849,-0.097,0.005,0.254,81.84,0.0,28.3,31,1,1
11:02:24.311,VIGILE,1,179.08,25.25,0.259,0.752,4.867,-8.138,-0.125,0.005,0.215,81.84,0.0,28.3,31,1,1
11:02:24.811,VIGILE,1,175.41,-0.75,0.201,0.716,4.128,-8.935,-0.089,-0.002,0.181,81.84,0.0,28.3,31,1,1
11:02:25.311,VIGILE,1,173.71,-15.57,0.206,-0.646,2.89,-8.95,-0.197,0.052,0.016,81.84,0.0,28.3,31,1,1
11:02:25.811,VIGILE,0,0.0,0.0,0.0,-1.832,3.354,-9.802,-0.147,0.073,-0.025,81.84,0.0,28.3,31,1,1
11:02:26.311,VIGILE,1,171.97,-33.32,0.316,-1.963,0.845,-9.656,-0.25,0.243,-0.217,81.84,0.0,28.4,31,1,1
11:02:26.811,VIGILE,1,178.12,-36.5,0.32,-1.865,0.754,-9.045,0.006,0.111,-0.264,81.84,0.0,28.4,31,1,1
11:02:27.311,VIGILE,1,177.58,-23.64,0.21,-2.358,1.238,-9.572,-0.223,0.168,-0.326,81.84,0.0,28.4,31,1,1
11:02:27.811,VIGILE,1,176.22,-25.7,0.239,-1.343,0.697,-9.342,-0.22,0.157,-0.286,81.84,0.0,28.4,31,1,1
11:02:28.311,VIGILE,1,174.23,-18.77,0.246,-1.12,1.302,-10.099,-0.251,0.176,-0.262,81.84,0.0,28.4,31,1,1
11:02:28.811,VIGILE,1,174.76,-16.58,0.232,-1.207,0.23,-10.865,-0.125,0.106,-0.243,81.84,0.0,28.4,31,1,1
11:02:29.311,VIGILE,1,175.07,-15.09,0.224,-1.798,1.35,-10.628,-0.094,0.154,-0.244,81.84,0.0,28.4,31,1,1
11:02:29.811,VIGILE,1,173.83,-5.82,0.237,0.304,1.913,-9.773,-0.194,0.101,-0.093,81.84,0.0,28.4,31,1,1
11:02:30.311,VIGILE,1,173.65,-0.53,0.249,-0.002,2.626,-9.486,-0.121,0.04,-0.01,81.84,0.0,28.4,31,1,1
11:02:30.811,VIGILE,1,174.66,-4.28,0.251,-0.943,3.033,-8.961,-0.018,0.064,-0.013,81.84,0.0,28.4,31,1,1
11:02:31.311,VIGILE,1,176.17,-7.56,0.253,-0.821,2.195,-9.359,-0.189,0.042,-0.027,81.84,0.0,28.4,31,1,1
11:02:31.811,VIGILE,1,174.71,-35.38,0.218,-0.632,4.099,-9.364,-0.175,0.074,-0.036,81.84,0.0,28.4,31,1,1
11:02:32.312,VIGILE,1,176.46,-0.57,0.259,-1.063,3.859,-9.081,-0.221,0.095,-0.032,81.84,0.0,28.4,31,1,1
11:02:32.812,VIGILE,1,-179.75,26.36,0.264,-1.501,4.027,-10.185,-0.029,0.071,0.037,81.84,0.0,28.4,31,1,1
11:02:33.312,VIGILE,1,177.66,30.84,0.302,-0.472,5.392,-8.018,-0.079,0.035,0.116,81.84,0.0,28.4,31,1,1
11:02:33.812,VIGILE,1,179.14,32.27,0.306,-0.893,6.649,-8.902,-0.027,-0.093,0.224,81.84,0.0,28.5,31,1,1
11:02:34.312,VIGILE,1,176.81,21.51,0.163,0.498,6.582,-8.425,-0.137,0.08,0.293,81.84,0.0,28.5,31,1,1
11:02:34.812,VIGILE,1,177.03,5.19,0.236,0.441,3.979,-8.94,-0.165,-0.175,0.229,81.84,0.0,28.5,31,1,1
11:02:35.312,VIGILE,1,173.34,3.01,0.249,0.9,4.113,-10.168,-0.212,0.043,0.11,81.84,0.0,28.5,31,1,1
11:02:35.812,VIGILE,1,175.91,6.2,0.28,-0.697,4.539,-9.912,-0.063,0.006,0.001,81.84,0.0,28.5,31,1,1
11:02:36.312,VIGILE,1,174.33,-4.07,0.277,-0.929,2.655,-7.752,-0.187,0.181,0.018,81.84,1785.46,28.5,31,1,1
11:02:36.812,VIGILE,1,173.49,-1.2,0.297,-0.613,6.567,-12.376,0.343,-0.067,-0.052,81.84,76.23,28.5,31,1,1
11:02:37.312,VIGILE,1,168.55,-0.62,0.266,-0.778,4.049,-7.104,-0.134,0.035,-0.012,81.84,27.9,28.5,31,1,1
11:02:37.812,VIGILE,1,175.64,12.57,0.222,-3.508,4.247,-10.29,-0.116,0.051,-0.083,81.84,19.69,28.5,31,1,1
11:02:38.312,VIGILE,1,168.78,10.56,0.123,-3.654,5.78,-8.727,0.1,-0.061,0.032,81.84,28.76,28.5,31,1,1
11:02:38.812,VIGILE,1,175.55,21.03,0.259,-1.683,5.928,-10.017,0.11,-0.075,-0.039,81.84,73.12,28.5,30,1,1
11:02:39.312,VIGILE,1,-175.61,29.12,0.288,4.353,2.588,-11.298,-0.255,-0.089,0.837,81.84,194.87,28.5,30,1,1
11:02:39.812,VIGILE,1,-177.84,28.95,0.287,-1.566,4.527,-8.219,-0.192,0.006,0.078,81.84,940.47,28.5,30,1,1
11:02:40.313,VIGILE,1,-172.99,27.52,0.292,-0.622,4.424,-8.614,-0.059,-0.037,0.217,81.84,0.0,28.5,30,1,1
11:02:40.813,VIGILE,1,-173.19,23.44,0.277,-0.031,4.906,-8.928,0.002,0.001,0.286,81.84,0.0,28.5,30,1,1
11:02:41.313,VIGILE,1,-175.09,26.98,0.271,0.177,3.864,-10.441,-0.062,-0.043,0.26,81.84,0.0,28.4,30,1,1
11:02:41.813,VIGILE,1,179.24,25.17,0.244,0.206,4.937,-7.918,-0.078,0.004,0.19,81.84,0.0,28.4,30,1,1
11:02:42.313,VIGILE,1,179.45,21.84,0.228,0.85,3.512,-9.086,-0.14,0.009,0.122,81.84,0.0,28.4,30,1,1
11:02:42.813,VIGILE,1,178.51,8.7,0.241,0.505,3.069,-9.268,-0.07,0.085,0.046,81.84,0.0,28.4,30,1,1
11:02:43.313,VIGILE,1,172.68,13.49,0.263,0.148,3.136,-10.233,-0.125,0.033,-0.003,81.84,0.0,28.4,30,1,1
11:02:43.813,VIGILE,1,175.24,14.4,0.262,-0.431,3.012,-8.837,-0.179,0.139,0.003,81.84,0.0,28.4,30,1,1
11:02:44.313,VIGILE,1,174.3,6.08,0.108,0.074,3.371,-9.167,-0.093,0.072,0.031,81.84,0.0,28.4,30,1,1
11:02:44.813,VIGILE,1,174.99,8.43,0.247,-0.74,3.62,-10.23,-0.094,0.074,0.018,81.84,0.0,28.4,30,1,1
11:02:45.313,VIGILE,1,176.44,4.65,0.252,-0.187,2.784,-9.074,-0.022,0.0,0.012,81.84,0.0,28.4,30,1,1
11:02:45.813,VIGILE,1,177.07,-2.21,0.277,-0.541,2.588,-9.33,-0.076,0.093,-0.005,81.84,0.0,28.4,30,1,1
11:02:46.313,VIGILE,1,178.0,-9.71,0.271,-0.362,3.206,-9.328,-0.038,0.047,-0.008,81.84,0.0,28.4,30,1,1
11:02:46.813,VIGILE,1,178.07,-7.12,0.27,-1.367,3.505,-8.763,-0.164,0.076,-0.028,81.84,0.0,28.4,30,1,1
11:02:47.313,VIGILE,1,177.37,-8.24,0.251,-1.08,3.67,-8.849,-0.137,0.072,-0.043,81.84,0.0,28.4,30,1,1
11:02:47.813,VIGILE,1,177.33,-13.27,0.253,-0.848,3.414,-8.942,-0.098,0.067,-0.06,81.84,0.0,28.4,30,1,1
11:02:48.313,VIGILE,1,176.23,-6.63,0.261,-1.609,3.785,-9.443,-0.115,0.047,-0.046,81.84,0.0,28.4,30,1,1
11:02:48.814,VIGILE,1,174.22,-14.34,0.266,-1.901,3.567,-8.363,-0.116,0.073,-0.064,81.84,0.0,28.4,30,1,1
11:02:49.314,VIGILE,1,175.99,-10.46,0.262,-2.72,4.848,-7.918,-0.178,0.061,-0.051,81.84,0.0,28.4,30,1,1
11:02:49.814,VIGILE,1,175.05,-10.96,0.26,-3.527,4.87,-8.267,-0.137,0.054,-0.038,81.84,0.0,28.4,30,1,1
11:02:50.314,VIGILE,1,174.03,-32.28,0.287,-3.338,5.001,-7.736,-0.114,0.061,-0.013,81.84,0.0,28.4,30,1,1
11:02:50.814,VIGILE,0,0.0,0.0,0.0,-1.92,4.175,-8.756,-0.134,0.064,-0.006,81.84,0.0,28.4,30,1,1
11:02:51.314,VIGILE,1,177.07,40.95,0.345,-0.508,4.209,-8.849,-0.097,0.019,0.044,81.84,0.0,28.4,30,1,1
11:02:51.814,VIGILE,1,-172.17,48.79,0.407,-0.445,4.997,-8.346,-0.089,-0.043,0.246,81.84,0.0,28.4,30,1,1
11:02:52.314,VIGILE,1,173.48,50.34,0.475,-0.256,5.748,-7.705,-0.019,-0.145,0.428,81.84,0.0,28.4,30,1,1
11:02:52.814,VIGILE,1,173.04,45.3,0.469,-0.333,5.387,-8.195,-0.045,-0.162,0.528,81.84,0.0,28.4,30,1,1
11:02:53.314,VIGILE,1,174.9,36.48,0.33,0.548,5.509,-8.179,-0.025,-0.147,0.594,81.84,0.0,28.4,30,1,1
11:02:53.814,VIGILE,1,174.7,33.39,0.272,0.402,3.934,-8.947,-0.141,-0.095,0.459,81.84,0.0,28.4,30,1,1
11:02:54.314,VIGILE,1,179.31,19.21,0.239,-1.082,3.577,-8.188,-0.124,0.048,0.167,81.84,0.0,28.4,30,1,1
11:02:54.814,VIGILE,1,176.14,5.34,0.196,-0.369,3.57,-9.05,-0.107,0.036,0.021,81.84,0.0,28.4,30,1,1
11:02:55.314,VIGILE,1,175.42,-1.47,0.207,-1.015,3.699,-9.316,-0.139,0.052,-0.027,81.84,0.0,28.4,30,1,1
11:02:55.814,VIGILE,1,173.68,-3.11,0.252,-1.116,3.179,-8.72,-0.124,0.106,-0.022,81.84,0.0,28.4,30,1,1
11:02:56.314,VIGILE,1,173.99,-9.43,0.239,-1.094,3.496,-8.815,-0.144,0.083,-0.042,81.84,0.0,28.4,30,1,1
11:02:56.815,VIGILE,1,173.4,-6.49,0.228,-0.122,3.373,-9.301,-0.126,0.073,-0.044,81.84,0.0,28.4,30,1,1
11:02:57.315,VIGILE,1,172.23,-6.02,0.246,-0.946,3.433,-9.043,-0.142,0.067,-0.045,81.84,0.0,28.4,30,1,1
11:02:57.815,VIGILE,1,172.89,-8.61,0.213,-0.543,3.519,-8.669,-0.153,0.086,-0.025,81.84,0.0,28.4,30,1,1
11:02:58.315,VIGILE,1,173.88,-10.93,0.226,0.029,3.239,-8.775,-0.156,0.071,-0.022,81.84,0.0,28.4,30,1,1
11:02:58.815,VIGILE,1,173.95,-10.5,0.228,-0.733,3.792,-9.187,-0.141,0.053,-0.026,81.84,0.0,28.4,30,1,1
11:02:59.315,VIGILE,1,179.74,1.25,0.249,0.043,2.818,-8.708,-0.195,0.096,-0.029,81.84,0.0,28.4,30,1,1
11:02:59.815,VIGILE,1,-177.89,8.45,0.236,0.46,3.867,-9.184,-0.129,0.051,0.019,81.84,0.0,28.4,30,1,1
11:03:00.315,VIGILE,1,-179.68,-14.45,0.224,0.093,3.206,-9.294,-0.148,0.068,0.034,81.84,0.0,28.4,30,1,1
11:03:00.815,VIGILE,1,179.23,-20.2,0.152,0.146,3.314,-9.163,-0.065,0.024,0.046,81.84,0.0,28.4,30,1,1
11:03:01.315,VIGILE,1,176.91,-6.91,0.25,1.293,3.263,-9.237,-0.163,0.075,-0.004,81.84,0.0,28.4,30,1,1
11:03:01.815,VIGILE,1,177.74,-10.72,0.203,1.18,3.426,-9.376,-0.102,0.071,-0.001,81.84,0.0,28.4,30,1,1
11:03:02.315,VIGILE,1,-179.61,-12.12,0.247,0.946,2.904,-9.146,-0.096,0.032,-0.003,81.84,0.0,28.4,30,1,1
11:03:02.815,VIGILE,1,178.93,-14.14,0.219,0.74,3.132,-9.292,-0.099,0.048,-0.019,81.84,0.0,28.4,30,1,1
11:03:03.315,VIGILE,1,176.72,-11.45,0.217,-0.484,3.4,-9.505,-0.133,0.035,-0.004,81.84,0.0,28.4,30,1,1
11:03:03.816,VIGILE,1,177.31,-16.1,0.233,-1.887,3.127,-7.901,-0.177,0.07,-0.031,81.84,0.0,28.5,30,1,1
11:03:04.316,VIGILE,1,171.62,-12.4,0.166,-1.018,3.345,-8.768,-0.149,0.066,-0.01,81.84,0.0,28.5,30,1,1
11:03:04.816,VIGILE,1,175.04,-18.69,0.147,-1.111,2.883,-8.76,-0.157,0.087,-0.031,81.84,0.0,28.5,30,1,1
11:03:05.316,VIGILE,1,172.38,-22.55,0.224,-2.5,2.751,-8.349,-0.162,0.097,-0.11,81.84,0.0,28.5,30,1,1
11:03:05.816,VIGILE,1,175.49,-19.59,0.246,-3.354,2.145,-9.584,-0.102,0.115,-0.185,81.84,0.0,28.5,30,1,1
11:03:06.316,VIGILE,1,177.22,-22.12,0.224,-3.151,1.252,-9.538,-0.254,0.218,-0.33,81.84,0.0,28.5,30,1,1
11:03:06.816,VIGILE,1,175.54,-28.97,0.171,-2.483,0.395,-9.153,-0.082,0.074,-0.494,81.84,0.0,28.5,30,1,1
11:03:07.316,VIGILE,1,178.55,-28.49,0.255,-5.528,-0.441,-9.357,-0.264,0.251,-0.468,81.84,0.0,28.5,30,1,1
11:03:07.816,VIGILE,1,177.8,-19.01,0.229,-2.574,0.996,-10.046,-0.215,0.181,-0.426,81.84,0.0,28.5,30,1,1
11:03:08.316,VIGILE,1,-179.98,1.05,0.238,-1.688,2.188,-9.742,-0.13,0.179,-0.302,81.84,0.0,28.5,30,1,1
11:03:08.816,VIGILE,1,-174.7,24.12,0.288,-0.46,3.112,-9.632,-0.2,0.081,-0.131,81.84,0.0,28.5,30,1,1
11:03:09.316,VIGILE,1,178.05,36.6,0.35,-1.049,3.953,-9.191,-0.059,0.076,-0.0,81.84,0.0,28.5,30,1,1
11:03:09.816,VIGILE,1,175.43,33.23,0.25,-1.398,4.391,-8.631,-0.098,0.036,0.037,81.84,0.0,28.5,30,1,1
11:03:10.316,VIGILE,1,171.72,-31.17,0.29,-2.207,4.709,-8.131,-0.174,0.051,0.015,81.84,0.0,28.5,30,1,1
11:03:10.816,VIGILE,0,0.0,0.0,0.0,-2.172,4.159,-8.284,-0.13,0.05,0.025,81.84,0.0,28.5,30,1,1
11:03:11.316,VIGILE,1,172.52,-41.59,0.425,-3.658,4.774,-8.14,-0.135,0.054,0.013,81.84,0.0,28.5,30,1,1
11:03:11.817,VIGILE,1,171.68,-42.83,0.421,-3.783,5.986,-7.654,0.003,-0.013,0.184,81.84,0.0,28.5,30,1,1
11:03:12.317,VIGILE,0,0.0,0.0,0.0,-2.717,4.676,-8.246,-0.111,-0.019,0.193,81.84,0.0,28.5,30,1,1
11:03:12.817,VIGILE,1,172.02,77.48,0.597,-1.41,4.621,-8.693,-0.123,-0.043,0.258,81.84,0.0,28.5,30,1,1
11:03:13.317,VIGILE,1,173.61,57.25,0.347,0.692,4.123,-9.519,0.005,-0.052,0.36,81.84,0.0,28.5,30,1,1
11:03:13.817,VIGILE,1,173.59,38.18,0.322,1.109,4.326,-9.586,-0.116,-0.103,0.433,81.84,0.0,28.7,30,1,1
11:03:14.317,VIGILE,1,175.75,34.49,0.315,1.061,3.682,-9.29,-0.095,-0.125,0.469,81.84,0.0,28.7,30,1,1
11:03:14.817,VIGILE,1,178.7,32.88,0.32,1.607,2.883,-9.242,-0.161,-0.065,0.353,81.84,0.0,28.7,30,1,1
11:03:15.317,VIGILE,1,176.29,30.33,0.261,0.924,4.494,-8.82,-0.157,-0.105,0.299,81.84,0.0,28.7,30,1,1
11:03:15.817,VIGILE,1,175.53,14.72,0.26,-0.555,4.221,-8.468,-0.06,-0.044,0.2,81.84,0.0,28.7,30,1,1
11:03:16.317,VIGILE,1,177.22,-10.31,0.253,-0.287,3.816,-9.187,-0.108,0.055,0.162,81.84,0.0,28.7,30,1,1
11:03:16.817,VIGILE,1,173.33,-11.01,0.259,-0.694,3.436,-9.38,-0.156,0.062,0.003,81.84,0.0,28.7,30,1,1
11:03:17.317,VIGILE,0,0.0,0.0,0.0,-1.018,3.474,-9.064,-0.13,0.078,-0.03,81.84,0.0,28.7,30,1,1
11:03:17.817,VIGILE,1,153.3,-66.89,0.384,-1.369,2.571,-9.354,-0.163,0.118,-0.127,81.84,0.0,28.7,30,1,1
11:03:18.317,VIGILE,1,175.71,-10.79,0.285,-2.308,2.286,-9.246,-0.141,0.143,-0.261,81.84,0.0,28.7,30,1,1
11:03:18.817,VIGILE,1,-168.82,42.84,0.301,-2.172,1.65,-9.759,-0.175,0.207,-0.362,81.84,0.0,28.8,30,1,1
11:03:19.318,VIGILE,1,-179.56,-19.86,0.257,-0.299,1.161,-10.065,-0.118,0.141,-0.388,81.84,0.0,28.8,30,1,1
11:03:19.818,VIGILE,1,175.54,-19.85,0.236,-0.486,0.929,-9.833,-0.159,0.175,-0.392,81.84,0.0,28.8,30,1,1
11:03:20.318,VIGILE,1,176.22,-16.31,0.237,-0.943,0.611,-10.994,-0.116,0.143,-0.328,81.84,0.0,28.8,30,1,1
11:03:20.818,VIGILE,1,173.99,-5.94,0.219,-0.256,0.996,-9.22,-0.159,0.118,-0.236,81.84,0.0,28.8,30,1,1
11:03:21.318,VIGILE,1,175.15,2.11,0.231,-1.01,3.266,-8.971,-0.232,0.088,-0.053,81.84,0.0,28.8,30,1,1
11:03:21.818,VIGILE,1,174.75,1.63,0.21,-0.991,3.764,-8.701,-0.091,0.062,0.01,81.84,0.0,28.8,30,1,1
11:03:22.318,VIGILE,1,173.61,-1.4,0.199,0.077,3.232,-9.529,-0.097,0.065,0.027,81.84,0.0,28.8,30,1,1
11:03:22.818,VIGILE,1,176.45,-6.18,0.219,0.328,2.488,-9.232,-0.174,0.083,-0.028,81.84,0.0,28.8,30,1,1
11:03:23.318,VIGILE,1,175.02,-0.85,0.247,0.632,2.964,-7.683,-0.102,0.013,-0.025,81.84,0.0,28.8,30,1,1
11:03:23.818,VIGILE,1,173.18,-3.27,0.215,-1.571,2.648,-10.831,-0.152,0.08,-0.002,81.84,0.0,28.9,30,1,1
11:03:24.318,VIGILE,1,175.21,4.02,0.23,1.281,2.373,-9.256,-0.195,0.053,-0.02,81.84,0.0,28.9,30,1,1
11:03:24.818,VIGILE,1,175.49,-7.41,0.232,0.747,2.614,-8.392,-0.141,0.016,-0.013,81.84,0.0,28.9,30,1,1
11:03:25.318,VIGILE,1,173.27,-5.13,0.089,-0.11,2.646,-8.722,-0.102,0.124,-0.015,81.84,0.0,28.9,30,1,1
11:03:25.818,VIGILE,1,175.85,-2.29,0.221,0.898,2.449,-9.029,-0.214,0.075,-0.047,81.84,0.0,28.9,30,1,1
11:03:26.318,VIGILE,1,176.86,-2.93,0.216,0.625,3.302,-10.262,-0.096,0.079,-0.033,81.84,0.0,29.0,30,1,1
11:03:26.819,VIGILE,1,176.77,2.42,0.097,0.194,2.406,-8.478,-0.248,0.135,-0.034,81.84,0.0,29.0,30,1,1
11:03:27.319,VIGILE,1,177.42,-9.68,0.186,0.031,3.328,-8.899,-0.039,0.006,-0.01,81.84,0.0,29.0,30,1,1
11:03:27.819,VIGILE,1,176.99,-4.87,0.217,-1.425,3.294,-8.784,-0.138,0.055,0.003,81.84,0.0,29.0,30,1,1
11:03:28.319,VIGILE,1,179.24,-11.34,0.198,-0.067,2.591,-8.746,-0.095,0.014,-0.018,81.84,0.0,29.0,30,1,1
11:03:28.819,VIGILE,1,-167.32,-23.06,0.285,-0.249,3.292,-9.139,-0.185,0.094,-0.021,81.84,0.0,29.0,30,1,1
11:03:29.319,VIGILE,1,-167.84,-11.94,0.198,-0.69,2.971,-10.233,-0.178,0.064,-0.01,81.84,0.0,29.0,30,1,1
11:03:29.819,VIGILE,1,-166.49,-18.14,0.152,-1.338,3.706,-8.99,-0.137,0.046,-0.009,81.84,0.0,29.0,30,1,1
11:03:30.319,VIGILE,1,178.39,0.43,0.245,-0.467,3.699,-8.624,-0.181,0.046,-0.05,81.84,0.0,29.0,30,1,1
11:03:30.819,VIGILE,1,172.4,-5.48,0.202,-1.738,3.491,-9.189,-0.191,0.068,-0.042,81.84,0.0,29.0,30,1,1
11:03:31.319,VIGILE,1,175.03,-10.47,0.18,-1.068,3.907,-9.182,-0.215,0.093,-0.025,81.84,0.0,29.0,30,1,1
11:03:31.819,VIGILE,1,176.17,-15.68,0.18,-0.915,2.382,-9.503,-0.111,0.076,-0.045,81.84,0.0,29.0,30,1,1
11:03:32.319,VIGILE,1,176.59,-14.33,0.19,-0.996,2.485,-9.019,-0.13,0.103,-0.072,81.84,0.0,29.0,30,1,1
11:03:32.819,VIGILE,1,176.74,-16.18,0.204,-0.788,2.744,-8.847,-0.166,0.104,-0.11,81.84,0.0,29.0,30,1,1
11:03:33.319,VIGILE,1,174.22,-16.97,0.193,-1.839,1.444,-9.337,-0.46,0.131,-0.164,81.84,0.0,29.0,30,1,1
11:03:33.819,VIGILE,1,177.17,-15.9,0.187,-1.674,2.009,-9.44,-0.078,0.11,-0.103,81.84,0.0,29.1,30,1,1
11:03:34.319,VIGILE,1,178.96,-14.77,0.205,-1.056,1.705,-9.823,-0.16,0.091,-0.107,81.84,0.0,29.1,30,1,1
11:03:34.820,VIGILE,1,178.86,-16.39,0.22,-1.058,0.855,-8.423,-0.265,0.14,-0.112,81.84,0.0,29.1,30,1,1
11:03:35.320,VIGILE,1,178.0,-36.71,0.195,-0.132,2.365,-9.191,0.033,0.097,-0.086,81.84,0.0,29.1,30,1,1
11:03:35.820,VIGILE,1,-179.83,-21.21,0.183,-0.271,1.077,-8.317,-0.193,0.076,-0.131,81.84,0.0,29.1,30,1,1
11:03:36.320,VIGILE,1,177.05,-18.18,0.183,-1.022,1.954,-9.091,-0.094,0.047,-0.026,81.84,0.0,29.2,30,1,1
11:03:36.820,VIGILE,1,175.79,-15.58,0.184,-2.243,3.254,-8.526,-0.258,0.154,-0.042,81.84,0.0,29.2,30,1,1
11:03:37.320,VIGILE,1,177.12,-27.0,0.135,0.124,2.504,-9.172,-0.113,0.068,-0.028,81.84,0.0,29.2,30,1,1
11:03:37.820,VIGILE,1,176.75,-21.9,0.201,-0.318,3.165,-8.447,-0.141,0.023,-0.091,81.84,0.0,29.2,30,1,1
11:03:38.320,VIGILE,1,175.91,-17.97,0.198,-1.001,3.457,-9.62,-0.078,0.071,-0.044,81.84,0.0,29.2,30,1,1
11:03:38.820,VIGILE,1,174.79,-15.21,0.201,-1.504,2.732,-9.23,-0.149,0.135,-0.042,81.84,0.0,29.3,30,1,1
11:03:39.320,VIGILE,1,173.33,-14.36,0.193,-0.982,2.385,-8.519,-0.195,0.111,-0.076,81.84,0.0,29.3,30,1,1
11:03:39.820,VIGILE,1,178.31,28.57,0.21,-1.238,2.045,-8.947,-0.127,0.118,-0.043,81.84,0.0,29.3,30,1,1
11:03:40.320,VIGILE,1,-174.57,48.92,0.385,-0.5,2.851,-9.28,-0.144,0.092,-0.07,81.84,0.0,29.3,30,1,1
11:03:40.820,VIGILE,1,178.71,38.39,0.316,-1.484,2.806,-9.414,-0.163,0.116,-0.051,81.84,0.0,29.3,30,1,1
11:03:41.320,DISTRAZIONE,1,-175.2,29.58,0.245,-2.059,2.09,-8.88,-0.135,0.058,-0.107,81.84,0.0,29.4,30,1,1
11:03:41.820,DISTRAZIONE,1,-167.38,51.78,0.293,-1.946,2.634,-10.161,-0.05,0.063,-0.008,81.84,0.0,29.4,30,1,1
11:03:42.320,DISTRAZIONE,1,-174.06,27.0,0.25,-2.083,3.074,-8.401,-0.055,0.071,-0.076,81.84,0.0,29.4,30,1,1
11:03:42.821,DISTRAZIONE,1,-171.58,29.23,0.259,-1.283,3.771,-8.052,-0.146,0.054,-0.011,81.84,0.0,29.4,30,1,1
11:03:43.321,DISTRAZIONE,1,-173.54,39.16,0.124,-1.214,3.366,-9.505,-0.111,0.116,-0.027,81.84,0.0,29.4,30,1,1
11:03:43.821,DISTRAZIONE,1,-169.57,36.21,0.233,-1.611,2.272,-8.763,-0.225,0.072,-0.092,81.84,0.0,29.5,30,1,1
11:03:44.321,DISTRAZIONE,1,-173.02,27.47,0.243,-1.568,3.39,-8.629,-0.206,0.045,-0.035,81.84,0.0,29.5,30,1,1
11:03:44.821,DISTRAZIONE,1,-167.88,31.21,0.109,-0.718,3.431,-8.753,-0.236,0.167,-0.09,81.84,0.0,29.5,30,1,1
11:03:45.321,DISTRAZIONE,1,-164.9,30.73,0.159,-1.614,2.875,-9.301,-0.155,0.054,-0.058,81.84,0.0,29.5,30,1,1
11:03:45.821,DISTRAZIONE,1,-167.42,27.08,0.253,-1.393,3.673,-9.117,-0.077,0.057,-0.022,81.84,0.0,29.5,30,1,1
11:03:46.322,DISTRAZIONE,1,-165.99,18.61,0.104,-1.755,2.411,-8.873,-0.134,0.088,-0.056,81.84,0.0,29.6,30,1,1
11:03:46.822,DISTRAZIONE,1,-163.8,22.16,0.288,-1.305,2.945,-9.249,-0.171,0.148,-0.08,81.84,0.0,29.6,30,1,1
11:03:47.322,DISTRAZIONE,1,-162.18,13.72,0.117,-1.312,3.57,-9.361,-0.212,0.135,-0.098,81.84,0.0,29.6,30,1,1
11:03:47.822,DISTRAZIONE,1,-152.86,10.33,0.109,-0.299,2.15,-8.188,-0.222,0.086,-0.06,81.84,0.0,29.6,30,1,1
11:03:48.322,DISTRAZIONE,1,-161.58,10.89,0.127,-1.877,3.093,-9.177,-0.06,-0.005,-0.022,81.84,0.0,29.6,30,1,1
11:03:48.822,DISTRAZIONE,1,-161.47,6.01,0.098,-0.613,4.645,-7.817,-0.185,0.041,-0.009,81.84,0.0,29.7,30,1,1
11:03:49.322,DISTRAZIONE,1,-159.75,9.3,0.305,-0.357,2.727,-8.964,-0.106,0.054,0.018,81.84,0.0,29.7,30,1,1
11:03:49.822,DISTRAZIONE,1,-159.63,5.47,0.119,-0.543,3.821,-8.93,-0.189,0.04,0.05,81.84,0.0,29.7,30,1,1
11:03:50.322,DISTRAZIONE,1,-159.96,8.92,0.292,-0.036,3.273,-8.653,-0.203,0.056,0.027,81.84,0.0,29.7,30,1,1
11:03:50.822,DISTRAZIONE,1,-148.7,-0.59,0.094,-0.587,4.039,-9.471,-0.092,0.074,0.036,81.84,0.0,29.7,30,1,1
11:03:51.323,DISTRAZIONE,1,-152.46,0.55,0.117,-0.065,3.445,-8.48,-0.195,0.046,-0.015,81.84,0.0,29.8,30,1,1
11:03:51.823,DISTRAZIONE,1,-158.0,4.37,0.291,-0.792,2.861,-9.167,-0.085,0.054,0.021,81.84,0.0,29.8,30,1,1
11:03:52.323,DISTRAZIONE,1,-161.43,10.62,0.124,-0.678,4.53,-8.614,-0.202,0.057,0.039,81.84,0.0,29.8,30,1,1
11:03:52.823,DISTRAZIONE,1,-151.5,0.81,0.117,0.52,3.637,-9.287,-0.143,0.058,0.042,81.84,0.0,29.8,30,1,1
11:03:53.323,DISTRAZIONE,1,-153.15,7.01,0.322,-0.989,3.476,-9.105,-0.147,0.054,0.012,81.84,0.0,29.8,30,1,1
11:03:53.823,DISTRAZIONE,1,-179.09,-4.02,0.238,-0.927,3.689,-8.983,-0.018,0.058,0.043,81.84,0.0,29.9,29,1,1
11:03:54.323,DISTRAZIONE,1,175.55,8.06,0.2,-1.022,2.746,-8.521,-0.112,0.027,0.025,81.84,0.0,29.9,29,1,1
11:03:54.823,VIGILE,1,176.82,7.45,0.199,0.905,2.981,-8.978,-0.165,0.083,0.027,81.84,0.0,29.9,29,1,1
11:03:55.323,VIGILE,1,177.96,1.45,0.202,1.183,3.472,-8.033,-0.184,-0.041,0.002,81.84,0.0,29.9,29,1,1
11:03:55.823,VIGILE,1,-179.39,5.72,0.217,0.991,1.939,-8.432,-0.259,0.084,-0.024,81.84,0.0,29.9,29,1,1
11:03:56.323,VIGILE,1,176.76,-2.67,0.198,-0.036,3.455,-8.258,-0.161,0.059,0.005,81.84,0.0,30.0,29,1,1
11:03:56.823,VIGILE,1,177.37,-1.12,0.188,-0.642,3.417,-9.989,-0.108,0.065,-0.004,81.84,0.0,30.0,29,1,1
11:03:57.323,VIGILE,1,176.22,-1.04,0.077,-0.517,3.146,-9.843,-0.021,0.051,0.015,81.84,0.0,30.0,29,1,1
11:03:57.823,VIGILE,1,176.39,-0.79,0.21,0.098,3.103,-8.234,-0.154,0.057,-0.025,81.84,0.0,30.0,29,1,1
11:03:58.323,VIGILE,1,175.89,-5.12,0.156,-0.146,2.274,-9.34,-0.06,0.06,-0.025,81.84,0.0,30.0,29,1,1
11:03:58.824,VIGILE,1,176.32,-4.07,0.204,-1.238,2.622,-9.325,-0.065,0.151,-0.013,81.84,0.0,30.0,28,1,1
11:03:59.324,VIGILE,1,177.73,-7.72,0.178,-0.867,2.373,-10.106,-0.1,0.093,-0.024,81.84,0.0,30.0,28,1,1
11:03:59.824,VIGILE,1,177.26,-5.09,0.201,-0.541,1.944,-8.705,0.005,0.009,0.006,81.84,0.0,30.0,28,1,1
11:04:00.324,VIGILE,1,172.98,-0.93,0.181,-0.687,4.096,-8.387,-0.114,0.103,-0.023,81.84,0.0,30.0,28,1,1
11:04:00.824,VIGILE,1,174.0,-3.47,0.192,0.089,3.414,-11.095,-0.103,-0.005,-0.035,81.84,0.0,30.0,28,1,1
11:04:01.324,VIGILE,1,176.09,-3.96,0.196,-1.087,2.684,-9.577,-0.228,0.025,-0.03,81.84,0.0,30.1,28,1,1
11:04:01.824,VIGILE,1,178.87,-1.48,0.216,-0.038,2.957,-7.98,-0.151,0.061,-0.017,81.84,0.0,30.1,28,1,1
11:04:02.324,VIGILE,1,177.46,-5.46,0.196,-1.147,3.699,-9.692,-0.153,-0.008,-0.03,81.84,0.0,30.1,28,1,1
11:04:02.824,VIGILE,1,176.26,-5.35,0.197,-0.242,3.254,-8.351,-0.144,0.016,-0.043,81.84,0.0,30.1,28,1,1
11:04:03.324,VIGILE,1,177.38,7.23,0.204,-2.48,6.541,-10.7,0.791,-0.252,-0.037,81.84,0.0,30.1,28,1,1
11:04:03.824,VIGILE,1,178.25,2.53,0.233,-1.147,3.4,-8.605,-0.298,-0.076,0.006,81.84,0.0,30.2,28,1,1
11:04:04.324,VIGILE,1,177.44,-6.28,0.21,-0.685,4.118,-8.772,-0.079,0.086,0.067,81.84,0.0,30.2,28,1,1
11:04:04.824,VIGILE,1,178.18,-1.02,0.231,-1.257,4.391,-8.068,-0.301,0.175,-0.002,81.84,0.0,30.2,28,1,1
11:04:05.324,VIGILE,1,176.44,-3.52,0.177,-0.354,3.912,-9.163,-0.102,0.083,0.066,81.84,0.0,30.2,28,1,1
11:04:05.824,VIGILE,1,175.76,-5.1,0.223,-0.144,4.159,-7.123,-0.097,0.008,-0.0,81.84,0.0,30.2,28,1,1
11:04:06.324,VIGILE,1,179.02,-9.95,0.207,-1.623,4.051,-7.64,-0.116,-0.08,0.026,81.84,0.0,30.3,28,1,1
11:04:06.825,VIGILE,1,175.6,-6.41,0.211,-0.543,4.475,-8.681,-0.086,0.055,0.038,81.84,0.0,30.3,28,1,1
11:04:07.325,VIGILE,1,177.43,-7.36,0.211,-0.488,3.469,-8.973,-0.083,0.034,0.04,81.84,0.0,30.3,28,1,1
11:04:07.825,VIGILE,1,175.82,-3.67,0.208,-0.129,4.233,-9.251,-0.076,0.035,0.061,81.84,0.0,30.3,28,1,1
11:04:08.325,VIGILE,1,172.36,-6.42,0.097,-0.302,3.223,-9.167,-0.22,0.01,-0.053,81.84,0.0,30.3,28,1,1
11:04:08.825,VIGILE,1,172.03,-2.11,0.214,-1.59,4.223,-8.993,-0.078,0.042,-0.032,81.84,0.0,30.5,27,1,1
11:04:09.325,VIGILE,1,175.94,-9.46,0.196,-0.354,3.311,-8.569,-0.062,0.018,-0.019,81.84,0.0,30.5,27,1,1
11:04:09.825,VIGILE,1,174.38,-5.94,0.216,-1.097,2.241,-9.021,-0.144,0.065,-0.072,81.84,0.0,30.5,27,1,1
11:04:10.325,VIGILE,1,174.0,-3.62,0.228,-2.344,3.0,-9.56,-0.1,0.079,0.018,81.84,0.0,30.5,27,1,1
11:04:10.825,VIGILE,1,177.24,-3.56,0.201,-0.354,3.306,-9.076,-0.115,0.045,-0.033,81.84,0.0,30.5,27,1,1
11:04:11.325,VIGILE,1,176.27,1.71,0.202,-0.919,2.871,-8.588,-0.144,0.07,-0.017,81.84,0.0,30.5,27,1,1
11:04:11.825,VIGILE,1,174.38,-0.76,0.155,-0.201,3.481,-8.265,-0.144,0.041,0.046,81.84,0.0,30.5,27,1,1
11:04:12.325,VIGILE,1,177.13,3.14,0.225,-0.505,4.707,-8.813,-0.065,0.022,0.048,81.84,0.0,30.5,27,1,1
11:04:12.825,VIGILE,1,176.89,2.72,0.209,-1.195,3.795,-8.432,-0.199,0.055,0.026,81.84,0.0,30.5,27,1,1
11:04:13.325,VIGILE,1,177.55,12.68,0.221,-0.716,3.045,-9.251,0.014,-0.058,0.062,81.84,0.0,30.5,27,1,1
11:04:13.825,VIGILE,1,178.39,8.79,0.236,-0.97,4.551,-7.815,-0.238,0.138,0.056,81.84,0.0,30.7,27,1,1
11:04:14.325,VIGILE,1,-176.03,18.32,0.243,0.069,4.063,-7.726,-0.136,-0.007,0.048,81.84,0.0,30.7,27,1,1
11:04:14.826,VIGILE,1,179.14,19.0,0.249,-0.218,5.686,-9.143,-0.111,0.009,0.083,81.84,0.0,30.7,27,1,1
11:04:15.326,VIGILE,1,-179.08,23.49,0.257,-0.759,4.729,-8.356,-0.11,-0.019,0.093,81.84,0.0,30.7,27,1,1
11:04:15.826,VIGILE,1,-176.86,19.65,0.255,0.218,5.057,-8.401,-0.182,0.079,0.142,81.84,0.0,30.7,27,1,1
11:04:16.326,VIGILE,1,-178.93,17.2,0.26,-0.163,5.231,-8.677,-0.133,0.001,0.158,81.84,0.0,30.8,27,1,1
11:04:16.826,VIGILE,1,-178.58,17.32,0.25,0.172,3.752,-8.705,-0.175,0.015,0.083,81.84,0.0,30.8,27,1,1
11:04:17.326,VIGILE,1,176.85,15.67,0.116,-0.45,4.424,-9.524,-0.165,0.027,0.086,81.84,0.0,30.8,27,1,1
11:04:17.826,VIGILE,1,177.27,15.22,0.237,0.608,4.671,-8.882,-0.136,0.03,0.056,81.84,0.0,30.8,27,1,1
11:04:18.326,VIGILE,1,179.39,17.64,0.236,-1.075,3.646,-8.368,-0.068,0.028,0.043,81.84,0.0,30.8,27,1,1
11:04:18.826,VIGILE,1,176.88,13.76,0.23,-0.972,4.312,-9.163,-0.064,0.011,0.033,81.84,0.0,30.8,26,1,1
11:04:19.326,VIGILE,1,175.81,3.11,0.212,-1.228,3.728,-9.196,-0.114,-0.003,-0.013,81.84,0.0,30.8,26,1,1
11:04:19.826,VIGILE,1,175.6,-1.66,0.236,-0.156,4.044,-7.958,-0.246,0.045,0.009,81.84,0.0,30.8,26,1,1
11:04:20.326,VIGILE,1,175.57,-11.34,0.237,-0.998,5.112,-10.539,0.205,0.055,0.152,81.84,0.0,30.8,26,1,1
11:04:20.826,VIGILE,1,173.7,-7.8,0.245,-0.347,4.604,-8.526,-0.14,0.015,0.07,81.84,0.0,30.8,26,1,1
11:04:21.326,VIGILE,1,175.45,-12.95,0.259,-0.596,3.749,-8.028,-0.189,0.062,-0.019,81.84,0.0,30.9,26,1,1
11:04:21.826,VIGILE,1,175.08,-17.46,0.241,-3.005,2.423,-8.698,-0.104,0.093,-0.111,81.84,0.0,30.9,26,1,1
11:04:22.326,VIGILE,1,172.81,-21.41,0.25,-3.606,3.093,-9.076,-0.275,0.133,-0.165,81.84,0.0,30.9,26,1,1
11:04:22.827,VIGILE,1,171.98,-19.78,0.235,-4.439,3.804,-8.559,-0.281,0.159,-0.139,81.84,0.0,30.9,26,1,1
11:04:23.327,VIGILE,1,167.14,-32.2,0.335,-5.768,5.346,-7.621,-0.101,0.106,-0.07,81.84,0.0,30.9,26,1,1
11:04:23.827,VIGILE,1,171.58,-24.6,0.267,-4.764,4.697,-8.38,-0.117,0.009,-0.062,81.84,0.0,30.9,26,1,1
11:04:24.327,VIGILE,1,173.43,-17.02,0.247,-6.043,6.409,-6.625,0.005,0.048,-0.019,81.84,0.0,30.9,26,1,1
11:04:24.827,VIGILE,1,169.59,-38.88,0.29,-3.275,4.92,-8.167,-0.08,0.078,-0.01,81.84,0.0,30.9,26,1,1
11:04:25.327,VIGILE,1,174.1,-32.59,0.188,-2.32,4.085,-8.329,-0.099,0.082,-0.01,81.84,0.0,30.9,26,1,1
11:04:25.827,VIGILE,1,171.61,-43.32,0.358,-1.741,4.051,-8.961,-0.156,0.077,-0.019,81.84,0.0,30.9,26,1,1
11:04:26.327,VIGILE,1,175.03,-40.15,0.303,-1.453,3.931,-8.499,-0.13,0.076,-0.023,81.84,0.0,31.0,25,1,1
11:04:26.827,VIGILE,1,177.11,-31.69,0.266,-0.713,3.412,-8.794,-0.144,0.069,-0.027,81.84,0.0,31.0,25,1,1
11:04:27.327,VIGILE,1,179.08,-17.29,0.228,-0.855,3.644,-9.096,-0.118,0.065,-0.013,81.84,0.0,31.0,25,1,1
11:04:27.827,VIGILE,1,178.04,-16.57,0.065,-0.745,3.443,-8.906,-0.161,0.077,-0.024,81.84,0.0,31.0,25,1,1
11:04:28.327,VIGILE,1,177.79,-21.5,0.212,-0.704,3.517,-9.045,-0.146,0.067,-0.02,81.84,0.0,31.0,25,1,1
11:04:28.827,VIGILE,1,-176.78,-7.74,0.299,-0.737,3.658,-8.897,-0.124,0.058,-0.019,81.84,0.0,31.0,25,1,1
11:04:29.327,VIGILE,1,-175.44,-15.73,0.259,0.103,3.486,-8.54,-0.11,0.073,0.003,81.84,0.0,31.0,25,1,1
11:04:29.827,VIGILE,1,-174.78,-11.04,0.286,1.262,2.246,-9.251,-0.271,0.141,-0.06,81.84,0.0,31.0,25,1,1
11:04:30.328,VIGILE,1,179.64,-6.46,0.281,0.148,1.686,-9.428,-0.224,0.122,-0.165,81.84,0.0,31.0,25,1,1
11:04:30.828,VIGILE,1,178.36,4.73,0.225,-0.388,1.93,-9.586,-0.038,0.072,-0.139,81.84,0.0,31.0,25,1,1
11:04:31.328,VIGILE,1,-179.77,-18.23,0.239,1.161,3.208,-9.771,-0.18,0.111,-0.123,81.84,0.0,31.0,25,1,1
11:04:31.828,VIGILE,1,-178.94,-40.46,0.264,1.87,1.824,-8.768,-0.253,0.09,-0.051,81.84,0.0,31.0,25,1,1
11:04:32.330,VIGILE,1,178.09,-39.38,0.293,-0.124,4.161,-8.193,0.091,0.073,0.022,81.84,0.0,31.0,25,1,1
11:04:32.830,VIGILE,1,178.08,-27.25,0.268,-0.912,3.522,-9.651,-0.114,0.037,-0.039,81.84,0.0,31.0,25,1,1
11:04:33.330,VIGILE,1,178.73,-34.34,0.268,2.78,1.879,-8.748,-0.215,0.133,-0.028,81.84,0.0,31.0,25,1,1
11:04:33.830,VIGILE,1,177.94,-44.25,0.328,-0.026,2.502,-10.271,0.045,0.078,0.005,81.84,0.0,31.0,24,1,1
11:04:34.330,VIGILE,1,-174.9,-74.52,0.507,1.324,2.411,-9.917,-0.303,0.154,-0.131,81.84,0.0,31.0,24,1,1
11:04:34.830,VIGILE,1,178.25,-21.62,0.234,0.824,3.259,-7.977,-0.288,0.17,-0.14,81.84,0.0,31.0,24,1,1
11:04:35.330,VIGILE,1,177.67,-22.03,0.239,-2.842,3.709,-9.349,-0.166,0.033,-0.107,81.84,0.0,31.0,24,1,1
11:04:35.830,VIGILE,1,177.82,-33.5,0.302,-0.235,3.227,-7.02,-0.228,0.112,-0.154,81.84,0.0,31.0,24,1,1
11:04:36.330,VIGILE,1,175.46,-46.42,0.407,-1.894,3.345,-9.469,-0.146,0.11,-0.081,81.84,0.0,31.0,24,1,1
11:04:36.831,VIGILE,1,176.96,-25.88,0.24,-1.329,2.413,-7.97,-0.033,0.088,-0.034,81.84,0.0,31.0,24,1,1
11:04:37.331,VIGILE,1,171.91,-17.0,0.053,-1.381,1.346,-8.672,-0.037,0.109,-0.096,81.84,0.0,31.0,24,1,1
11:04:37.831,VIGILE,1,174.34,-15.42,0.168,-1.712,3.23,-11.53,-0.021,0.108,-0.135,81.84,0.0,31.0,24,1,1
11:04:38.331,VIGILE,1,175.16,-10.72,0.18,0.369,1.662,-9.833,-0.162,-0.032,-0.141,81.84,0.0,31.0,24,1,1
11:04:38.831,VIGILE,1,177.51,-11.8,0.195,-1.348,1.288,-8.885,-0.374,-0.005,-0.083,81.84,0.0,31.1,24,1,1
11:04:39.331,VIGILE,1,173.16,-10.38,0.218,-2.789,2.672,-9.536,-0.001,0.114,-0.045,81.84,0.0,31.1,24,1,1
11:04:39.831,VIGILE,1,176.5,-16.97,0.21,-1.118,2.191,-10.489,0.186,-0.037,-0.019,81.84,0.0,31.1,24,1,1
11:04:40.331,VIGILE,1,175.81,-14.65,0.208,0.558,2.713,-9.993,-0.196,-0.012,-0.013,81.84,0.0,31.1,24,1,1
11:04:40.831,VIGILE,1,177.84,-17.31,0.222,-0.251,2.207,-9.421,-0.09,0.092,-0.1,81.84,0.0,31.1,24,1,1
11:04:41.331,VIGILE,1,176.85,-15.61,0.221,-2.174,2.509,-9.002,-0.034,0.039,-0.098,81.84,0.0,31.2,24,1,1
11:04:41.831,VIGILE,1,176.76,-14.97,0.229,-0.651,3.136,-7.501,0.361,0.167,0.162,81.84,0.0,31.2,24,1,1
11:04:42.331,VIGILE,1,177.11,-6.03,0.223,-2.586,-1.216,-12.06,2.194,-0.578,0.06,81.84,0.0,31.2,24,1,1
11:04:42.832,VIGILE,1,173.99,18.32,0.21,-1.482,2.856,-8.499,-0.261,0.198,-0.219,81.84,0.0,31.2,24,1,1
11:04:43.332,VIGILE,1,173.64,17.03,0.215,-0.409,4.535,-7.547,-0.335,0.085,-0.035,81.84,0.0,31.2,24,1,1
11:04:43.832,VIGILE,1,173.39,14.91,0.238,1.755,4.319,-7.776,-0.341,0.054,-0.044,81.84,0.0,31.2,24,1,1
11:04:44.332,VIGILE,1,170.48,14.72,0.251,-2.377,4.429,-9.598,-0.222,0.043,-0.063,81.84,0.0,31.2,24,1,1
11:04:44.832,VIGILE,1,172.61,8.9,0.248,-1.899,5.052,-7.693,0.058,0.031,-0.034,81.84,0.0,31.2,24,1,1
11:04:45.332,VIGILE,1,173.61,13.98,0.244,-3.261,4.005,-10.056,-0.02,0.025,-0.01,81.84,0.0,31.2,24,1,1
11:04:45.832,VIGILE,1,172.14,26.76,0.278,-3.941,3.776,-7.12,-0.105,0.063,-0.033,81.84,0.0,31.2,24,1,1
11:04:46.332,VIGILE,1,178.61,37.13,0.278,-5.669,4.125,-8.1,-0.032,0.013,-0.004,81.84,0.0,31.3,24,1,1
11:04:46.832,VIGILE,1,175.84,48.94,0.438,-3.072,3.953,-8.89,-0.229,0.056,-0.035,81.84,0.0,31.3,24,1,1
11:04:47.332,VIGILE,1,174.51,67.62,0.579,-0.177,2.854,-8.064,-0.186,0.065,-0.068,81.84,0.0,31.3,24,1,1
11:04:47.832,VIGILE,1,174.72,71.99,1.068,-2.346,-2.89,-6.325,-1.087,0.312,-0.173,81.84,0.0,31.3,24,1,1
11:04:48.332,VIGILE,1,169.69,49.23,0.481,0.376,-1.788,-7.736,-0.568,0.274,0.103,81.84,0.0,31.3,24,1,1
11:04:48.832,VIGILE,1,-178.17,-16.69,0.283,-0.998,1.405,-8.543,-0.237,0.165,-0.023,81.84,0.0,31.3,24,1,1
11:04:49.332,VIGILE,1,179.64,-13.14,0.248,-0.156,1.726,-10.3,-0.183,0.224,-0.11,81.84,0.0,31.3,24,1,1
11:04:49.833,VIGILE,1,173.89,-16.14,0.245,0.749,2.124,-10.202,-0.219,0.099,-0.066,81.84,0.0,31.3,24,1,1
11:04:50.333,VIGILE,1,178.16,-33.32,0.268,-0.587,2.435,-9.565,-0.125,0.029,-0.044,81.84,0.0,31.3,24,1,1
11:04:50.833,VIGILE,1,178.47,-32.93,0.227,-1.334,3.553,-8.985,-0.068,0.12,-0.031,81.84,0.0,31.3,24,1,1
11:04:51.333,VIGILE,1,172.09,-22.2,0.237,-0.385,4.039,-9.392,-0.131,0.073,-0.008,81.84,0.0,31.3,24,1,1
11:04:51.833,VIGILE,1,167.48,-1.84,0.26,-0.469,3.27,-9.131,-0.049,0.053,-0.015,81.84,0.0,31.3,24,1,1
11:04:52.333,VIGILE,1,173.34,-10.15,0.23,0.893,1.98,-10.405,-0.007,0.012,-0.019,81.84,0.0,31.3,24,1,1
11:04:52.833,VIGILE,1,170.51,-12.66,0.221,-0.041,2.291,-9.426,-0.074,0.068,-0.078,81.84,0.0,31.3,24,1,1
11:04:53.333,VIGILE,1,171.53,-14.95,0.213,-0.136,2.705,-10.214,-0.082,0.087,-0.047,81.84,0.0,31.3,24,1,1
11:04:53.833,VIGILE,1,172.12,-15.56,0.223,-0.464,2.325,-9.459,-0.08,0.055,-0.056,81.84,0.0,31.4,24,1,1
11:04:54.333,VIGILE,1,170.55,-14.68,0.229,-0.965,2.811,-8.954,-0.197,0.088,-0.063,81.84,0.0,31.4,24,1,1
11:04:54.833,VIGILE,1,170.44,-12.28,0.214,-0.826,2.473,-8.643,-0.159,0.072,-0.087,81.84,0.0,31.4,24,1,1
11:04:55.333,VIGILE,1,171.1,-9.49,0.232,-1.532,2.887,-9.34,-0.154,0.103,-0.103,81.84,0.0,31.4,24,1,1
11:04:55.833,VIGILE,1,171.58,-10.17,0.224,-0.891,2.722,-9.146,-0.129,0.068,-0.061,81.84,0.0,31.4,24,1,1
11:04:56.333,VIGILE,1,172.79,-12.84,0.221,-1.18,2.804,-8.938,-0.133,0.027,-0.044,81.84,0.0,31.5,24,1,1
11:04:56.833,VIGILE,1,171.56,-10.64,0.226,-0.615,2.045,-9.74,-0.181,0.109,-0.061,81.84,0.0,31.5,24,1,1
11:04:57.333,VIGILE,1,171.69,-15.56,0.243,-0.139,3.302,-9.0,-0.122,0.038,-0.002,81.84,0.0,31.5,24,1,1
11:04:57.834,VIGILE,1,170.49,-39.12,0.212,-0.56,3.163,-8.406,-0.095,0.098,-0.019,81.84,0.0,31.5,24,1,1
11:04:58.334,VIGILE,1,166.7,-41.91,0.177,-0.328,2.342,-10.118,-0.041,0.056,0.002,81.84,0.0,31.5,24,1,1
11:04:58.834,VIGILE,1,178.59,-25.75,0.177,-0.204,2.722,-10.092,-0.089,0.064,-0.026,81.84,0.0,31.5,23,1,1
11:04:59.334,VIGILE,1,170.61,-6.92,0.191,0.153,2.456,-8.736,-0.185,0.058,-0.041,81.84,0.0,31.5,23,1,1
11:04:59.834,VIGILE,1,174.47,-13.49,0.208,-1.176,3.225,-9.488,-0.107,0.075,-0.023,81.84,0.0,31.5,23,1,1
11:05:00.334,VIGILE,1,174.3,-9.37,0.228,-1.812,2.907,-8.844,-0.145,0.066,-0.031,81.84,0.0,31.5,23,1,1
11:05:00.834,VIGILE,1,174.27,-10.08,0.231,-0.706,3.407,-9.069,-0.15,0.077,-0.04,81.84,0.0,31.5,23,1,1
11:05:01.334,VIGILE,1,176.57,-10.05,0.208,-0.11,3.158,-9.242,-0.181,0.09,-0.04,81.84,0.0,31.6,23,1,1
11:05:01.834,VIGILE,1,173.88,-6.77,0.216,-0.16,3.029,-9.783,-0.135,0.053,-0.035,81.84,0.0,31.6,23,1,1
11:05:02.334,VIGILE,1,174.21,-5.1,0.22,-0.749,2.909,-9.538,-0.043,0.098,-0.031,81.84,0.0,31.6,23,1,1
11:05:02.834,VIGILE,1,174.57,-10.96,0.198,-0.644,2.535,-9.776,-0.19,0.108,-0.039,81.84,0.0,31.6,23,1,1
11:05:03.334,VIGILE,1,173.6,-6.59,0.191,-0.393,2.863,-8.765,-0.207,0.075,-0.038,81.84,0.0,31.6,23,1,1
11:05:03.834,VIGILE,1,174.46,-9.35,0.196,-0.467,3.412,-8.724,-0.147,0.068,-0.017,81.84,0.0,31.7,23,1,1
11:05:04.334,VIGILE,1,175.01,-8.62,0.2,-0.484,3.043,-9.79,-0.19,0.087,-0.012,81.84,0.0,31.7,23,1,1
11:05:04.834,VIGILE,1,172.56,-5.97,0.209,0.441,1.578,-9.337,-0.184,0.031,-0.03,81.84,0.0,31.7,23,1,1
11:05:05.335,VIGILE,1,174.31,-3.58,0.202,-1.238,3.182,-8.93,-0.096,0.033,-0.037,81.84,0.0,31.7,23,1,1
11:05:05.835,VIGILE,1,175.9,-9.19,0.219,-1.216,1.899,-8.899,-0.079,0.053,0.008,81.84,0.0,31.7,23,1,1
11:05:06.335,VIGILE,1,171.69,-2.69,0.215,-0.472,3.871,-9.048,-0.142,0.019,-0.007,81.84,0.0,31.7,23,1,1
11:05:06.835,VIGILE,1,174.79,-7.31,0.203,-0.994,3.869,-8.346,-0.168,0.085,-0.009,81.84,0.0,31.7,23,1,1
11:05:07.335,VIGILE,1,173.21,-4.97,0.217,-1.247,3.713,-9.177,-0.111,0.114,-0.002,81.84,0.0,31.7,23,1,1
11:05:07.835,VIGILE,1,176.23,-6.99,0.229,-1.391,3.012,-8.854,-0.172,0.087,-0.03,81.84,0.0,31.7,23,1,1
11:05:08.335,VIGILE,1,174.33,-10.71,0.22,-1.317,3.053,-8.971,-0.101,0.025,-0.036,81.84,0.0,31.7,23,1,1
11:05:08.835,VIGILE,1,174.07,-10.0,0.146,-1.379,3.414,-9.136,-0.141,0.054,-0.033,81.84,0.0,31.8,23,1,1
11:05:09.335,VIGILE,1,174.0,-5.62,0.227,-0.73,3.16,-8.226,-0.106,0.027,-0.038,81.84,0.0,31.8,23,1,1
11:05:09.835,VIGILE,1,175.02,-5.77,0.24,-1.836,3.481,-8.894,-0.06,0.069,0.016,81.84,0.0,31.8,23,1,1
11:05:10.335,VIGILE,1,175.35,-7.05,0.193,-0.718,2.966,-8.674,-0.153,0.078,-0.007,81.84,0.0,31.8,23,1,1
11:05:10.835,VIGILE,1,174.64,-4.47,0.198,-0.69,3.718,-9.412,-0.154,0.136,-0.026,81.84,0.0,31.8,23,1,1
11:05:11.335,VIGILE,1,172.65,-0.69,0.224,-0.831,3.998,-7.743,-0.11,0.034,-0.024,81.84,0.0,31.8,23,1,1
11:05:11.835,VIGILE,1,172.8,-4.24,0.215,-0.881,3.584,-8.847,-0.136,0.069,-0.024,81.84,0.0,31.8,23,1,1
11:05:12.335,VIGILE,1,174.06,-6.25,0.201,-1.427,3.711,-8.43,-0.092,0.09,-0.013,81.84,0.0,31.8,23,1,1
11:05:12.835,VIGILE,1,172.43,-2.4,0.204,-1.044,3.541,-8.914,-0.135,0.103,-0.015,81.84,0.0,31.8,23,1,1
11:05:13.336,VIGILE,1,172.08,-5.98,0.234,-1.168,3.871,-9.22,-0.128,0.051,-0.025,81.84,0.0,31.8,23,1,1
11:05:13.836,VIGILE,1,171.88,-1.35,0.24,-1.372,3.225,-8.109,-0.093,0.031,-0.033,81.84,0.0,31.9,23,1,1
11:05:14.336,VIGILE,1,174.22,-12.48,0.22,-1.709,3.333,-9.634,-0.169,0.083,-0.024,81.84,0.0,31.9,23,1,1
11:05:14.836,VIGILE,1,171.57,-14.19,0.242,-2.682,3.785,-7.764,-0.152,0.07,-0.021,81.84,0.0,31.9,23,1,1
11:05:15.336,VIGILE,1,171.02,-12.32,0.25,-1.865,3.788,-8.09,-0.234,0.049,-0.028,81.84,0.0,31.9,23,1,1
11:05:15.836,VIGILE,1,171.81,-16.79,0.247,-3.807,3.759,-8.361,-0.119,0.09,-0.015,81.84,0.0,31.9,23,1,1
11:05:16.336,VIGILE,1,172.71,-19.44,0.21,-3.321,4.015,-7.922,-0.161,0.1,-0.031,81.84,0.0,32.0,23,1,1
11:05:16.836,VIGILE,1,174.03,-22.48,0.235,-2.828,4.199,-9.187,-0.134,0.076,-0.0,81.84,0.0,32.0,23,1,1
11:05:17.336,VIGILE,1,172.19,-31.1,0.234,-2.655,4.451,-9.124,-0.123,0.03,-0.003,81.84,0.0,32.0,23,1,1
11:05:17.836,VIGILE,1,174.45,-60.7,0.245,-3.278,3.895,-7.484,-0.214,0.089,-0.059,81.84,0.0,32.0,23,1,1
11:05:18.336,VIGILE,1,169.85,-37.33,0.358,-3.563,2.545,-8.789,-0.098,0.085,-0.209,81.84,0.0,32.0,23,1,1
11:05:18.836,VIGILE,1,173.97,-36.13,0.38,-2.334,0.883,-9.014,-0.291,0.228,-0.43,81.84,0.0,32.0,22,1,1
11:05:19.336,VIGILE,1,176.82,-32.94,0.3,-2.94,0.757,-8.296,-0.234,0.236,-0.544,81.84,0.0,32.0,22,1,1
11:05:19.836,VIGILE,1,176.86,-24.31,0.217,-1.894,-0.103,-9.744,-0.198,0.238,-0.546,81.84,0.0,32.0,22,1,1
11:05:20.336,VIGILE,1,178.56,-17.94,0.228,-1.738,1.317,-9.242,-0.118,0.246,-0.403,81.84,0.0,32.0,22,1,1
11:05:20.836,VIGILE,1,175.03,-10.37,0.268,0.199,1.97,-8.789,-0.147,0.148,-0.216,81.84,0.0,32.0,22,1,1
11:05:21.337,VIGILE,1,176.89,-5.69,0.262,0.292,1.98,-10.017,-0.096,0.09,-0.139,81.84,0.0,32.0,22,1,1
11:05:21.837,VIGILE,1,172.72,-0.9,0.255,0.105,2.004,-9.639,-0.151,0.036,-0.074,81.84,0.0,32.0,22,1,1
11:05:22.337,VIGILE,1,175.75,-2.85,0.227,-0.342,1.829,-9.926,-0.039,0.039,-0.026,81.84,0.0,32.0,22,1,1
11:05:22.837,VIGILE,1,174.74,3.67,0.279,-0.711,2.684,-9.012,-0.154,0.063,-0.043,81.84,0.0,32.0,22,1,1
11:05:23.337,VIGILE,1,173.61,0.92,0.246,-1.01,3.098,-8.863,-0.094,0.019,0.013,81.84,0.0,32.0,22,1,1
11:05:23.837,VIGILE,1,173.78,1.8,0.239,-0.065,3.618,-9.067,-0.136,0.014,0.023,81.84,0.0,32.0,22,1,1
11:05:24.337,VIGILE,1,175.93,0.21,0.248,0.175,2.698,-9.57,-0.136,0.083,0.031,81.84,0.0,32.0,22,1,1
11:05:24.837,VIGILE,1,175.14,-2.75,0.236,0.4,2.55,-10.032,-0.185,0.101,-0.035,81.84,0.0,32.0,22,1,1
11:05:25.337,VIGILE,1,174.96,-0.64,0.275,0.69,2.904,-9.306,-0.221,0.105,-0.026,81.84,0.0,32.0,22,1,1
11:05:25.837,VIGILE,1,174.59,-2.32,0.267,-0.797,3.108,-9.373,-0.135,0.029,-0.009,81.84,0.0,32.0,22,1,1
11:05:26.337,VIGILE,1,-179.85,7.17,0.088,-1.015,3.457,-8.782,-0.101,0.054,-0.01,81.84,0.0,32.0,22,1,1
11:05:26.837,VIGILE,1,-162.68,1.82,0.308,-1.391,3.95,-9.103,-0.161,0.035,-0.013,81.84,0.0,32.0,22,1,1
11:05:27.337,VIGILE,1,-148.75,-4.79,0.107,-0.541,4.111,-8.715,-0.136,0.016,0.013,81.84,0.0,32.0,22,1,1
11:05:27.837,DISTRAZIONE,1,-157.8,-14.24,0.28,-0.685,4.125,-9.409,-0.128,0.047,0.013,81.84,0.0,32.0,22,1,1
11:05:28.337,DISTRAZIONE,1,-149.48,-3.58,0.118,-0.213,3.912,-8.981,-0.157,0.046,-0.004,81.84,0.0,32.0,22,1,1
11:05:28.837,DISTRAZIONE,1,-145.66,-0.73,0.12,-1.231,3.929,-9.103,-0.104,0.049,0.04,81.84,0.0,32.0,21,1,1
11:05:29.338,DISTRAZIONE,1,-153.93,-0.59,0.157,-1.326,3.814,-8.885,-0.115,0.071,0.03,81.84,0.0,32.0,21,1,1
11:05:29.838,DISTRAZIONE,1,-153.84,0.65,0.097,-0.91,3.876,-8.708,-0.171,0.08,0.009,81.84,0.0,32.0,21,1,1
11:05:30.338,DISTRAZIONE,1,-152.64,-1.76,0.102,-1.741,4.726,-8.073,-0.124,0.061,0.055,81.84,0.0,32.0,21,1,1
11:05:30.838,DISTRAZIONE,1,-161.69,4.58,0.339,-1.116,3.716,-9.045,-0.11,0.063,-0.0,81.84,0.0,32.0,21,1,1
11:05:31.338,DISTRAZIONE,1,-154.08,1.16,0.103,-1.398,2.413,-8.952,-0.136,0.091,-0.036,81.84,0.0,32.0,21,1,1
11:05:31.838,DISTRAZIONE,1,-166.1,9.64,0.105,-1.252,3.323,-9.838,-0.127,0.087,-0.038,81.84,0.0,32.0,21,1,1
11:05:32.338,DISTRAZIONE,1,-159.77,9.94,0.342,-1.908,2.78,-9.191,-0.15,0.131,-0.026,81.84,0.0,32.0,21,1,1
11:05:32.838,DISTRAZIONE,1,-160.23,2.83,0.097,-1.434,2.629,-9.237,-0.097,0.06,-0.07,81.84,0.0,32.0,21,1,1
11:05:33.338,DISTRAZIONE,1,-157.68,-0.4,0.106,-1.027,3.084,-9.426,-0.207,0.096,-0.094,81.84,0.0,32.0,21,1,1
11:05:33.838,DISTRAZIONE,1,-162.11,8.76,0.252,-0.929,3.486,-8.842,-0.161,0.079,-0.059,81.84,0.0,32.0,21,1,1
11:05:34.338,DISTRAZIONE,1,-162.36,4.51,0.11,-1.401,3.299,-9.361,-0.149,0.096,-0.054,81.84,0.0,32.0,21,1,1
11:05:34.838,DISTRAZIONE,1,-155.87,8.59,0.126,-1.468,2.942,-8.938,-0.167,0.082,-0.094,81.84,0.0,32.0,21,1,1
11:05:35.338,DISTRAZIONE,1,-164.61,-23.46,0.297,-2.16,3.259,-8.947,-0.177,0.124,-0.115,81.84,0.0,32.0,21,1,1
11:05:35.838,DISTRAZIONE,1,177.1,-28.54,0.276,-2.48,1.879,-9.56,-0.225,0.196,-0.267,81.84,0.0,32.0,21,1,1
11:05:36.338,DISTRAZIONE,1,171.57,-28.86,0.263,-2.382,1.053,-9.378,-0.213,0.199,-0.3,81.84,0.0,32.0,21,1,1
11:05:36.838,DISTRAZIONE,1,171.51,-24.44,0.238,-2.14,0.189,-10.053,-0.173,0.2,-0.354,81.84,0.0,32.0,21,1,1
11:05:37.339,VIGILE,1,173.44,-24.26,0.254,-2.617,-0.97,-9.139,-0.152,0.227,-0.337,81.84,0.0,32.0,21,1,1
11:05:37.839,VIGILE,1,177.24,-17.07,0.25,-3.699,0.594,-9.191,-0.11,0.177,-0.367,81.84,0.0,32.0,21,1,1
11:05:38.339,VIGILE,1,177.29,-10.67,0.274,-1.211,1.053,-10.005,-0.142,0.169,-0.297,81.84,0.0,32.0,21,1,1
11:05:38.839,VIGILE,1,175.55,13.41,0.256,-0.754,3.563,-8.418,-0.195,0.102,-0.153,81.84,0.0,32.0,21,1,1
11:05:39.339,VIGILE,1,174.93,25.83,0.285,-0.922,4.322,-8.856,-0.068,-0.002,0.054,81.84,0.0,32.0,21,1,1
11:05:39.839,VIGILE,1,178.29,28.29,0.294,0.215,5.049,-6.989,-0.074,-0.006,0.249,81.84,0.0,32.0,21,1,1
11:05:40.339,VIGILE,1,-178.63,29.29,0.177,0.335,6.285,-8.305,-0.078,-0.12,0.346,81.84,0.0,32.0,21,1,1
11:05:40.839,VIGILE,1,-179.73,25.88,0.287,1.046,5.906,-8.813,-0.046,-0.067,0.392,81.84,0.0,32.0,21,1,1
11:05:41.339,VIGILE,1,-179.35,16.99,0.305,0.917,5.918,-8.729,-0.018,-0.13,0.345,81.84,0.0,32.0,21,1,1
11:05:41.839,VIGILE,1,178.53,9.71,0.254,0.086,5.186,-8.602,0.018,-0.065,0.288,81.84,0.0,32.0,21,1,1
11:05:42.339,VIGILE,1,176.61,-4.07,0.251,0.678,4.271,-9.242,-0.077,0.032,0.206,81.84,0.0,32.0,21,1,1
11:05:42.839,VIGILE,1,174.99,-6.18,0.254,-0.069,3.773,-9.244,-0.111,0.035,0.116,81.84,0.0,32.0,21,1,1
11:05:43.339,VIGILE,1,172.57,-22.07,0.246,-1.535,3.888,-8.566,-0.12,0.026,0.04,81.84,0.0,32.0,21,1,1
11:05:43.839,VIGILE,1,167.47,-31.96,0.352,-2.94,2.495,-8.461,-0.327,0.191,-0.139,81.84,0.0,32.0,21,1,1
11:05:44.339,VIGILE,1,172.39,-33.36,0.333,-5.801,0.536,-9.728,-0.202,0.284,-0.392,81.84,0.0,32.0,21,1,1
11:05:44.839,VIGILE,1,174.83,-38.11,0.345,-3.706,0.156,-8.552,-0.363,0.339,-0.426,81.84,0.0,32.0,21,1,1
11:05:45.340,VIGILE,1,174.14,-35.67,0.363,-3.814,0.043,-9.421,-0.23,0.3,-0.544,81.84,0.0,32.0,21,1,1
11:05:45.840,VIGILE,1,176.01,-32.8,0.275,-3.594,-0.208,-9.706,-0.212,0.272,-0.548,81.84,0.0,32.0,21,1,1
11:05:46.340,VIGILE,1,176.21,-28.8,0.279,-3.282,-0.438,-10.336,-0.164,0.209,-0.582,81.84,0.0,32.0,21,1,1
11:05:46.840,VIGILE,1,178.24,-20.99,0.265,-2.792,1.465,-10.341,-0.213,0.238,-0.433,81.84,0.0,32.0,21,1,1
11:05:47.340,VIGILE,1,176.63,-11.64,0.272,-0.56,3.089,-9.419,-0.061,0.173,-0.097,81.84,0.0,32.0,21,1,1
11:05:47.840,VIGILE,1,178.09,2.16,0.263,0.18,3.29,-7.891,0.045,0.016,-0.069,81.84,0.0,32.0,21,1,1
11:05:48.340,VIGILE,1,174.85,-3.51,0.228,0.953,2.523,-10.4,-0.106,0.008,-0.034,81.84,0.0,32.0,21,1,1
11:05:48.840,VIGILE,1,174.86,1.28,0.226,0.761,3.199,-9.704,-0.127,0.036,0.021,81.84,0.0,32.0,21,1,1
11:05:49.340,VIGILE,1,178.7,-8.4,0.242,0.546,3.524,-9.807,-0.074,0.05,0.009,81.84,0.0,32.0,21,1,1
11:05:49.840,VIGILE,1,176.56,-3.7,0.241,-0.012,3.347,-8.468,-0.1,0.05,0.027,81.84,0.0,32.0,21,1,1
11:05:50.340,VIGILE,1,175.81,-6.47,0.242,-0.18,3.189,-9.17,-0.157,0.063,-0.027,81.84,0.0,32.0,21,1,1
11:05:50.840,VIGILE,1,176.25,-8.08,0.261,-1.358,3.44,-8.564,-0.15,0.088,-0.039,81.84,0.0,32.0,21,1,1
11:05:51.340,VIGILE,1,175.45,-9.13,0.218,-1.022,3.11,-8.176,-0.179,0.069,-0.026,81.84,0.0,32.0,21,1,1
11:05:51.840,VIGILE,1,177.22,-8.46,0.235,-1.93,4.07,-8.406,-0.057,0.053,0.0,81.84,0.0,32.0,21,1,1
11:05:52.340,VIGILE,1,175.35,-6.84,0.256,-1.628,4.061,-8.897,-0.121,0.092,-0.041,81.84,0.0,32.0,21,1,1
11:05:52.840,VIGILE,1,173.64,-10.02,0.246,-2.133,4.135,-8.696,-0.189,0.049,-0.035,81.84,0.0,32.0,21,1,1
11:05:53.340,VIGILE,1,174.58,-3.1,0.27,-2.569,3.757,-7.97,-0.161,0.09,-0.018,81.84,0.0,32.0,21,1,1
11:05:53.841,VIGILE,1,174.29,16.35,0.256,-3.117,4.398,-8.351,-0.139,0.069,-0.007,81.84,0.0,31.9,21,1,1
11:05:54.341,VIGILE,1,175.56,32.6,0.316,-1.429,5.236,-8.253,-0.112,0.022,0.103,81.84,0.0,31.9,21,1,1
11:05:54.841,VIGILE,1,172.43,36.22,0.353,-0.227,7.017,-8.169,-0.048,-0.075,0.327,81.84,0.0,31.9,21,1,1
11:05:55.341,VIGILE,1,172.87,37.67,0.35,0.144,7.805,-8.15,-0.024,-0.125,0.43,81.84,0.0,31.9,21,1,1
11:05:55.841,VIGILE,1,173.9,34.53,0.16,-0.11,6.486,-6.828,-0.101,-0.035,0.439,81.84,0.0,31.9,21,1,1
11:05:56.341,VIGILE,1,176.21,33.13,0.118,-0.558,6.091,-7.819,-0.031,-0.157,0.43,81.84,0.0,31.9,21,1,1
11:05:56.841,VIGILE,1,172.01,31.4,0.324,0.211,6.551,-8.315,-0.098,-0.094,0.446,81.84,0.0,31.9,21,1,1
11:05:57.341,VIGILE,1,172.91,25.48,0.256,-0.065,5.782,-7.875,-0.051,-0.135,0.448,81.84,0.0,31.9,21,1,1
11:05:57.841,VIGILE,1,170.18,17.6,0.225,-0.97,1.678,-7.956,-0.419,0.191,0.089,81.84,0.0,31.9,21,1,1
11:05:58.341,VIGILE,1,175.31,9.78,0.225,0.558,5.593,-8.394,-0.058,-0.028,0.118,81.84,0.0,31.9,21,1,1
11:05:58.841,VIGILE,1,173.39,2.69,0.223,-2.559,3.529,-8.578,-0.338,0.148,-0.147,81.84,0.0,31.9,21,1,1
11:05:59.341,VIGILE,1,179.42,6.51,0.213,-0.139,3.752,-8.921,-0.132,0.07,-0.034,81.84,0.0,31.9,21,1,0
11:05:59.841,VIGILE,1,173.47,6.4,0.199,0.026,3.16,-9.0,-0.099,0.102,-0.046,81.84,0.0,31.9,21,1,0
11:06:00.341,VIGILE,1,174.4,2.38,0.202,-0.953,5.023,-11.025,-0.145,0.084,-0.024,81.84,0.0,31.9,21,1,0
11:06:00.841,VIGILE,1,173.31,4.01,0.242,0.132,3.967,-10.542,-0.176,-0.009,-0.103,81.84,0.0,31.9,21,1,0
11:06:01.341,VIGILE,1,176.27,23.08,0.243,-0.144,3.184,-9.067,-0.195,0.118,-0.094,81.84,0.0,31.8,21,1,0
11:06:01.842,VIGILE,1,173.14,14.98,0.245,-0.601,3.972,-9.943,-0.089,0.031,0.005,81.84,0.0,31.8,21,0,0
11:06:02.342,VIGILE,1,173.03,7.08,0.214,-0.314,4.082,-9.416,-0.116,0.071,-0.032,81.84,0.0,31.8,21,0,0
11:06:02.842,VIGILE,1,174.43,7.65,0.222,-0.194,3.349,-9.22,-0.184,0.12,-0.068,81.84,0.0,31.8,21,0,0
11:06:03.342,VIGILE,1,171.65,3.52,0.226,0.591,3.5,-10.238,-0.226,0.104,-0.075,81.84,0.0,31.8,21,0,0
11:06:03.842,VIGILE,1,172.6,8.14,0.205,0.156,3.424,-8.626,-0.152,0.113,-0.035,81.84,0.0,31.8,21,0,0
11:06:04.342,VIGILE,1,175.9,16.66,0.246,-0.395,4.427,-8.794,-0.114,0.081,-0.034,81.84,0.0,31.8,21,0,0
11:06:04.842,VIGILE,1,174.31,2.61,0.232,-0.469,3.433,-9.194,-0.022,0.045,-0.034,81.84,0.0,31.8,21,0,0
11:06:05.342,VIGILE,1,170.95,12.76,0.234,0.857,5.38,-9.359,-0.001,0.019,-0.01,81.84,0.0,31.8,21,0,0
11:06:05.842,VIGILE,1,176.61,8.02,0.218,-2.938,3.038,-8.77,0.255,-0.206,0.089,81.84,0.0,31.8,21,0,0
11:06:06.342,VIGILE,1,175.82,12.2,0.228,0.096,3.558,-9.052,-0.395,0.034,-0.064,81.84,0.0,31.8,21,0,0
11:06:06.842,VIGILE,1,172.94,10.57,0.216,-0.721,5.322,-8.068,-0.101,-0.03,-0.064,81.84,0.0,31.8,21,0,0
11:06:07.342,VIGILE,1,175.38,7.05,0.223,-1.118,3.426,-8.449,-0.13,0.051,-0.013,81.84,0.0,31.8,21,0,0
11:06:07.842,VIGILE,1,175.72,8.13,0.27,-0.615,4.537,-8.971,-0.199,0.106,0.014,81.84,0.0,31.8,21,0,0
11:06:08.342,VIGILE,1,175.46,7.59,0.223,-0.18,3.347,-8.641,-0.168,0.025,-0.0,81.84,0.0,31.8,21,0,0
11:06:08.842,VIGILE,1,175.12,9.37,0.24,-1.099,3.225,-9.256,-0.135,0.09,-0.03,81.84,0.0,31.8,21,0,0
11:06:09.342,VIGILE,1,175.12,4.65,0.226,-0.733,3.235,-9.234,-0.074,-0.01,-0.029,81.84,0.0,31.8,21,0,0
11:06:09.843,VIGILE,1,174.61,-4.58,0.237,-1.674,1.453,-9.766,-0.232,0.072,-0.107,81.84,0.0,31.8,21,0,0
11:06:10.343,VIGILE,1,-178.89,5.5,0.234,-0.666,4.152,-8.552,-0.218,0.128,-0.044,81.84,0.0,31.8,21,0,0
11:06:10.843,VIGILE,1,-178.29,6.11,0.251,-1.08,3.347,-8.119,-0.098,0.06,0.003,81.84,0.0,31.8,21,0,0
11:06:11.343,VIGILE,1,-176.92,5.62,0.247,-1.585,3.546,-8.313,-0.2,0.106,-0.031,81.84,0.0,31.8,22,0,0
11:06:11.843,VIGILE,1,-178.83,9.81,0.254,-1.501,3.764,-9.218,-0.083,0.055,0.005,81.84,0.0,31.8,22,0,0
11:06:12.343,VIGILE,1,177.6,20.61,0.262,-0.488,3.639,-9.206,0.114,-0.077,0.13,81.84,0.0,31.8,22,0,0
11:06:12.843,VIGILE,1,179.02,24.28,0.237,-1.034,3.591,-8.566,-0.097,0.091,0.009,81.84,0.0,31.8,22,0,0
11:06:13.343,VIGILE,1,175.57,5.95,0.239,0.713,3.146,-9.043,-0.191,0.072,-0.065,81.84,0.0,31.8,22,0,0
11:06:13.843,VIGILE,1,173.13,11.22,0.229,0.508,2.734,-8.844,-0.344,0.149,-0.087,81.84,0.0,31.8,22,0,0
11:06:14.343,VIGILE,1,174.79,6.5,0.239,-1.331,3.68,-7.841,-0.124,0.045,-0.017,81.84,0.0,31.8,22,0,0
11:06:14.843,VIGILE,1,175.68,10.25,0.223,-1.599,3.723,-9.656,-0.126,0.051,0.003,81.84,0.0,31.8,22,0,0
11:06:15.343,VIGILE,1,178.38,11.26,0.243,-0.333,3.237,-8.461,-0.321,0.133,-0.072,81.84,0.0,31.8,22,0,0
11:06:15.843,VIGILE,1,176.4,-0.32,0.223,-0.996,4.626,-9.345,-0.083,0.039,-0.001,81.84,0.0,31.8,22,0,0
11:06:16.343,EBBREZZA,1,178.44,-4.49,0.25,-0.848,4.393,-8.128,-0.294,0.164,-0.03,81.84,0.0,31.8,22,0,0
11:06:16.843,EBBREZZA,1,177.69,-7.8,0.253,-0.857,3.168,-9.325,-0.138,0.05,0.05,81.84,0.0,31.8,22,0,0
11:06:17.343,EBBREZZA,1,175.06,4.94,0.249,2.078,3.029,-10.539,0.606,-0.143,0.134,81.84,0.0,31.8,22,0,0
11:06:17.844,EBBREZZA,1,178.04,-2.26,0.253,-0.838,3.045,-8.815,-0.168,0.04,-0.055,81.84,0.0,31.8,22,0,0
11:06:18.344,EBBREZZA,1,177.97,16.0,0.254,-1.178,3.843,-9.134,-0.169,0.088,-0.029,81.84,0.0,31.8,22,0,0
11:06:18.844,EBBREZZA,1,177.29,24.82,0.246,-0.869,2.581,-8.904,-0.131,0.077,-0.049,81.84,0.0,31.8,22,0,0
11:06:19.344,EBBREZZA,1,179.69,-6.72,0.268,0.857,2.093,-10.515,0.139,-0.124,0.087,81.84,0.0,31.8,22,0,0
11:06:19.844,EBBREZZA,1,176.36,-2.01,0.228,0.192,4.24,-8.71,-0.123,0.048,-0.046,81.84,0.0,31.8,22,0,0
11:06:20.344,EBBREZZA,1,177.32,2.46,0.176,-1.109,3.251,-7.815,0.09,0.117,0.071,81.84,0.0,31.8,22,0,0
11:06:20.844,EBBREZZA,1,177.07,-0.11,0.186,-0.402,3.33,-8.078,-0.395,0.204,-0.095,81.84,0.0,31.8,22,0,0
11:06:21.344,EBBREZZA,1,176.58,-4.85,0.27,-0.867,3.1,-9.433,-0.13,0.041,0.011,81.84,0.0,31.8,22,0,0
11:06:21.844,EBBREZZA,1,174.27,-0.12,0.237,-0.699,3.661,-8.15,-0.11,0.129,-0.023,81.84,0.0,31.8,22,0,0
11:06:22.344,EBBREZZA,1,175.11,-3.56,0.236,-0.879,3.326,-8.815,-0.298,0.078,-0.068,81.84,0.0,31.8,22,0,0
11:06:22.844,EBBREZZA,1,177.51,-5.64,0.23,-0.931,3.637,-9.507,-0.139,0.026,-0.014,81.84,0.0,31.8,22,0,0
11:06:23.344,EBBREZZA,1,177.05,-4.94,0.085,-0.697,3.201,-8.435,-0.255,0.114,-0.058,81.84,0.0,31.8,22,0,0
11:06:23.844,EBBREZZA,1,177.87,-11.66,0.245,-0.804,3.033,-9.974,-0.162,0.078,-0.047,81.84,0.0,31.8,22,0,0
11:06:24.344,EBBREZZA,1,177.03,-6.73,0.249,-1.087,3.036,-8.217,-0.169,0.149,-0.106,81.84,0.0,31.8,22,0,0
11:06:24.844,EBBREZZA,1,176.52,-9.08,0.245,-0.783,3.536,-9.007,-0.22,0.122,-0.076,81.84,0.0,31.8,22,0,0
11:06:25.345,EBBREZZA,1,176.13,-1.59,0.244,0.254,3.354,-8.353,-0.213,0.121,-0.033,81.84,0.0,31.8,22,0,0
11:06:25.845,EBBREZZA,1,177.17,27.76,0.271,-1.094,4.085,-7.599,-0.275,0.181,-0.031,81.84,0.0,31.8,22,0,0
11:06:26.345,EBBREZZA,1,179.95,14.52,0.264,0.34,3.184,-8.622,-0.101,0.034,-0.048,81.84,0.0,31.8,22,0,0
11:06:26.845,EBBREZZA,1,179.34,-10.54,0.273,-1.166,3.582,-9.055,-0.106,0.057,-0.023,81.84,0.0,31.8,22,1,0
11:06:27.345,EBBREZZA,1,-179.48,-12.5,0.261,-0.522,3.864,-8.602,-0.203,0.105,0.005,81.84,0.0,31.8,22,1,0
11:06:27.845,EBBREZZA,1,177.95,-7.04,0.198,-0.838,4.022,-8.923,-0.089,0.036,0.011,81.84,0.0,31.8,22,1,0
11:06:28.345,EBBREZZA,1,178.72,-2.45,0.248,0.417,4.436,-9.582,-0.061,0.018,0.009,81.84,0.0,31.8,22,1,0
11:06:28.845,EBBREZZA,1,177.08,-4.94,0.215,0.031,2.471,-9.831,-0.168,0.13,-0.067,81.84,0.0,31.8,22,1,0
11:06:29.345,EBBREZZA,1,174.58,-0.35,0.217,-0.493,3.563,-9.843,-0.144,-0.109,-0.034,81.84,0.0,31.8,22,1,0
11:06:29.845,EBBREZZA,1,176.64,-7.45,0.167,-0.52,3.493,-8.624,-0.091,0.047,0.054,81.84,0.0,31.8,22,1,0
11:06:30.345,EBBREZZA,1,177.54,-13.36,0.234,0.464,2.48,-7.542,-0.327,0.101,-0.074,81.84,0.0,31.8,22,1,0
11:06:30.845,EBBREZZA,1,176.56,-6.66,0.128,-0.17,3.539,-8.65,-0.182,0.063,-0.048,81.84,0.0,31.8,22,1,0
11:06:31.345,EBBREZZA,1,178.44,-11.1,0.249,-1.923,3.61,-11.102,-0.179,0.045,0.026,81.84,0.0,31.8,22,1,0
11:06:31.845,EBBREZZA,1,176.16,-7.67,0.123,-1.346,3.177,-9.586,-0.216,0.126,-0.007,81.84,0.0,31.8,22,1,0
11:06:32.345,EBBREZZA,1,176.97,-6.86,0.208,-0.941,3.522,-8.205,-0.144,0.076,-0.022,81.84,0.0,31.8,22,1,0
11:06:32.846,EBBREZZA,1,176.61,-10.87,0.237,-0.924,4.25,-8.784,-0.172,0.002,0.031,81.84,0.0,31.8,22,1,0
11:06:33.346,EBBREZZA,1,177.8,-13.07,0.251,-1.616,4.015,-8.121,-0.067,0.099,-0.004,81.84,0.0,31.8,22,1,0
11:06:33.846,EBBREZZA,1,177.34,-13.44,0.244,-0.828,2.998,-9.546,-0.087,0.051,-0.019,81.84,0.0,31.8,22,1,0
11:06:34.346,EBBREZZA,1,178.1,-12.11,0.261,-1.504,2.581,-9.021,-0.06,0.06,-0.096,81.84,0.0,31.8,22,1,0
11:06:34.846,EBBREZZA,1,177.34,-12.56,0.231,-0.637,1.987,-10.056,-0.211,0.111,-0.11,81.84,0.0,31.8,22,1,0
11:06:35.346,EBBREZZA,1,176.6,-10.44,0.228,-0.895,3.405,-9.634,-0.019,0.018,-0.023,81.84,0.0,31.8,22,1,0
11:06:35.846,EBBREZZA,1,174.05,-9.19,0.214,-1.836,1.786,-9.977,-0.212,0.128,-0.062,81.84,0.0,31.8,22,1,0
11:06:36.346,EBBREZZA,1,175.67,-5.52,0.247,-1.144,2.892,-9.074,-0.106,0.093,-0.047,81.84,0.0,31.8,22,1,0
11:06:36.846,EBBREZZA,1,173.35,-0.04,0.248,-2.073,4.47,-6.127,-0.096,0.107,-0.027,81.84,0.0,31.8,22,1,0
11:06:37.346,EBBREZZA,1,178.35,-6.52,0.272,-0.012,2.988,-10.491,-0.058,0.052,0.002,81.84,0.0,31.8,22,1,0
11:06:37.846,EBBREZZA,1,175.07,14.41,0.236,-1.444,3.589,-9.361,-0.187,0.072,0.004,81.84,0.0,31.8,22,1,0
11:06:38.346,EBBREZZA,1,174.3,6.67,0.28,-1.506,3.649,-8.248,-0.05,0.066,-0.015,81.84,0.0,31.8,22,1,0
11:06:38.846,EBBREZZA,1,175.38,7.15,0.249,-2.224,4.312,-8.317,-0.114,0.068,0.016,81.84,0.0,31.9,22,1,0
11:06:39.346,EBBREZZA,1,178.29,26.58,0.269,-2.322,2.586,-7.008,-0.329,0.126,-0.012,81.84,0.0,31.9,22,1,0
11:06:39.847,EBBREZZA,1,178.83,30.37,0.282,-2.519,4.537,-8.243,-0.184,0.106,0.006,81.84,0.0,31.9,22,1,0
11:06:40.347,EBBREZZA,1,-178.32,34.11,0.294,-2.65,4.039,-8.66,-0.135,0.048,0.084,81.84,0.0,31.9,22,1,0
11:06:40.847,EBBREZZA,1,-176.14,31.78,0.269,-1.492,5.148,-8.135,-0.152,-0.017,0.172,81.84,0.0,31.9,22,1,0
11:06:41.347,EBBREZZA,1,178.48,8.09,0.261,-3.091,4.901,-8.286,-0.031,0.02,0.257,81.84,0.0,31.9,22,1,0
11:06:41.847,EBBREZZA,0,0.0,0.0,0.0,-2.172,4.724,-8.622,-0.089,0.009,0.242,81.84,0.0,31.9,22,1,0
11:06:42.347,EBBREZZA,1,174.07,60.68,0.421,-0.474,4.956,-8.21,-0.097,-0.049,0.32,81.84,0.0,31.9,22,1,0
11:06:42.847,EBBREZZA,1,169.14,44.46,0.356,-1.547,5.332,-8.159,-0.068,-0.119,0.387,81.84,0.0,31.9,22,1,0
11:06:43.347,EBBREZZA,1,172.24,42.43,0.338,-0.141,4.307,-8.531,-0.005,-0.1,0.444,81.84,0.0,31.9,22,1,0
11:06:43.847,EBBREZZA,1,175.91,38.72,0.322,0.098,3.366,-8.6,-0.032,-0.086,0.383,81.84,0.0,31.9,22,1,0
11:06:44.347,EBBREZZA,1,178.7,36.82,0.277,1.683,3.053,-9.73,-0.042,-0.062,0.327,81.84,0.0,31.9,22,1,0
11:06:44.847,EBBREZZA,1,179.8,30.25,0.267,-0.122,2.861,-9.105,-0.138,0.008,0.201,81.84,0.0,31.9,22,1,0
11:06:45.347,EBBREZZA,1,178.15,24.43,0.21,-0.225,2.713,-9.072,-0.147,0.026,0.102,81.84,0.0,31.9,22,1,0
11:06:45.847,EBBREZZA,1,175.08,27.98,0.238,0.541,1.633,-9.917,-0.163,0.07,-0.014,81.84,0.0,31.9,22,1,0
11:06:46.347,EBBREZZA,1,-179.31,45.51,0.304,0.043,2.279,-9.708,-0.094,0.071,-0.007,81.84,0.0,31.9,22,1,0
11:06:46.847,EBBREZZA,1,173.12,29.58,0.25,0.706,1.944,-8.698,-0.129,0.054,-0.031,81.84,0.0,31.9,22,1,0
11:06:47.347,EBBREZZA,1,170.44,18.22,0.23,0.596,2.435,-8.715,-0.19,0.104,-0.021,81.84,0.0,31.9,22,1,0
11:06:47.848,EBBREZZA,1,173.21,15.66,0.229,0.45,1.968,-8.849,-0.159,0.062,-0.006,81.84,0.0,31.9,22,1,0
11:06:48.348,EBBREZZA,1,172.66,8.49,0.217,-1.061,3.543,-8.667,-0.196,0.051,-0.024,81.84,0.0,31.9,22,1,0
11:06:48.848,EBBREZZA,1,171.24,0.08,0.216,-1.116,3.498,-9.337,-0.18,0.097,-0.013,81.84,0.0,32.0,22,1,0
11:06:49.348,EBBREZZA,1,170.47,8.29,0.213,-1.918,2.954,-9.11,-0.131,0.071,-0.01,81.84,0.0,32.0,22,1,0
11:06:49.848,EBBREZZA,1,171.93,-2.97,0.168,-0.445,3.555,-8.507,-0.213,0.123,-0.018,81.84,0.0,32.0,22,1,0
11:06:50.348,EBBREZZA,1,172.42,1.21,0.196,-0.168,3.0,-9.251,-0.128,0.045,-0.002,81.84,0.0,32.0,22,1,0
11:06:50.848,EBBREZZA,1,171.73,5.37,0.254,-1.13,2.059,-8.801,-0.16,0.157,-0.076,81.84,0.0,32.0,22,1,0
11:06:51.348,EBBREZZA,1,173.85,6.83,0.259,-0.51,2.121,-9.706,-0.23,0.18,-0.19,81.84,0.0,32.0,22,1,0
11:06:51.848,EBBREZZA,1,174.59,-0.8,0.211,-1.056,1.729,-8.971,-0.137,0.146,-0.139,81.84,0.0,32.0,22,1,0
11:06:52.348,EBBREZZA,1,174.42,8.6,0.182,-0.63,2.466,-9.807,-0.216,0.132,-0.123,81.84,0.0,32.0,22,1,0
11:06:52.848,EBBREZZA,1,174.72,13.16,0.202,-0.934,2.861,-8.583,-0.13,0.096,-0.086,81.84,0.0,32.0,22,1,0
11:06:53.348,EBBREZZA,1,176.76,11.92,0.241,-0.292,3.294,-8.899,-0.138,0.122,-0.068,81.84,0.0,32.0,22,1,0
11:06:53.848,EBBREZZA,1,176.12,21.46,0.201,-0.402,3.338,-8.226,-0.112,0.041,0.032,81.84,0.0,32.0,22,1,0
11:06:54.348,EBBREZZA,1,169.93,21.9,0.203,0.802,4.365,-9.012,-0.195,0.044,0.038,81.84,0.0,32.0,22,1,0
11:06:54.848,EBBREZZA,1,169.48,7.54,0.21,-0.845,3.709,-8.394,-0.098,0.052,0.081,81.84,0.0,32.0,22,1,0
11:06:55.348,EBBREZZA,1,172.73,19.52,0.188,0.187,4.446,-8.808,-0.124,0.075,0.065,81.84,0.0,32.0,22,1,0
11:06:55.849,EBBREZZA,1,167.13,14.45,0.198,-0.692,3.342,-8.021,-0.039,-0.01,0.014,81.84,0.0,32.0,22,1,0
11:06:56.349,EBBREZZA,1,172.68,15.82,0.197,-0.385,2.543,-9.948,-0.116,0.07,-0.028,81.84,0.0,32.0,22,1,0
11:06:56.849,EBBREZZA,1,172.46,12.37,0.211,-1.379,3.431,-8.909,-0.084,0.045,-0.009,81.84,0.0,32.0,22,1,0
11:06:57.349,EBBREZZA,1,170.35,12.28,0.184,-1.053,3.409,-9.172,-0.187,0.066,-0.013,81.84,0.0,32.0,22,1,0
11:06:57.849,EBBREZZA,1,170.23,11.26,0.21,-1.446,3.45,-8.284,-0.078,0.086,-0.042,81.84,0.0,32.0,22,1,0
11:06:58.349,EBBREZZA,1,172.29,13.08,0.222,-1.233,3.864,-8.337,-0.184,0.09,-0.028,81.84,0.0,32.0,22,1,0
11:06:58.849,EBBREZZA,1,172.26,14.19,0.199,-0.821,3.723,-9.416,-0.155,0.082,0.007,81.84,0.0,32.0,22,1,0
11:06:59.349,EBBREZZA,1,171.49,12.13,0.215,-1.137,3.23,-9.064,-0.172,0.089,-0.035,81.84,0.0,32.0,22,1,0
11:06:59.849,EBBREZZA,1,171.44,13.25,0.222,-1.575,3.038,-9.134,-0.102,0.064,-0.016,81.84,0.0,32.0,22,1,0
11:07:00.349,EBBREZZA,1,171.95,22.1,0.235,-1.42,3.431,-7.956,-0.096,0.045,-0.042,81.84,0.0,32.0,22,1,0
11:07:00.849,EBBREZZA,1,172.98,32.01,0.229,-0.436,3.275,-8.823,-0.182,0.091,-0.012,81.84,0.0,32.0,22,1,0
11:07:01.350,EBBREZZA,1,169.11,35.21,0.181,-1.207,3.474,-9.764,-0.107,0.024,0.043,81.84,0.0,32.1,22,1,0
11:07:01.850,EBBREZZA,1,170.75,29.06,0.197,-0.754,3.12,-9.764,-0.18,0.074,-0.012,81.84,0.0,32.1,22,1,0
11:07:02.350,EBBREZZA,1,172.59,22.89,0.225,-0.97,4.046,-8.638,-0.084,0.046,-0.016,81.84,0.0,32.1,22,1,0
11:07:02.850,EBBREZZA,1,171.97,26.76,0.186,-1.97,3.383,-8.413,-0.103,0.058,0.015,81.84,0.0,32.1,22,1,0
11:07:03.350,EBBREZZA,1,174.97,31.07,0.247,-1.53,2.923,-9.136,-0.129,0.045,-0.012,81.84,0.0,32.1,22,1,0
11:07:03.850,EBBREZZA,1,169.13,38.29,0.199,-0.567,3.206,-9.333,-0.212,0.099,-0.056,81.84,0.0,32.1,22,1,0
11:07:04.350,EBBREZZA,1,170.59,38.03,0.205,-0.364,3.381,-9.029,-0.099,0.017,-0.02,81.84,0.0,32.1,22,1,0
11:07:04.850,EBBREZZA,1,169.43,37.8,0.191,-0.572,3.349,-8.866,-0.22,0.057,-0.027,81.84,0.0,32.1,22,1,0
11:07:05.350,EBBREZZA,1,169.89,19.65,0.141,-1.587,3.316,-8.997,-0.109,0.058,0.018,81.84,0.0,32.1,22,1,0
11:07:05.850,EBBREZZA,1,172.54,18.16,0.236,-0.862,3.302,-8.981,-0.185,0.064,-0.013,81.84,0.0,32.1,22,1,0
11:07:06.350,EBBREZZA,1,170.75,25.4,0.214,-0.828,3.33,-8.993,-0.12,0.07,-0.014,81.84,0.0,32.2,22,1,0
11:07:06.850,EBBREZZA,1,172.53,31.09,0.136,-0.235,3.263,-9.029,-0.124,0.08,-0.032,81.84,0.0,32.2,22,1,0
11:07:07.350,EBBREZZA,1,173.37,33.38,0.261,-0.936,3.373,-8.701,-0.19,0.09,-0.033,81.84,0.0,32.2,22,1,0
11:07:07.850,EBBREZZA,1,174.17,33.4,0.223,-1.81,7.666,-5.95,-0.225,0.08,-0.009,81.84,0.0,32.2,22,1,0
11:07:08.350,EBBREZZA,1,174.59,21.12,0.2,-1.518,3.452,-8.806,-0.123,0.085,0.013,81.84,0.0,32.2,22,1,0
11:07:08.850,EBBREZZA,1,174.02,5.16,0.172,-1.037,3.563,-8.777,-0.153,0.022,-0.012,81.84,0.0,32.1,22,1,0
11:07:09.351,EBBREZZA,1,173.5,-3.0,0.255,-1.453,3.596,-8.763,-0.023,0.056,0.018,81.84,0.0,32.1,22,1,0
11:07:09.851,EBBREZZA,1,173.73,-0.59,0.245,0.888,3.608,-8.277,-0.033,0.068,0.006,81.84,0.0,32.1,22,1,0
11:07:10.351,EBBREZZA,1,168.27,-8.94,0.257,-0.958,2.868,-11.064,-0.143,0.208,0.04,81.84,0.0,32.1,22,1,0
11:07:10.851,VIGILE,1,169.01,-6.66,0.213,-0.345,2.926,-8.32,-0.201,0.146,-0.056,81.84,0.0,32.1,22,1,0
11:07:11.351,VIGILE,1,173.92,-1.05,0.157,-0.335,2.806,-8.238,-0.157,0.089,-0.035,81.84,0.0,32.1,22,1,0
11:07:11.851,VIGILE,1,174.98,6.33,0.219,6.596,1.089,-13.894,-0.595,-0.066,-0.023,81.84,0.0,32.1,22,1,0
11:07:12.351,VIGILE,1,175.52,0.78,0.205,0.23,2.768,-10.022,-0.132,0.001,0.018,81.84,0.0,32.1,22,1,1
11:07:12.851,VIGILE,1,175.73,-1.07,0.208,-0.12,3.498,-9.342,-0.161,0.093,0.003,81.84,0.0,32.1,22,1,1
11:07:13.351,VIGILE,1,176.37,-4.21,0.182,-0.589,2.909,-7.939,-0.237,0.101,-0.03,81.84,0.0,32.1,22,1,1
11:07:13.851,VIGILE,1,175.98,-1.37,0.205,-0.74,3.266,-8.871,-0.083,0.071,-0.021,81.84,0.0,32.2,22,1,1
11:07:14.351,VIGILE,1,176.45,-6.7,0.192,-0.383,2.674,-9.431,-0.24,0.105,0.013,81.84,0.0,32.2,22,1,1
11:07:14.851,VIGILE,1,173.82,-4.23,0.172,0.194,2.203,-9.419,-0.176,0.069,-0.023,81.84,0.0,32.2,22,1,1
11:07:15.351,VIGILE,1,174.0,6.16,0.179,-1.583,3.522,-9.562,-0.091,0.105,-0.026,81.84,0.0,32.2,22,1,1
11:07:15.851,VIGILE,1,174.26,5.91,0.195,-0.309,3.572,-8.768,-0.151,0.057,-0.042,81.84,0.0,32.2,22,1,1
11:07:16.351,VIGILE,1,173.25,0.97,0.209,-1.53,2.993,-8.861,-0.076,0.06,-0.018,81.84,0.0,32.2,22,1,1
11:07:16.851,VIGILE,1,172.62,-2.51,0.203,-1.279,3.184,-9.464,-0.164,0.061,-0.043,81.84,0.0,32.2,22,1,1
11:07:17.352,VIGILE,1,175.93,-8.76,0.207,-0.8,3.27,-9.072,-0.102,0.073,0.001,81.84,0.0,32.2,22,1,1
11:07:17.852,VIGILE,1,175.93,-3.26,0.195,-0.936,1.468,-8.957,-0.245,0.039,-0.007,81.84,0.0,32.2,22,1,1
11:07:18.352,VIGILE,1,174.27,-7.47,0.192,-0.515,3.5,-8.349,-0.143,0.073,-0.065,81.84,0.0,32.2,22,1,1
11:07:18.852,VIGILE,1,173.08,-6.86,0.205,-0.845,3.012,-9.814,-0.141,0.057,-0.011,81.84,0.0,32.2,22,1,1
11:07:19.352,VIGILE,1,175.29,-4.55,0.186,-0.893,2.921,-8.792,-0.132,0.022,0.013,81.84,0.0,32.2,22,1,1
11:07:19.852,VIGILE,1,174.5,4.33,0.2,-1.889,2.942,-8.509,-0.153,0.087,-0.03,81.84,0.0,32.2,22,1,1
11:07:20.352,VIGILE,1,175.59,6.01,0.227,-0.362,4.295,-8.571,-0.078,0.089,0.027,81.84,0.0,32.2,22,1,1
11:07:20.852,VIGILE,1,174.03,-7.74,0.119,-0.491,4.441,-9.316,-0.106,0.061,0.001,81.84,0.0,32.2,22,1,1
11:07:21.352,VIGILE,1,171.81,-9.12,0.211,-0.235,2.701,-7.987,-0.297,0.117,-0.067,81.84,0.0,32.3,22,1,1
11:07:21.852,VIGILE,1,172.62,18.14,0.184,-1.566,3.235,-9.232,-0.134,0.075,-0.006,81.84,0.0,32.3,22,1,1
11:07:22.352,VIGILE,1,174.26,-6.93,0.204,-1.094,4.125,-9.809,-0.124,0.061,-0.019,81.84,0.0,32.3,22,1,1
11:07:22.852,VIGILE,1,174.64,-19.02,0.249,-1.132,3.663,-8.758,-0.118,0.06,-0.004,81.84,0.0,32.3,22,1,1
11:07:23.352,VIGILE,1,173.85,23.2,0.201,-0.974,3.677,-9.316,-0.103,0.049,0.015,81.84,0.0,32.3,22,1,1
11:07:23.852,VIGILE,1,175.41,-20.19,0.243,-1.015,3.56,-8.854,-0.115,0.069,-0.021,81.84,0.0,32.3,22,1,1
11:07:24.352,VIGILE,1,176.04,6.0,0.229,-0.414,3.903,-10.08,-0.165,0.034,-0.021,81.84,0.0,32.3,22,1,1
11:07:24.852,VIGILE,1,172.55,-23.11,0.25,-0.745,2.686,-8.669,-0.173,0.021,-0.05,81.84,0.0,32.3,22,1,1
11:07:25.353,VIGILE,1,172.43,24.34,0.205,-0.168,3.747,-7.87,-0.129,0.044,-0.041,81.84,0.0,32.3,22,1,1
11:07:25.853,VIGILE,1,174.12,-13.78,0.225,-0.345,3.347,-8.715,-0.135,0.053,-0.04,81.84,0.0,32.3,22,1,1
11:07:26.353,VIGILE,1,174.74,11.45,0.205,-1.496,3.393,-9.079,-0.102,0.087,-0.048,81.84,0.0,32.4,22,1,1
11:07:26.853,VIGILE,1,173.79,-7.86,0.213,-1.322,3.424,-9.074,-0.105,0.082,-0.056,81.84,0.0,32.4,22,1,1
11:07:27.353,VIGILE,1,171.19,-7.93,0.086,-1.367,3.57,-9.512,-0.171,0.073,-0.098,81.84,0.0,32.4,22,1,1
11:07:27.853,VIGILE,1,174.39,-9.98,0.229,-1.298,2.806,-8.71,-0.129,0.109,-0.059,81.84,0.0,32.4,22,1,1
11:07:28.353,VIGILE,1,173.38,-3.84,0.239,-1.188,3.151,-9.51,-0.13,0.084,-0.029,81.84,0.0,32.4,22,1,1
11:07:28.853,VIGILE,1,175.35,-8.18,0.208,-1.286,3.191,-9.148,-0.099,0.057,-0.039,81.84,0.0,32.4,21,1,1
11:07:29.353,VIGILE,1,172.23,-2.22,0.226,-1.302,3.417,-9.287,-0.075,0.087,-0.033,81.84,0.0,32.4,21,1,1
11:07:29.853,VIGILE,1,171.04,2.18,0.243,-1.439,2.725,-8.286,-0.171,0.079,-0.088,81.84,0.0,32.4,21,1,1
11:07:30.353,VIGILE,1,172.67,16.98,0.232,-0.883,3.682,-9.347,-0.102,0.084,-0.005,81.84,0.0,32.4,21,1,1
11:07:30.853,VIGILE,1,173.15,14.27,0.221,0.108,4.391,-8.871,-0.142,0.066,0.034,81.84,0.0,32.4,21,1,1
11:07:31.353,VIGILE,1,173.86,13.16,0.222,-0.057,5.09,-8.923,-0.119,-0.002,0.099,81.84,0.0,32.5,21,1,1
11:07:31.853,VIGILE,1,174.87,13.21,0.229,-0.16,5.289,-8.442,-0.108,-0.012,0.105,81.84,0.0,32.5,21,1,1
11:07:32.354,VIGILE,1,173.14,14.01,0.26,1.192,4.08,-8.392,-0.13,0.021,0.039,81.84,0.0,32.5,21,1,1
11:07:32.854,VIGILE,1,175.33,10.24,0.222,-0.244,4.314,-9.527,-0.173,0.088,0.033,81.84,0.0,32.5,21,1,1
11:07:33.354,VIGILE,1,172.9,16.21,0.232,-1.98,2.959,-8.265,-0.129,0.106,0.017,81.84,0.0,32.5,21,1,1
11:07:33.854,VIGILE,1,172.45,6.52,0.122,-0.759,2.942,-9.61,-0.188,0.072,-0.024,81.84,0.0,32.5,21,1,1
11:07:34.354,VIGILE,1,172.0,7.62,0.235,-1.956,2.195,-7.678,-0.284,0.078,-0.094,81.84,0.0,32.5,21,1,1
11:07:34.854,VIGILE,1,173.96,11.81,0.225,-0.761,3.512,-8.516,-0.18,0.079,-0.04,81.84,0.0,32.5,21,1,1
11:07:35.354,VIGILE,1,171.63,12.27,0.227,0.362,3.618,-8.684,-0.152,0.049,0.015,81.84,0.0,32.5,21,1,1
11:07:35.854,VIGILE,1,173.59,3.69,0.235,-0.692,3.299,-8.595,-0.184,0.063,-0.004,81.84,0.0,32.5,21,1,1
11:07:36.354,VIGILE,1,173.55,-0.14,0.246,-0.838,4.92,-9.306,-0.062,0.062,0.032,81.84,0.0,32.5,21,1,1
11:07:36.854,VIGILE,1,174.85,-0.31,0.246,-0.543,3.232,-9.414,-0.062,0.086,0.027,81.84,0.0,32.5,21,1,1
11:07:37.354,VIGILE,1,175.44,0.24,0.234,0.189,3.314,-9.105,-0.185,0.054,0.023,81.84,0.0,32.5,21,1,1
11:07:37.854,VIGILE,1,174.06,3.54,0.233,-0.584,3.084,-8.562,-0.246,0.057,-0.009,81.84,0.0,32.5,21,1,1
11:07:38.354,VIGILE,1,174.84,5.79,0.237,-0.603,4.219,-9.371,-0.169,0.1,-0.031,81.84,0.0,32.5,21,1,1
11:07:38.854,VIGILE,1,175.03,5.4,0.219,-1.686,4.106,-9.22,-0.051,0.068,0.01,81.84,0.0,32.6,21,1,1
11:07:39.354,VIGILE,1,175.75,-0.72,0.213,-0.929,2.947,-10.336,-0.124,0.123,-0.015,81.84,0.0,32.6,21,1,1
11:07:39.855,VIGILE,1,174.43,11.88,0.224,-0.682,2.674,-8.969,-0.171,0.071,-0.026,81.84,0.0,32.6,21,1,1
11:07:40.355,VIGILE,1,177.07,-0.17,0.217,-0.809,3.091,-9.675,-0.167,0.086,-0.03,81.84,0.0,32.6,21,1,1
11:07:40.855,VIGILE,1,175.25,5.01,0.212,-0.989,4.068,-8.971,-0.096,0.051,-0.025,81.84,0.0,32.6,21,1,1
11:07:41.355,VIGILE,1,174.62,-1.63,0.086,-0.218,2.808,-10.233,-0.211,0.064,-0.059,81.84,0.0,32.6,21,1,1
11:07:41.855,VIGILE,1,175.64,13.28,0.157,-0.611,2.605,-9.596,-0.232,0.089,-0.057,81.84,0.0,32.6,21,1,1
11:07:42.355,VIGILE,1,174.27,26.87,0.208,-1.353,2.399,-8.681,-0.175,0.063,-0.079,81.84,0.0,32.6,21,1,1
11:07:42.855,VIGILE,1,175.46,29.43,0.176,-0.95,1.173,-10.578,0.037,0.028,-0.048,81.84,0.0,32.6,21,1,1
11:07:43.355,VIGILE,1,177.07,11.46,0.226,-0.29,3.129,-8.626,-0.044,-0.0,-0.014,81.84,0.0,32.6,21,1,1
11:07:43.855,VIGILE,1,174.45,13.81,0.223,-1.037,3.625,-8.693,-0.124,0.012,0.007,81.84,0.0,32.6,21,1,1
11:07:44.355,VIGILE,1,172.21,13.82,0.157,-0.057,3.443,-8.205,-0.328,0.117,-0.011,81.84,0.0,32.6,21,1,1
11:07:44.855,VIGILE,1,173.87,11.66,0.224,-0.996,4.738,-9.328,-0.088,0.077,0.039,81.84,0.0,32.6,21,1,1
11:07:45.355,VIGILE,1,171.54,9.25,0.254,-1.561,4.003,-9.282,-0.1,0.054,0.058,81.84,0.0,32.6,21,1,1
11:07:45.855,VIGILE,1,171.25,8.37,0.229,-1.243,3.282,-8.95,-0.2,0.076,0.031,81.84,0.0,32.6,21,1,1
11:07:46.355,VIGILE,1,172.56,10.28,0.238,-1.137,1.171,-9.821,-0.171,0.094,0.043,81.84,0.0,32.6,20,1,1
11:07:46.855,VIGILE,1,173.34,9.89,0.241,-0.031,3.479,-9.565,-0.114,0.036,0.035,81.84,0.0,32.6,20,1,1
11:07:47.355,VIGILE,1,172.65,5.31,0.22,-0.608,4.41,-8.849,-0.123,0.102,0.014,81.84,0.0,32.6,20,1,1
11:07:47.856,VIGILE,1,175.64,9.71,0.214,-0.661,3.242,-8.499,-0.096,0.115,-0.016,81.84,0.0,32.6,20,1,1
11:07:48.356,VIGILE,1,173.13,11.64,0.238,-1.097,3.275,-9.919,-0.056,0.034,0.03,81.84,0.0,32.6,20,1,1
11:07:48.856,VIGILE,1,169.05,3.12,0.178,-2.215,2.399,-9.603,-0.139,0.061,-0.002,81.84,0.0,32.6,20,1,1
11:07:49.356,VIGILE,1,175.86,-1.08,0.221,-1.082,2.337,-7.494,-0.147,0.061,0.013,81.84,0.0,32.6,20,1,1
11:07:49.856,VIGILE,1,169.83,5.55,0.241,-0.924,3.122,-9.076,-0.111,0.045,-0.016,81.84,0.0,32.6,20,1,1
11:07:50.356,VIGILE,1,170.87,0.44,0.231,-0.912,3.649,-9.112,-0.154,0.056,0.004,81.84,0.0,32.6,20,1,1
11:07:50.856,VIGILE,1,171.68,2.27,0.226,-1.429,3.5,-9.189,-0.016,-0.019,0.006,81.84,0.0,32.6,20,1,1
11:07:51.356,VIGILE,1,173.78,4.28,0.227,-1.195,3.579,-8.811,-0.16,0.091,0.0,81.84,0.0,32.6,20,1,1
11:07:51.856,VIGILE,1,174.7,-7.07,0.227,-0.503,3.089,-9.333,-0.175,0.044,-0.022,81.84,0.0,32.6,20,1,1
11:07:52.358,VIGILE,1,176.3,3.67,0.232,-1.887,3.462,-8.636,-0.126,0.029,-0.009,81.84,0.0,32.6,20,1,1
11:07:52.858,VIGILE,1,175.51,-7.37,0.231,-0.622,2.935,-9.081,-0.2,0.106,-0.048,81.84,0.0,32.6,20,1,1
11:07:53.358,VIGILE,1,174.68,-12.81,0.236,-0.405,2.112,-8.701,-0.117,0.033,-0.047,81.84,0.0,32.6,20,1,1
11:07:53.858,VIGILE,1,173.99,-12.93,0.149,-1.556,1.939,-8.286,-0.056,0.034,-0.084,81.84,0.0,32.6,20,1,1
11:07:54.358,VIGILE,1,173.01,-8.63,0.228,-1.144,1.197,-10.733,-0.152,0.07,-0.091,81.84,0.0,32.6,20,1,1
11:07:54.858,VIGILE,1,174.01,-4.74,0.245,-1.396,1.894,-9.254,-0.195,0.111,-0.088,81.84,0.0,32.6,20,1,1
11:07:55.358,VIGILE,1,175.92,-7.61,0.232,-1.274,2.346,-8.959,-0.145,0.086,-0.072,81.84,0.0,32.6,20,1,1
11:07:55.858,VIGILE,1,176.46,-5.68,0.236,-1.03,2.313,-9.392,-0.118,0.097,-0.048,81.84,0.0,32.6,20,1,1
11:07:56.358,VIGILE,1,172.6,-0.08,0.217,-0.615,2.169,-9.797,-0.174,0.053,-0.021,81.84,0.0,32.6,20,1,1
11:07:56.858,VIGILE,1,175.42,6.32,0.244,-0.18,3.048,-9.031,-0.156,0.097,-0.038,81.84,0.0,32.6,20,1,1
11:07:57.358,VIGILE,1,175.51,2.9,0.24,-0.237,3.572,-9.194,-0.113,-0.014,0.035,81.84,0.0,32.6,20,1,1
11:07:57.859,VIGILE,1,175.18,9.78,0.235,0.397,4.355,-7.647,-0.163,0.057,0.067,81.84,0.0,32.6,20,1,1
11:07:58.359,VIGILE,1,179.2,1.93,0.24,0.373,4.372,-7.815,-0.067,-0.059,0.064,81.84,0.0,32.6,20,1,1
11:07:58.859,VIGILE,1,175.74,2.12,0.237,-1.226,4.951,-9.345,-0.005,-0.021,0.139,81.84,0.0,32.6,20,1,1
11:07:59.359,VIGILE,1,175.04,-3.46,0.232,0.081,5.224,-8.732,-0.138,0.038,0.089,81.84,0.0,32.6,20,1,1
11:07:59.859,VIGILE,1,176.29,-3.19,0.241,-0.599,3.469,-9.512,-0.096,-0.019,0.003,81.84,0.0,32.6,20,1,1
11:08:00.359,VIGILE,1,178.28,-4.4,0.236,-0.673,2.351,-8.698,-0.13,0.052,-0.008,81.84,0.0,32.6,20,1,1
11:08:00.859,VIGILE,1,176.18,-8.65,0.224,-1.135,2.653,-9.328,-0.111,0.046,-0.011,81.84,0.0,32.6,20,1,1
11:08:01.359,VIGILE,1,177.04,-12.73,0.232,-0.421,3.594,-9.091,-0.149,0.124,-0.005,81.84,0.0,32.6,20,1,1
11:08:01.859,VIGILE,1,172.81,-7.08,0.246,-1.207,3.326,-9.479,-0.003,0.028,0.006,81.84,0.0,32.6,20,1,1
11:08:02.359,VIGILE,1,175.86,-7.73,0.23,-0.819,2.375,-8.179,-0.09,-0.017,-0.01,81.84,0.0,32.6,20,1,1
11:08:02.859,VIGILE,1,167.51,-6.83,0.074,1.367,3.357,-8.545,0.033,-0.03,0.015,81.84,0.0,32.6,20,1,1
11:08:03.360,VIGILE,1,169.81,-0.63,0.226,-1.245,3.304,-10.254,-0.215,0.117,-0.026,81.84,0.0,32.6,20,1,1
11:08:03.860,VIGILE,1,171.13,-3.45,0.185,-0.9,3.29,-8.961,-0.188,0.134,-0.025,81.84,0.0,32.6,20,1,1
11:08:04.360,VIGILE,1,172.84,-4.29,0.233,-0.934,2.751,-9.017,-0.152,0.138,-0.028,81.84,0.0,32.6,20,1,1
11:08:04.860,VIGILE,1,172.88,-5.05,0.223,-0.56,2.964,-8.554,-0.213,0.083,-0.05,81.84,0.0,32.6,20,1,1
11:08:05.360,VIGILE,1,172.33,-6.29,0.101,-0.548,3.057,-8.631,-0.089,0.061,-0.031,81.84,0.0,32.6,20,1,1
11:08:05.860,VIGILE,1,173.16,-4.79,0.216,-1.863,4.089,-8.708,-0.056,0.092,-0.025,81.84,0.0,32.6,20,1,1
11:08:06.360,VIGILE,1,174.76,-6.76,0.217,-0.498,3.67,-9.993,0.082,0.009,0.041,81.84,0.0,32.6,20,1,1
11:08:06.860,VIGILE,1,176.24,-14.84,0.159,-2.263,1.726,-12.062,1.485,-0.608,0.051,81.84,0.0,32.6,20,1,1
11:08:07.360,VIGILE,1,174.32,-8.97,0.219,-0.764,2.535,-8.715,-0.199,0.12,-0.044,81.84,0.0,32.6,20,1,1
11:08:07.860,VIGILE,1,172.78,-8.84,0.111,-1.173,2.921,-9.232,-0.293,0.145,-0.047,81.84,0.0,32.6,20,1,1
11:08:08.360,VIGILE,1,172.34,-7.08,0.228,-1.152,3.124,-7.822,-0.111,0.008,-0.009,81.84,0.0,32.6,20,1,1
11:08:08.860,VIGILE,1,173.89,-11.35,0.212,-0.934,3.354,-8.54,-0.162,0.075,-0.039,81.84,0.0,32.6,20,1,1
11:08:09.360,VIGILE,1,175.43,-10.86,0.232,-1.566,2.136,-9.708,-0.102,0.054,-0.061,81.84,0.0,32.6,20,1,1
11:08:09.860,VIGILE,1,172.15,-7.46,0.215,-2.138,1.97,-8.837,-0.239,0.115,-0.123,81.84,0.0,32.6,20,1,1
11:08:10.360,VIGILE,1,168.78,-0.26,0.24,-1.506,2.974,-8.15,-0.256,0.164,-0.147,81.84,0.0,32.6,20,1,1
11:08:10.860,VIGILE,1,171.56,13.3,0.235,-1.975,2.318,-10.587,-0.073,0.062,-0.073,81.84,0.0,32.6,20,1,1
11:08:11.360,VIGILE,1,172.2,20.6,0.244,0.565,5.423,-8.073,-0.141,0.038,0.079,81.84,0.0,32.5,20,1,1
11:08:11.861,VIGILE,1,171.79,19.06,0.242,0.352,6.567,-8.128,-0.01,-0.047,0.219,81.84,0.0,32.5,20,1,1
11:08:12.361,VIGILE,1,169.52,9.74,0.25,1.35,5.875,-7.211,-0.173,0.011,0.2,81.84,0.0,32.5,20,1,1
11:08:12.861,VIGILE,1,172.43,0.32,0.241,0.57,5.808,-8.114,-0.151,0.008,0.217,81.84,0.0,32.5,20,1,1
11:08:13.361,VIGILE,1,174.28,-12.39,0.254,-0.436,4.554,-8.442,-0.138,0.068,0.104,81.84,2265.35,32.5,20,1,1
11:08:13.861,VIGILE,1,173.7,-12.6,0.207,0.603,2.847,-9.658,0.403,-0.196,-0.085,81.84,115.06,32.5,20,1,1
11:08:14.361,VIGILE,1,169.24,-8.8,0.191,-0.23,1.686,-8.724,-0.292,0.062,-0.189,81.84,85.93,32.5,20,1,1
11:08:14.861,VIGILE,1,173.14,0.72,0.204,-1.487,0.73,-10.606,-0.078,0.125,-0.136,81.84,390.52,32.5,20,1,1
11:08:15.361,VIGILE,1,170.18,-1.4,0.219,-1.911,1.808,-7.989,-0.207,0.089,-0.11,81.84,0.0,32.5,20,1,1
11:08:15.861,VIGILE,1,170.83,0.13,0.223,-0.541,4.688,-8.569,-0.241,0.134,0.005,81.84,0.0,32.5,20,1,1
11:08:16.361,VIGILE,1,173.86,-4.72,0.163,0.089,3.361,-10.537,0.422,-0.202,0.053,81.84,0.0,32.5,20,1,1
11:08:16.861,VIGILE,1,175.41,-5.65,0.224,-1.231,2.382,-8.001,-0.306,0.137,-0.032,81.84,0.0,32.5,20,1,1
11:08:17.361,VIGILE,1,173.11,-7.74,0.243,-1.463,3.816,-9.333,-0.074,0.052,-0.014,81.84,0.0,32.5,20,1,1
11:08:17.861,VIGILE,1,173.52,-9.37,0.245,-1.633,3.251,-9.143,-0.145,0.05,-0.073,81.84,0.0,32.5,20,1,1
11:08:18.361,VIGILE,1,170.56,-4.34,0.22,-0.915,2.907,-8.432,-0.148,0.078,-0.081,81.84,0.0,32.5,20,1,1
11:08:18.861,VIGILE,1,173.3,-13.75,0.21,-1.441,3.098,-8.485,-0.123,0.123,-0.065,81.84,0.0,32.4,20,1,1
11:08:19.362,VIGILE,1,172.45,-5.88,0.231,-1.144,3.268,-9.017,-0.065,0.021,-0.021,81.84,0.0,32.4,20,1,1
11:08:19.862,VIGILE,1,172.01,-3.35,0.235,-1.702,2.856,-9.479,0.008,0.027,-0.048,81.84,0.0,32.4,20,1,1
11:08:20.362,VIGILE,1,172.65,2.16,0.241,-1.544,3.129,-9.134,-0.152,0.127,-0.044,81.84,0.0,32.4,20,1,1
11:08:20.862,VIGILE,1,174.38,-19.6,0.255,-1.3,4.932,-7.501,-0.107,0.062,-0.065,81.84,0.0,32.4,20,1,1
11:08:21.362,VIGILE,1,175.52,-2.71,0.231,-1.188,3.63,-8.614,-0.198,0.062,-0.057,81.84,0.0,32.4,20,1,1
11:08:21.862,VIGILE,1,175.74,-6.61,0.241,-1.882,3.627,-8.605,-0.08,0.029,-0.022,81.84,0.0,32.4,20,1,1
11:08:22.362,VIGILE,1,175.68,-3.67,0.223,-0.668,4.197,-8.66,-0.098,0.061,0.032,81.84,0.0,32.4,20,1,1
11:08:22.862,VIGILE,1,174.98,-3.11,0.199,-0.843,4.022,-9.234,-0.167,0.065,0.021,81.84,0.0,32.4,20,1,1
11:08:23.362,VIGILE,1,173.88,-6.15,0.231,-1.176,3.146,-8.485,-0.118,0.101,-0.038,81.84,0.0,32.4,20,1,1
11:08:23.862,VIGILE,1,172.43,0.38,0.219,-1.106,4.094,-9.898,-0.308,0.041,-0.056,81.84,0.0,32.4,20,1,1
11:08:24.362,VIGILE,1,173.59,-0.28,0.211,-1.901,3.045,-8.499,-0.059,0.048,-0.008,81.84,0.0,32.4,20,1,1
11:08:24.862,VIGILE,1,173.1,1.35,0.231,-1.645,3.642,-8.49,-0.111,0.023,-0.011,81.84,0.0,32.4,20,1,1
11:08:25.362,VIGILE,1,175.73,-0.32,0.206,-1.022,3.278,-9.103,-0.08,0.067,-0.003,81.84,0.0,32.4,20,1,1
11:08:25.862,VIGILE,1,173.04,3.91,0.072,-0.694,3.168,-9.043,-0.184,0.095,-0.009,81.84,0.0,32.4,20,1,1
11:08:26.362,VIGILE,1,174.5,6.59,0.203,-0.673,2.799,-8.665,-0.167,0.096,-0.006,81.84,0.0,32.3,20,1,1
11:08:26.862,VIGILE,1,175.67,9.09,0.22,-1.044,3.093,-9.258,-0.137,0.051,-0.022,81.84,0.0,32.3,20,1,1
11:08:27.363,VIGILE,1,174.13,7.42,0.102,-0.072,3.651,-8.705,-0.16,0.048,-0.003,81.84,0.0,32.3,20,1,1
11:08:27.863,VIGILE,1,175.31,5.11,0.208,-1.24,3.148,-9.383,-0.153,0.062,-0.006,81.84,0.0,32.3,20,1,1
11:08:28.363,VIGILE,1,173.03,6.39,0.209,-0.941,4.638,-8.945,0.002,0.07,0.004,81.84,0.0,32.3,20,1,1
11:08:28.863,VIGILE,1,173.11,-5.66,0.214,-0.292,3.139,-8.454,-0.167,0.04,-0.026,81.84,0.0,32.3,20,1,1
11:08:29.363,VIGILE,1,174.34,18.48,0.213,-1.348,3.414,-8.94,-0.164,0.108,-0.021,81.84,0.0,32.3,20,1,1
11:08:29.863,VIGILE,1,175.73,21.56,0.215,-1.207,3.666,-8.897,-0.162,0.094,-0.027,81.84,0.0,32.3,20,1,1
11:08:30.363,VIGILE,1,173.85,13.1,0.241,-0.826,3.496,-9.416,-0.094,0.022,-0.013,81.84,0.0,32.3,20,1,1
11:08:30.863,VIGILE,1,173.07,9.69,0.241,-0.299,3.505,-8.806,-0.139,0.068,-0.028,81.84,0.0,32.3,20,1,1
11:08:31.363,VIGILE,1,173.86,0.87,0.231,-0.594,3.701,-8.839,-0.152,0.091,-0.035,81.84,0.0,32.2,19,1,1
11:08:31.863,VIGILE,1,173.23,-2.21,0.242,-0.917,3.079,-9.515,-0.117,0.046,-0.013,81.84,0.0,32.2,19,1,1
11:08:32.363,VIGILE,1,170.84,4.81,0.225,-1.501,4.003,-8.89,-0.09,0.044,0.008,81.84,0.0,32.2,19,1,1
11:08:32.863,VIGILE,1,170.69,1.35,0.109,-1.985,4.046,-9.242,-0.133,0.053,-0.04,81.84,0.0,32.2,19,1,1
11:08:33.363,VIGILE,1,173.27,-1.45,0.234,-2.512,3.146,-8.952,-0.104,0.018,0.001,81.84,0.0,32.2,19,1,1
11:08:33.863,VIGILE,1,174.11,3.15,0.255,-1.271,3.414,-8.672,-0.135,0.077,-0.007,81.84,0.0,32.2,19,1,1
11:08:34.363,VIGILE,1,177.23,-4.01,0.261,-1.753,2.998,-9.254,-0.098,0.102,0.001,81.84,0.0,32.2,19,1,1
11:08:34.863,VIGILE,1,176.88,-2.24,0.22,-0.587,3.108,-8.576,-0.16,0.062,-0.021,81.84,0.0,32.2,19,1,1
11:08:35.364,VIGILE,1,173.89,-2.93,0.244,-1.204,3.223,-9.282,-0.132,0.076,-0.034,81.84,0.0,32.2,19,1,1
11:08:35.864,VIGILE,1,176.38,-7.46,0.217,-1.559,3.352,-8.921,-0.09,0.051,0.002,81.84,0.0,32.2,19,1,1
11:08:36.364,VIGILE,1,175.12,1.53,0.191,-1.475,3.584,-8.712,-0.139,0.086,-0.012,81.84,0.0,32.2,19,1,1
11:08:36.864,VIGILE,1,175.84,-4.75,0.237,-1.458,3.227,-8.938,-0.107,0.053,-0.005,81.84,0.0,32.2,19,1,1
11:08:37.364,VIGILE,1,172.67,-2.27,0.243,-0.745,2.926,-9.309,-0.12,0.039,-0.021,81.84,0.0,32.2,19,1,1
11:08:37.864,VIGILE,1,172.95,6.87,0.255,-0.816,2.909,-8.899,-0.182,0.09,-0.025,81.84,0.0,32.2,19,1,1
11:08:38.364,VIGILE,1,172.37,7.06,0.238,-0.946,3.984,-9.021,-0.173,0.077,-0.023,81.84,0.0,32.2,19,1,1
11:08:38.864,VIGILE,1,174.26,1.13,0.225,-0.678,3.153,-8.849,-0.146,0.07,-0.029,81.84,0.0,32.2,19,1,1
11:08:39.364,VIGILE,1,173.73,-4.03,0.221,-1.161,3.409,-8.803,-0.15,0.104,-0.044,81.84,0.0,32.2,19,1,1
11:08:39.864,VIGILE,1,173.79,-2.06,0.227,-1.077,3.402,-9.256,-0.095,0.048,-0.011,81.84,0.0,32.2,19,1,1
11:08:40.364,VIGILE,1,173.15,-4.23,0.233,-1.633,3.12,-8.701,-0.151,0.09,-0.033,81.84,0.0,32.2,19,1,1
11:08:40.864,VIGILE,1,174.91,-0.54,0.22,-1.554,3.397,-8.902,-0.099,0.054,-0.008,81.84,0.0,32.2,19,1,1
11:08:41.364,VIGILE,1,174.31,0.83,0.18,-1.353,3.551,-8.842,-0.158,0.09,-0.018,81.84,0.0,32.2,19,1,1
11:08:41.864,VIGILE,1,174.82,-2.58,0.215,-1.542,3.699,-9.213,-0.123,0.06,-0.007,81.84,0.0,32.2,19,1,1
11:08:42.364,VIGILE,1,173.96,-2.05,0.223,-2.126,3.524,-8.614,-0.135,0.05,-0.01,81.84,0.0,32.2,19,1,1
11:08:42.864,VIGILE,1,174.48,2.24,0.239,-2.622,3.85,-8.452,-0.151,0.064,-0.026,81.84,0.0,32.2,19,1,1
11:08:43.365,VIGILE,1,175.71,0.4,0.233,-3.199,4.214,-8.171,-0.141,0.052,-0.021,81.84,0.0,32.2,19,1,1
11:08:43.865,VIGILE,1,176.56,12.03,0.271,-2.483,3.881,-8.26,-0.106,0.06,-0.018,81.84,0.0,32.1,19,1,1
11:08:44.365,VIGILE,1,-173.13,31.35,0.117,-3.074,4.13,-8.471,-0.133,0.064,-0.02,81.84,0.0,32.1,19,1,1
11:08:44.865,VIGILE,1,-160.61,42.75,0.321,-1.144,3.033,-9.045,-0.126,0.062,-0.016,81.84,0.0,32.1,19,1,1
11:08:45.365,VIGILE,1,140.0,-71.39,0.328,-0.848,3.041,-9.021,-0.134,0.066,-0.021,81.84,0.0,32.1,19,1,1
11:08:45.865,VIGILE,0,0.0,0.0,0.0,-0.737,3.089,-9.131,-0.117,0.064,-0.016,81.84,0.0,32.1,19,1,1
11:08:46.365,DISTRAZIONE,1,-178.69,71.06,0.638,-0.85,2.844,-9.009,-0.136,0.068,-0.021,81.84,0.0,32.1,19,1,1
11:08:46.865,DISTRAZIONE,1,-167.53,67.66,0.497,-0.553,3.072,-9.038,-0.129,0.059,-0.024,81.84,0.0,32.1,19,1,1
11:08:47.365,DISTRAZIONE,1,-178.6,49.45,0.347,-0.903,2.957,-9.16,-0.141,0.068,-0.02,81.84,0.0,32.1,19,1,1
11:08:47.865,DISTRAZIONE,1,-161.66,65.78,0.481,-0.675,3.026,-9.184,-0.137,0.071,-0.016,81.84,0.0,32.1,19,1,1
11:08:48.366,DISTRAZIONE,1,-164.45,70.28,0.817,-0.771,3.091,-9.218,-0.13,0.061,-0.018,81.84,0.0,32.1,19,1,1
11:08:48.866,DISTRAZIONE,1,-167.23,71.39,0.797,-0.879,2.911,-9.105,-0.13,0.069,-0.017,81.84,0.0,32.1,19,1,1
11:08:49.366,DISTRAZIONE,1,-175.73,71.78,0.655,-0.682,3.132,-9.254,-0.132,0.066,-0.018,81.84,0.0,32.1,19,1,1
11:08:49.866,DISTRAZIONE,1,-176.43,69.97,0.584,-0.792,2.914,-8.947,-0.138,0.068,-0.021,81.84,0.0,32.1,19,1,1
11:08:50.366,DISTRAZIONE,1,179.86,69.19,0.555,-0.886,3.117,-9.237,-0.129,0.067,-0.016,81.84,0.0,32.1,19,1,1
11:08:50.866,DISTRAZIONE,1,-175.88,67.22,0.669,-0.797,2.976,-9.052,-0.122,0.066,-0.019,81.84,0.0,32.1,19,1,1
11:08:51.366,DISTRAZIONE,1,-171.38,65.68,0.579,-0.673,2.952,-9.199,-0.143,0.075,-0.018,81.84,0.0,32.0,19,1,1
11:08:51.867,DISTRAZIONE,1,-175.69,23.04,0.264,-0.879,3.072,-9.002,-0.136,0.059,-0.019,81.84,0.0,32.0,19,1,1
11:08:52.367,DISTRAZIONE,1,-177.5,30.92,0.119,-0.735,3.033,-9.11,-0.137,0.068,-0.02,81.84,0.0,32.0,19,1,1
11:08:52.867,DISTRAZIONE,0,0.0,0.0,0.0,-0.807,3.091,-9.213,-0.121,0.06,-0.015,81.84,0.0,32.0,19,1,1
11:08:53.367,DISTRAZIONE,1,-158.58,68.92,0.496,-0.697,3.055,-8.945,-0.136,0.067,-0.021,81.84,0.0,32.0,19,1,1
11:08:53.867,DISTRAZIONE,1,-163.88,74.3,0.594,-0.946,3.163,-9.249,-0.141,0.074,-0.016,81.84,0.0,32.0,19,1,1
11:08:54.367,DISTRAZIONE,1,-166.04,70.92,0.563,-0.816,3.012,-9.141,-0.114,0.06,-0.016,81.84,0.0,32.0,19,1,1
11:08:54.867,DISTRAZIONE,1,-166.08,73.73,0.593,-0.769,3.019,-9.206,-0.126,0.064,-0.013,81.84,0.0,32.0,19,1,1
11:08:55.367,DISTRAZIONE,0,0.0,0.0,0.0,-0.812,3.057,-9.088,-0.135,0.065,-0.018,81.84,0.0,32.0,19,1,1
11:08:55.867,DISTRAZIONE,1,169.27,77.12,0.541,-0.67,3.043,-9.084,-0.143,0.066,-0.016,81.84,0.0,32.0,19,1,1
11:08:56.367,DISTRAZIONE,1,161.5,47.11,0.384,-0.804,3.1,-9.278,-0.138,0.065,-0.019,81.84,0.0,32.0,20,1,1
11:08:56.867,DISTRAZIONE,1,164.32,50.48,0.393,-0.862,2.969,-8.89,-0.131,0.066,-0.02,81.84,0.0,32.0,20,1,1
11:08:57.367,DISTRAZIONE,1,166.39,72.6,0.503,-0.766,3.16,-9.21,-0.125,0.062,-0.019,81.84,0.0,32.0,20,1,1
11:08:57.867,DISTRAZIONE,1,164.28,49.71,0.329,-0.84,3.026,-9.086,-0.131,0.065,-0.016,81.84,0.0,32.0,20,1,1
11:08:58.367,DISTRAZIONE,1,175.55,51.44,0.53,-0.673,2.969,-9.158,-0.136,0.069,-0.021,81.84,0.0,32.0,20,1,1
11:08:58.867,DISTRAZIONE,0,0.0,0.0,0.0,-0.778,3.141,-9.256,-0.132,0.059,-0.02,81.84,0.0,32.0,20,1,1
11:08:59.368,DISTRAZIONE,1,-175.89,-2.63,0.23,-0.785,2.964,-8.859,-0.102,0.044,-0.008,81.84,0.0,32.0,20,1,1
11:08:59.868,DISTRAZIONE,1,-176.38,-6.23,0.243,0.613,2.543,-9.287,-0.041,0.066,0.004,81.84,0.0,32.0,20,1,1
11:09:00.368,DISTRAZIONE,1,-159.31,-2.71,0.259,2.334,1.647,-9.397,0.241,0.022,0.05,81.84,0.0,32.0,20,1,1
11:09:00.868,DISTRAZIONE,1,-171.21,-4.01,0.304,1.109,2.093,-6.591,-0.809,0.237,-0.065,81.84,0.0,32.0,20,1,1
11:09:01.368,DISTRAZIONE,1,178.76,-5.42,0.259,1.525,2.342,-9.445,-0.304,0.12,-0.059,81.84,0.0,32.0,20,1,1
11:09:01.868,DISTRAZIONE,1,-179.93,-5.37,0.262,1.14,2.054,-9.392,-0.112,0.094,-0.017,81.84,0.0,32.0,20,1,1
11:09:02.368,DISTRAZIONE,1,176.95,-3.52,0.247,0.654,2.061,-9.189,-0.196,0.064,-0.04,81.84,0.0,32.0,20,1,1
11:09:02.868,DISTRAZIONE,1,177.69,-6.43,0.245,-0.965,3.278,-9.452,-0.196,0.094,-0.035,81.84,0.0,32.0,20,1,1
11:09:03.368,DISTRAZIONE,1,176.16,-4.45,0.258,-0.673,3.136,-9.112,-0.172,0.099,-0.038,81.84,0.0,32.0,20,1,1
11:09:03.868,VIGILE,1,177.29,-0.03,0.213,-0.769,3.261,-8.775,-0.136,0.083,-0.009,81.84,0.0,32.0,20,1,1
11:09:04.368,VIGILE,1,171.06,1.64,0.166,-1.262,3.211,-8.547,-0.149,0.087,-0.007,81.84,0.0,32.0,20,1,1
11:09:04.868,VIGILE,1,173.27,5.55,0.263,-1.003,3.22,-8.83,-0.15,0.086,-0.01,81.84,0.0,32.0,20,1,1
11:09:05.368,VIGILE,1,173.11,6.32,0.245,-0.898,2.928,-9.323,-0.131,0.081,-0.018,81.84,0.0,32.0,20,1,1
11:09:05.868,VIGILE,1,174.07,5.16,0.25,-0.888,3.481,-8.442,-0.089,0.048,-0.042,81.84,0.0,32.0,20,1,1
11:09:06.368,VIGILE,1,175.27,20.84,0.26,-0.891,3.263,-9.419,-0.109,0.056,-0.028,81.84,0.0,32.0,20,1,1
11:09:06.868,VIGILE,1,173.89,10.22,0.25,-1.075,3.555,-8.859,-0.151,0.072,-0.02,81.84,0.0,32.0,20,1,1
11:09:07.369,VIGILE,1,168.09,11.9,0.251,-2.847,3.996,-8.329,-0.152,0.069,-0.015,81.84,0.0,32.0,20,1,1
11:09:07.869,VIGILE,1,172.1,24.02,0.233,-4.334,4.798,-8.021,-0.134,0.066,-0.016,81.84,0.0,32.0,20,1,1
11:09:08.369,VIGILE,0,0.0,0.0,0.0,-2.167,3.697,-8.878,-0.128,0.077,-0.013,81.84,0.0,32.0,20,1,1
11:09:08.869,VIGILE,1,-161.18,71.55,0.537,-0.443,2.988,-9.251,-0.126,0.067,-0.011,81.84,0.0,32.0,20,1,1
11:09:09.369,DISTRAZIONE,1,-176.25,49.39,0.421,-0.737,3.11,-9.282,-0.14,0.075,-0.023,81.84,0.0,32.0,20,1,1
11:09:09.869,DISTRAZIONE,1,-158.63,68.78,0.505,-0.685,3.16,-9.189,-0.131,0.071,-0.021,81.84,0.0,32.0,20,1,1
11:09:10.369,DISTRAZIONE,1,-158.07,66.84,0.451,-0.761,2.928,-9.017,-0.146,0.071,-0.018,81.84,0.0,32.0,20,1,1
11:09:10.869,DISTRAZIONE,1,-161.98,70.89,0.775,-0.651,3.22,-9.33,-0.135,0.062,-0.022,81.84,0.0,32.0,20,1,1
11:09:11.369,DISTRAZIONE,1,-155.8,69.64,0.47,-0.68,3.026,-9.136,-0.139,0.071,-0.021,81.84,0.0,31.9,20,1,1
11:09:11.869,DISTRAZIONE,0,0.0,0.0,0.0,-0.74,3.079,-9.076,-0.131,0.068,-0.012,81.84,0.0,31.9,20,1,1
11:09:12.369,DISTRAZIONE,1,-171.06,75.21,0.502,-0.608,2.995,-9.165,-0.131,0.068,-0.02,81.84,0.0,31.9,20,1,1
11:09:12.869,DISTRAZIONE,1,170.91,77.14,0.417,-0.702,3.163,-9.084,-0.126,0.061,-0.017,81.84,0.0,31.9,20,1,1
11:09:13.369,DISTRAZIONE,1,169.2,75.71,0.647,-0.759,3.062,-9.112,-0.133,0.068,-0.021,81.84,0.0,31.9,20,1,1
11:09:13.869,DISTRAZIONE,1,166.63,46.5,0.472,-0.611,3.069,-9.148,-0.138,0.067,-0.017,81.84,0.0,31.9,20,1,1
11:09:14.369,DISTRAZIONE,1,167.93,47.95,0.454,-0.572,3.11,-9.268,-0.131,0.07,-0.019,81.84,0.0,31.9,20,1,1
11:09:14.870,DISTRAZIONE,1,155.47,78.23,0.498,-0.778,2.957,-9.072,-0.134,0.065,-0.019,81.84,0.0,31.9,20,1,1
11:09:15.370,DISTRAZIONE,0,0.0,0.0,0.0,-0.589,3.132,-9.026,-0.131,0.068,-0.017,81.84,0.0,31.9,20,1,1
11:09:15.870,DISTRAZIONE,0,0.0,0.0,0.0,-0.721,3.163,-9.254,-0.136,0.072,-0.023,81.84,0.0,31.9,20,1,1
11:09:16.370,DISTRAZIONE,0,0.0,0.0,0.0,-0.663,3.069,-9.167,-0.125,0.069,-0.019,81.84,0.0,31.9,20,1,1
11:09:16.870,DISTRAZIONE,0,0.0,0.0,0.0,-0.63,3.122,-9.096,-0.128,0.067,-0.019,81.84,0.0,31.9,20,1,1
11:09:17.370,DISTRAZIONE,0,0.0,0.0,0.0,-0.661,3.158,-9.009,-0.134,0.067,-0.018,81.84,0.0,31.9,20,1,1
11:09:17.870,DISTRAZIONE,1,-175.62,77.55,0.659,-0.596,3.055,-9.139,-0.137,0.071,-0.022,81.84,0.0,31.9,20,1,1
11:09:18.370,DISTRAZIONE,1,174.25,79.29,0.446,-0.591,3.124,-9.246,-0.133,0.072,-0.017,81.84,0.0,31.9,20,1,1
11:09:18.870,DISTRAZIONE,0,0.0,0.0,0.0,-0.769,2.914,-8.981,-0.129,0.064,-0.018,81.84,0.0,31.9,20,1,1
11:09:19.370,DISTRAZIONE,1,163.69,78.2,0.437,-0.675,3.232,-9.136,-0.132,0.072,-0.022,81.84,0.0,31.9,20,1,1
11:09:19.870,DISTRAZIONE,1,163.33,38.12,0.388,-0.907,3.067,-9.199,-0.128,0.068,-0.015,81.84,0.0,31.9,20,1,1
11:09:20.370,DISTRAZIONE,1,171.37,49.6,0.468,-0.596,3.036,-9.041,-0.132,0.066,-0.019,81.84,0.0,31.9,20,1,1
11:09:20.870,DISTRAZIONE,0,0.0,0.0,0.0,-0.721,3.098,-9.11,-0.134,0.074,-0.021,81.84,0.0,31.9,20,1,1
11:09:21.370,DISTRAZIONE,1,-177.67,48.65,0.305,-0.797,3.093,-9.026,-0.136,0.07,-0.017,81.84,0.0,31.9,20,1,1
11:09:21.870,DISTRAZIONE,1,-179.75,45.94,0.309,-0.692,3.127,-9.153,-0.137,0.061,-0.011,81.84,0.0,31.9,20,1,1
11:09:22.370,DISTRAZIONE,1,171.22,45.51,0.315,-0.666,3.036,-9.306,-0.137,0.073,-0.018,81.84,0.0,31.9,20,1,1
11:09:22.871,DISTRAZIONE,0,0.0,0.0,0.0,-0.759,2.923,-8.871,-0.14,0.069,-0.021,81.84,0.0,31.9,20,1,1
11:09:23.371,DISTRAZIONE,1,157.33,3.58,0.071,-0.855,3.304,-9.29,-0.124,0.061,-0.014,81.84,0.0,31.9,20,1,1
11:09:23.871,DISTRAZIONE,1,158.33,1.57,0.094,-0.862,3.045,-9.182,-0.135,0.069,-0.02,81.84,0.0,31.9,20,1,1
11:09:24.371,DISTRAZIONE,1,164.65,2.84,0.127,-0.587,2.945,-8.952,-0.132,0.065,-0.019,81.84,0.0,31.9,20,1,1
11:09:24.871,DISTRAZIONE,1,174.29,-0.39,0.178,-0.692,3.199,-9.172,-0.139,0.069,-0.021,81.84,0.0,31.9,20,1,1
11:09:25.371,DISTRAZIONE,1,173.8,-3.58,0.07,-0.809,3.103,-9.129,-0.122,0.067,-0.021,81.84,0.0,31.9,20,1,1
11:09:25.871,SONNOLENZA,1,170.46,1.18,0.069,-0.651,3.144,-9.143,-0.148,0.076,-0.021,81.84,0.0,31.9,20,1,1
11:09:26.371,SONNOLENZA,1,171.75,-0.9,0.072,-0.63,3.098,-9.321,-0.127,0.063,-0.02,81.84,0.0,31.9,20,1,1
11:09:26.871,SONNOLENZA,1,169.95,-0.95,0.099,-0.812,3.048,-9.086,-0.145,0.069,-0.022,81.84,0.0,31.9,20,1,1
11:09:27.371,SONNOLENZA,1,170.81,-1.64,0.072,-0.728,3.086,-8.961,-0.124,0.066,-0.015,81.84,0.0,31.9,20,1,1
11:09:27.871,SONNOLENZA,1,170.95,-0.86,0.065,-0.723,3.191,-9.122,-0.132,0.073,-0.014,81.84,0.0,31.9,20,1,1
11:09:28.371,SONNOLENZA,1,173.01,-5.67,0.209,-0.943,3.086,-9.208,-0.125,0.062,-0.017,81.84,0.0,31.9,20,1,1
11:09:28.871,SONNOLENZA,1,169.01,-6.89,0.081,-0.627,2.981,-9.055,-0.127,0.057,-0.016,81.84,0.0,31.8,20,1,1
11:09:29.372,SONNOLENZA,1,167.45,-2.27,0.031,-0.611,3.069,-9.117,-0.139,0.064,-0.018,81.84,0.0,31.8,20,1,1
11:09:29.872,SONNOLENZA,1,171.57,-11.33,0.033,-0.651,3.153,-9.179,-0.13,0.064,-0.021,81.84,0.0,31.8,20,1,1
11:09:30.372,SONNOLENZA,1,172.3,-17.46,0.027,-0.814,3.065,-9.009,-0.131,0.068,-0.021,81.84,0.0,31.8,20,1,1
11:09:30.872,SONNOLENZA,1,174.23,-21.32,0.032,-0.625,3.196,-9.206,-0.13,0.067,-0.018,81.84,0.0,31.8,20,1,1
11:09:31.372,SONNOLENZA,1,172.99,-10.63,0.064,-0.759,3.062,-9.177,-0.137,0.066,-0.022,81.84,0.0,31.8,20,1,1
11:09:31.872,SONNOLENZA,1,172.6,-8.16,0.089,-0.69,3.077,-8.859,-0.124,0.063,-0.017,81.84,0.0,31.8,20,1,1
11:09:32.372,SONNOLENZA,1,172.37,3.84,0.039,-0.764,3.328,-9.201,-0.126,0.068,-0.014,81.84,0.0,31.8,20,1,1
11:09:32.872,SONNOLENZA,1,170.98,4.18,0.046,-0.792,3.077,-9.208,-0.136,0.07,-0.021,81.84,0.0,31.8,20,1,1
11:09:33.372,SONNOLENZA,1,173.18,0.66,0.063,-0.539,3.043,-9.038,-0.14,0.068,-0.022,81.84,0.0,31.8,20,1,1
11:09:33.872,SONNOLENZA,1,169.74,0.63,0.082,-0.632,3.062,-9.074,-0.133,0.065,-0.017,81.84,0.0,31.8,20,1,1
11:09:34.372,SONNOLENZA,1,175.39,-1.96,0.051,-0.833,3.158,-9.06,-0.137,0.071,-0.017,81.84,0.0,31.8,20,1,1
11:09:34.872,SONNOLENZA,1,-172.1,25.91,0.254,-0.809,3.05,-9.103,-0.122,0.065,-0.021,81.84,0.0,31.8,20,1,1
11:09:35.372,SONNOLENZA,1,178.76,-38.59,0.245,-0.618,3.158,-9.163,-0.134,0.07,-0.015,81.84,0.0,31.8,20,1,1
11:09:35.872,SONNOLENZA,1,-170.12,-33.8,0.099,-0.718,3.029,-9.17,-0.144,0.072,-0.021,81.84,0.0,31.8,20,1,1
11:09:36.372,SONNOLENZA,1,176.17,-9.81,0.19,-0.639,3.067,-8.99,-0.13,0.066,-0.015,81.84,0.0,31.8,20,1,1
11:09:36.872,SONNOLENZA,1,168.53,-7.25,0.137,-0.496,3.179,-9.201,-0.134,0.063,-0.023,81.84,0.0,31.8,20,1,1
11:09:37.372,SONNOLENZA,1,179.02,-10.25,0.062,-0.747,3.021,-9.191,-0.138,0.068,-0.021,81.84,0.0,31.8,20,1,1
11:09:37.873,SONNOLENZA,1,-175.15,30.49,0.326,-0.611,3.012,-8.978,-0.135,0.069,-0.018,81.84,0.0,31.8,20,1,1
11:09:38.373,SONNOLENZA,0,0.0,0.0,0.0,-0.591,3.029,-9.012,-0.132,0.068,-0.022,81.84,0.0,31.8,20,1,1
11:09:38.873,SONNOLENZA,1,-158.18,13.87,0.108,-0.792,3.244,-9.177,-0.133,0.076,-0.022,81.84,0.0,31.8,20,1,1
11:09:39.373,SONNOLENZA,1,173.05,-15.06,0.076,-0.807,3.041,-9.014,-0.141,0.069,-0.019,81.84,0.0,31.8,20,1,1
11:09:39.873,SONNOLENZA,1,-178.14,-10.34,0.096,-0.63,3.072,-9.093,-0.131,0.065,-0.015,81.84,0.0,31.8,20,1,1
11:09:40.373,SONNOLENZA,1,-178.88,31.18,0.22,-0.678,3.163,-9.187,-0.138,0.064,-0.014,81.84,0.0,31.8,20,1,1
11:09:40.873,SONNOLENZA,0,0.0,0.0,0.0,-0.79,2.957,-8.839,-0.133,0.067,-0.021,81.84,0.0,31.8,20,1,1
11:09:41.373,SONNOLENZA,1,-166.28,-15.11,0.116,-0.685,3.282,-9.081,-0.119,0.064,-0.016,81.84,0.0,31.8,21,1,1
11:09:41.873,SONNOLENZA,1,177.55,41.82,0.232,-0.833,3.105,-9.213,-0.129,0.069,-0.024,81.84,0.0,31.8,21,1,1
11:09:42.373,SONNOLENZA,1,-178.94,-9.7,0.196,-0.565,3.002,-8.95,-0.15,0.067,-0.022,81.84,0.0,31.8,21,1,1
11:09:42.873,SONNOLENZA,1,170.03,-4.51,0.116,-0.529,3.005,-9.124,-0.14,0.067,-0.02,81.84,0.0,31.8,21,1,1
11:09:43.373,SONNOLENZA,1,166.04,0.69,0.086,-0.802,3.158,-9.222,-0.13,0.067,-0.019,81.84,0.0,31.8,21,1,1
11:09:43.873,SONNOLENZA,1,-179.79,-2.51,0.073,-0.881,3.077,-9.026,-0.132,0.068,-0.014,81.84,0.0,31.7,21,1,1
11:09:44.373,SONNOLENZA,1,176.64,21.18,0.285,-0.563,3.084,-9.155,-0.133,0.072,-0.019,81.84,0.0,31.7,21,1,1
11:09:44.873,SONNOLENZA,1,-152.24,-12.94,0.106,-0.611,3.124,-9.258,-0.142,0.068,-0.022,81.84,0.0,31.7,21,1,1
11:09:45.373,SONNOLENZA,1,-173.31,-11.68,0.251,-0.697,3.0,-8.902,-0.143,0.075,-0.018,81.84,0.0,31.7,21,1,1
11:09:45.874,SONNOLENZA,1,-169.74,-31.61,0.165,-0.716,3.268,-9.141,-0.14,0.068,-0.019,81.84,0.0,31.7,21,1,1
11:09:46.374,SONNOLENZA,1,-179.89,-6.65,0.082,-0.871,3.072,-9.232,-0.135,0.067,-0.018,81.84,0.0,31.7,21,1,1
11:09:46.874,SONNOLENZA,1,175.87,-8.51,0.066,-0.642,3.055,-9.076,-0.133,0.072,-0.021,81.84,0.0,31.7,21,1,1
11:09:47.374,SONNOLENZA,1,177.6,-10.42,0.084,-0.804,3.182,-9.222,-0.133,0.064,-0.022,81.84,0.0,31.7,21,1,1
11:09:47.874,SONNOLENZA,1,169.13,-6.35,0.07,-0.795,3.158,-9.103,-0.121,0.064,-0.02,81.84,0.0,31.7,21,1,1
11:09:48.374,SONNOLENZA,1,160.78,12.92,0.065,-0.663,2.964,-9.038,-0.132,0.063,-0.013,81.84,0.0,31.7,21,1,1
11:09:48.874,SONNOLENZA,1,155.98,16.88,0.073,-0.486,3.062,-9.117,-0.14,0.067,-0.019,81.84,0.0,31.7,21,1,1
11:09:49.374,SONNOLENZA,1,157.88,19.04,0.161,-0.716,2.919,-8.909,-0.138,0.066,-0.018,81.84,0.0,31.7,21,1,1
11:09:49.874,SONNOLENZA,1,168.96,22.81,0.179,-0.582,3.208,-9.105,-0.14,0.063,-0.018,81.84,0.0,31.7,21,1,1
11:09:50.374,SONNOLENZA,1,172.98,23.38,0.128,-0.74,3.043,-9.275,-0.133,0.064,-0.021,81.84,0.0,31.7,21,1,1
11:09:50.874,SONNOLENZA,1,171.11,16.23,0.187,-0.639,2.995,-9.038,-0.124,0.068,-0.011,81.84,0.0,31.7,21,1,1
11:09:51.374,SONNOLENZA,1,158.57,6.6,0.138,-0.591,3.055,-9.091,-0.14,0.071,-0.021,81.84,0.0,31.7,21,1,1
11:09:51.874,SONNOLENZA,1,167.28,14.87,0.024,-0.709,3.184,-9.136,-0.127,0.063,-0.015,81.84,0.0,31.7,21,1,1
11:09:52.375,SONNOLENZA,1,-177.33,21.92,0.092,-0.91,3.103,-9.131,-0.13,0.064,-0.015,81.84,0.0,31.7,21,1,1
11:09:52.875,SONNOLENZA,1,-162.27,18.89,0.096,-0.558,3.141,-9.165,-0.139,0.072,-0.018,81.84,0.0,31.7,21,1,1
11:09:53.375,SONNOLENZA,1,-170.01,28.93,0.244,-0.706,3.141,-9.208,-0.137,0.076,-0.019,81.84,0.0,31.7,21,1,1
11:09:53.875,SONNOLENZA,1,-177.98,23.22,0.212,-0.62,2.962,-8.887,-0.14,0.066,-0.02,81.84,0.0,31.7,21,1,1
11:09:54.375,SONNOLENZA,1,-178.52,17.56,0.085,-0.62,3.23,-9.12,-0.138,0.072,-0.025,81.84,0.0,31.7,21,1,1
11:09:54.875,SONNOLENZA,1,-171.17,15.34,0.087,-0.9,3.11,-9.189,-0.135,0.069,-0.018,81.84,0.0,31.7,21,1,1
11:09:55.375,SONNOLENZA,1,172.99,14.22,0.286,-0.694,3.065,-8.993,-0.131,0.068,-0.017,81.84,0.0,31.7,21,1,1
11:09:55.875,SONNOLENZA,1,-176.69,16.85,0.166,-0.792,3.201,-9.155,-0.134,0.072,-0.018,81.84,0.0,31.7,21,1,1
11:09:56.375,SONNOLENZA,1,-140.55,3.5,0.159,-0.895,3.156,-9.131,-0.137,0.073,-0.022,81.84,0.0,31.7,21,1,1
11:09:56.875,SONNOLENZA,1,-169.39,22.01,0.152,-0.663,3.122,-9.184,-0.132,0.06,-0.017,81.84,0.0,31.7,21,1,1
11:09:57.375,SONNOLENZA,1,177.81,11.24,0.074,-0.642,3.098,-9.244,-0.127,0.065,-0.018,81.84,0.0,31.7,21,1,1
11:09:57.875,SONNOLENZA,1,173.05,2.94,0.042,-0.735,2.947,-8.918,-0.119,0.054,-0.014,81.84,0.0,31.7,21,1,1
11:09:58.375,SONNOLENZA,1,-168.62,2.15,0.189,-0.596,3.203,-9.143,-0.13,0.073,-0.022,81.84,0.0,31.7,21,1,1
11:09:58.875,SONNOLENZA,1,-175.28,9.95,0.198,-0.802,3.036,-9.189,-0.131,0.071,-0.02,81.84,0.0,31.6,21,1,1
11:09:59.376,SONNOLENZA,1,178.59,9.31,0.168,-0.618,3.072,-8.94,-0.136,0.063,-0.014,81.84,0.0,31.6,21,1,1
11:09:59.876,SONNOLENZA,1,-164.33,-0.41,0.234,-0.634,3.139,-9.256,-0.142,0.073,-0.019,81.84,0.0,31.6,21,1,1
11:10:00.376,SONNOLENZA,1,179.4,9.15,0.198,-0.781,3.079,-9.143,-0.132,0.067,-0.016,81.84,0.0,31.6,21,1,1
11:10:00.876,SONNOLENZA,1,171.97,2.91,0.261,-0.771,3.019,-9.057,-0.135,0.067,-0.015,81.84,0.0,31.6,21,1,1
11:10:01.376,SONNOLENZA,1,169.91,3.7,0.213,-0.646,3.17,-9.304,-0.129,0.072,-0.019,81.84,0.0,31.6,21,1,1
11:10:01.876,VIGILE,1,173.31,-25.83,0.148,-0.783,3.036,-9.273,-0.14,0.073,-0.018,81.84,0.0,31.6,21,1,1
11:10:02.376,VIGILE,1,172.69,-2.78,0.18,-0.582,3.084,-8.94,-0.141,0.066,-0.018,81.84,0.0,31.6,21,1,1
11:10:02.876,VIGILE,1,171.82,6.98,0.231,-0.728,3.187,-9.175,-0.13,0.067,-0.016,81.84,0.0,31.6,21,1,1
11:10:03.376,VIGILE,1,173.03,4.03,0.224,-0.745,3.033,-9.026,-0.137,0.07,-0.021,81.84,0.0,31.6,21,1,1
11:10:03.876,VIGILE,1,171.32,-0.47,0.236,-0.706,3.117,-9.153,-0.124,0.066,-0.015,81.84,0.0,31.6,21,1,1
11:10:04.376,VIGILE,1,173.12,-1.37,0.237,-0.769,3.127,-9.117,-0.131,0.062,-0.019,81.84,0.0,31.6,21,1,1
11:10:04.876,VIGILE,1,174.76,-5.99,0.225,-0.792,3.089,-9.043,-0.139,0.07,-0.019,81.84,0.0,31.6,21,1,1
11:10:05.376,VIGILE,1,169.94,34.21,0.134,-0.651,3.024,-9.033,-0.132,0.065,-0.018,81.84,0.0,31.6,21,1,1
11:10:05.876,VIGILE,1,175.37,12.53,0.127,-0.603,3.12,-9.297,-0.14,0.068,-0.023,81.84,0.0,31.6,21,1,1
11:10:06.376,VIGILE,1,176.29,33.7,0.106,-0.802,2.935,-8.964,-0.132,0.068,-0.018,81.84,0.0,31.6,21,1,1
11:10:06.877,VIGILE,1,176.85,12.48,0.057,-0.522,3.153,-9.342,-0.104,0.045,-0.021,81.84,0.0,31.6,21,1,1
11:10:07.377,VIGILE,1,177.67,7.26,0.152,-0.754,3.112,-9.22,-0.132,0.059,-0.019,81.84,0.0,31.6,21,1,1
11:10:07.877,VIGILE,1,178.44,19.8,0.118,-0.611,3.007,-9.227,-0.148,0.071,-0.02,81.84,0.0,31.6,21,1,1
11:10:08.377,VIGILE,1,178.28,29.2,0.122,-0.673,3.072,-9.076,-0.131,0.07,-0.015,81.84,0.0,31.6,21,1,1
11:10:08.877,VIGILE,1,177.18,7.32,0.235,-0.797,3.194,-9.072,-0.123,0.062,-0.014,81.84,0.0,31.6,21,1,1
11:10:09.377,VIGILE,1,177.01,-20.84,0.254,-0.802,3.184,-9.124,-0.136,0.07,-0.021,81.84,0.0,31.6,21,1,1
11:10:09.877,VIGILE,1,177.86,-13.67,0.182,-0.634,3.23,-9.098,-0.134,0.065,-0.019,81.84,0.0,31.6,21,1,1
11:10:10.377,VIGILE,1,179.66,-13.83,0.243,-0.735,3.024,-9.12,-0.15,0.07,-0.022,81.84,0.0,31.6,21,1,1
11:10:10.877,VIGILE,1,179.25,-16.88,0.243,-0.704,3.055,-8.99,-0.131,0.062,-0.021,81.84,0.0,31.6,21,1,1
11:10:11.377,VIGILE,1,177.3,-14.83,0.16,-0.754,3.153,-9.213,-0.139,0.076,-0.019,81.84,0.0,31.6,21,1,1
11:10:11.877,VIGILE,1,175.44,1.51,0.237,-0.675,3.06,-9.084,-0.125,0.068,-0.015,81.84,0.0,31.6,21,1,1
11:10:12.377,VIGILE,1,175.96,9.0,0.235,-0.764,3.117,-9.165,-0.124,0.064,-0.016,81.84,0.0,31.6,21,1,1
11:10:12.877,VIGILE,1,176.74,0.7,0.227,-0.792,3.191,-9.196,-0.123,0.064,-0.018,81.84,0.0,31.6,21,1,1
11:10:13.377,VIGILE,1,177.36,-3.12,0.219,-0.754,3.057,-9.031,-0.14,0.07,-0.019,81.84,0.0,31.6,21,1,1
11:10:13.877,VIGILE,1,177.17,-5.64,0.211,-0.646,3.194,-9.268,-0.13,0.07,-0.018,81.84,0.0,31.6,21,1,1
11:10:14.377,VIGILE,1,176.65,-3.6,0.228,-0.816,3.057,-9.232,-0.134,0.07,-0.019,81.84,0.0,31.6,21,1,1
11:10:14.877,VIGILE,1,177.91,-1.98,0.215,-0.776,3.108,-9.005,-0.128,0.066,-0.016,81.84,0.0,31.6,21,1,1
11:10:15.378,VIGILE,1,178.34,-6.28,0.242,-0.728,3.306,-9.146,-0.129,0.07,-0.017,81.84,0.0,31.6,21,1,1
11:10:15.878,VIGILE,1,176.84,-3.49,0.215,-0.84,3.06,-9.062,-0.128,0.063,-0.018,81.84,0.0,31.6,21,1,1
11:10:16.378,VIGILE,1,177.46,-3.42,0.233,-0.536,3.024,-9.06,-0.141,0.066,-0.025,81.84,0.0,31.6,21,1,1
11:10:16.878,VIGILE,1,172.1,6.34,0.222,-0.675,3.139,-9.263,-0.128,0.065,-0.015,81.84,0.0,31.6,21,1,1
11:10:17.378,VIGILE,1,173.46,-1.12,0.155,-0.735,3.026,-9.029,-0.136,0.069,-0.02,81.84,0.0,31.6,21,1,1
11:10:17.878,VIGILE,1,170.98,3.35,0.22,-0.673,3.005,-8.993,-0.136,0.07,-0.019,81.84,0.0,31.6,21,1,1
11:10:18.378,VIGILE,1,170.05,-1.5,0.036,-0.687,3.096,-9.275,-0.135,0.071,-0.019,81.84,0.0,31.6,21,1,1
11:10:18.878,VIGILE,1,172.75,-1.12,0.216,-0.781,3.12,-8.918,-0.17,0.068,-0.027,81.84,0.0,31.6,21,1,1
11:10:19.378,VIGILE,1,174.75,-6.37,0.211,-0.045,2.648,-9.395,-0.158,0.081,-0.021,81.84,0.0,31.6,21,1,1
11:10:19.878,VIGILE,1,176.7,-6.93,0.225,0.912,2.243,-9.397,-0.128,0.067,-0.007,81.84,0.0,31.6,21,1,1
11:10:20.378,VIGILE,1,178.07,-7.33,0.214,0.627,1.906,-9.34,-0.143,0.059,-0.009,81.84,0.0,31.6,21,1,1
11:10:20.878,VIGILE,1,177.27,-4.27,0.229,0.218,2.284,-8.863,-0.173,0.079,-0.014,81.84,0.0,31.6,21,1,1
11:10:21.378,VIGILE,1,176.06,-5.69,0.216,0.472,2.284,-9.069,-0.076,0.068,-0.009,81.84,0.0,31.5,22,1,1
11:10:21.878,VIGILE,1,174.15,0.35,0.218,0.115,2.643,-9.376,-0.186,0.046,-0.037,81.84,0.0,31.5,22,1,1
11:10:22.378,VIGILE,1,173.63,1.41,0.222,-1.013,3.117,-9.093,-0.121,0.053,-0.028,81.84,0.0,31.5,22,1,1
11:10:22.878,VIGILE,1,168.82,3.77,0.229,-1.185,3.148,-9.416,-0.167,0.074,-0.023,81.84,0.0,31.5,22,1,1
11:10:23.379,VIGILE,1,173.85,3.19,0.13,-1.314,3.06,-9.048,-0.16,0.086,-0.021,81.84,0.0,31.5,22,1,1
11:10:23.879,VIGILE,1,169.69,5.75,0.184,-0.347,2.94,-8.756,-0.106,0.058,-0.013,81.84,0.0,31.5,22,1,1
11:10:24.379,VIGILE,1,164.41,2.55,0.188,1.381,2.006,-9.558,-0.199,0.045,-0.027,81.84,0.0,31.5,22,1,1
11:10:24.879,VIGILE,1,173.61,3.44,0.207,-0.532,2.885,-9.184,-0.146,0.056,-0.017,81.84,0.0,31.5,22,1,1
11:10:25.379,VIGILE,1,172.73,3.8,0.204,-1.583,2.962,-8.77,-0.127,0.084,-0.005,81.84,0.0,31.5,22,1,1
11:10:25.879,VIGILE,1,175.1,1.72,0.21,-0.194,2.739,-8.789,-0.133,0.116,-0.011,81.84,0.0,31.5,22,1,1
11:10:26.379,VIGILE,1,176.43,10.77,0.217,-0.357,3.033,-9.167,-0.187,0.075,-0.032,81.84,0.0,31.5,22,1,1
11:10:26.879,VIGILE,1,177.57,19.5,0.222,0.156,2.308,-8.77,-0.124,0.08,-0.014,81.84,0.0,31.5,22,1,1
11:10:27.379,VIGILE,1,-179.8,4.62,0.218,-0.584,2.77,-9.335,-0.143,0.069,-0.01,81.84,0.0,31.5,22,1,1
11:10:27.879,VIGILE,1,172.89,9.95,0.16,0.362,2.389,-9.404,-0.067,0.059,-0.017,81.84,0.0,31.5,22,1,1
11:10:28.379,VIGILE,1,167.8,17.58,0.202,0.263,3.287,-8.959,-0.128,0.096,-0.017,81.84,0.0,31.5,22,1,1
11:10:28.879,VIGILE,1,172.07,12.19,0.193,-0.613,2.976,-8.305,-0.197,0.068,-0.041,81.84,0.0,31.5,22,1,1
11:10:29.379,VIGILE,1,172.36,15.33,0.211,1.223,3.589,-7.197,-0.144,-0.052,-0.012,81.84,0.0,31.5,22,1,1
11:10:29.879,VIGILE,1,171.82,2.72,0.227,-1.736,2.107,-9.416,-0.231,-0.146,-0.005,81.84,0.0,31.5,22,1,1
11:10:30.379,VIGILE,1,177.61,0.29,0.238,-0.433,2.397,-8.198,-0.191,0.054,0.003,81.84,0.0,31.5,22,1,1
11:10:30.879,VIGILE,1,175.99,6.36,0.233,0.836,2.816,-10.566,-0.028,-0.046,0.027,81.84,0.0,31.5,22,1,1
11:10:31.380,VIGILE,1,176.58,0.25,0.23,-1.556,3.397,-8.143,-0.043,0.014,0.025,81.84,0.0,31.5,22,1,1
11:10:31.880,VIGILE,1,175.39,-8.97,0.258,-0.263,3.572,-9.699,-0.264,0.132,-0.037,81.84,0.0,31.5,22,1,1
11:10:32.380,VIGILE,1,176.09,-1.93,0.264,-2.425,4.113,-7.834,-0.07,0.079,0.007,81.84,0.0,31.5,22,1,1
11:10:32.880,VIGILE,1,171.3,1.71,0.093,-0.797,4.362,-7.798,-0.036,0.033,0.024,81.84,0.0,31.5,22,1,1
11:10:33.380,VIGILE,1,174.17,3.21,0.239,-1.13,3.306,-8.976,-0.572,0.237,-0.064,81.84,0.0,31.5,22,1,1
11:10:33.880,VIGILE,1,171.75,-8.0,0.233,-0.737,4.578,-9.529,-0.041,0.035,-0.029,81.84,0.0,31.5,22,1,1
11:10:34.380,VIGILE,1,171.13,-5.08,0.222,-1.647,2.502,-8.693,-0.149,0.095,-0.042,81.84,0.0,31.5,22,1,1
11:10:34.880,VIGILE,1,172.73,-2.88,0.225,-1.951,3.955,-9.23,-0.072,0.135,-0.03,81.84,0.0,31.5,22,1,1
11:10:35.380,VIGILE,1,169.63,-1.55,0.112,-1.937,3.654,-8.744,-0.216,0.106,-0.024,81.84,0.0,31.5,22,1,1
11:10:35.880,VIGILE,1,171.27,-3.95,0.243,-1.48,3.955,-8.997,-0.16,0.064,-0.015,81.84,0.0,31.5,22,1,1
11:10:36.380,VIGILE,1,173.25,-3.37,0.227,0.845,3.464,-5.634,-0.27,0.062,-0.022,81.84,0.0,31.5,22,1,1
11:10:36.880,VIGILE,1,172.65,-5.32,0.236,-1.451,2.514,-8.444,-0.588,0.315,0.033,81.84,0.0,31.5,22,1,1
11:10:37.380,VIGILE,1,167.15,-3.3,0.232,-1.403,3.642,-10.01,-0.215,-0.099,-0.05,81.84,0.0,31.5,22,1,1
11:10:37.880,VIGILE,1,175.41,-6.79,0.194,-4.343,2.942,-7.836,-0.293,0.053,-0.048,81.84,0.0,31.5,22,1,1
11:10:38.380,VIGILE,1,170.48,-3.95,0.228,-3.182,3.323,-9.251,-0.133,0.056,-0.004,81.84,0.0,31.5,22,1,1
11:10:38.880,VIGILE,1,169.68,-5.81,0.229,-4.257,3.879,-8.435,-0.151,0.059,-0.025,81.84,0.0,31.5,22,1,1
11:10:39.381,VIGILE,1,169.41,-6.04,0.218,-4.379,3.814,-8.499,-0.13,0.064,-0.003,81.84,0.0,31.5,22,1,1
11:10:39.881,VIGILE,1,173.63,-20.17,0.177,-2.322,3.536,-9.153,-0.088,0.089,-0.005,81.84,0.0,31.5,22,1,1
11:10:40.381,VIGILE,1,172.69,-18.25,0.244,-1.372,2.952,-9.352,-0.14,0.079,-0.009,81.84,0.0,31.5,22,1,1
11:10:40.881,VIGILE,1,174.02,-8.43,0.221,-1.441,2.643,-9.199,-0.112,0.061,-0.021,81.84,0.0,31.5,22,1,1
11:10:41.381,VIGILE,1,176.67,8.63,0.095,0.005,2.191,-10.269,-0.118,0.094,-0.025,81.84,0.0,31.5,22,1,1
11:10:41.881,VIGILE,1,178.23,7.36,0.216,-0.625,2.44,-9.313,-0.13,0.075,-0.021,81.84,0.0,31.5,22,1,1
11:10:42.381,VIGILE,1,177.1,18.22,0.062,-0.419,2.423,-9.337,-0.118,0.097,-0.02,81.84,0.0,31.5,22,1,1
11:10:42.881,VIGILE,1,174.77,35.38,0.231,-0.67,2.253,-9.055,-0.183,0.104,-0.03,81.84,0.0,31.5,22,1,1
11:10:43.381,VIGILE,1,176.29,40.24,0.188,0.9,2.279,-10.003,-0.117,0.08,-0.035,81.84,0.0,31.5,22,1,1
11:10:43.881,VIGILE,1,179.47,56.89,0.443,0.68,2.885,-9.0,-0.183,0.073,0.017,81.84,0.0,31.5,22,1,1
11:10:44.381,VIGILE,1,-164.6,65.78,0.39,0.443,4.544,-8.973,-0.105,-0.031,0.241,81.84,0.0,31.5,22,1,1
11:10:44.881,VIGILE,1,175.21,67.7,0.755,-1.025,4.391,-8.456,-0.077,-0.091,0.47,81.84,0.0,31.5,22,1,1
11:10:45.381,VIGILE,1,175.82,61.29,0.501,-1.264,4.499,-9.158,-0.036,-0.142,0.521,81.84,0.0,31.5,22,1,1
11:10:45.881,VIGILE,1,178.38,43.29,0.339,-0.512,4.573,-10.618,-0.017,-0.217,0.634,81.84,0.0,31.5,22,1,1
11:10:46.381,VIGILE,1,178.56,36.4,0.258,1.073,2.945,-9.34,-0.039,-0.134,0.525,81.84,0.0,31.5,22,1,1
11:10:46.881,VIGILE,1,175.57,30.27,0.282,1.561,3.852,-10.132,-0.174,-0.032,0.308,81.84,0.0,31.5,22,1,1
11:10:47.382,VIGILE,1,-179.52,18.43,0.241,-0.213,4.398,-8.892,-0.215,0.023,0.178,81.84,0.0,31.5,22,1,1
11:10:47.882,VIGILE,1,176.59,2.79,0.239,-0.812,4.025,-8.6,-0.223,0.169,0.13,81.84,0.0,31.5,22,1,1
11:10:48.382,VIGILE,1,172.06,-10.93,0.235,-0.627,2.291,-9.802,-0.168,0.101,0.043,81.84,0.0,31.5,22,1,1
11:10:48.882,VIGILE,1,171.04,-8.43,0.255,-1.882,2.729,-9.079,-0.072,0.021,-0.024,81.84,0.0,31.5,22,1,1
11:10:49.382,VIGILE,1,168.41,-7.49,0.261,-1.702,3.517,-7.705,-0.232,0.075,-0.019,81.84,0.0,31.5,22,1,1
11:10:49.882,VIGILE,1,169.81,-8.81,0.26,-2.301,3.026,-8.753,-0.107,0.039,-0.021,81.84,0.0,31.5,22,1,1
11:10:50.382,VIGILE,1,174.64,-14.66,0.125,-0.481,3.021,-8.995,-0.115,0.073,-0.025,81.84,0.0,31.5,22,1,1
11:10:50.882,VIGILE,1,174.22,-9.87,0.252,0.675,2.919,-9.519,-0.156,0.042,-0.031,81.84,0.0,31.5,22,1,1
11:10:51.382,VIGILE,1,175.5,-13.36,0.214,0.52,2.337,-8.99,-0.129,0.079,-0.075,81.84,0.0,31.5,21,1,1
11:10:51.882,VIGILE,1,174.32,-13.33,0.249,-1.353,3.194,-8.77,-0.02,0.017,0.027,81.84,0.0,31.5,21,1,1
11:10:52.382,VIGILE,1,168.72,-11.85,0.27,0.395,3.146,-13.42,0.297,-0.089,-0.062,81.84,0.0,31.5,21,1,1
11:10:52.882,VIGILE,1,172.13,-6.47,0.25,-0.769,2.799,-9.395,-0.034,0.074,-0.037,81.84,0.0,31.5,21,1,1
11:10:53.382,VIGILE,1,169.96,-11.41,0.254,-0.934,3.651,-9.091,-0.123,0.058,-0.042,81.84,0.0,31.5,21,1,1
11:10:53.882,VIGILE,1,172.36,-5.37,0.247,-0.804,2.983,-9.421,0.275,-0.086,0.117,81.84,0.0,31.5,21,1,1
11:10:54.382,VIGILE,1,169.85,-7.12,0.262,-1.798,3.103,-9.603,-0.08,0.112,0.002,81.84,0.0,31.5,21,1,1
11:10:54.882,VIGILE,1,168.24,3.38,0.086,-1.281,2.691,-9.179,-0.18,0.045,-0.031,81.84,0.0,31.5,21,1,1
11:10:55.383,VIGILE,1,177.48,0.06,0.271,0.395,3.007,-10.896,-0.026,0.076,-0.018,81.84,0.0,31.5,21,1,1
11:10:55.883,VIGILE,1,177.1,-3.0,0.25,0.201,2.061,-9.041,-0.15,0.112,-0.053,81.84,0.0,31.5,21,1,1
11:10:56.383,VIGILE,1,173.12,2.21,0.215,0.977,4.829,-9.208,-0.311,0.076,-0.091,81.84,0.0,31.4,21,1,1
11:10:56.883,VIGILE,1,174.67,5.53,0.217,-1.841,3.998,-8.732,-0.072,0.051,0.019,81.84,0.0,31.4,21,1,1
11:10:57.383,VIGILE,1,172.11,0.36,0.239,-0.795,3.239,-8.859,-0.087,0.026,0.009,81.84,0.0,31.4,21,1,1
11:10:57.883,VIGILE,1,174.38,-3.64,0.245,-0.151,3.306,-8.432,-0.255,0.112,-0.033,81.84,0.0,31.4,21,1,1
11:10:58.383,VIGILE,1,175.67,-11.59,0.273,0.005,3.1,-9.098,-0.064,0.02,0.011,81.84,0.0,31.4,21,1,1
11:10:58.883,VIGILE,1,176.62,0.36,0.255,0.22,1.544,-9.718,-0.187,0.147,-0.152,81.84,0.0,31.4,21,1,1
11:10:59.383,VIGILE,1,171.77,-5.62,0.246,-0.678,4.077,-9.117,-0.209,0.05,-0.018,81.84,0.0,31.4,21,1,1
11:10:59.883,VIGILE,1,165.36,-3.23,0.244,-3.51,5.1,-7.321,-0.168,0.099,0.029,81.84,0.0,31.4,21,1,1
11:11:00.383,VIGILE,1,168.89,-3.55,0.23,-1.48,4.614,-8.473,-0.606,0.184,-0.076,81.84,0.0,31.4,21,1,1
11:11:00.883,NERVOSO,1,178.28,-5.78,0.265,0.038,3.431,-9.313,-0.138,0.053,-0.013,81.84,0.0,31.4,21,1,1
11:11:01.383,NERVOSO,1,168.06,-5.08,0.232,0.891,1.932,-9.543,-0.175,0.111,-0.085,81.84,0.0,31.4,21,1,1
11:11:01.883,NERVOSO,1,172.47,-6.96,0.268,-2.863,3.029,-9.627,-0.013,-0.01,0.003,81.84,0.0,31.4,21,1,1
11:11:02.383,NERVOSO,1,169.01,-5.22,0.222,-2.583,4.099,-9.747,-0.146,-0.03,-0.008,81.84,0.0,31.4,21,1,1
11:11:02.883,NERVOSO,1,170.81,-5.94,0.246,-0.656,3.285,-6.634,-0.124,0.095,0.023,81.84,0.0,31.4,21,1,1
11:11:03.384,NERVOSO,1,173.12,-9.41,0.247,-1.259,2.617,-8.499,-0.129,0.182,-0.042,81.84,0.0,31.4,21,1,1
11:11:03.884,NERVOSO,1,176.33,-10.38,0.267,0.385,1.81,-10.166,-0.132,0.075,-0.03,81.84,0.0,31.4,21,1,1
11:11:04.384,NERVOSO,1,172.19,-6.79,0.239,-0.359,2.291,-9.167,0.308,-0.145,0.042,81.84,0.0,31.4,21,1,1
11:11:04.884,NERVOSO,1,170.1,-6.99,0.249,-3.385,2.71,-8.401,-0.162,0.071,-0.007,81.84,0.0,31.4,21,1,1
11:11:05.384,NERVOSO,1,172.29,-11.06,0.148,-2.816,3.922,-8.267,-0.174,0.045,-0.003,81.84,0.0,31.4,21,1,1
11:11:05.884,NERVOSO,1,172.31,-9.24,0.248,-1.058,3.036,-9.333,-0.173,0.08,-0.018,81.84,0.0,31.4,21,1,1
11:11:06.384,NERVOSO,1,169.95,-6.02,0.092,-1.465,2.971,-9.191,-0.073,0.064,-0.013,81.84,0.0,31.4,21,1,1
11:11:06.884,NERVOSO,1,172.71,1.08,0.236,-1.178,2.77,-9.009,-0.151,0.06,-0.032,81.84,0.0,31.4,21,1,1
11:11:07.384,NERVOSO,1,168.45,0.76,0.237,-1.444,3.338,-8.576,-0.107,0.058,0.011,81.84,0.0,31.4,21,1,1
11:11:07.884,NERVOSO,1,170.52,-4.1,0.243,-2.442,3.881,-8.308,-0.137,0.088,-0.025,81.84,0.0,31.4,21,1,1
11:11:08.384,NERVOSO,1,174.11,-11.16,0.246,-3.519,4.401,-8.981,-0.056,0.048,0.013,81.84,0.0,31.4,21,1,1
11:11:08.884,NERVOSO,1,171.47,-7.86,0.254,-0.982,3.014,-9.084,-0.156,0.082,-0.029,81.84,0.0,31.4,21,1,1
11:11:09.384,NERVOSO,1,170.68,-7.66,0.232,-1.283,2.986,-9.012,-0.139,0.063,-0.017,81.84,0.0,31.4,21,1,1
11:11:09.884,NERVOSO,1,176.02,-11.16,0.269,0.498,1.803,-9.014,-0.124,0.078,-0.006,81.84,0.0,31.4,21,1,1
11:11:10.384,NERVOSO,1,175.73,-14.75,0.261,-0.637,2.811,-9.486,-0.167,0.078,-0.025,81.84,0.0,31.4,21,1,1
11:11:10.884,NERVOSO,1,173.25,-16.14,0.255,-0.706,3.886,-9.371,-0.11,0.055,-0.027,81.84,0.0,31.4,21,1,1
11:11:11.385,NERVOSO,1,173.25,-17.72,0.247,-4.173,4.039,-8.021,-0.145,0.033,-0.013,81.84,0.0,31.3,21,1,1
11:11:11.885,NERVOSO,1,178.31,-14.39,0.227,-1.281,3.184,-9.167,-0.107,0.079,-0.007,81.84,0.0,31.3,21,1,1
11:11:12.385,NERVOSO,1,177.4,-17.97,0.224,-1.022,3.005,-9.093,-0.128,0.046,-0.026,81.84,0.0,31.3,21,1,1
11:11:12.885,NERVOSO,1,174.73,-19.22,0.236,-0.838,3.024,-8.947,-0.164,0.072,-0.01,81.84,0.0,31.3,21,1,1
11:11:13.385,NERVOSO,1,174.49,-22.98,0.265,-1.298,3.029,-9.036,-0.103,0.05,-0.012,81.84,0.0,31.3,21,1,1
11:11:13.885,NERVOSO,1,173.37,-22.6,0.229,-1.295,3.251,-8.626,-0.158,0.064,-0.031,81.84,0.0,31.3,21,1,1
11:11:14.385,NERVOSO,1,173.9,-22.25,0.269,-2.545,3.876,-9.287,-0.107,0.085,-0.01,81.84,0.0,31.3,21,1,1
11:11:14.885,NERVOSO,1,174.36,-20.27,0.238,-1.295,2.945,-9.024,-0.131,0.066,-0.018,81.84,0.0,31.3,21,1,1
11:11:15.385,NERVOSO,1,173.69,-18.63,0.242,-1.118,3.067,-9.064,-0.14,0.066,-0.015,81.84,0.0,31.3,21,1,1
11:11:15.885,VIGILE,1,174.85,-19.08,0.235,-1.24,3.06,-8.985,-0.122,0.064,-0.011,81.84,0.0,31.3,21,1,1
11:11:16.385,VIGILE,1,172.25,-20.04,0.241,-1.173,2.919,-8.954,-0.14,0.069,-0.021,81.84,0.0,31.3,21,1,1
11:11:16.885,VIGILE,1,173.6,-16.67,0.221,-1.185,2.993,-9.182,-0.13,0.066,-0.017,81.84,0.0,31.3,21,1,1
11:11:17.385,VIGILE,1,173.58,-17.04,0.232,-1.288,2.926,-8.859,-0.13,0.064,-0.014,81.84,0.0,31.3,21,1,1
11:11:17.885,VIGILE,1,175.2,-10.44,0.186,-0.271,2.612,-9.943,-0.109,0.061,-0.002,81.84,0.0,31.3,21,1,1
11:11:18.385,VIGILE,1,173.15,9.95,0.229,0.275,2.294,-9.562,-0.151,0.11,-0.017,81.84,0.0,31.3,21,1,1
11:11:18.886,VIGILE,1,173.58,-3.56,0.092,0.663,1.702,-10.508,-0.078,0.035,-0.035,81.84,0.0,31.2,21,1,1
11:11:19.386,VIGILE,1,176.94,-9.67,0.243,-0.965,1.966,-9.462,-0.158,0.091,-0.138,81.84,0.0,31.2,21,1,1
11:11:19.886,VIGILE,1,178.76,-17.03,0.227,-0.989,0.603,-10.075,-0.177,0.189,-0.265,81.84,0.0,31.2,21,1,1
11:11:20.386,VIGILE,1,178.12,-7.9,0.255,-1.396,1.001,-9.586,-0.215,0.231,-0.391,81.84,0.0,31.2,21,1,1
11:11:20.886,VIGILE,1,174.5,-16.26,0.178,-0.115,1.647,-10.748,-0.244,0.199,-0.458,81.84,0.0,31.2,21,1,1
11:11:21.386,VIGILE,1,172.65,-16.89,0.252,-2.574,1.496,-9.21,-0.238,0.179,-0.441,81.84,0.0,31.2,21,1,1
11:11:21.886,VIGILE,1,171.78,-16.81,0.274,-2.454,1.662,-8.358,-0.217,0.226,-0.417,81.84,0.0,31.2,21,1,1
11:11:22.386,VIGILE,1,174.15,-16.86,0.237,-2.049,2.749,-8.918,-0.168,0.171,-0.324,81.84,0.0,31.2,21,1,1
11:11:22.886,VIGILE,1,172.57,-10.19,0.156,-1.769,2.825,-8.997,-0.168,0.107,-0.277,81.84,0.0,31.2,21,1,1
11:11:23.386,VIGILE,1,174.7,-9.89,0.226,-1.499,3.965,-9.225,-0.204,0.116,-0.188,81.84,0.0,31.2,21,1,1
11:11:23.886,VIGILE,1,171.81,-7.51,0.209,-1.551,3.352,-8.581,-0.123,0.08,-0.112,81.84,0.0,31.2,21,1,1
11:11:24.386,VIGILE,1,173.14,2.31,0.223,0.802,2.938,-7.846,-0.12,0.015,-0.151,81.84,0.0,31.2,21,1,1
11:11:24.886,VIGILE,1,173.24,2.55,0.237,-0.867,2.691,-8.77,-0.106,0.072,-0.063,81.84,0.0,31.2,21,1,1
11:11:25.386,VIGILE,1,172.63,-0.84,0.144,-0.103,3.709,-8.732,-0.21,0.058,-0.076,81.84,0.0,31.2,21,1,1
11:11:25.886,VIGILE,1,173.45,-1.53,0.199,-2.253,3.859,-9.428,-0.19,0.109,-0.076,81.84,0.0,31.2,21,1,1
11:11:26.386,VIGILE,1,172.64,-1.82,0.234,-4.092,3.115,-8.753,-0.072,0.122,0.002,81.84,0.0,31.2,21,1,1
11:11:26.887,VIGILE,1,174.62,-2.83,0.237,-0.697,2.382,-10.12,-0.11,0.119,-0.012,81.84,0.0,31.2,21,1,1
11:11:27.387,VIGILE,1,176.28,-7.07,0.221,-1.295,3.031,-9.187,-0.13,0.079,-0.057,81.84,0.0,31.2,21,1,1
11:11:27.887,VIGILE,1,173.76,-8.44,0.083,-1.18,3.168,-9.129,-0.083,0.042,-0.035,81.84,0.0,31.2,21,1,1
11:11:28.387,VIGILE,1,173.74,-6.96,0.235,-1.092,2.662,-9.117,-0.123,0.068,-0.054,81.84,0.0,31.2,21,1,1
11:11:28.887,VIGILE,1,175.57,-7.04,0.208,-0.85,2.978,-8.595,-0.135,0.058,-0.056,81.84,0.0,31.1,21,1,1
11:11:29.387,VIGILE,1,175.22,-4.96,0.188,-1.257,3.132,-9.292,-0.098,0.061,-0.057,81.84,0.0,31.1,21,1,1
11:11:29.887,VIGILE,1,173.77,-1.94,0.23,-1.365,3.144,-8.95,-0.156,0.089,-0.062,81.84,0.0,31.1,21,1,1
11:11:30.387,VIGILE,1,175.04,-6.44,0.237,-1.441,3.464,-8.626,-0.164,0.113,-0.06,81.84,0.0,31.1,21,1,1
11:11:30.887,VIGILE,1,175.11,-4.34,0.115,-2.296,3.304,-8.787,-0.138,0.086,-0.035,81.84,0.0,31.1,21,1,1
11:11:31.387,VIGILE,1,173.42,0.61,0.239,-1.618,4.875,-7.798,-0.046,0.058,-0.06,81.84,0.0,31.1,21,1,1
11:11:31.887,VIGILE,1,175.49,3.71,0.234,0.091,3.551,-8.65,0.068,0.078,-0.02,81.84,0.0,31.1,21,1,1
11:11:32.387,VIGILE,1,174.23,5.04,0.243,-1.161,3.211,-8.837,-0.094,0.048,-0.024,81.84,0.0,31.1,21,1,1
11:11:32.887,VIGILE,1,173.9,2.81,0.242,-0.469,3.323,-9.591,-0.161,0.076,-0.021,81.84,0.0,31.1,21,1,1
11:11:33.387,VIGILE,1,172.79,-3.09,0.231,-2.126,2.308,-9.541,-0.159,0.067,-0.018,81.84,0.0,31.1,21,1,1
11:11:33.887,VIGILE,1,176.18,-4.94,0.234,-0.709,2.009,-9.481,-0.151,0.074,-0.022,81.84,0.0,31.1,21,1,1
11:11:34.387,VIGILE,1,174.26,3.23,0.247,-1.209,3.376,-8.964,-0.148,0.073,-0.015,81.84,0.0,31.1,21,1,1
11:11:34.888,VIGILE,1,171.12,-2.21,0.098,-1.35,3.8,-8.832,-0.062,0.034,0.027,81.84,0.0,31.1,21,1,1
11:11:35.388,VIGILE,1,170.77,2.26,0.255,-1.628,3.364,-9.206,-0.062,0.019,0.038,81.84,0.0,31.1,21,1,1
11:11:35.888,VIGILE,1,173.22,0.91,0.237,-0.862,3.29,-9.033,-0.173,0.07,-0.032,81.84,0.0,31.1,21,1,1
11:11:36.388,VIGILE,1,169.49,2.52,0.256,-1.609,3.943,-8.411,-0.137,0.07,-0.018,81.84,0.0,31.1,21,1,1
11:11:36.888,VIGILE,1,167.96,3.24,0.254,-2.478,3.733,-8.653,-0.123,0.039,0.013,81.84,0.0,31.1,21,1,1
11:11:37.388,VIGILE,1,170.51,0.51,0.261,-3.663,3.982,-8.526,-0.088,0.053,-0.003,81.84,0.0,31.1,21,1,1
11:11:37.888,VIGILE,1,171.54,-3.19,0.095,-1.19,3.086,-9.048,-0.123,0.079,-0.011,81.84,0.0,31.1,21,1,1
11:11:38.388,VIGILE,1,174.01,-1.92,0.249,-1.262,3.29,-9.038,-0.125,0.065,-0.008,81.84,0.0,31.1,21,1,1
11:11:38.888,VIGILE,1,173.14,-3.77,0.235,-1.049,3.302,-9.232,-0.137,0.063,-0.014,81.84,0.0,31.0,21,1,1
11:11:39.388,VIGILE,1,172.42,-1.78,0.252,-1.19,3.23,-9.143,-0.158,0.08,-0.019,81.84,0.0,31.0,21,1,1
11:11:39.888,VIGILE,1,174.63,-8.38,0.258,-0.28,3.191,-9.074,-0.113,0.056,-0.014,81.84,0.0,31.0,21,1,1
11:11:40.388,VIGILE,1,174.47,-59.35,0.336,1.147,2.456,-10.135,-0.119,0.078,-0.005,81.84,0.0,31.0,21,1,1
11:11:40.888,VIGILE,1,172.02,26.19,0.268,1.587,2.2,-10.297,-0.095,0.058,0.007,81.84,0.0,31.0,21,1,1
11:11:41.388,VIGILE,1,174.48,34.25,0.305,1.97,3.867,-8.59,-0.214,0.005,0.145,81.84,0.0,31.0,22,1,1
11:11:41.888,VIGILE,1,178.68,39.06,0.296,1.487,3.79,-9.838,-0.105,-0.02,0.373,81.84,0.0,31.0,22,1,1
11:11:42.388,VIGILE,1,177.53,41.45,0.149,0.352,3.649,-9.215,-0.11,-0.003,0.506,81.84,0.0,31.0,22,1,1
11:11:42.888,VIGILE,1,172.62,40.95,0.336,-0.158,4.949,-8.037,-0.115,-0.104,0.448,81.84,0.0,31.0,22,1,1
11:11:43.389,VIGILE,1,174.0,35.02,0.314,1.889,5.088,-8.267,-0.03,-0.021,0.487,81.84,0.0,31.0,22,1,1
11:11:43.889,VIGILE,1,176.14,31.21,0.254,1.757,4.772,-9.857,-0.068,-0.112,0.406,81.84,0.0,31.0,22,1,1
11:11:44.389,VIGILE,1,173.17,17.44,0.241,2.593,3.488,-10.07,-0.042,-0.042,0.241,81.84,0.0,31.0,22,1,1
11:11:44.889,NERVOSO,1,176.01,7.9,0.085,0.572,1.13,-10.824,0.159,-0.153,-0.029,81.84,0.0,31.0,22,1,1
11:11:45.389,NERVOSO,1,173.62,-2.6,0.219,-0.304,3.093,-9.316,-0.136,-0.002,-0.001,81.84,0.0,31.0,22,1,1
11:11:45.889,NERVOSO,1,175.04,-6.32,0.16,1.35,3.251,-8.88,-0.03,-0.065,-0.034,81.84,0.0,31.0,22,1,1
11:11:46.389,NERVOSO,1,178.45,-6.25,0.154,1.037,2.124,-11.006,0.065,0.099,-0.003,81.84,0.0,31.0,21,1,1
11:11:46.889,NERVOSO,1,175.76,-3.09,0.242,-0.388,2.531,-9.613,-0.134,0.153,-0.039,81.84,0.0,31.0,21,1,1
11:11:47.389,NERVOSO,1,179.09,-9.84,0.264,0.8,1.951,-9.565,-0.027,-0.071,-0.059,81.84,0.0,31.0,21,1,1
11:11:47.889,NERVOSO,1,179.29,-8.37,0.251,-0.656,1.492,-9.182,-0.115,0.029,-0.042,81.84,0.0,31.0,21,1,1
11:11:48.389,NERVOSO,1,176.52,-6.83,0.186,-1.657,2.84,-9.275,0.236,-0.006,-0.032,81.84,0.0,31.0,21,1,1
11:11:48.889,NERVOSO,1,173.78,-11.53,0.267,-0.68,5.037,-9.95,0.008,-0.079,0.008,81.84,0.0,31.0,22,1,1
11:11:49.389,NERVOSO,1,175.92,-11.88,0.249,0.254,4.252,-9.27,-0.067,-0.002,-0.023,81.84,0.0,31.0,22,1,1
11:11:49.890,NERVOSO,1,167.71,-8.31,0.256,-3.584,4.721,-8.38,-0.176,-0.013,-0.031,81.84,0.0,31.0,22,1,1
11:11:50.390,NERVOSO,1,166.87,-7.09,0.255,-2.875,3.268,-9.11,-0.129,0.053,-0.111,81.84,0.0,31.0,22,1,1
11:11:50.890,NERVOSO,1,173.51,-12.47,0.272,-3.893,3.206,-9.122,-0.091,0.031,-0.067,81.84,0.0,31.0,22,1,1
11:11:51.390,NERVOSO,1,171.15,-2.48,0.249,-0.414,5.21,-8.064,-0.15,0.056,0.068,81.84,0.0,31.0,22,1,1
11:11:51.890,NERVOSO,1,169.67,-3.75,0.271,0.22,4.125,-8.938,-0.026,-0.069,0.164,81.84,0.0,31.0,22,1,1
11:11:52.390,NERVOSO,1,164.77,-7.48,0.244,-3.448,5.109,-8.487,-0.086,0.042,-0.008,81.84,0.0,31.0,22,1,1
11:11:52.890,NERVOSO,1,165.95,-5.28,0.112,-2.579,3.941,-8.499,-0.095,0.085,-0.038,81.84,0.0,31.0,22,1,1
11:11:53.390,NERVOSO,1,170.11,-4.15,0.171,-2.332,4.017,-9.074,-0.092,0.053,0.006,81.84,0.0,31.0,22,1,1
11:11:53.890,NERVOSO,1,168.06,-0.67,0.234,-2.689,3.555,-8.107,-0.149,-0.016,-0.039,81.84,0.0,31.0,22,1,1
11:11:54.390,NERVOSO,1,179.2,-2.02,0.242,0.443,1.53,-8.514,-0.191,0.04,-0.051,81.84,0.0,31.0,22,1,1
11:11:54.890,NERVOSO,1,173.25,-2.35,0.217,0.615,2.99,-10.156,0.019,-0.01,0.014,81.84,0.0,31.0,22,1,1
11:11:55.390,NERVOSO,1,176.29,-6.11,0.217,0.646,3.06,-10.719,0.089,0.029,0.007,81.84,0.0,31.0,22,1,1
11:11:55.890,NERVOSO,1,176.27,-9.05,0.244,0.11,3.144,-9.656,-0.108,0.022,-0.028,81.84,0.0,31.0,22,1,1
11:11:56.390,NERVOSO,1,173.91,-5.34,0.159,-1.477,2.385,-9.371,-0.131,0.067,-0.085,81.84,0.0,30.9,22,1,1
11:11:56.890,NERVOSO,1,174.73,1.65,0.221,-1.341,3.084,-9.06,-0.213,0.119,-0.046,81.84,0.0,30.9,22,1,1
11:11:57.390,NERVOSO,1,172.84,-3.02,0.185,-1.602,3.014,-8.112,-0.127,0.043,0.003,81.84,0.0,30.9,22,1,1
11:11:57.891,NERVOSO,1,173.05,0.69,0.243,-1.635,3.417,-8.715,-0.106,0.03,-0.042,81.84,0.0,30.9,22,1,1
11:11:58.391,NERVOSO,1,173.0,1.97,0.232,-1.211,3.428,-8.205,-0.164,0.068,-0.026,81.84,0.0,30.9,22,1,1
11:11:58.891,NERVOSO,1,168.23,3.62,0.243,-3.677,3.895,-8.686,-0.19,0.08,-0.014,81.84,0.0,30.9,22,1,1
11:11:59.391,NERVOSO,1,165.3,17.03,0.236,-2.806,5.868,-7.86,-0.014,0.053,-0.047,81.84,0.0,30.9,22,1,1
11:11:59.891,NERVOSO,1,168.23,18.04,0.266,-2.318,4.606,-9.639,0.005,0.023,-0.007,81.84,0.0,30.9,22,1,1
11:12:00.391,NERVOSO,1,167.52,16.58,0.265,-4.635,4.731,-6.443,-0.258,0.08,-0.026,81.84,0.0,30.9,22,1,1
11:12:00.891,NERVOSO,1,170.68,21.18,0.231,-0.929,3.649,-10.063,-0.071,0.045,-0.015,81.84,0.0,30.9,22,1,1
11:12:01.391,NERVOSO,1,167.17,26.05,0.234,-0.124,2.61,-8.614,-0.107,0.087,-0.028,81.84,0.0,30.9,21,1,1
11:12:01.891,NERVOSO,1,170.47,32.6,0.263,-0.819,3.309,-9.431,-0.118,0.011,0.025,81.84,0.0,30.9,21,1,1
11:12:02.391,NERVOSO,1,174.13,38.63,0.266,0.196,4.666,-9.438,-0.124,0.022,0.06,81.84,0.0,30.9,21,1,1
11:12:02.892,NERVOSO,1,171.5,45.5,0.408,-0.151,5.861,-8.224,-0.108,-0.035,0.289,81.84,0.0,30.9,21,1,1
11:12:03.392,NERVOSO,1,174.19,45.58,0.415,-1.695,7.101,-7.506,-0.074,-0.073,0.456,81.84,0.0,30.9,21,1,1
11:12:03.892,NERVOSO,1,171.82,41.8,0.327,-0.33,6.57,-8.861,-0.031,-0.197,0.568,81.84,0.0,30.8,21,1,1
11:12:04.392,NERVOSO,1,178.73,35.92,0.284,1.013,5.181,-8.147,-0.135,-0.031,0.622,81.84,0.0,30.8,21,1,1
11:12:04.892,NERVOSO,1,177.47,32.94,0.22,0.596,5.145,-8.258,0.022,-0.097,0.508,81.84,0.0,30.8,21,1,1
11:12:05.392,NERVOSO,1,179.64,17.09,0.261,0.156,2.928,-9.309,-0.037,-0.014,0.235,81.84,0.0,30.8,21,1,1
11:12:05.892,NERVOSO,1,178.51,7.68,0.258,0.709,2.143,-9.187,-0.039,0.058,-0.004,81.84,0.0,30.8,21,1,1
11:12:06.392,NERVOSO,1,176.4,-11.54,0.268,1.437,2.775,-9.955,-0.152,0.07,-0.018,81.84,0.0,30.8,21,1,1
11:12:06.892,NERVOSO,1,172.49,3.8,0.252,-0.63,4.626,-9.036,-0.149,0.071,0.052,81.84,0.0,30.8,21,1,1
11:12:07.392,NERVOSO,1,172.96,-0.24,0.265,-1.863,2.693,-8.744,-0.076,0.05,-0.027,81.84,0.0,30.8,21,1,1
11:12:07.892,NERVOSO,1,169.85,2.7,0.26,-3.898,4.424,-7.889,-0.14,0.068,-0.056,81.84,0.0,30.8,21,1,1
11:12:08.392,NERVOSO,1,172.92,-14.05,0.233,-1.314,5.377,-10.606,-0.106,0.083,-0.016,81.84,0.0,30.8,21,1,1
11:12:08.892,NERVOSO,1,174.34,-0.86,0.051,-1.058,4.958,-9.177,-0.164,-0.004,0.032,81.84,0.0,30.7,21,1,1
11:12:09.392,NERVOSO,1,176.76,-2.29,0.254,-0.175,2.456,-9.783,0.022,-0.014,-0.018,81.84,0.0,30.7,21,1,1
11:12:09.892,NERVOSO,1,170.41,10.07,0.23,-0.072,4.374,-10.142,-0.118,0.064,-0.081,81.84,0.0,30.7,21,1,1
11:12:10.392,NERVOSO,1,174.93,1.58,0.115,-0.666,3.093,-8.234,-0.083,0.044,-0.001,81.84,0.0,30.7,21,1,1
11:12:10.893,NERVOSO,1,173.77,10.39,0.236,-0.673,1.437,-9.366,-0.067,0.105,-0.016,81.84,0.0,30.7,21,1,1
11:12:11.393,NERVOSO,1,171.28,17.26,0.234,0.275,3.859,-7.24,-0.187,0.035,0.029,81.84,0.0,30.7,21,1,1
11:12:11.893,NERVOSO,1,170.4,12.1,0.222,-1.676,4.094,-7.939,-0.175,0.026,0.073,81.84,0.0,30.7,21,1,1
11:12:12.393,NERVOSO,1,172.0,3.08,0.27,-5.418,4.477,-7.961,-0.212,0.08,-0.018,81.84,0.0,30.7,21,1,1
11:12:12.893,NERVOSO,1,173.0,-3.01,0.276,-1.183,3.73,-8.411,-0.137,0.063,-0.028,81.84,0.0,30.7,21,1,1
11:12:13.393,NERVOSO,1,174.01,-10.72,0.257,-2.373,5.485,-8.248,-0.094,0.018,0.086,81.84,0.0,30.7,21,1,1
11:12:13.893,NERVOSO,1,173.96,-29.97,0.179,-0.871,4.247,-8.88,-0.099,0.033,0.064,81.84,0.0,30.7,21,1,1
11:12:14.393,NERVOSO,1,174.83,-34.91,0.283,-1.872,2.756,-9.618,-0.135,0.107,-0.13,81.84,0.0,30.7,21,1,1
11:12:14.893,NERVOSO,1,178.75,-37.98,0.261,-3.541,0.735,-10.393,-0.022,0.129,-0.381,81.84,0.0,30.7,21,1,1
11:12:15.393,NERVOSO,1,-178.49,-44.01,0.325,-3.725,-0.594,-10.618,-0.048,0.28,-0.762,81.84,0.0,30.7,21,1,1
11:12:15.893,NERVOSO,1,179.74,-41.65,0.37,-2.964,-0.632,-10.247,-0.174,0.448,-0.959,81.84,0.0,30.7,21,1,1
11:12:16.393,NERVOSO,1,175.08,-32.73,0.132,-4.434,0.05,-10.039,-0.306,0.324,-0.841,81.84,0.0,30.6,21,1,1
11:12:16.893,NERVOSO,0,0.0,0.0,0.0,-1.915,1.997,-9.055,-0.299,0.445,-0.66,81.84,0.0,30.6,21,1,1
11:12:17.394,NERVOSO,1,176.98,16.24,0.208,0.285,4.774,-8.526,-0.178,0.011,-0.015,81.84,0.0,30.6,21,1,1
11:12:17.894,NERVOSO,1,-178.92,18.87,0.244,-2.009,5.899,-8.906,0.031,-0.13,0.316,81.84,0.0,30.6,21,1,1
11:12:18.394,NERVOSO,1,178.48,7.54,0.224,-0.869,0.424,-10.266,-0.079,0.166,-0.206,81.84,0.0,30.6,21,1,1
11:12:18.894,NERVOSO,1,176.56,12.49,0.232,0.469,3.335,-8.782,-0.158,0.125,-0.12,81.84,0.0,30.6,21,1,1
11:12:19.394,NERVOSO,1,166.93,14.66,0.244,-0.376,3.857,-9.57,-0.024,0.054,-0.066,81.84,0.0,30.6,21,1,1
11:12:19.894,NERVOSO,1,172.87,-0.38,0.258,2.291,4.477,-8.732,0.062,0.077,0.302,81.84,0.0,30.6,21,1,1
11:12:20.394,NERVOSO,1,176.3,-9.71,0.228,0.852,3.46,-8.08,-0.031,-0.023,0.167,81.84,0.0,30.6,21,1,1
11:12:20.894,NERVOSO,1,175.54,5.26,0.247,-0.972,-0.285,-9.998,-0.123,0.115,-0.188,81.84,0.0,30.6,21,1,1
11:12:21.394,NERVOSO,1,175.12,16.12,0.242,-0.141,4.281,-9.859,-0.319,0.073,-0.082,81.84,0.0,30.6,21,1,1
11:12:21.894,NERVOSO,1,169.21,-13.57,0.192,-5.318,3.74,-6.996,-0.09,0.146,-0.034,81.84,0.0,30.6,21,1,1
11:12:22.394,NERVOSO,1,171.17,-11.0,0.251,-2.686,-0.627,-8.464,-0.382,0.203,-0.203,81.84,0.0,30.6,21,1,1
11:12:22.894,NERVOSO,1,-178.89,14.87,0.201,0.407,2.567,-7.295,-0.325,0.185,-0.152,81.84,0.0,30.6,21,1,1
11:12:23.394,NERVOSO,1,176.89,-4.25,0.226,1.085,3.735,-9.268,-0.066,0.12,0.028,81.84,0.0,30.6,21,1,1
11:12:23.894,NERVOSO,1,172.37,4.65,0.182,-1.453,0.381,-9.292,-0.377,0.244,-0.306,81.84,0.0,30.6,21,1,1
11:12:24.394,NERVOSO,1,176.51,-0.8,0.233,-2.143,4.657,-9.831,-0.03,0.015,0.002,81.84,0.0,30.6,21,1,1
11:12:24.894,NERVOSO,1,173.89,-10.42,0.238,-1.267,3.651,-7.989,-0.055,-0.101,0.076,81.84,0.0,30.6,21,1,1
11:12:25.395,NERVOSO,1,177.54,-21.4,0.241,-3.764,-0.721,-9.086,-0.156,0.14,-0.235,81.84,0.0,30.6,21,1,1
11:12:25.895,NERVOSO,1,177.45,-17.49,0.22,-4.858,1.633,-9.445,-0.297,0.238,-0.413,81.84,0.0,30.6,21,1,1
11:12:26.395,NERVOSO,1,179.58,-14.96,0.209,-0.934,4.314,-8.519,-0.207,0.169,-0.07,81.84,0.0,30.5,21,1,1
11:12:26.895,NERVOSO,1,177.19,-0.4,0.255,-0.809,3.836,-9.268,-0.175,0.094,0.061,81.84,0.0,30.5,21,1,1
11:12:27.395,NERVOSO,1,179.48,6.69,0.232,-1.032,0.845,-9.613,-0.661,0.269,-0.166,81.84,0.0,30.5,21,1,1
11:12:27.895,NERVOSO,1,173.61,11.63,0.243,-0.479,4.269,-10.29,0.163,-0.016,0.038,81.84,0.0,30.5,21,1,1
11:12:28.395,NERVOSO,1,172.33,12.31,0.221,-2.851,5.334,-9.335,-0.352,0.266,-0.004,81.84,0.0,30.5,21,1,1
11:12:28.895,NERVOSO,1,175.17,9.79,0.204,-4.743,3.85,-7.424,-0.787,0.314,-0.177,81.84,0.0,30.5,22,1,1
11:12:29.395,NERVOSO,1,178.25,5.7,0.175,-3.093,5.207,-7.657,-0.264,0.104,-0.032,81.84,0.0,30.5,22,1,1
11:12:29.895,NERVOSO,1,-177.99,14.43,0.238,-0.962,2.411,-9.737,-0.172,0.135,-0.032,81.84,0.0,30.5,22,1,1
11:12:30.395,NERVOSO,1,178.75,17.32,0.216,0.199,2.325,-9.572,-0.106,0.042,-0.049,81.84,0.0,30.5,22,1,1
11:12:30.895,NERVOSO,1,175.23,18.12,0.215,-0.8,2.863,-9.12,-0.155,0.035,-0.055,81.84,0.0,30.5,22,1,1
11:12:31.395,NERVOSO,1,177.51,17.64,0.248,-1.681,4.073,-8.44,-0.116,0.051,0.01,81.84,0.0,30.5,22,1,1
11:12:31.895,NERVOSO,1,177.82,15.79,0.227,-2.574,5.112,-8.361,-0.078,0.086,0.118,81.84,0.0,30.5,22,1,1
11:12:32.395,NERVOSO,1,177.65,8.8,0.203,-2.157,1.803,-8.353,-0.201,0.035,0.026,81.84,0.0,30.5,22,1,1
11:12:32.896,NERVOSO,1,176.05,3.61,0.22,-2.081,1.973,-9.68,-0.114,0.125,-0.136,81.84,0.0,30.5,22,1,1
11:12:33.396,NERVOSO,1,-177.77,16.18,0.221,0.5,1.695,-10.163,-0.056,0.147,-0.238,81.84,0.0,30.5,22,1,1
11:12:33.896,NERVOSO,1,-179.51,19.95,0.141,1.674,3.51,-9.005,-0.021,0.018,-0.056,81.84,0.0,30.5,22,1,1
11:12:34.396,NERVOSO,1,178.48,8.07,0.215,1.259,6.024,-8.25,-0.137,-0.013,0.236,81.84,0.0,30.5,22,1,1
11:12:34.896,NERVOSO,1,-175.73,10.97,0.3,-0.017,2.461,-9.438,-0.044,0.01,0.127,81.84,0.0,30.5,22,1,1
11:12:35.396,NERVOSO,1,179.71,15.8,0.222,-0.395,2.306,-8.851,-0.248,0.124,-0.223,81.84,0.0,30.5,22,1,1
11:12:35.896,NERVOSO,1,-176.62,16.24,0.304,-1.63,1.322,-8.978,-0.127,0.101,-0.084,81.84,0.0,30.5,22,1,1
11:12:36.396,NERVOSO,1,179.6,22.43,0.258,-1.475,2.737,-9.637,0.091,0.034,-0.04,81.84,0.0,30.6,22,1,1
11:12:36.896,NERVOSO,1,174.79,30.37,0.231,-0.026,5.739,-7.863,0.119,-0.078,0.082,81.84,0.0,30.6,22,1,1
11:12:37.396,NERVOSO,1,-179.68,27.29,0.291,0.187,7.384,-7.57,-0.248,0.046,0.226,81.84,0.0,30.6,22,1,1
11:12:37.896,NERVOSO,1,179.11,28.73,0.261,-0.388,7.137,-7.661,-0.146,0.042,0.35,81.84,0.0,30.6,22,1,1
11:12:38.396,NERVOSO,1,-177.08,30.31,0.287,-0.141,2.856,-9.498,-0.144,0.075,0.171,81.84,0.0,30.6,22,1,1
11:12:38.897,NERVOSO,1,179.22,31.47,0.283,1.156,3.572,-8.198,-0.173,0.075,0.138,81.84,0.0,30.6,22,1,1
11:12:39.397,NERVOSO,1,178.9,27.19,0.284,-0.247,3.639,-9.017,-0.178,-0.025,0.106,81.84,0.0,30.6,22,1,1
11:12:39.897,NERVOSO,1,178.95,25.48,0.121,-0.366,4.044,-7.542,-0.098,0.023,0.103,81.84,0.0,30.6,22,1,1
11:12:40.397,NERVOSO,1,179.19,20.5,0.245,1.14,3.251,-8.926,-0.026,0.051,0.074,81.84,0.0,30.6,22,1,1
11:12:40.897,NERVOSO,1,174.05,8.02,0.237,0.105,4.913,-7.939,-0.274,0.088,0.067,81.84,0.0,30.6,22,1,1
11:12:41.397,NERVOSO,1,176.79,12.52,0.244,-1.927,1.123,-8.923,-0.08,0.098,-0.127,81.84,0.0,30.6,22,1,1
11:12:41.897,NERVOSO,1,174.94,14.08,0.245,-0.953,2.169,-9.148,-0.217,0.086,-0.151,81.84,0.0,30.6,22,1,1
11:12:42.397,NERVOSO,1,174.18,9.06,0.265,-2.983,-0.192,-9.689,0.09,0.033,-0.333,81.84,0.0,30.6,22,1,1
11:12:42.897,NERVOSO,1,174.69,21.34,0.153,-1.199,2.875,-8.811,-0.166,0.102,-0.1,81.84,0.0,30.6,22,1,1
11:12:43.397,NERVOSO,1,-179.3,15.97,0.26,-4.961,2.444,-6.155,-0.42,0.251,0.099,81.84,0.0,30.6,22,1,1
11:12:43.897,NERVOSO,1,-176.16,-16.38,0.274,-0.148,3.031,-10.072,0.149,-0.018,0.051,81.84,0.0,30.6,22,1,1
11:12:44.397,NERVOSO,1,175.9,-3.52,0.174,-0.172,1.051,-10.06,-0.088,0.019,-0.131,81.84,0.0,30.6,22,1,1
11:12:44.897,NERVOSO,1,175.52,8.95,0.219,0.369,4.741,-8.329,-0.215,0.052,-0.04,81.84,0.0,30.6,22,1,1
11:12:45.397,NERVOSO,1,171.53,5.58,0.246,-0.658,3.917,-9.313,-0.196,0.085,0.019,81.84,0.0,30.6,22,1,1
11:12:45.897,NERVOSO,1,-179.09,-3.94,0.259,-1.499,3.259,-9.323,-0.133,0.128,-0.043,81.84,0.0,30.6,22,1,1
11:12:46.397,NERVOSO,1,175.1,2.6,0.231,-5.545,4.791,-7.192,-0.245,0.034,-0.063,81.84,0.0,30.5,22,1,1
11:12:46.897,NERVOSO,1,174.79,-3.58,0.181,-1.688,3.376,-9.129,-0.115,0.106,-0.028,81.84,0.0,30.5,22,1,1
11:12:47.398,NERVOSO,1,179.1,-15.95,0.247,0.168,1.365,-9.29,-0.125,0.063,-0.125,81.84,0.0,30.5,22,1,1
11:12:47.898,NERVOSO,1,173.41,-3.49,0.23,-2.128,2.447,-8.71,-0.119,0.125,-0.198,81.84,0.0,30.5,22,1,1
11:12:48.398,NERVOSO,1,168.72,-9.34,0.223,-5.133,4.53,-8.564,-0.172,0.071,-0.092,81.84,0.0,30.5,22,1,1
11:12:48.898,NERVOSO,1,173.03,-5.66,0.194,-2.535,4.705,-8.607,-0.237,0.087,-0.088,81.84,0.0,30.5,22,1,1
11:12:49.398,NERVOSO,1,175.41,-15.36,0.23,-6.189,4.041,-3.572,0.507,-0.351,0.184,81.84,0.0,30.5,22,1,1
11:12:49.898,NERVOSO,1,-163.4,-63.27,0.428,3.419,1.815,-8.835,-0.259,0.176,-0.069,81.84,0.0,30.5,22,1,1
11:12:50.398,NERVOSO,1,178.33,-35.41,0.298,1.147,3.093,-9.148,-0.094,0.121,-0.009,81.84,0.0,30.5,22,1,1
11:12:50.898,NERVOSO,1,171.91,-27.3,0.275,1.075,4.307,-9.337,-0.069,0.06,-0.005,81.84,0.0,30.5,22,1,1
11:12:51.398,NERVOSO,1,178.11,-16.32,0.283,0.527,3.759,-10.513,0.145,-0.116,0.12,81.84,0.0,30.5,22,1,1
11:12:51.898,NERVOSO,1,173.29,-9.92,0.266,-1.343,2.708,-11.94,0.888,-0.105,0.26,81.84,0.0,30.5,22,1,1
11:12:52.398,NERVOSO,1,175.72,-9.3,0.275,0.694,0.989,-10.075,-0.085,0.065,-0.05,81.84,0.0,30.5,22,1,1
11:12:52.898,NERVOSO,1,178.16,18.29,0.261,0.587,-1.156,-10.206,-0.2,0.116,-0.233,81.84,0.0,30.5,22,1,1
11:12:53.398,NERVOSO,1,177.37,15.78,0.252,3.424,4.752,-10.19,-0.099,0.039,0.116,81.84,0.0,30.5,22,1,1
11:12:53.898,NERVOSO,1,177.0,20.31,0.216,3.213,2.337,-7.925,-0.153,0.148,0.089,81.84,0.0,30.6,22,1,1
11:12:54.398,NERVOSO,1,173.53,1.74,0.196,0.529,4.441,-12.598,0.043,0.07,0.069,81.84,0.0,30.6,22,1,1
11:12:54.899,NERVOSO,1,176.18,-0.25,0.224,-0.01,2.873,-9.606,-0.062,0.074,0.011,81.84,0.0,30.6,22,1,1
11:12:55.399,NERVOSO,1,177.06,0.02,0.243,0.982,2.777,-8.993,-0.097,0.016,-0.017,81.84,0.0,30.6,22,1,1
11:12:55.899,NERVOSO,1,179.86,-1.63,0.234,0.098,0.038,-10.056,-0.374,0.137,-0.163,81.84,0.0,30.6,22,1,1
11:12:56.399,NERVOSO,1,176.58,3.95,0.132,0.895,2.119,-8.016,-0.315,0.123,-0.06,81.84,0.0,30.6,22,1,1
11:12:56.899,NERVOSO,1,178.89,3.35,0.198,0.658,1.908,-8.966,-0.31,0.141,-0.055,81.84,0.0,30.6,22,1,1
11:12:57.399,NERVOSO,1,177.97,3.9,0.239,0.436,2.993,-8.258,-0.101,0.03,-0.028,81.84,0.0,30.6,22,1,1
11:12:57.899,NERVOSO,1,179.94,-9.0,0.156,-0.168,3.984,-8.198,-0.188,0.042,-0.019,81.84,0.0,30.6,22,1,1
11:12:58.399,NERVOSO,1,179.64,-21.17,0.27,-0.661,4.606,-8.25,-0.177,0.01,-0.016,81.84,0.0,30.6,22,1,1
11:12:58.899,NERVOSO,1,176.96,-6.79,0.267,-2.31,3.227,-7.872,-0.147,0.087,-0.027,81.84,0.0,30.6,22,1,1
11:12:59.399,NERVOSO,1,169.64,-7.09,0.241,-4.798,3.426,-8.988,-0.084,0.078,-0.029,81.84,0.0,30.6,22,1,1
11:12:59.899,NERVOSO,1,171.89,-3.65,0.267,-3.773,4.108,-7.008,-0.356,0.049,-0.094,81.84,0.0,30.6,22,1,1
11:13:00.399,NERVOSO,1,175.6,0.48,0.245,-1.47,4.319,-9.558,-0.037,0.095,-0.025,81.84,0.0,30.6,22,1,1
11:13:00.899,NERVOSO,1,-177.9,14.64,0.268,2.564,3.23,-5.437,-0.385,0.009,-0.106,81.84,0.0,30.6,22,1,1
11:13:01.399,NERVOSO,1,175.49,1.36,0.235,1.788,1.118,-8.971,-0.145,-0.003,-0.128,81.84,0.0,30.6,22,1,1
11:13:01.899,NERVOSO,1,178.16,-0.41,0.243,0.984,2.828,-8.071,-0.124,0.093,-0.094,81.84,0.0,30.6,22,1,1
11:13:02.399,NERVOSO,1,176.41,1.19,0.252,-0.52,4.324,-8.753,-0.187,0.092,0.009,81.84,0.0,30.6,22,1,1
11:13:02.900,NERVOSO,1,175.98,3.49,0.224,-1.305,4.963,-11.198,0.086,-0.099,0.021,81.84,0.0,30.6,22,1,1
11:13:03.400,NERVOSO,1,174.91,-4.3,0.223,-5.033,6.021,-8.176,-0.053,0.015,0.024,81.84,0.0,30.6,22,1,1
11:13:03.900,NERVOSO,1,173.48,3.09,0.265,-5.523,5.811,-7.693,-0.148,0.043,0.016,81.84,0.0,30.6,22,1,1
11:13:04.400,NERVOSO,1,177.94,9.67,0.251,-1.08,3.074,-9.1,-0.072,0.067,-0.031,81.84,0.0,30.6,22,1,1
11:13:04.900,NERVOSO,1,167.58,8.72,0.098,-1.14,3.677,-8.672,-0.107,0.063,-0.022,81.84,0.0,30.6,22,1,1
11:13:05.400,NERVOSO,1,167.96,10.53,0.229,-4.733,4.855,-8.267,-0.129,0.075,-0.03,81.84,0.0,30.6,22,1,1
11:13:05.900,NERVOSO,1,174.84,14.0,0.264,0.189,3.862,-8.428,-0.193,0.122,-0.044,81.84,0.0,30.6,22,1,1
11:13:06.400,NERVOSO,1,-179.38,-4.91,0.255,0.517,3.704,-9.558,0.338,-0.085,0.014,81.84,0.0,30.6,22,1,1
11:13:06.900,NERVOSO,1,173.26,4.63,0.255,0.294,3.428,-10.192,-0.26,0.082,-0.035,81.84,0.0,30.6,22,1,1
11:13:07.400,NERVOSO,1,174.52,12.78,0.219,0.261,3.086,-9.538,-0.059,0.038,0.008,81.84,0.0,30.6,22,1,1
11:13:07.900,NERVOSO,1,177.59,14.68,0.233,-0.709,3.522,-8.906,-0.09,0.062,-0.018,81.84,0.0,30.6,22,1,1
11:13:08.400,NERVOSO,1,175.85,3.35,0.207,-0.292,3.931,-8.947,-0.137,0.038,-0.01,81.84,0.0,30.6,22,1,1
11:13:08.900,NERVOSO,1,173.64,10.9,0.234,0.522,3.304,-8.78,-0.113,0.034,0.006,81.84,0.0,30.6,22,1,1
11:13:09.400,NERVOSO,1,169.97,-20.3,0.257,0.036,5.205,-8.401,-0.199,0.066,0.103,81.84,0.0,30.6,22,1,1
11:13:09.900,NERVOSO,1,176.43,-5.92,0.043,-0.666,1.65,-10.178,-0.09,-0.01,-0.059,81.84,0.0,30.6,22,1,1
11:13:10.400,NERVOSO,1,170.78,-8.48,0.235,-0.376,2.844,-8.768,-0.177,0.086,-0.06,81.84,0.0,30.6,22,1,1
11:13:10.901,NERVOSO,1,176.08,-19.53,0.233,-1.611,3.792,-8.66,-0.162,0.051,-0.044,81.84,0.0,30.6,22,1,1
11:13:11.401,VIGILE,1,174.33,-26.57,0.222,-1.441,3.663,-9.163,-0.152,0.074,-0.048,81.84,0.0,30.6,22,1,1
11:13:11.901,VIGILE,1,176.29,-14.78,0.212,-0.979,2.981,-9.175,-0.14,0.044,-0.041,81.84,0.0,30.6,22,1,1
11:13:12.401,VIGILE,1,177.03,-8.97,0.21,-1.211,3.658,-8.772,-0.134,0.105,-0.033,81.84,0.0,30.6,22,1,1
11:13:12.901,VIGILE,1,175.83,-4.2,0.158,-0.958,2.931,-8.976,-0.243,0.115,-0.052,81.84,0.0,30.6,22,1,1
11:13:13.401,VIGILE,1,175.78,-3.2,0.15,-1.267,3.062,-9.074,-0.181,0.074,-0.039,81.84,0.0,30.6,22,1,1
11:13:13.901,VIGILE,1,178.42,3.31,0.163,-1.585,3.153,-9.237,-0.176,0.034,-0.028,81.84,0.0,30.6,22,1,1
11:13:14.401,VIGILE,1,176.79,2.42,0.166,-1.113,3.721,-8.751,-0.099,0.105,-0.023,81.84,0.0,30.6,22,1,1
11:13:14.901,VIGILE,1,173.46,13.42,0.176,-1.209,3.859,-8.401,-0.201,0.097,-0.042,81.84,0.0,30.6,22,1,1
11:13:15.401,VIGILE,1,172.08,3.36,0.187,-3.448,5.023,-8.772,-0.01,-0.018,0.031,81.84,0.0,30.6,22,1,1
11:13:15.901,VIGILE,1,171.42,-5.95,0.185,-3.677,4.793,-7.724,-0.136,0.06,-0.01,81.84,0.0,30.6,22,1,1
11:13:16.401,VIGILE,1,179.44,8.4,0.155,-1.863,3.608,-8.538,-0.133,0.093,-0.006,81.84,0.0,30.6,22,1,1
11:13:16.901,VIGILE,1,179.56,10.47,0.21,-1.29,3.292,-8.859,-0.104,0.055,-0.004,81.84,0.0,30.6,22,1,1
11:13:17.401,VIGILE,1,176.15,0.07,0.184,-1.063,3.496,-9.191,-0.148,0.069,-0.016,81.84,0.0,30.6,22,1,1
11:13:17.901,VIGILE,1,173.41,5.24,0.167,-0.924,3.397,-8.904,-0.09,0.048,-0.001,81.84,0.0,30.6,22,1,1
11:13:18.401,VIGILE,1,172.45,-6.81,0.172,-1.413,3.565,-8.571,-0.161,0.071,-0.035,81.84,0.0,30.6,22,1,1
11:13:18.902,VIGILE,1,173.6,-3.57,0.142,-1.86,3.879,-8.871,-0.106,0.081,-0.038,81.84,0.0,30.6,22,1,1
11:13:19.402,VIGILE,1,170.43,-20.99,0.222,-1.839,3.819,-8.818,-0.114,0.059,-0.016,81.84,0.0,30.6,22,1,1
11:13:19.902,VIGILE,1,178.02,-0.64,0.157,-1.125,3.527,-9.246,-0.143,0.058,-0.012,81.84,0.0,30.6,22,1,1
11:13:20.402,VIGILE,1,171.11,0.74,0.181,-0.922,3.79,-8.638,-0.132,0.067,0.006,81.84,0.0,30.6,22,1,1
11:13:20.902,VIGILE,1,178.28,-14.46,0.214,0.311,2.801,-9.735,-0.129,0.093,0.009,81.84,0.0,30.6,22,1,1
11:13:21.402,VIGILE,1,179.28,-8.86,0.236,0.172,2.662,-9.29,-0.075,0.053,0.043,81.84,0.0,30.7,22,1,1
11:13:21.902,VIGILE,1,177.52,-29.8,0.23,1.279,2.016,-9.723,-0.103,0.068,0.015,81.84,0.0,30.7,22,1,1
11:13:22.402,VIGILE,1,179.56,-11.5,0.25,0.007,2.081,-9.79,-0.146,0.09,-0.063,81.84,0.0,30.7,22,1,1
11:13:22.902,VIGILE,1,179.29,-9.23,0.25,-0.024,2.435,-9.337,-0.114,0.054,-0.072,81.84,0.0,30.7,22,1,1
11:13:23.402,VIGILE,1,178.23,-6.07,0.232,-1.994,2.947,-9.179,-0.141,0.095,-0.072,81.84,0.0,30.7,22,1,1
11:13:23.902,VIGILE,1,177.44,1.03,0.241,-1.923,2.868,-9.043,-0.089,0.041,-0.051,81.84,0.0,30.7,22,1,1
11:13:24.402,VIGILE,1,178.8,4.84,0.219,-1.609,3.354,-8.509,-0.119,0.078,-0.018,81.84,0.0,30.7,22,1,1
11:13:24.902,VIGILE,1,169.21,2.98,0.18,-2.406,4.573,-8.229,-0.143,0.048,-0.022,81.84,0.0,30.7,22,1,1
11:13:25.402,VIGILE,1,-179.87,-21.6,0.275,-3.27,4.8,-9.043,-0.124,0.046,0.001,81.84,0.0,30.7,22,1,1
11:13:25.903,VIGILE,1,175.1,9.57,0.176,-2.102,3.577,-9.246,-0.171,0.066,-0.009,81.84,0.0,30.7,22,1,1
11:13:26.403,VIGILE,1,179.79,2.72,0.182,-1.956,3.553,-8.6,-0.135,0.068,-0.013,81.84,0.0,30.7,22,1,1
11:13:26.903,VIGILE,1,-175.81,49.68,0.336,-1.276,3.397,-8.796,-0.144,0.06,-0.015,81.84,0.0,30.7,22,1,1
11:13:27.403,VIGILE,1,178.54,33.16,0.197,-1.281,3.23,-9.045,-0.139,0.063,-0.001,81.84,0.0,30.7,22,1,1
11:13:27.903,VIGILE,1,-176.18,-2.62,0.228,-1.93,3.146,-8.839,-0.136,0.079,-0.015,81.84,0.0,30.7,22,1,1
11:13:28.403,VIGILE,1,-171.47,-2.93,0.23,0.919,2.217,-9.72,-0.117,0.085,-0.009,81.84,0.0,30.7,22,1,1
11:13:28.903,VIGILE,1,-155.73,-11.01,0.255,0.007,2.765,-8.921,-0.102,0.072,-0.013,81.84,0.0,30.7,21,1,1
11:13:29.403,VIGILE,1,-172.22,24.96,0.227,-0.089,2.947,-9.706,-0.156,0.073,-0.003,81.84,0.0,30.7,21,1,1
11:13:29.903,VIGILE,1,-170.87,36.97,0.252,0.836,2.552,-9.764,-0.166,0.086,-0.004,81.84,0.0,30.7,21,1,1
11:13:30.403,VIGILE,1,-173.52,20.58,0.273,0.68,2.658,-9.096,-0.22,0.098,-0.029,81.84,0.0,30.7,21,1,1
11:13:30.903,VIGILE,1,-177.69,-11.53,0.242,-1.856,2.772,-10.297,-0.098,0.228,0.043,81.84,0.0,30.7,21,1,1
11:13:31.403,VIGILE,1,-178.27,-26.63,0.258,-0.484,2.887,-9.141,-0.166,-0.07,-0.033,81.84,0.0,30.7,21,1,1
11:13:31.903,VIGILE,1,-177.6,34.77,0.291,-0.129,3.864,-8.102,-0.069,-0.018,0.099,81.84,0.0,30.7,21,1,1
11:13:32.403,VIGILE,1,-179.63,37.39,0.309,0.022,5.21,-10.017,-0.06,-0.173,0.231,81.84,0.0,30.7,21,1,1
11:13:32.903,VIGILE,1,-173.9,36.24,0.303,2.009,4.355,-8.219,-0.173,0.098,0.335,81.84,0.0,30.7,21,1,1
11:13:33.403,VIGILE,1,-177.46,32.47,0.283,0.366,6.737,-8.109,-0.04,-0.101,0.472,81.84,0.0,30.7,21,1,1
11:13:33.904,VIGILE,1,-178.43,36.32,0.312,0.424,5.82,-9.261,-0.102,-0.103,0.43,81.84,0.0,30.7,21,1,1
11:13:34.404,VIGILE,1,-177.99,34.81,0.303,0.512,5.229,-9.084,-0.095,-0.084,0.365,81.84,0.0,30.7,21,1,1
11:13:34.904,VIGILE,1,-173.74,34.15,0.278,2.38,3.539,-7.065,0.03,-0.03,0.29,81.84,0.0,30.7,21,1,1
11:13:35.404,VIGILE,1,-176.15,26.72,0.259,1.935,4.432,-6.84,-0.07,-0.052,0.188,81.84,0.0,30.7,21,1,1
11:13:35.904,VIGILE,1,-177.52,25.11,0.274,0.187,1.779,-6.958,-0.06,0.423,0.177,81.84,0.0,30.7,21,1,1
11:13:36.404,VIGILE,1,179.26,15.24,0.256,0.359,3.223,-10.06,-0.174,0.149,0.044,81.84,0.0,30.7,21,1,1
11:13:36.904,VIGILE,1,178.0,18.7,0.241,-0.163,2.84,-8.813,-0.128,0.022,0.073,81.84,0.0,30.7,21,1,1
11:13:37.404,VIGILE,1,178.11,19.61,0.218,-0.314,4.219,-8.368,-0.094,-0.014,0.087,81.84,0.0,30.7,21,1,1
11:13:37.904,VIGILE,1,176.1,20.9,0.214,-0.283,3.654,-9.546,-0.079,0.008,0.055,81.84,0.0,30.7,21,1,1
11:13:38.404,VIGILE,1,175.49,20.45,0.211,-0.694,3.699,-8.744,-0.099,-0.017,0.047,81.84,0.0,30.7,21,1,1
11:13:38.904,VIGILE,1,174.76,14.17,0.192,-1.252,4.226,-9.057,-0.079,-0.014,0.081,81.84,0.0,30.6,21,1,1
11:13:39.404,VIGILE,1,169.27,14.8,0.195,-2.413,3.936,-8.133,-0.132,0.045,0.076,81.84,0.0,30.6,21,1,1
11:13:39.904,VIGILE,1,169.03,3.43,0.228,-3.28,4.264,-9.146,-0.134,-0.017,0.088,81.84,0.0,30.6,21,1,1
11:13:40.404,VIGILE,1,172.71,-1.26,0.221,-1.733,3.069,-8.231,-0.155,0.049,-0.016,81.84,0.0,30.6,21,1,1
11:13:40.904,VIGILE,1,174.58,-8.63,0.227,-2.883,3.486,-8.588,-0.07,0.071,-0.034,81.84,0.0,30.6,21,1,1
11:13:41.404,VIGILE,1,178.12,13.67,0.252,-3.632,3.91,-7.975,-0.083,0.081,-0.066,81.84,0.0,30.6,21,1,1
11:13:41.905,VIGILE,1,-171.12,29.96,0.303,-0.934,4.65,-8.796,-0.093,0.03,0.051,81.84,0.0,30.6,21,1,1
11:13:42.405,VIGILE,1,-173.01,29.64,0.304,0.153,6.165,-8.382,-0.088,-0.008,0.261,81.84,0.0,30.6,21,1,1
11:13:42.905,VIGILE,1,-178.32,22.89,0.255,-0.654,5.734,-8.631,-0.068,-0.044,0.322,81.84,0.0,30.6,21,1,1
11:13:43.405,VIGILE,1,-175.97,0.58,0.256,-0.405,5.227,-8.645,-0.082,-0.016,0.298,81.84,0.0,30.6,21,1,1
11:13:43.905,VIGILE,1,-175.82,-25.52,0.25,0.843,4.547,-9.577,-0.022,-0.044,0.232,81.84,0.0,30.6,21,1,1
11:13:44.405,VIGILE,1,176.39,-27.82,0.26,-0.761,1.863,-9.419,-0.107,0.063,0.075,81.84,0.0,30.6,21,1,1
11:13:44.905,VIGILE,1,175.06,-30.27,0.245,-2.531,1.417,-9.565,-0.274,0.154,-0.235,81.84,0.0,30.6,21,1,1
11:13:45.405,VIGILE,1,-179.37,-31.5,0.308,-2.624,1.168,-9.673,-0.154,0.149,-0.349,81.84,0.0,30.6,21,1,1
11:13:45.905,VIGILE,1,-179.97,-31.48,0.339,-1.489,1.226,-9.306,-0.243,0.202,-0.411,81.84,0.0,30.6,21,1,1
11:13:46.405,VIGILE,1,179.62,-28.4,0.268,-1.31,0.728,-9.278,-0.222,0.191,-0.408,81.84,863.95,30.6,21,1,1
11:13:46.905,VIGILE,1,-179.44,-19.46,0.232,-1.049,1.882,-9.675,-0.169,0.208,-0.294,81.84,567.58,30.6,21,1,1
11:13:47.405,VIGILE,1,177.59,-5.89,0.224,-0.855,2.837,-9.819,-0.163,0.114,-0.16,81.84,569.87,30.6,21,1,1
11:13:47.905,VIGILE,1,176.54,0.84,0.232,-1.245,3.041,-9.503,-0.16,0.117,-0.131,81.84,1331.0,30.6,21,1,1
11:13:48.405,VIGILE,1,174.08,0.65,0.205,-1.741,3.673,-9.036,-0.092,0.094,-0.069,81.84,0.0,30.6,21,1,1
11:13:48.905,VIGILE,1,171.93,0.66,0.219,-1.877,3.965,-8.61,-0.127,0.053,-0.073,81.84,0.0,30.6,21,1,1
11:13:49.405,VIGILE,1,170.6,13.69,0.242,-1.697,3.584,-8.471,-0.133,0.052,-0.033,81.84,0.0,30.6,21,1,1
11:13:49.906,VIGILE,1,171.09,3.0,0.24,-2.617,4.676,-7.515,-0.135,0.047,-0.027,81.84,0.0,30.6,21,1,1
11:13:50.406,VIGILE,1,173.48,11.06,0.228,-1.281,4.503,-8.705,-0.144,0.049,0.028,81.84,0.0,30.6,21,1,1
11:13:50.906,VIGILE,1,172.68,-18.44,0.166,-0.484,4.24,-8.09,-0.115,0.039,0.037,81.84,0.0,30.6,21,1,1
11:13:51.406,VIGILE,1,171.37,-31.76,0.296,-1.867,3.395,-8.964,-0.098,0.025,0.013,81.84,0.0,30.6,21,1,1
11:13:51.906,VIGILE,1,176.61,-17.12,0.259,-4.278,4.027,-8.193,-0.168,0.143,-0.14,81.84,0.0,30.6,21,1,1
11:13:52.406,VIGILE,0,0.0,0.0,0.0,-1.954,4.266,-8.48,-0.151,0.144,-0.154,81.84,0.0,30.6,21,1,1
11:13:52.906,VIGILE,1,-176.43,48.47,0.354,-1.997,4.791,-8.234,-0.148,0.076,-0.067,81.84,0.0,30.6,21,1,1
